<food name="Brewer's Yeast Lewis Labs">
<comments>
</comments><measure amount="1.0" grams="15.0" name="tbsp"/>
<nutrient amount="386.6666666666667" name="Energy"/>
<nutrient amount="53.333333333333336" name="Protein"/>
<nutrient amount="43.333333333333336" name="Carbs"/>
<nutrient amount="20.0" name="Fiber"/>
<nutrient amount="3.3333333333333335" name="Copper"/>
<nutrient amount="6.0" name="Iron"/>
<nutrient amount="106.66666666666667" name="Magnesium"/>
<nutrient amount="2110.0" name="Potassium"/>
<nutrient amount="211.33333333333334" name="Selenium"/>
<nutrient amount="5.0" name="Zinc"/>
<nutrient amount="200.0" name="Folate"/>
<nutrient amount="5.1000000000000005" name="B2 (Riboflavin)"/>
<nutrient amount="33.333333333333336" name="B3 (Niacin)"/>
<nutrient amount="2.0" name="B5 (Pantothenic Acid)"/>
<nutrient amount="2.666666666666667" name="B6 (Pyridoxine)"/>
</food>
