<food name="Low-Sodium V8">
<comments>
</comments><measure amount="1.0" grams="242.0" name="cup"/>
<measure amount="6.0" grams="182.0" name="fl oz"/>
<measure amount="250.0" grams="250.0" name="mL"/>
<nutrient amount="20.0" name="Energy"/>
<nutrient amount="0.8" name="Protein"/>
<nutrient amount="4.55" name="Carbs"/>
<nutrient amount="0.09" name="Fat"/>
<nutrient amount="93.52" name="Water"/>
<nutrient amount="1.2" name="Fiber"/>
<nutrient amount="1.21" name="Ash"/>
<nutrient amount="8.0" name="Calcium"/>
<nutrient amount="0.12" name="Copper"/>
<nutrient amount="0.288" name="Iron"/>
<nutrient amount="24.0" name="Magnesium"/>
<nutrient amount="0.12" name="Manganese"/>
<nutrient amount="17.0" name="Phosphorus"/>
<nutrient amount="340.2" name="Potassium"/>
<nutrient amount="0.5" name="Selenium"/>
<nutrient amount="48.0" name="Sodium"/>
<nutrient amount="0.2" name="Zinc"/>
<nutrient amount="300.0" name="Vitamin A"/>
<nutrient amount="210.0" name="Alpha-carotene"/>
<nutrient amount="830.0" name="Beta-carotene"/>
<nutrient amount="9660.0" name="Lycopene"/>
<nutrient amount="80.0" name="Lutein+Zeaxanthin"/>
<nutrient amount="80.0" name="Folate"/>
<nutrient amount="0.043" name="B1 (Thiamine)"/>
<nutrient amount="0.028" name="B2 (Riboflavin)"/>
<nutrient amount="0.8" name="B3 (Niacin)"/>
<nutrient amount="0.266" name="B5 (Pantothenic Acid)"/>
<nutrient amount="0.12" name="B6 (Pyridoxine)"/>
<nutrient amount="24.0" name="Vitamin C"/>
<nutrient amount="2.4" name="Vitamin E"/>
<nutrient amount="5.3" name="Vitamin K"/>
<nutrient amount="0.013" name="Saturated"/>
<nutrient amount="0.014" name="Monounsaturated"/>
<nutrient amount="0.038" name="Polyunsaturated"/>
</food>
