<food name="Asian Mushrooms Trader Joe's">
<comments>
</comments><measure amount="1.0" grams="1.1" name="piece whole"/>
<measure amount="1.0" grams="43.0" name="cup whole"/>
<nutrient amount="35.0" name="Energy"/>
<nutrient amount="2.7" name="Protein"/>
<nutrient amount="6.96" name="Carbs"/>
<nutrient amount="0.41" name="Fat"/>
<nutrient amount="89.06" name="Water"/>
<nutrient amount="2.5" name="Fiber"/>
<nutrient amount="0.87" name="Ash"/>
<nutrient amount="0.19" name="ALA"/>
<nutrient amount="0.19" name="ASP"/>
<nutrient amount="0.11" name="ARG"/>
<nutrient amount="0.02" name="CYS"/>
<nutrient amount="0.38" name="GLU"/>
<nutrient amount="0.11" name="GLY"/>
<nutrient amount="0.07" name="HIS"/>
<nutrient amount="0.09" name="ILE"/>
<nutrient amount="0.13" name="LEU"/>
<nutrient amount="0.13" name="LYS"/>
<nutrient amount="0.03" name="MET"/>
<nutrient amount="0.15" name="PHE"/>
<nutrient amount="0.06" name="PRO"/>
<nutrient amount="0.09" name="SER"/>
<nutrient amount="0.11" name="THR"/>
<nutrient amount="0.04" name="TRP"/>
<nutrient amount="0.14" name="TYR"/>
<nutrient amount="0.23" name="VAL"/>
<nutrient amount="1.0" name="Calcium"/>
<nutrient amount="0.084" name="Copper"/>
<nutrient amount="1.09" name="Iron"/>
<nutrient amount="16.0" name="Magnesium"/>
<nutrient amount="0.08" name="Manganese"/>
<nutrient amount="112.0" name="Phosphorus"/>
<nutrient amount="368.0" name="Potassium"/>
<nutrient amount="2.2" name="Selenium"/>
<nutrient amount="3.0" name="Sodium"/>
<nutrient amount="0.61" name="Zinc"/>
<nutrient amount="52.0" name="Folate"/>
<nutrient amount="0.127" name="B1 (Thiamine)"/>
<nutrient amount="0.105" name="B2 (Riboflavin)"/>
<nutrient amount="4.65" name="B3 (Niacin)"/>
<nutrient amount="0.926" name="B5 (Pantothenic Acid)"/>
<nutrient amount="0.093" name="B6 (Pyridoxine)"/>
<nutrient amount="0.01" name="Vitamin E"/>
<nutrient amount="0.044" name="Saturated"/>
<nutrient amount="0.0070" name="Monounsaturated"/>
<nutrient amount="0.161" name="Polyunsaturated"/>
<nutrient amount="0.0010" name="Omega-3"/>
<nutrient amount="0.16" name="Omega-6"/>
</food>
