<food fcf="9.0" pcf="4.0" name="Brewer's Yeast Lewis Labs" ccf="4.0">
<comments></comments><measure amount="1.0" name="tbsp" grams="15.0"/>
<nutrient amount="386.6666666666667" name="Energy"/><nutrient amount="53.333333333333336" name="Protein"/><nutrient amount="43.333333333333336" name="Carbs"/><nutrient amount="20.0" name="Fiber"/><nutrient amount="633.3333333333334" name="Chromium"/><nutrient amount="3.3333333333333335" name="Copper"/><nutrient amount="6.0" name="Iron"/><nutrient amount="106.66666666666667" name="Magnesium"/><nutrient amount="2110.0" name="Potassium"/><nutrient amount="211.33333333333334" name="Selenium"/><nutrient amount="210.0" name="Sodium"/><nutrient amount="5.0" name="Zinc"/><nutrient amount="200.0" name="Folate"/><nutrient amount="4.000000000000001" name="B1 (Thiamine)"/><nutrient amount="5.1000000000000005" name="B2 (Riboflavin)"/><nutrient amount="33.333333333333336" name="B3 (Niacin)"/><nutrient amount="2.0" name="B5 (Pantothenic Acid)"/><nutrient amount="2.666666666666667" name="B6 (Pyridoxine)"/><nutrient amount="1.0000000000000002" name="B12 (Cyanocobalamin)"/><nutrient amount="50.0" name="Biotin"/><nutrient amount="420.0" name="Choline"/><nutrient amount="4.420000000000001" name="ALA"/><nutrient amount="4.500000000000001" name="ASP"/><nutrient amount="3.4899999999999998" name="ARG"/><nutrient amount="0.71" name="CYS"/><nutrient amount="6.0" name="GLU"/><nutrient amount="2.1500000000000004" name="GLY"/><nutrient amount="1.19" name="HIS"/><nutrient amount="2.39" name="ILE"/><nutrient amount="2.92" name="LEU"/><nutrient amount="2.94" name="LYS"/><nutrient amount="0.8300000000000001" name="MET"/><nutrient amount="2.2500000000000004" name="PHE"/><nutrient amount="1.35" name="PRO"/><nutrient amount="2.08" name="SER"/><nutrient amount="3.19" name="THR"/><nutrient amount="1.01" name="TRP"/><nutrient amount="3.04" name="TYR"/><nutrient amount="3.04" name="VAL"/></food>