<food name="Artichoke Hearts, Canned">
<comments>
</comments>
<measure amount="1.0" grams="41.0" name="artichoke, medium"/>
<measure amount="0.5" grams="84.0" name="cup hearts"/>
<nutrient amount="36.58536585365854" name="Energy"/>
<nutrient amount="3.658536585365854" name="Protein"/>
<nutrient amount="5.609756097560975" name="Carbs"/>
<nutrient amount="3.658536585365854" name="Fiber"/>
<nutrient amount="83.97" name="Water"/>
<nutrient amount="1.21" name="Ash"/>
<nutrient amount="3.658536585365854" name="Calcium"/>
<nutrient amount="0.233" name="Copper"/>
<nutrient amount="1.29" name="Iron"/>
<nutrient amount="60.0" name="Magnesium"/>
<nutrient amount="0.259" name="Manganese"/>
<nutrient amount="86.0" name="Phosphorus"/>
<nutrient amount="354.0" name="Potassium"/>
<nutrient amount="0.2" name="Selenium"/>
<nutrient amount="95.0" name="Sodium"/>
<nutrient amount="0.49" name="Zinc"/>
<nutrient amount="177.0" name="Vitamin A"/>
<nutrient amount="106.0" name="Beta-carotene"/>
<nutrient amount="464.0" name="Lutein+Zeaxanthin"/>
<nutrient amount="51.0" name="Folate"/>
<nutrient amount="0.065" name="B1 (Thiamine)"/>
<nutrient amount="0.066" name="B2 (Riboflavin)"/>
<nutrient amount="1.001" name="B3 (Niacin)"/>
<nutrient amount="0.342" name="B5 (Pantothenic Acid)"/>
<nutrient amount="0.111" name="B6 (Pyridoxine)"/>
<nutrient amount="10.0" name="Vitamin C"/>
<nutrient amount="0.19" name="Vitamin E"/>
<nutrient amount="14.8" name="Vitamin K"/>
<nutrient amount="0.037" name="Saturated"/>
<nutrient amount="0.0050" name="Monounsaturated"/>
<nutrient amount="0.068" name="Polyunsaturated"/>
<nutrient amount="0.018" name="Omega-3"/>
<nutrient amount="0.049" name="Omega-6"/>
</food>