<food  name="Quorn Tenders">
<comments>
</comments>
<nutrient amount="105.88235294117648" name="Energy"/>
<nutrient amount="14.117647058823529" name="Protein"/>
<nutrient amount="9.411764705882353" name="Carbs"/>
<nutrient amount="3.5294117647058822" name="Fiber"/>
<nutrient amount="2.3529411764705883" name="Fat"/>
<nutrient amount="0.45595708639186894" name="ALA"/>
<nutrient amount="0.7905138339920948" name="ASP"/>
<nutrient amount="0.4157559288537549" name="ARG"/>
<nutrient amount="0.18810954263128177" name="CYS"/>
<nutrient amount="1.0050612648221342" name="GLU"/>
<nutrient amount="0.26669988706945225" name="GLY"/>
<nutrient amount="0.7143547430830038" name="HIS"/>
<nutrient amount="1.1949289949181252" name="ILE"/>
<nutrient amount="1.9468777526821004" name="LEU"/>
<nutrient amount="1.7426767363071711" name="LYS"/>
<nutrient amount="0.56742913608131" name="MET"/>
<nutrient amount="1.1708399209486167" name="PHE"/>
<nutrient amount="0.2810182100508188" name="PRO"/>
<nutrient amount="0.5253147939017504" name="SER"/>
<nutrient amount="1.10931295878035" name="THR"/>
<nutrient amount="0.3228066064370412" name="TRP"/>
<nutrient amount="0.30945285149632973" name="TYR"/>
<nutrient amount="1.329905138339921" name="VAL"/>
<nutrient amount="18.0" name="Calcium"/>
<nutrient amount="0.1" name="Copper"/>
<nutrient amount="0.3" name="Iron"/>
<nutrient amount="37.0" name="Magnesium"/>
<nutrient amount="2.8" name="Manganese"/>
<nutrient amount="222.0" name="Phosphorus"/>
<nutrient amount="120.0" name="Potassium"/>
<nutrient amount="300.0" name="Sodium"/>
<nutrient amount="7.0" name="Zinc"/>
<nutrient amount="3.0" name="Retinol"/>
<nutrient amount="12.0" name="Folate"/>
<nutrient amount="0.2" name="B1 (Thiamine)"/>
<nutrient amount="0.3" name="B2 (Riboflavin)"/>
<nutrient amount="0.6" name="B3 (Niacin)"/>
<nutrient amount="0.47" name="B5 (Pantothenic Acid)"/>
<nutrient amount="0.08" name="B6 (Pyridoxine)"/>
<nutrient amount="0.2" name="B12 (Cyanocobalamin)"/>
</food>