<food fcf="9.0" pcf="4.36" name="Egg Beaters" ccf="3.68"><comments></comments><measure amount="1.0" grams="244.0" name="cup"/><measure amount="1.0" grams="15.25" name="tbsp"/><nutrient amount="49.18032786885246" name="Energy"/><nutrient amount="9.836065573770492" name="Protein"/><nutrient amount="1.639344262295082" name="Carbs"/><nutrient amount="0.64" name="Sugars"/><nutrient amount="82.75" name="Water"/><nutrient amount="1.3" name="Ash"/><nutrient amount="53.0" name="Calcium"/><nutrient amount="0.023" name="Copper"/><nutrient amount="2.1" name="Iron"/><nutrient amount="9.0" name="Magnesium"/><nutrient amount="0.0070" name="Manganese"/><nutrient amount="121.0" name="Phosphorus"/><nutrient amount="330.0" name="Potassium"/><nutrient amount="24.9" name="Selenium"/><nutrient amount="177.0" name="Sodium"/><nutrient amount="1.3" name="Zinc"/><nutrient amount="360.0" name="Vitamin A"/><nutrient amount="216.0" name="Beta-carotene"/><nutrient amount="15.0" name="Folate"/><nutrient amount="0.11" name="B1 (Thiamine)"/><nutrient amount="0.3" name="B2 (Riboflavin)"/><nutrient amount="0.11" name="B3 (Niacin)"/><nutrient amount="2.7" name="B5 (Pantothenic Acid)"/><nutrient amount="0.0030" name="B6 (Pyridoxine)"/><nutrient amount="0.3" name="B12 (Cyanocobalamin)"/><nutrient amount="0.27" name="Vitamin E"/><nutrient amount="0.8" name="Vitamin K"/><nutrient amount="0.7213114754098361" name="Phytosterol"/><nutrient amount="0.762" name="ALA"/><nutrient amount="1.197" name="ASP"/><nutrient amount="0.784" name="ARG"/><nutrient amount="0.292" name="CYS"/><nutrient amount="1.897" name="GLU"/><nutrient amount="0.492" name="GLY"/><nutrient amount="0.296" name="HIS"/><nutrient amount="0.748" name="ILE"/><nutrient amount="1.082" name="LEU"/><nutrient amount="0.788" name="LYS"/><nutrient amount="0.425" name="MET"/><nutrient amount="0.766" name="PHE"/><nutrient amount="0.525" name="PRO"/><nutrient amount="0.881" name="SER"/><nutrient amount="0.553" name="THR"/><nutrient amount="0.191" name="TRP"/><nutrient amount="0.495" name="TYR"/><nutrient amount="0.887" name="VAL"/></food>