<food fcf="9.0" pcf="4.0" name="JELL-O, Sugar Free" ccf="4.0"><comments></comments><measure amount="1.0" grams="250.0" name="Serving"/><nutrient amount="8.0" name="Energy"/><nutrient amount="1.4" name="Protein"/><nutrient amount="97.8" name="Water"/><nutrient amount="0.03" name="Iron"/><nutrient amount="3.0" name="Potassium"/><nutrient amount="49.0" name="Sodium"/><nutrient amount="0.1504" name="ALA"/><nutrient amount="0.0988" name="ASP"/><nutrient amount="0.1244" name="ARG"/><nutrient amount="0.1644" name="GLU"/><nutrient amount="0.358" name="GLY"/><nutrient amount="0.0124" name="HIS"/><nutrient amount="0.21600000000000003" name="ILE"/><nutrient amount="0.046" name="LEU"/><nutrient amount="0.06520000000000001" name="LYS"/><nutrient amount="0.011600000000000001" name="MET"/><nutrient amount="0.0328" name="PHE"/><nutrient amount="0.2312" name="PRO"/><nutrient amount="0.048799999999999996" name="SER"/><nutrient amount="0.27599999999999997" name="THR"/><nutrient amount="0.0056" name="TYR"/><nutrient amount="0.0392" name="VAL"/></food>