<food  name="Baby Corn" >
  <measure  name="cup" amount="0.5" grams="82.0" />
  <measure  name="package (10 oz)" amount="1.0" grams="284.0" />
  <nutrient  name="Energy" amount="58.77192982456141" />
  <nutrient  name="Protein" amount="0.8771929824561404" />
  <nutrient  name="Carbs" amount="5.2631578947368425" />
  <nutrient  name="Water" amount="74.92" />
  <nutrient  name="Fiber" amount="0.8771929824561404" />
  <nutrient  name="Ash" amount="0.48" />
  <nutrient  name="ALA" amount="0.276" />
  <nutrient  name="ASP" amount="0.229" />
  <nutrient  name="ARG" amount="0.123" />
  <nutrient  name="CYS" amount="0.025" />
  <nutrient  name="GLU" amount="0.596" />
  <nutrient  name="GLY" amount="0.119" />
  <nutrient  name="HIS" amount="0.083" />
  <nutrient  name="ILE" amount="0.121" />
  <nutrient  name="LEU" amount="0.326" />
  <nutrient  name="LYS" amount="0.128" />
  <nutrient  name="MET" amount="0.063" />
  <nutrient  name="PHE" amount="0.141" />
  <nutrient  name="PRO" amount="0.274" />
  <nutrient  name="SER" amount="0.143" />
  <nutrient  name="THR" amount="0.121" />
  <nutrient  name="TRP" amount="0.021" />
  <nutrient  name="TYR" amount="0.115" />
  <nutrient  name="VAL" amount="0.173" />
  <nutrient  name="Calcium" amount="4.0" />
  <nutrient  name="Copper" amount="0.036" />
  <nutrient  name="Iron" amount="0.42" />
  <nutrient  name="Magnesium" amount="18.0" />
  <nutrient  name="Manganese" amount="0.126" />
  <nutrient  name="Phosphorus" amount="69.0" />
  <nutrient  name="Potassium" amount="210.0" />
  <nutrient  name="Selenium" amount="0.7" />
  <nutrient  name="Sodium" amount="3.0" />
  <nutrient  name="Zinc" amount="0.37" />
  <nutrient  name="Vitamin A" amount="3.0" />
  <nutrient  name="Beta-carotene" amount="2.0" />
  <nutrient  name="Beta-cryptoxanthin" amount="1.0" />
  <nutrient  name="Lutein+Zeaxanthin" amount="54.0" />
  <nutrient  name="B1 (Thiamine)" amount="0.083" />
  <nutrient  name="B2 (Riboflavin)" amount="0.07" />
  <nutrient  name="B3 (Niacin)" amount="1.726" />
  <nutrient  name="B5 (Pantothenic Acid)" amount="0.28" />
  <nutrient  name="B6 (Pyridoxine)" amount="0.178" />
  <nutrient  name="Vitamin C" amount="6.4" />
  <nutrient  name="Folate" amount="36.0" />
  <nutrient  name="Saturated" amount="0.119" />
  <nutrient  name="Monounsaturated" amount="0.227" />
  <nutrient  name="Polyunsaturated" amount="0.366" />
</food>
