<food fcf="9.0" pcf="4.0" name="Rice Protein, Nutribiotic" ccf="4.0"><comments></comments><nutrient amount="413.33333333333337" name="Energy"/><nutrient amount="80.0" name="Protein"/><nutrient amount="4.666666666666667" name="Fat"/><nutrient amount="12.0" name="Carbs"/><nutrient amount="66.66666666666667" name="Sodium"/><nutrient amount="4.466666666666667" name="ALA"/><nutrient amount="7.06" name="ASP"/><nutrient amount="6.766666666666667" name="ARG"/><nutrient amount="1.3933333333333333" name="CYS"/><nutrient amount="14.886666666666668" name="GLU"/><nutrient amount="3.3800000000000003" name="GLY"/><nutrient amount="1.8333333333333335" name="HIS"/><nutrient amount="3.3533333333333335" name="ILE"/><nutrient amount="8.126666666666667" name="LEU"/><nutrient amount="2.9" name="LYS"/><nutrient amount="2.22" name="MET"/><nutrient amount="4.8533333333333335" name="PHE"/><nutrient amount="3.0933333333333337" name="PRO"/><nutrient amount="4.193333333333333" name="SER"/><nutrient amount="2.9933333333333336" name="THR"/><nutrient amount="0.6733333333333335" name="TRP"/><nutrient amount="4.253333333333334" name="TYR"/><nutrient amount="4.453333333333334" name="VAL"/></food>