<food fcf="9.0" pcf="4.0" name="Tortillas, Low Carb, Trader Joe's" ccf="4.0"><comments></comments><measure amount="1.0" grams="28.0" name="tortilla"/><nutrient amount="178.57142857142856" name="Energy"/><nutrient amount="10.714285714285714" name="Protein"/><nutrient amount="8.928571428571427" name="Fat"/><nutrient amount="21.428571428571427" name="Carbs"/><nutrient amount="7.142857142857142" name="Fiber"/><nutrient amount="40.0" name="Water"/><nutrient amount="1.9" name="Ash"/><nutrient amount="285.71428571428567" name="Calcium"/><nutrient amount="0.417" name="Copper"/><nutrient amount="1.2857142857142856" name="Iron"/><nutrient amount="65.0" name="Magnesium"/><nutrient amount="1.472" name="Manganese"/><nutrient amount="185.0" name="Phosphorus"/><nutrient amount="322.0" name="Potassium"/><nutrient amount="32.9" name="Selenium"/><nutrient amount="547.0" name="Sodium"/><nutrient amount="1.82" name="Zinc"/><nutrient amount="5.0" name="Vitamin A"/><nutrient amount="3.0" name="Beta-carotene"/><nutrient amount="77.0" name="Lutein+Zeaxanthin"/><nutrient amount="116.0" name="Folate"/><nutrient amount="0.36" name="B1 (Thiamine)"/><nutrient amount="0.394" name="B2 (Riboflavin)"/><nutrient amount="4.289" name="B3 (Niacin)"/><nutrient amount="0.42" name="B5 (Pantothenic Acid)"/><nutrient amount="0.071" name="B6 (Pyridoxine)"/><nutrient amount="0.36" name="Vitamin E"/><nutrient amount="1.3" name="Vitamin K"/><nutrient amount="0.33199999999999996" name="Saturated"/><nutrient amount="0.183" name="Monounsaturated"/><nutrient amount="1.009" name="Polyunsaturated"/><nutrient amount="0.059" name="Omega-3"/><nutrient amount="0.95" name="Omega-6"/><nutrient amount="0.414" name="ALA"/><nutrient amount="0.734" name="ASP"/><nutrient amount="0.548" name="ARG"/><nutrient amount="0.247" name="CYS"/><nutrient amount="3.689" name="GLU"/><nutrient amount="0.444" name="GLY"/><nutrient amount="0.271" name="HIS"/><nutrient amount="0.471" name="ILE"/><nutrient amount="0.858" name="LEU"/><nutrient amount="0.372" name="LYS"/><nutrient amount="0.199" name="MET"/><nutrient amount="0.596" name="PHE"/><nutrient amount="1.222" name="PRO"/><nutrient amount="0.605" name="SER"/><nutrient amount="0.366" name="THR"/><nutrient amount="0.148" name="TRP"/><nutrient amount="0.362" name="TYR"/><nutrient amount="0.518" name="VAL"/></food>