<food name="Mozzarella, Reduced Fat, Shredded, Crystal Farms">
<comments>
</comments>
<nutrient amount="249.99999999999997" name="Energy"/>
<nutrient amount="28.57142857142857" name="Protein"/>
<nutrient amount="12.499999999999998" name="Fat"/>
<nutrient amount="714.2857142857142" name="Calcium"/>
<nutrient amount="642.8571428571428" name="Sodium"/>
<nutrient amount="1071.4285714285713" name="Vitamin A"/>
<nutrient amount="7.142857142857142" name="Saturated"/>
<nutrient amount="35.71428571428571" name="Cholesterol"/>
</food>
