<recipe uid="00025" fcf="9.000000000000002" pcf="2.4956363636363634" name="Vegetables, Frozen, Broccoli Normandy, Berkley &amp; Jensen's" ccf="3.6984939759036135"><comments></comments><measure amount="1.0" name="full recipe" grams="450.0"/><measure amount="1.0" name="cup" grams="156.0"/><measure amount="1.0" name="package (10 oz)" grams="284.0"/><measure amount="1.0" name="package (10 oz)" grams="284.0"/><measure amount="0.5" name="cup (1&quot; pieces)" grams="66.0"/><measure amount="1.0" name="package (10 oz)" grams="284.0"/><measure amount="0.5" name="cup slices" grams="64.0"/><measure amount="1.0" name="package (10 oz)" grams="284.0"/><measure amount="1.0" name="package (3 lb)" grams="1361.0"/><measure amount="1.0" name="package (10 oz)" grams="284.0"/><measure amount="1.0" name="package (3 lb)" grams="1361.0"/><nutrient amount="26.88888888888889" name="Energy"/><nutrient amount="1.5888888888888888" name="Protein"/><nutrient amount="5.533333333333333" name="Carbs"/><nutrient amount="2.5666666666666664" name="Fiber"/><nutrient amount="0.08666666666666667" name="Starch"/><nutrient amount="2.753333333333333" name="Sugars"/><nutrient amount="0.30666666666666664" name="Fat"/><nutrient amount="91.94" name="Water"/><nutrient amount="0.6366666666666667" name="Ash"/><nutrient amount="33.33333333333333" name="Calcium"/><nutrient amount="0.05111111111111111" name="Copper"/><nutrient amount="0.5599999999999999" name="Iron"/><nutrient amount="13.555555555555555" name="Magnesium"/><nutrient amount="0.22033333333333333" name="Manganese"/><nutrient amount="36.111111111111114" name="Phosphorus"/><nutrient amount="216.77777777777777" name="Potassium"/><nutrient amount="1.0777777777777775" name="Selenium"/><nutrient amount="33.77777777777777" name="Sodium"/><nutrient amount="0.30111111111111105" name="Zinc"/><nutrient amount="4022.6666666666665" name="Vitamin A"/><nutrient amount="966.4444444444443" name="Alpha-carotene"/><nutrient amount="1930.222222222222" name="Beta-carotene"/><nutrient amount="0.2222222222222222" name="Beta-cryptoxanthin"/><nutrient amount="0.6666666666666666" name="Lycopene"/><nutrient amount="879.5555555555555" name="Lutein+Zeaxanthin"/><nutrient amount="34.66666666666667" name="Folate"/><nutrient amount="0.04844444444444444" name="B1 (Thiamine)"/><nutrient amount="0.058555555555555555" name="B2 (Riboflavin)"/><nutrient amount="0.45066666666666666" name="B3 (Niacin)"/><nutrient amount="0.22055555555555556" name="B5 (Pantothenic Acid)"/><nutrient amount="0.09899999999999998" name="B6 (Pyridoxine)"/><nutrient amount="25.388888888888882" name="Vitamin C"/><nutrient amount="0.5533333333333332" name="Vitamin E"/><nutrient amount="0.06" name="Gamma Tocopherol"/><nutrient amount="30.44444444444444" name="Vitamin K"/><nutrient amount="0.04055555555555555" name="Saturated"/><nutrient amount="0.015555555555555555" name="Monounsaturated"/><nutrient amount="0.15877777777777777" name="Polyunsaturated"/><nutrient amount="0.05855555555555555" name="Omega-3"/><nutrient amount="0.10033333333333334" name="Omega-6"/><nutrient amount="0.08399999999999999" name="ALA"/><nutrient amount="0.07988888888888888" name="ARG"/><nutrient amount="0.17933333333333332" name="ASP"/><nutrient amount="0.015222222222222222" name="CYS"/><nutrient amount="0.24155555555555552" name="GLU"/><nutrient amount="0.05566666666666666" name="GLY"/><nutrient amount="0.03144444444444445" name="HIS"/><nutrient amount="0.065" name="ILE"/><nutrient amount="0.08544444444444443" name="LEU"/><nutrient amount="0.08355555555555555" name="LYS"/><nutrient amount="0.019888888888888887" name="MET"/><nutrient amount="0.05533333333333333" name="PHE"/><nutrient amount="0.06288888888888887" name="PRO"/><nutrient amount="0.068" name="SER"/><nutrient amount="0.05600000000000001" name="THR"/><nutrient amount="0.01811111111111111" name="TRP"/><nutrient amount="0.03766666666666666" name="TYR"/><nutrient amount="0.07777777777777778" name="VAL"/><serving source="USDA" food="11092" grams="100.0" meal="0"/><serving source="USDA" food="11137" grams="100.0" meal="0"/><serving source="USDA" food="11130" grams="150.0" meal="0"/><serving source="USDA" food="11479" grams="50.0" meal="0"/><serving source="USDA" food="11479" grams="50.0" meal="0"/></recipe>