<food fcf="9.0" pcf="4.0" name="Quorn Dogs" ccf="4.0"><comments></comments><measure amount="1.0" grams="43.0" name="Dog"/><nutrient amount="186.04651162790697" name="Energy"/><nutrient amount="11.627906976744185" name="Protein"/><nutrient amount="9.30232558139535" name="Fat"/><nutrient amount="18.6046511627907" name="Carbs"/><nutrient amount="4.651162790697675" name="Fiber"/><nutrient amount="33.02325581395349" name="Calcium"/><nutrient amount="0.4651162790697675" name="Copper"/><nutrient amount="0.39534883720930236" name="Iron"/><nutrient amount="32.093023255813954" name="Magnesium"/><nutrient amount="2.0930232558139537" name="Manganese"/><nutrient amount="200.0" name="Phosphorus"/><nutrient amount="500.0" name="Potassium"/><nutrient amount="581.3953488372093" name="Sodium"/><nutrient amount="4.651162790697675" name="Zinc"/><nutrient amount="13.953488372093023" name="Vitamin A"/><nutrient amount="34.883720930232556" name="Folate"/><nutrient amount="1.627906976744186" name="B1 (Thiamine)"/><nutrient amount="0.18604651162790697" name="B2 (Riboflavin)"/><nutrient amount="0.7906976744186047" name="B3 (Niacin)"/><nutrient amount="50.0" name="B5 (Pantothenic Acid)"/><nutrient amount="0.16279069767441862" name="Vitamin E"/><nutrient amount="1.1627906976744187" name="Saturated"/><nutrient amount="5.348837209302325" name="Monounsaturated"/><nutrient amount="0.2558139534883721" name="Polyunsaturated"/><nutrient amount="0.930232558139535" name="Omega-3"/><nutrient amount="1.86046511627907" name="Omega-6"/><nutrient amount="0.23255813953488375" name="Cholesterol"/><nutrient amount="0.4651162790697675" name="ALA"/><nutrient amount="0.6976744186046512" name="ASP"/><nutrient amount="0.23255813953488375" name="ARG"/><nutrient amount="0.23255813953488375" name="CYS"/><nutrient amount="0.930232558139535" name="GLU"/><nutrient amount="0.23255813953488375" name="GLY"/><nutrient amount="0.23255813953488375" name="HIS"/><nutrient amount="0.4651162790697675" name="ILE"/><nutrient amount="0.6976744186046512" name="LEU"/><nutrient amount="0.4651162790697675" name="LYS"/><nutrient amount="0.23255813953488375" name="MET"/><nutrient amount="0.4651162790697675" name="PHE"/><nutrient amount="0.23255813953488375" name="PRO"/><nutrient amount="0.4651162790697675" name="SER"/><nutrient amount="0.23255813953488375" name="THR"/><nutrient amount="0.23255813953488375" name="TYR"/><nutrient amount="0.4651162790697675" name="VAL"/></food>