<food fcf="9.0" pcf="4.0" name="Quorn Roast" ccf="4.0"><comments></comments><measure amount="1.0" grams="90.0" name="Serving"/><nutrient amount="100.0" name="Energy"/><nutrient amount="15.555555555555555" name="Protein"/><nutrient amount="1.6666666666666665" name="Fat"/><nutrient amount="10.0" name="Carbs"/><nutrient amount="5.555555555555555" name="Fiber"/><nutrient amount="25.444444444444443" name="Calcium"/><nutrient amount="0.11111111111111112" name="Copper"/><nutrient amount="0.11111111111111112" name="Iron"/><nutrient amount="8.0" name="Magnesium"/><nutrient amount="0.5555555555555556" name="Manganese"/><nutrient amount="45.111111111111114" name="Phosphorus"/><nutrient amount="100.55555555555556" name="Potassium"/><nutrient amount="9.0" name="Selenium"/><nutrient amount="522.2222222222222" name="Sodium"/><nutrient amount="0.888888888888889" name="Zinc"/><nutrient amount="9.444444444444445" name="Vitamin A"/><nutrient amount="0.3333333333333333" name="Retinol"/><nutrient amount="0.11111111111111112" name="Beta-carotene"/><nutrient amount="3.333333333333333" name="Folate"/><nutrient amount="0.22222222222222224" name="B2 (Riboflavin)"/><nutrient amount="0.11111111111111112" name="B3 (Niacin)"/><nutrient amount="22.555555555555557" name="B5 (Pantothenic Acid)"/><nutrient amount="0.11111111111111112" name="B6 (Pyridoxine)"/><nutrient amount="0.11111111111111112" name="B12 (Cyanocobalamin)"/><nutrient amount="0.22222222222222224" name="Vitamin C"/><nutrient amount="0.5555555555555556" name="Saturated"/><nutrient amount="0.11111111111111112" name="Omega-6"/><nutrient amount="11.11111111111111" name="Cholesterol"/><nutrient amount="0.4444444444444445" name="ALA"/><nutrient amount="0.7777777777777777" name="ASP"/><nutrient amount="0.22222222222222224" name="ARG"/><nutrient amount="0.22222222222222224" name="CYS"/><nutrient amount="1.1111111111111112" name="GLU"/><nutrient amount="0.22222222222222224" name="GLY"/><nutrient amount="0.22222222222222224" name="HIS"/><nutrient amount="0.5555555555555556" name="ILE"/><nutrient amount="0.7777777777777777" name="LEU"/><nutrient amount="0.6666666666666666" name="LYS"/><nutrient amount="0.22222222222222224" name="MET"/><nutrient amount="0.4444444444444445" name="PHE"/><nutrient amount="0.3333333333333333" name="PRO"/><nutrient amount="0.3333333333333333" name="SER"/><nutrient amount="0.4444444444444445" name="THR"/><nutrient amount="0.11111111111111112" name="TRP"/><nutrient amount="0.3333333333333333" name="TYR"/><nutrient amount="0.5555555555555556" name="VAL"/></food>