<food fcf="9.0" pcf="3.36" name="Pomegranate Juice" ccf="3.6"><comments></comments><measure amount="1.0" grams="250.0" name="Cup (250 mL)"/><measure amount="1.0" grams="1.0" name="mL"/><nutrient amount="61.21212121212122" name="Energy"/><nutrient amount="0.8388888888888889" name="Protein"/><nutrient amount="0.022222222222222223" name="Fat"/><nutrient amount="15.0" name="Carbs"/><nutrient amount="0.6" name="Fiber"/><nutrient amount="16.57" name="Sugars"/><nutrient amount="80.97" name="Water"/><nutrient amount="0.61" name="Ash"/><nutrient amount="5.555555555555555" name="Calcium"/><nutrient amount="0.07" name="Copper"/><nutrient amount="0.5" name="Iron"/><nutrient amount="8.88888888888889" name="Magnesium"/><nutrient amount="11.11111111111111" name="Phosphorus"/><nutrient amount="244.44444444444443" name="Potassium"/><nutrient amount="0.6" name="Selenium"/><nutrient amount="3.0" name="Sodium"/><nutrient amount="0.16666666666666666" name="Zinc"/><nutrient amount="108.0" name="Vitamin A"/><nutrient amount="50.0" name="Alpha-carotene"/><nutrient amount="40.0" name="Beta-carotene"/><nutrient amount="20.0" name="Folate"/><nutrient amount="0.04166666666666667" name="B1 (Thiamine)"/><nutrient amount="0.03777777777777778" name="B2 (Riboflavin)"/><nutrient amount="0.4444444444444445" name="B3 (Niacin)"/><nutrient amount="0.596" name="B5 (Pantothenic Acid)"/><nutrient amount="0.13333333333333333" name="B6 (Pyridoxine)"/><nutrient amount="6.666666666666666" name="Vitamin C"/><nutrient amount="1.9999999999999998" name="Vitamin E"/><nutrient amount="4.6" name="Vitamin K"/><nutrient amount="0.038" name="Saturated"/><nutrient amount="0.046" name="Monounsaturated"/><nutrient amount="0.063" name="Polyunsaturated"/><nutrient amount="0.063" name="Omega-6"/><nutrient amount="17.0" name="Phytosterol"/></food>