<food fcf="9.0" pcf="2.44" name="Tomatoes, Grape, raw" ccf="3.57"><comments></comments><nutrient amount="29.411764705882355" name="Energy"/><nutrient amount="0.88" name="Protein"/><nutrient amount="0.2" name="Fat"/><nutrient amount="3.5294117647058822" name="Carbs"/><nutrient amount="1.0588235294117647" name="Fiber"/><nutrient amount="2.63" name="Sugars"/><nutrient amount="94.5" name="Water"/><nutrient amount="0.5" name="Ash"/><nutrient amount="10.0" name="Calcium"/><nutrient amount="0.059" name="Copper"/><nutrient amount="0.4235294117647059" name="Iron"/><nutrient amount="11.0" name="Magnesium"/><nutrient amount="0.114" name="Manganese"/><nutrient amount="24.0" name="Phosphorus"/><nutrient amount="237.0" name="Potassium"/><nutrient amount="3.9176470588235297" name="Sodium"/><nutrient amount="0.17" name="Zinc"/><nutrient amount="647.0588235294118" name="Vitamin A"/><nutrient amount="101.0" name="Alpha-carotene"/><nutrient amount="449.0" name="Beta-carotene"/><nutrient amount="2573.0" name="Lycopene"/><nutrient amount="123.0" name="Lutein+Zeaxanthin"/><nutrient amount="15.0" name="Folate"/><nutrient amount="0.037" name="B1 (Thiamine)"/><nutrient amount="0.019" name="B2 (Riboflavin)"/><nutrient amount="0.594" name="B3 (Niacin)"/><nutrient amount="0.089" name="B5 (Pantothenic Acid)"/><nutrient amount="0.08" name="B6 (Pyridoxine)"/><nutrient amount="24.705882352941178" name="Vitamin C"/><nutrient amount="0.54" name="Vitamin E"/><nutrient amount="0.01" name="Beta Tocopherol"/><nutrient amount="0.12" name="Gamma Tocopherol"/><nutrient amount="7.9" name="Vitamin K"/><nutrient amount="0.046" name="Saturated"/><nutrient amount="0.051" name="Monounsaturated"/><nutrient amount="0.135" name="Polyunsaturated"/><nutrient amount="0.0030" name="Omega-3"/><nutrient amount="0.08" name="Omega-6"/><nutrient amount="7.0" name="Phytosterol"/><nutrient amount="0.024" name="ALA"/><nutrient amount="0.118" name="ASP"/><nutrient amount="0.021" name="ARG"/><nutrient amount="0.011" name="CYS"/><nutrient amount="0.313" name="GLU"/><nutrient amount="0.021" name="GLY"/><nutrient amount="0.013" name="HIS"/><nutrient amount="0.02" name="ILE"/><nutrient amount="0.031" name="LEU"/><nutrient amount="0.031" name="LYS"/><nutrient amount="0.0070" name="MET"/><nutrient amount="0.022" name="PHE"/><nutrient amount="0.016" name="PRO"/><nutrient amount="0.023" name="SER"/><nutrient amount="0.021" name="THR"/><nutrient amount="0.0060" name="TRP"/><nutrient amount="0.015" name="TYR"/><nutrient amount="0.022" name="VAL"/></food>