<food fcf="9.0" pcf="4.0" name="Special K Bar - Chocolate Crisp" ccf="4.0"><comments></comments><measure amount="1.0" grams="22.0" name="Bar"/><nutrient amount="409.09090909090907" name="Energy"/><nutrient amount="9.090909090909092" name="Protein"/><nutrient amount="77.27272727272727" name="Carbs"/><nutrient amount="40.90909090909091" name="Starch"/><nutrient amount="6.818181818181818" name="Fat"/><nutrient amount="18.181818181818183" name="Iron"/><nutrient amount="113.63636363636364" name="Potassium"/><nutrient amount="477.27272727272725" name="Sodium"/><nutrient amount="1.0227272727272727" name="B1 (Thiamine)"/><nutrient amount="1.1590909090909092" name="B2 (Riboflavin)"/><nutrient amount="2.272727272727273" name="Saturated"/></food>