<food uid="5" fcf="9.0" pcf="3.47" name="Nuts, almond butter, plain, without salt added [Corrected]" ccf="4.07"><comments>Based on USDA:12195, with corrected value for Vitamin E</comments><measure amount="1.0" name="cup" grams="250.0"/><measure amount="1.0" name="tbsp" grams="16.0"/><nutrient amount="633.0" name="Energy"/><nutrient amount="15.08" name="Protein"/><nutrient amount="21.22" name="Carbs"/><nutrient amount="3.7" name="Fiber"/><nutrient amount="59.1" name="Fat"/><nutrient amount="1.0" name="Water"/><nutrient amount="3.6" name="Ash"/><nutrient amount="270.0" name="Calcium"/><nutrient amount="0.9" name="Copper"/><nutrient amount="3.7" name="Iron"/><nutrient amount="303.0" name="Magnesium"/><nutrient amount="2.354" name="Manganese"/><nutrient amount="523.0" name="Phosphorus"/><nutrient amount="758.0" name="Potassium"/><nutrient amount="11.0" name="Sodium"/><nutrient amount="3.05" name="Zinc"/><nutrient amount="65.0" name="Folate"/><nutrient amount="0.133" name="B1 (Thiamine)"/><nutrient amount="0.611" name="B2 (Riboflavin)"/><nutrient amount="2.875" name="B3 (Niacin)"/><nutrient amount="0.259" name="B5 (Pantothenic Acid)"/><nutrient amount="0.076" name="B6 (Pyridoxine)"/><nutrient amount="0.7" name="Vitamin C"/><nutrient amount="26.0" name="Vitamin E"/><nutrient amount="5.602" name="Saturated"/><nutrient amount="38.374" name="Monounsaturated"/><nutrient amount="12.402" name="Polyunsaturated"/><nutrient amount="0.423" name="Omega-3"/><nutrient amount="11.879" name="Omega-6"/><nutrient amount="0.713" name="ALA"/><nutrient amount="1.887" name="ARG"/><nutrient amount="1.776" name="ASP"/><nutrient amount="0.271" name="CYS"/><nutrient amount="4.487" name="GLU"/><nutrient amount="0.935" name="GLY"/><nutrient amount="0.422" name="HIS"/><nutrient amount="0.655" name="ILE"/><nutrient amount="1.174" name="LEU"/><nutrient amount="0.504" name="LYS"/><nutrient amount="0.172" name="MET"/><nutrient amount="0.842" name="PHE"/><nutrient amount="0.949" name="PRO"/><nutrient amount="0.681" name="SER"/><nutrient amount="0.559" name="THR"/><nutrient amount="0.271" name="TRP"/><nutrient amount="0.533" name="TYR"/><nutrient amount="0.778" name="VAL"/></food>