<food fcf="9.0" pcf="4.0" name="Kellog's Vector Cereal" ccf="4.0"><comments></comments><measure amount="1.0" grams="55.0" name="Serving"/><nutrient amount="390.9090909090909" name="Energy"/><nutrient amount="10.0" name="Protein"/><nutrient amount="80.0" name="Carbs"/><nutrient amount="4.909090909090909" name="Fiber"/><nutrient amount="54.54545454545454" name="Starch"/><nutrient amount="20.0" name="Sugars"/><nutrient amount="5.09090909090909" name="Fat"/><nutrient amount="36.36363636363636" name="Calcium"/><nutrient amount="101.81818181818183" name="Magnesium"/><nutrient amount="181.8181818181818" name="Phosphorus"/><nutrient amount="254.54545454545453" name="Potassium"/><nutrient amount="663.6363636363636" name="Sodium"/><nutrient amount="1272.7272727272727" name="Vitamin A"/><nutrient amount="276.3636363636363" name="Folate"/><nutrient amount="0.7636363636363637" name="B1 (Thiamine)"/><nutrient amount="0.6181818181818182" name="B2 (Riboflavin)"/><nutrient amount="10.545454545454545" name="B3 (Niacin)"/><nutrient amount="3.272727272727272" name="B5 (Pantothenic Acid)"/><nutrient amount="0.9818181818181818" name="B6 (Pyridoxine)"/><nutrient amount="32.72727272727273" name="Vitamin C"/><nutrient amount="36.36363636363636" name="Vitamin D"/><nutrient amount="20.727272727272727" name="Vitamin E"/><nutrient amount="0.9090909090909091" name="Saturated"/><nutrient amount="1.2727272727272725" name="Monounsaturated"/><nutrient amount="2.727272727272727" name="Polyunsaturated"/><nutrient amount="0.36363636363636365" name="Omega-3"/><nutrient amount="2.545454545454545" name="Omega-6"/></food>