<food fcf="9.0" pcf="4.0" name="BALANCE Bar Gold - Chocolate Peanut Butter" ccf="4.0"><comments></comments><measure amount="1.0" grams="50.0" name="Bar"/><nutrient amount="420.0" name="Energy"/><nutrient amount="30.0" name="Protein"/><nutrient amount="44.0" name="Carbs"/><nutrient amount="1.0" name="Fiber"/><nutrient amount="22.0" name="Sugars"/><nutrient amount="14.0" name="Fat"/><nutrient amount="200.0" name="Calcium"/><nutrient amount="1.0" name="Copper"/><nutrient amount="9.0" name="Iron"/><nutrient amount="80.0" name="Magnesium"/><nutrient amount="1.0" name="Manganese"/><nutrient amount="300.0" name="Phosphorus"/><nutrient amount="230.0" name="Potassium"/><nutrient amount="35.0" name="Selenium"/><nutrient amount="250.0" name="Sodium"/><nutrient amount="7.5" name="Zinc"/><nutrient amount="5000.0" name="Vitamin A"/><nutrient amount="200.0" name="Folate"/><nutrient amount="0.75" name="B1 (Thiamine)"/><nutrient amount="0.85" name="B2 (Riboflavin)"/><nutrient amount="10.0" name="B3 (Niacin)"/><nutrient amount="5.0" name="B5 (Pantothenic Acid)"/><nutrient amount="1.0" name="B6 (Pyridoxine)"/><nutrient amount="3.0" name="B12 (Cyanocobalamin)"/><nutrient amount="120.0" name="Vitamin C"/><nutrient amount="60.0" name="Vitamin E"/><nutrient amount="40.0" name="Vitamin K"/><nutrient amount="8.0" name="Saturated"/><nutrient amount="9.0" name="Cholesterol"/></food>