<food fcf="9.0" pcf="4.0"   name="TESCO Swiss Style Muesli, No added sugar or salt" ccf="4.0"><comments></comments><measure amount="1.0" grams="50.0" name="Serving"/><nutrient amount="355.0" name="Energy"/><nutrient amount="10.9" name="Protein"/><nutrient amount="65.1" name="Carbs"/><nutrient amount="8.2" name="Fiber"/><nutrient amount="15.3" name="Sugars"/><nutrient amount="5.4" name="Fat"/><nutrient amount="100.0" name="Sodium"/><nutrient amount="0.7" name="Saturated"/><nutrient amount="2.4" name="Monounsaturated"/><nutrient amount="2.3" name="Polyunsaturated"/></food>