<food fcf="9.0" pcf="4.0" name="Vector Energy Bar - Chocolate Chip" ccf="4.0"><comments></comments><measure amount="1.0" grams="55.0" name="Bar"/><nutrient amount="418.18181818181813" name="Energy"/><nutrient amount="16.545454545454543" name="Protein"/><nutrient amount="58.18181818181818" name="Carbs"/><nutrient amount="4.545454545454545" name="Fiber"/><nutrient amount="12.727272727272727" name="Fat"/><nutrient amount="654.5454545454545" name="Calcium"/><nutrient amount="0.7272727272727273" name="Copper"/><nutrient amount="5.454545454545454" name="Iron"/><nutrient amount="7.09090909090909" name="Magnesium"/><nutrient amount="518.1818181818181" name="Phosphorus"/><nutrient amount="554.5454545454545" name="Potassium"/><nutrient amount="12.727272727272727" name="Selenium"/><nutrient amount="154.54545454545453" name="Sodium"/><nutrient amount="5.999999999999999" name="Zinc"/><nutrient amount="8.264462809917354" name="Vitamin A"/><nutrient amount="118.18181818181817" name="Folate"/><nutrient amount="1.0909090909090908" name="B1 (Thiamine)"/><nutrient amount="0.7272727272727273" name="B2 (Riboflavin)"/><nutrient amount="3.2727272727272725" name="B5 (Pantothenic Acid)"/><nutrient amount="0.8181818181818181" name="B6 (Pyridoxine)"/><nutrient amount="0.9090909090909091" name="B12 (Cyanocobalamin)"/><nutrient amount="35.45454545454545" name="Vitamin C"/><nutrient amount="3.818181818181818" name="Vitamin E"/><nutrient amount="5.818181818181818" name="Saturated"/><nutrient amount="4.0" name="Monounsaturated"/><nutrient amount="2.727272727272727" name="Polyunsaturated"/><nutrient amount="5.454545454545454" name="Cholesterol"/></food>