<food fcf="9.0" pcf="4.0" name="TESCO Veggie Nut Cutletts" ccf="4.0"><comments></comments><measure amount="1.0" grams="87.5" name="Cutlet"/><nutrient amount="285.7142857142857" name="Energy"/><nutrient amount="7.428571428571429" name="Protein"/><nutrient amount="21.25714285714286" name="Carbs"/><nutrient amount="4.0" name="Fiber"/><nutrient amount="1.0285714285714287" name="Sugars"/><nutrient amount="18.857142857142858" name="Fat"/><nutrient amount="342.85714285714283" name="Sodium"/><nutrient amount="1.0285714285714287" name="Saturated"/><nutrient amount="10.62857142857143" name="Monounsaturated"/><nutrient amount="5.714285714285714" name="Polyunsaturated"/></food>