<food fcf="9.0" pcf="4.0" name="Living Harvest, Hemp Protein" ccf="4.0"><comments></comments><nutrient amount="366.6666666666667" name="Energy"/><nutrient amount="46.66666666666667" name="Protein"/><nutrient amount="30.0" name="Carbs"/><nutrient amount="26.666666666666668" name="Fiber"/><nutrient amount="3.3333333333333335" name="Sugars"/><nutrient amount="8.333333333333334" name="Fat"/><nutrient amount="133.33333333333334" name="Calcium"/><nutrient amount="18.0" name="Iron"/><nutrient amount="1066.6666666666667" name="Magnesium"/><nutrient amount="1166.6666666666667" name="Potassium"/><nutrient amount="0.0" name="Vitamin A"/><nutrient amount="2.0000000000000004" name="B1 (Thiamine)"/><nutrient amount="4.0" name="B3 (Niacin)"/><nutrient amount="1.0" name="B6 (Pyridoxine)"/><nutrient amount="4.0" name="Vitamin C"/><nutrient amount="6.0" name="Vitamin E"/><nutrient amount="1.0" name="Saturated"/><nutrient amount="1.3333333333333335" name="Monounsaturated"/><nutrient amount="5.0" name="Polyunsaturated"/><nutrient amount="0.6666666666666667" name="Omega-3"/><nutrient amount="5.0" name="Omega-6"/><nutrient amount="0.0" name="Trans-Fats"/><nutrient amount="0.0" name="Cholesterol"/></food>