<food fcf="8.79" pcf="4.27" uid="01007" name="Cheese, camembert" ccf="3.87"><measure amount="1.0" grams="246.0" name="cup"/><measure amount="1.0" grams="28.35" name="oz"/><measure amount="1.0" grams="17.0" name="cubic inch"/><measure amount="1.0" grams="38.0" name="wedge (1.33 oz)"/><nutrient amount="300.0" name="Energy"/><nutrient amount="19.8" name="Protein"/><nutrient amount="24.26" name="Fat"/><nutrient amount="0.46" name="Carbs"/><nutrient amount="0.46" name="Sugars"/><nutrient amount="51.8" name="Water"/><nutrient amount="3.68" name="Ash"/><nutrient amount="388.0" name="Calcium"/><nutrient amount="0.021" name="Copper"/><nutrient amount="0.33" name="Iron"/><nutrient amount="20.0" name="Magnesium"/><nutrient amount="0.038" name="Manganese"/><nutrient amount="347.0" name="Phosphorus"/><nutrient amount="187.0" name="Potassium"/><nutrient amount="14.5" name="Selenium"/><nutrient amount="842.0" name="Sodium"/><nutrient amount="2.38" name="Zinc"/><nutrient amount="820.0" name="Vitamin A"/><nutrient amount="240.0" name="Retinol"/><nutrient amount="12.0" name="Beta-carotene"/><nutrient amount="62.0" name="Folate"/><nutrient amount="0.028" name="B1 (Thiamine)"/><nutrient amount="0.488" name="B2 (Riboflavin)"/><nutrient amount="0.63" name="B3 (Niacin)"/><nutrient amount="1.364" name="B5 (Pantothenic Acid)"/><nutrient amount="0.227" name="B6 (Pyridoxine)"/><nutrient amount="1.3" name="B12 (Cyanocobalamin)"/><nutrient amount="12.0" name="Vitamin D"/><nutrient amount="0.21" name="Vitamin E"/><nutrient amount="2.0" name="Vitamin K"/><nutrient amount="15.259" name="Saturated"/><nutrient amount="7.023" name="Monounsaturated"/><nutrient amount="0.724" name="Polyunsaturated"/><nutrient amount="0.274" name="Omega-3"/><nutrient amount="0.45" name="Omega-6"/><nutrient amount="72.0" name="Cholesterol"/><nutrient amount="0.819" name="ALA"/><nutrient amount="1.288" name="ASP"/><nutrient amount="0.701" name="ARG"/><nutrient amount="0.109" name="CYS"/><nutrient amount="4.187" name="GLU"/><nutrient amount="0.379" name="GLY"/><nutrient amount="0.683" name="HIS"/><nutrient amount="0.968" name="ILE"/><nutrient amount="1.84" name="LEU"/><nutrient amount="1.766" name="LYS"/><nutrient amount="0.565" name="MET"/><nutrient amount="1.105" name="PHE"/><nutrient amount="2.346" name="PRO"/><nutrient amount="1.114" name="SER"/><nutrient amount="0.717" name="THR"/><nutrient amount="0.307" name="TRP"/><nutrient amount="1.145" name="TYR"/><nutrient amount="1.279" name="VAL"/></food>