<food uid="01003" fcf="8.79" pcf="4.27" name="Butter oil, anhydrous" ccf="3.87"><measure amount="1.0" name="cup" grams="205.0"/><measure amount="1.0" name="tbsp" grams="12.8"/><nutrient amount="876.0" name="Energy"/><nutrient amount="0.28" name="Protein"/><nutrient amount="0.0" name="Carbs"/><nutrient amount="0.0" name="Fiber"/><nutrient amount="0.0" name="Sugars"/><nutrient amount="99.48" name="Fat"/><nutrient amount="0.0" name="Alcohol"/><nutrient amount="0.0" name="Caffeine"/><nutrient amount="0.24" name="Water"/><nutrient amount="0.0" name="Ash"/><nutrient amount="4.0" name="Calcium"/><nutrient amount="0.0010" name="Copper"/><nutrient amount="0.0" name="Iron"/><nutrient amount="0.0" name="Magnesium"/><nutrient amount="0.0" name="Manganese"/><nutrient amount="3.0" name="Phosphorus"/><nutrient amount="5.0" name="Potassium"/><nutrient amount="0.0" name="Selenium"/><nutrient amount="2.0" name="Sodium"/><nutrient amount="0.01" name="Zinc"/><nutrient amount="3069.0" name="Vitamin A"/><nutrient amount="824.0" name="Retinol"/><nutrient amount="0.0" name="Alpha-carotene"/><nutrient amount="193.0" name="Beta-carotene"/><nutrient amount="0.0" name="Beta-cryptoxanthin"/><nutrient amount="0.0" name="Lycopene"/><nutrient amount="0.0" name="Lutein+Zeaxanthin"/><nutrient amount="0.0" name="Folate"/><nutrient amount="0.0010" name="B1 (Thiamine)"/><nutrient amount="0.0050" name="B2 (Riboflavin)"/><nutrient amount="0.0030" name="B3 (Niacin)"/><nutrient amount="0.01" name="B5 (Pantothenic Acid)"/><nutrient amount="0.0010" name="B6 (Pyridoxine)"/><nutrient amount="0.01" name="B12 (Cyanocobalamin)"/><nutrient amount="0.0" name="Vitamin C"/><nutrient amount="2.8" name="Vitamin E"/><nutrient amount="8.6" name="Vitamin K"/><nutrient amount="61.924" name="Saturated"/><nutrient amount="28.732" name="Monounsaturated"/><nutrient amount="3.694" name="Polyunsaturated"/><nutrient amount="1.447" name="Omega-3"/><nutrient amount="2.247" name="Omega-6"/><nutrient amount="256.0" name="Cholesterol"/><nutrient amount="0.01" name="ALA"/><nutrient amount="0.01" name="ARG"/><nutrient amount="0.021" name="ASP"/><nutrient amount="0.0030" name="CYS"/><nutrient amount="0.059" name="GLU"/><nutrient amount="0.0060" name="GLY"/><nutrient amount="0.0080" name="HIS"/><nutrient amount="0.017" name="ILE"/><nutrient amount="0.027" name="LEU"/><nutrient amount="0.022" name="LYS"/><nutrient amount="0.0070" name="MET"/><nutrient amount="0.014" name="PHE"/><nutrient amount="0.027" name="PRO"/><nutrient amount="0.015" name="SER"/><nutrient amount="0.013" name="THR"/><nutrient amount="0.0040" name="TRP"/><nutrient amount="0.014" name="TYR"/><nutrient amount="0.019" name="VAL"/></food>