<food uid="01009" fcf="8.79" pcf="4.27" name="Cheese, cheddar" ccf="3.87"><measure amount="1.0" name="cup, diced" grams="132.0"/><measure amount="1.0" name="cup, melted" grams="244.0"/><measure amount="1.0" name="cup, shredded" grams="113.0"/><measure amount="1.0" name="oz" grams="28.35"/><measure amount="1.0" name="cubic inch" grams="17.0"/><measure amount="1.0" name="slice (1 oz)" grams="28.0"/><nutrient amount="403.0" name="Energy"/><nutrient amount="24.9" name="Protein"/><nutrient amount="1.28" name="Carbs"/><nutrient amount="0.0" name="Fiber"/><nutrient amount="0.52" name="Sugars"/><nutrient amount="33.14" name="Fat"/><nutrient amount="0.0" name="Alcohol"/><nutrient amount="0.0" name="Caffeine"/><nutrient amount="36.75" name="Water"/><nutrient amount="3.93" name="Ash"/><nutrient amount="721.0" name="Calcium"/><nutrient amount="0.031" name="Copper"/><nutrient amount="34.9" name="Fluoride"/><nutrient amount="0.68" name="Iron"/><nutrient amount="28.0" name="Magnesium"/><nutrient amount="0.01" name="Manganese"/><nutrient amount="512.0" name="Phosphorus"/><nutrient amount="98.0" name="Potassium"/><nutrient amount="13.9" name="Selenium"/><nutrient amount="621.0" name="Sodium"/><nutrient amount="3.11" name="Zinc"/><nutrient amount="1002.0" name="Vitamin A"/><nutrient amount="258.0" name="Retinol"/><nutrient amount="0.0" name="Alpha-carotene"/><nutrient amount="85.0" name="Beta-carotene"/><nutrient amount="0.0" name="Beta-cryptoxanthin"/><nutrient amount="0.0" name="Lycopene"/><nutrient amount="0.0" name="Lutein+Zeaxanthin"/><nutrient amount="18.0" name="Folate"/><nutrient amount="0.027" name="B1 (Thiamine)"/><nutrient amount="0.375" name="B2 (Riboflavin)"/><nutrient amount="0.08" name="B3 (Niacin)"/><nutrient amount="0.413" name="B5 (Pantothenic Acid)"/><nutrient amount="0.074" name="B6 (Pyridoxine)"/><nutrient amount="0.83" name="B12 (Cyanocobalamin)"/><nutrient amount="0.0" name="Vitamin C"/><nutrient amount="12.0" name="Vitamin D"/><nutrient amount="0.29" name="Vitamin E"/><nutrient amount="0.0" name="Delta Tocopherol"/><nutrient amount="0.0" name="Gamma Tocopherol"/><nutrient amount="2.8" name="Vitamin K"/><nutrient amount="21.092" name="Saturated"/><nutrient amount="9.391" name="Monounsaturated"/><nutrient amount="0.942" name="Polyunsaturated"/><nutrient amount="0.365" name="Omega-3"/><nutrient amount="0.577" name="Omega-6"/><nutrient amount="105.0" name="Cholesterol"/><nutrient amount="0.703" name="ALA"/><nutrient amount="0.941" name="ARG"/><nutrient amount="1.6" name="ASP"/><nutrient amount="0.125" name="CYS"/><nutrient amount="6.092" name="GLU"/><nutrient amount="0.429" name="GLY"/><nutrient amount="0.874" name="HIS"/><nutrient amount="1.546" name="ILE"/><nutrient amount="2.385" name="LEU"/><nutrient amount="2.072" name="LYS"/><nutrient amount="0.652" name="MET"/><nutrient amount="1.311" name="PHE"/><nutrient amount="2.806" name="PRO"/><nutrient amount="1.456" name="SER"/><nutrient amount="0.886" name="THR"/><nutrient amount="0.32" name="TRP"/><nutrient amount="1.202" name="TYR"/><nutrient amount="1.663" name="VAL"/></food>