<food uid="01005" fcf="8.79" pcf="4.27" name="Cheese, brick" ccf="3.87"><measure amount="1.0" name="cup, diced" grams="132.0"/><measure amount="1.0" name="cup, shredded" grams="113.0"/><measure amount="1.0" name="oz" grams="28.35"/><measure amount="1.0" name="cubic inch" grams="17.0"/><measure amount="1.0" name="slice (1 oz)" grams="28.0"/><nutrient amount="371.0" name="Energy"/><nutrient amount="23.24" name="Protein"/><nutrient amount="2.79" name="Carbs"/><nutrient amount="0.0" name="Fiber"/><nutrient amount="0.51" name="Sugars"/><nutrient amount="29.68" name="Fat"/><nutrient amount="0.0" name="Alcohol"/><nutrient amount="0.0" name="Caffeine"/><nutrient amount="41.11" name="Water"/><nutrient amount="3.18" name="Ash"/><nutrient amount="674.0" name="Calcium"/><nutrient amount="0.024" name="Copper"/><nutrient amount="0.43" name="Iron"/><nutrient amount="24.0" name="Magnesium"/><nutrient amount="0.012" name="Manganese"/><nutrient amount="451.0" name="Phosphorus"/><nutrient amount="136.0" name="Potassium"/><nutrient amount="14.5" name="Selenium"/><nutrient amount="560.0" name="Sodium"/><nutrient amount="2.6" name="Zinc"/><nutrient amount="1080.0" name="Vitamin A"/><nutrient amount="286.0" name="Retinol"/><nutrient amount="0.0" name="Alpha-carotene"/><nutrient amount="76.0" name="Beta-carotene"/><nutrient amount="0.0" name="Beta-cryptoxanthin"/><nutrient amount="0.0" name="Lycopene"/><nutrient amount="0.0" name="Lutein+Zeaxanthin"/><nutrient amount="20.0" name="Folate"/><nutrient amount="0.014" name="B1 (Thiamine)"/><nutrient amount="0.351" name="B2 (Riboflavin)"/><nutrient amount="0.118" name="B3 (Niacin)"/><nutrient amount="0.288" name="B5 (Pantothenic Acid)"/><nutrient amount="0.065" name="B6 (Pyridoxine)"/><nutrient amount="1.26" name="B12 (Cyanocobalamin)"/><nutrient amount="0.0" name="Vitamin C"/><nutrient amount="0.26" name="Vitamin E"/><nutrient amount="2.5" name="Vitamin K"/><nutrient amount="18.764" name="Saturated"/><nutrient amount="8.598" name="Monounsaturated"/><nutrient amount="0.784" name="Polyunsaturated"/><nutrient amount="0.293" name="Omega-3"/><nutrient amount="0.491" name="Omega-6"/><nutrient amount="94.0" name="Cholesterol"/><nutrient amount="0.67" name="ALA"/><nutrient amount="0.874" name="ARG"/><nutrient amount="1.588" name="ASP"/><nutrient amount="0.131" name="CYS"/><nutrient amount="5.515" name="GLU"/><nutrient amount="0.437" name="GLY"/><nutrient amount="0.823" name="HIS"/><nutrient amount="1.137" name="ILE"/><nutrient amount="2.244" name="LEU"/><nutrient amount="2.124" name="LYS"/><nutrient amount="0.565" name="MET"/><nutrient amount="1.231" name="PHE"/><nutrient amount="2.575" name="PRO"/><nutrient amount="1.289" name="SER"/><nutrient amount="0.882" name="THR"/><nutrient amount="0.324" name="TRP"/><nutrient amount="1.115" name="TYR"/><nutrient amount="1.472" name="VAL"/></food>