<food fcf="8.79" pcf="4.27" uid="01004" name="Cheese, blue" ccf="3.87"><measure amount="1.0" grams="28.35" name="oz"/><measure amount="1.0" grams="17.0" name="cubic inch"/><measure amount="1.0" grams="135.0" name="cup, crumbled, not packed"/><nutrient amount="353.0" name="Energy"/><nutrient amount="21.4" name="Protein"/><nutrient amount="28.74" name="Fat"/><nutrient amount="2.34" name="Carbs"/><nutrient amount="0.5" name="Sugars"/><nutrient amount="42.41" name="Water"/><nutrient amount="5.11" name="Ash"/><nutrient amount="528.0" name="Calcium"/><nutrient amount="0.04" name="Copper"/><nutrient amount="0.31" name="Iron"/><nutrient amount="23.0" name="Magnesium"/><nutrient amount="0.0090" name="Manganese"/><nutrient amount="387.0" name="Phosphorus"/><nutrient amount="256.0" name="Potassium"/><nutrient amount="14.5" name="Selenium"/><nutrient amount="1395.0" name="Sodium"/><nutrient amount="2.66" name="Zinc"/><nutrient amount="763.0" name="Vitamin A"/><nutrient amount="192.0" name="Retinol"/><nutrient amount="74.0" name="Beta-carotene"/><nutrient amount="36.0" name="Folate"/><nutrient amount="0.029" name="B1 (Thiamine)"/><nutrient amount="0.382" name="B2 (Riboflavin)"/><nutrient amount="1.016" name="B3 (Niacin)"/><nutrient amount="1.729" name="B5 (Pantothenic Acid)"/><nutrient amount="0.166" name="B6 (Pyridoxine)"/><nutrient amount="1.22" name="B12 (Cyanocobalamin)"/><nutrient amount="0.25" name="Vitamin E"/><nutrient amount="2.4" name="Vitamin K"/><nutrient amount="18.669" name="Saturated"/><nutrient amount="7.778" name="Monounsaturated"/><nutrient amount="0.8" name="Polyunsaturated"/><nutrient amount="0.264" name="Omega-3"/><nutrient amount="0.536" name="Omega-6"/><nutrient amount="75.0" name="Cholesterol"/><nutrient amount="0.644" name="ALA"/><nutrient amount="1.436" name="ASP"/><nutrient amount="0.711" name="ARG"/><nutrient amount="0.107" name="CYS"/><nutrient amount="5.179" name="GLU"/><nutrient amount="0.406" name="GLY"/><nutrient amount="0.758" name="HIS"/><nutrient amount="1.124" name="ILE"/><nutrient amount="1.919" name="LEU"/><nutrient amount="1.852" name="LYS"/><nutrient amount="0.584" name="MET"/><nutrient amount="1.087" name="PHE"/><nutrient amount="2.1" name="PRO"/><nutrient amount="1.12" name="SER"/><nutrient amount="0.785" name="THR"/><nutrient amount="0.312" name="TRP"/><nutrient amount="1.295" name="TYR"/><nutrient amount="1.556" name="VAL"/></food>