<food fcf="8.79" pcf="4.27" uid="01008" name="Cheese, caraway" ccf="3.87"><measure amount="1.0" grams="28.35" name="oz"/><nutrient amount="376.0" name="Energy"/><nutrient amount="25.18" name="Protein"/><nutrient amount="29.2" name="Fat"/><nutrient amount="3.06" name="Carbs"/><nutrient amount="39.28" name="Water"/><nutrient amount="3.28" name="Ash"/><nutrient amount="673.0" name="Calcium"/><nutrient amount="0.024" name="Copper"/><nutrient amount="0.64" name="Iron"/><nutrient amount="22.0" name="Magnesium"/><nutrient amount="0.021" name="Manganese"/><nutrient amount="490.0" name="Phosphorus"/><nutrient amount="93.0" name="Potassium"/><nutrient amount="14.5" name="Selenium"/><nutrient amount="690.0" name="Sodium"/><nutrient amount="2.94" name="Zinc"/><nutrient amount="1054.0" name="Vitamin A"/><nutrient amount="262.0" name="Retinol"/><nutrient amount="18.0" name="Folate"/><nutrient amount="0.031" name="B1 (Thiamine)"/><nutrient amount="0.45" name="B2 (Riboflavin)"/><nutrient amount="0.18" name="B3 (Niacin)"/><nutrient amount="0.19" name="B5 (Pantothenic Acid)"/><nutrient amount="0.074" name="B6 (Pyridoxine)"/><nutrient amount="0.27" name="B12 (Cyanocobalamin)"/><nutrient amount="18.584" name="Saturated"/><nutrient amount="8.275" name="Monounsaturated"/><nutrient amount="0.83" name="Polyunsaturated"/><nutrient amount="0.322" name="Omega-3"/><nutrient amount="0.508" name="Omega-6"/><nutrient amount="93.0" name="Cholesterol"/><nutrient amount="0.711" name="ALA"/><nutrient amount="1.618" name="ASP"/><nutrient amount="0.952" name="ARG"/><nutrient amount="0.126" name="CYS"/><nutrient amount="6.16" name="GLU"/><nutrient amount="0.439" name="GLY"/><nutrient amount="0.884" name="HIS"/><nutrient amount="1.563" name="ILE"/><nutrient amount="2.412" name="LEU"/><nutrient amount="2.095" name="LYS"/><nutrient amount="0.659" name="MET"/><nutrient amount="1.326" name="PHE"/><nutrient amount="2.838" name="PRO"/><nutrient amount="1.472" name="SER"/><nutrient amount="0.896" name="THR"/><nutrient amount="0.324" name="TRP"/><nutrient amount="1.216" name="TYR"/><nutrient amount="1.682" name="VAL"/></food>