<food fcf="8.79" pcf="4.27" uid="01015" name="Cheese, cottage, lowfat, 2% milkfat" ccf="3.87"><measure amount="1.0" grams="226.0" name="cup (not packed)"/><measure amount="4.0" grams="113.0" name="oz"/><nutrient amount="90.0" name="Energy"/><nutrient amount="13.74" name="Protein"/><nutrient amount="1.93" name="Fat"/><nutrient amount="3.63" name="Carbs"/><nutrient amount="0.33" name="Sugars"/><nutrient amount="79.31" name="Water"/><nutrient amount="1.39" name="Ash"/><nutrient amount="69.0" name="Calcium"/><nutrient amount="0.028" name="Copper"/><nutrient amount="31.6" name="Fluoride"/><nutrient amount="0.16" name="Iron"/><nutrient amount="6.0" name="Magnesium"/><nutrient amount="0.0030" name="Manganese"/><nutrient amount="151.0" name="Phosphorus"/><nutrient amount="96.0" name="Potassium"/><nutrient amount="10.2" name="Selenium"/><nutrient amount="406.0" name="Sodium"/><nutrient amount="0.42" name="Zinc"/><nutrient amount="78.0" name="Vitamin A"/><nutrient amount="21.0" name="Retinol"/><nutrient amount="5.0" name="Beta-carotene"/><nutrient amount="13.0" name="Folate"/><nutrient amount="0.024" name="B1 (Thiamine)"/><nutrient amount="0.185" name="B2 (Riboflavin)"/><nutrient amount="0.144" name="B3 (Niacin)"/><nutrient amount="0.242" name="B5 (Pantothenic Acid)"/><nutrient amount="0.076" name="B6 (Pyridoxine)"/><nutrient amount="0.71" name="B12 (Cyanocobalamin)"/><nutrient amount="0.02" name="Vitamin E"/><nutrient amount="0.2" name="Vitamin K"/><nutrient amount="1.221" name="Saturated"/><nutrient amount="0.55" name="Monounsaturated"/><nutrient amount="0.059" name="Polyunsaturated"/><nutrient amount="0.017" name="Omega-3"/><nutrient amount="0.042" name="Omega-6"/><nutrient amount="8.0" name="Cholesterol"/><nutrient amount="0.713" name="ALA"/><nutrient amount="0.93" name="ASP"/><nutrient amount="0.627" name="ARG"/><nutrient amount="0.127" name="CYS"/><nutrient amount="2.976" name="GLU"/><nutrient amount="0.299" name="GLY"/><nutrient amount="0.457" name="HIS"/><nutrient amount="0.808" name="ILE"/><nutrient amount="1.413" name="LEU"/><nutrient amount="1.111" name="LYS"/><nutrient amount="0.413" name="MET"/><nutrient amount="0.741" name="PHE"/><nutrient amount="1.592" name="PRO"/><nutrient amount="0.771" name="SER"/><nutrient amount="0.609" name="THR"/><nutrient amount="0.153" name="TRP"/><nutrient amount="0.732" name="TYR"/><nutrient amount="0.851" name="VAL"/></food>