<food fcf="8.79" pcf="4.27" uid="01010" name="Cheese, cheshire" ccf="3.87"><measure amount="1.0" grams="28.35" name="oz"/><nutrient amount="387.0" name="Energy"/><nutrient amount="23.37" name="Protein"/><nutrient amount="30.6" name="Fat"/><nutrient amount="4.78" name="Carbs"/><nutrient amount="37.65" name="Water"/><nutrient amount="3.6" name="Ash"/><nutrient amount="643.0" name="Calcium"/><nutrient amount="0.042" name="Copper"/><nutrient amount="0.21" name="Iron"/><nutrient amount="21.0" name="Magnesium"/><nutrient amount="0.012" name="Manganese"/><nutrient amount="464.0" name="Phosphorus"/><nutrient amount="95.0" name="Potassium"/><nutrient amount="14.5" name="Selenium"/><nutrient amount="700.0" name="Sodium"/><nutrient amount="2.79" name="Zinc"/><nutrient amount="985.0" name="Vitamin A"/><nutrient amount="220.0" name="Retinol"/><nutrient amount="18.0" name="Folate"/><nutrient amount="0.046" name="B1 (Thiamine)"/><nutrient amount="0.293" name="B2 (Riboflavin)"/><nutrient amount="0.08" name="B3 (Niacin)"/><nutrient amount="0.413" name="B5 (Pantothenic Acid)"/><nutrient amount="0.074" name="B6 (Pyridoxine)"/><nutrient amount="0.83" name="B12 (Cyanocobalamin)"/><nutrient amount="19.475" name="Saturated"/><nutrient amount="8.671" name="Monounsaturated"/><nutrient amount="0.87" name="Polyunsaturated"/><nutrient amount="0.337" name="Omega-3"/><nutrient amount="0.533" name="Omega-6"/><nutrient amount="103.0" name="Cholesterol"/><nutrient amount="0.659" name="ALA"/><nutrient amount="1.502" name="ASP"/><nutrient amount="0.883" name="ARG"/><nutrient amount="0.117" name="CYS"/><nutrient amount="5.718" name="GLU"/><nutrient amount="0.403" name="GLY"/><nutrient amount="0.821" name="HIS"/><nutrient amount="1.451" name="ILE"/><nutrient amount="2.238" name="LEU"/><nutrient amount="1.945" name="LYS"/><nutrient amount="0.612" name="MET"/><nutrient amount="1.231" name="PHE"/><nutrient amount="2.634" name="PRO"/><nutrient amount="1.366" name="SER"/><nutrient amount="0.832" name="THR"/><nutrient amount="0.3" name="TRP"/><nutrient amount="1.128" name="TYR"/><nutrient amount="1.56" name="VAL"/></food>