<food fcf="8.79" pcf="4.27" uid="01018" name="Cheese, edam" ccf="3.87"><measure amount="1.0" grams="28.35" name="oz"/><measure amount="1.0" grams="198.0" name="package (7 oz)"/><nutrient amount="357.0" name="Energy"/><nutrient amount="24.99" name="Protein"/><nutrient amount="27.8" name="Fat"/><nutrient amount="1.43" name="Carbs"/><nutrient amount="1.43" name="Sugars"/><nutrient amount="41.56" name="Water"/><nutrient amount="4.22" name="Ash"/><nutrient amount="731.0" name="Calcium"/><nutrient amount="0.036" name="Copper"/><nutrient amount="0.44" name="Iron"/><nutrient amount="30.0" name="Magnesium"/><nutrient amount="0.011" name="Manganese"/><nutrient amount="536.0" name="Phosphorus"/><nutrient amount="188.0" name="Potassium"/><nutrient amount="14.5" name="Selenium"/><nutrient amount="965.0" name="Sodium"/><nutrient amount="3.75" name="Zinc"/><nutrient amount="825.0" name="Vitamin A"/><nutrient amount="242.0" name="Retinol"/><nutrient amount="11.0" name="Beta-carotene"/><nutrient amount="16.0" name="Folate"/><nutrient amount="0.037" name="B1 (Thiamine)"/><nutrient amount="0.389" name="B2 (Riboflavin)"/><nutrient amount="0.082" name="B3 (Niacin)"/><nutrient amount="0.281" name="B5 (Pantothenic Acid)"/><nutrient amount="0.076" name="B6 (Pyridoxine)"/><nutrient amount="1.54" name="B12 (Cyanocobalamin)"/><nutrient amount="36.0" name="Vitamin D"/><nutrient amount="0.24" name="Vitamin E"/><nutrient amount="2.3" name="Vitamin K"/><nutrient amount="17.572" name="Saturated"/><nutrient amount="8.125" name="Monounsaturated"/><nutrient amount="0.665" name="Polyunsaturated"/><nutrient amount="0.247" name="Omega-3"/><nutrient amount="0.418" name="Omega-6"/><nutrient amount="89.0" name="Cholesterol"/><nutrient amount="0.764" name="ALA"/><nutrient amount="1.747" name="ASP"/><nutrient amount="0.964" name="ARG"/><nutrient amount="0.255" name="CYS"/><nutrient amount="6.15" name="GLU"/><nutrient amount="0.486" name="GLY"/><nutrient amount="1.034" name="HIS"/><nutrient amount="1.308" name="ILE"/><nutrient amount="2.57" name="LEU"/><nutrient amount="2.66" name="LYS"/><nutrient amount="0.721" name="MET"/><nutrient amount="1.434" name="PHE"/><nutrient amount="3.251" name="PRO"/><nutrient amount="1.547" name="SER"/><nutrient amount="0.932" name="THR"/><nutrient amount="0.352" name="TRP"/><nutrient amount="1.457" name="TYR"/><nutrient amount="1.81" name="VAL"/></food>