<food uid="01011" fcf="8.79" pcf="4.27" name="Cheese, colby" ccf="3.87"><measure amount="1.0" name="cup, diced" grams="132.0"/><measure amount="1.0" name="cup, shredded" grams="113.0"/><measure amount="1.0" name="oz" grams="28.35"/><measure amount="1.0" name="cubic inch" grams="17.0"/><measure amount="1.0" name="slice (1 oz)" grams="28.0"/><nutrient amount="394.0" name="Energy"/><nutrient amount="23.76" name="Protein"/><nutrient amount="2.57" name="Carbs"/><nutrient amount="0.0" name="Fiber"/><nutrient amount="0.52" name="Sugars"/><nutrient amount="32.11" name="Fat"/><nutrient amount="0.0" name="Alcohol"/><nutrient amount="0.0" name="Caffeine"/><nutrient amount="38.2" name="Water"/><nutrient amount="3.36" name="Ash"/><nutrient amount="685.0" name="Calcium"/><nutrient amount="0.042" name="Copper"/><nutrient amount="0.76" name="Iron"/><nutrient amount="26.0" name="Magnesium"/><nutrient amount="0.012" name="Manganese"/><nutrient amount="457.0" name="Phosphorus"/><nutrient amount="127.0" name="Potassium"/><nutrient amount="14.5" name="Selenium"/><nutrient amount="604.0" name="Sodium"/><nutrient amount="3.07" name="Zinc"/><nutrient amount="994.0" name="Vitamin A"/><nutrient amount="257.0" name="Retinol"/><nutrient amount="0.0" name="Alpha-carotene"/><nutrient amount="82.0" name="Beta-carotene"/><nutrient amount="0.0" name="Beta-cryptoxanthin"/><nutrient amount="0.0" name="Lycopene"/><nutrient amount="0.0" name="Lutein+Zeaxanthin"/><nutrient amount="18.0" name="Folate"/><nutrient amount="0.015" name="B1 (Thiamine)"/><nutrient amount="0.375" name="B2 (Riboflavin)"/><nutrient amount="0.093" name="B3 (Niacin)"/><nutrient amount="0.21" name="B5 (Pantothenic Acid)"/><nutrient amount="0.079" name="B6 (Pyridoxine)"/><nutrient amount="0.83" name="B12 (Cyanocobalamin)"/><nutrient amount="0.0" name="Vitamin C"/><nutrient amount="0.28" name="Vitamin E"/><nutrient amount="2.7" name="Vitamin K"/><nutrient amount="20.218" name="Saturated"/><nutrient amount="9.28" name="Monounsaturated"/><nutrient amount="0.953" name="Polyunsaturated"/><nutrient amount="0.277" name="Omega-3"/><nutrient amount="0.676" name="Omega-6"/><nutrient amount="95.0" name="Cholesterol"/><nutrient amount="0.67" name="ALA"/><nutrient amount="0.898" name="ARG"/><nutrient amount="1.527" name="ASP"/><nutrient amount="0.119" name="CYS"/><nutrient amount="5.813" name="GLU"/><nutrient amount="0.41" name="GLY"/><nutrient amount="0.834" name="HIS"/><nutrient amount="1.475" name="ILE"/><nutrient amount="2.275" name="LEU"/><nutrient amount="1.978" name="LYS"/><nutrient amount="0.622" name="MET"/><nutrient amount="1.251" name="PHE"/><nutrient amount="2.678" name="PRO"/><nutrient amount="1.389" name="SER"/><nutrient amount="0.845" name="THR"/><nutrient amount="0.305" name="TRP"/><nutrient amount="1.147" name="TYR"/><nutrient amount="1.586" name="VAL"/></food>