<food uid="01020" fcf="8.79" pcf="4.27" name="Cheese, fontina" ccf="3.87"><measure amount="1.0" name="cup, diced" grams="132.0"/><measure amount="1.0" name="cup, shredded" grams="108.0"/><measure amount="1.0" name="oz" grams="28.35"/><measure amount="1.0" name="cubic inch" grams="15.0"/><measure amount="1.0" name="slice (1 oz)" grams="28.0"/><measure amount="1.0" name="package (8 oz)" grams="227.0"/><nutrient amount="389.0" name="Energy"/><nutrient amount="25.6" name="Protein"/><nutrient amount="1.55" name="Carbs"/><nutrient amount="0.0" name="Fiber"/><nutrient amount="1.55" name="Sugars"/><nutrient amount="31.14" name="Fat"/><nutrient amount="0.0" name="Alcohol"/><nutrient amount="0.0" name="Caffeine"/><nutrient amount="37.92" name="Water"/><nutrient amount="3.79" name="Ash"/><nutrient amount="550.0" name="Calcium"/><nutrient amount="0.025" name="Copper"/><nutrient amount="0.23" name="Iron"/><nutrient amount="14.0" name="Magnesium"/><nutrient amount="0.014" name="Manganese"/><nutrient amount="346.0" name="Phosphorus"/><nutrient amount="64.0" name="Potassium"/><nutrient amount="14.5" name="Selenium"/><nutrient amount="800.0" name="Sodium"/><nutrient amount="3.5" name="Zinc"/><nutrient amount="913.0" name="Vitamin A"/><nutrient amount="258.0" name="Retinol"/><nutrient amount="0.0" name="Alpha-carotene"/><nutrient amount="32.0" name="Beta-carotene"/><nutrient amount="0.0" name="Beta-cryptoxanthin"/><nutrient amount="0.0" name="Lycopene"/><nutrient amount="0.0" name="Lutein+Zeaxanthin"/><nutrient amount="6.0" name="Folate"/><nutrient amount="0.021" name="B1 (Thiamine)"/><nutrient amount="0.204" name="B2 (Riboflavin)"/><nutrient amount="0.15" name="B3 (Niacin)"/><nutrient amount="0.429" name="B5 (Pantothenic Acid)"/><nutrient amount="0.083" name="B6 (Pyridoxine)"/><nutrient amount="1.68" name="B12 (Cyanocobalamin)"/><nutrient amount="0.0" name="Vitamin C"/><nutrient amount="0.27" name="Vitamin E"/><nutrient amount="2.6" name="Vitamin K"/><nutrient amount="19.196" name="Saturated"/><nutrient amount="8.687" name="Monounsaturated"/><nutrient amount="1.654" name="Polyunsaturated"/><nutrient amount="0.79" name="Omega-3"/><nutrient amount="0.864" name="Omega-6"/><nutrient amount="116.0" name="Cholesterol"/><nutrient amount="0.823" name="ALA"/><nutrient amount="0.835" name="ARG"/><nutrient amount="1.413" name="ASP"/><nutrient amount="0.261" name="CYS"/><nutrient amount="5.136" name="GLU"/><nutrient amount="0.457" name="GLY"/><nutrient amount="0.959" name="HIS"/><nutrient amount="1.384" name="ILE"/><nutrient amount="2.664" name="LEU"/><nutrient amount="2.328" name="LYS"/><nutrient amount="0.706" name="MET"/><nutrient amount="1.497" name="PHE"/><nutrient amount="3.323" name="PRO"/><nutrient amount="1.477" name="SER"/><nutrient amount="0.935" name="THR"/><nutrient amount="0.361" name="TRP"/><nutrient amount="1.524" name="TYR"/><nutrient amount="1.926" name="VAL"/></food>