<food uid="01025" fcf="8.79" pcf="4.27" name="Cheese, monterey" ccf="3.87"><measure amount="1.0" name="cup, diced" grams="132.0"/><measure amount="1.0" name="cup, shredded" grams="113.0"/><measure amount="1.0" name="oz" grams="28.35"/><measure amount="1.0" name="cubic inch" grams="17.0"/><measure amount="1.0" name="slice (1 oz)" grams="28.0"/><measure amount="1.0" name="package (6 oz)" grams="170.0"/><nutrient amount="373.0" name="Energy"/><nutrient amount="24.48" name="Protein"/><nutrient amount="0.68" name="Carbs"/><nutrient amount="0.0" name="Fiber"/><nutrient amount="0.5" name="Sugars"/><nutrient amount="30.28" name="Fat"/><nutrient amount="0.0" name="Alcohol"/><nutrient amount="0.0" name="Caffeine"/><nutrient amount="41.01" name="Water"/><nutrient amount="3.55" name="Ash"/><nutrient amount="746.0" name="Calcium"/><nutrient amount="0.032" name="Copper"/><nutrient amount="0.72" name="Iron"/><nutrient amount="27.0" name="Magnesium"/><nutrient amount="0.011" name="Manganese"/><nutrient amount="444.0" name="Phosphorus"/><nutrient amount="81.0" name="Potassium"/><nutrient amount="14.5" name="Selenium"/><nutrient amount="536.0" name="Sodium"/><nutrient amount="3.0" name="Zinc"/><nutrient amount="769.0" name="Vitamin A"/><nutrient amount="192.0" name="Retinol"/><nutrient amount="0.0" name="Alpha-carotene"/><nutrient amount="78.0" name="Beta-carotene"/><nutrient amount="0.0" name="Beta-cryptoxanthin"/><nutrient amount="0.0" name="Lycopene"/><nutrient amount="0.0" name="Lutein+Zeaxanthin"/><nutrient amount="18.0" name="Folate"/><nutrient amount="0.015" name="B1 (Thiamine)"/><nutrient amount="0.39" name="B2 (Riboflavin)"/><nutrient amount="0.093" name="B3 (Niacin)"/><nutrient amount="0.21" name="B5 (Pantothenic Acid)"/><nutrient amount="0.079" name="B6 (Pyridoxine)"/><nutrient amount="0.83" name="B12 (Cyanocobalamin)"/><nutrient amount="0.0" name="Vitamin C"/><nutrient amount="0.26" name="Vitamin E"/><nutrient amount="2.5" name="Vitamin K"/><nutrient amount="19.066" name="Saturated"/><nutrient amount="8.751" name="Monounsaturated"/><nutrient amount="0.899" name="Polyunsaturated"/><nutrient amount="0.261" name="Omega-3"/><nutrient amount="0.637" name="Omega-6"/><nutrient amount="89.0" name="Cholesterol"/><nutrient amount="0.691" name="ALA"/><nutrient amount="0.925" name="ARG"/><nutrient amount="1.573" name="ASP"/><nutrient amount="0.123" name="CYS"/><nutrient amount="5.99" name="GLU"/><nutrient amount="0.422" name="GLY"/><nutrient amount="0.859" name="HIS"/><nutrient amount="1.519" name="ILE"/><nutrient amount="2.344" name="LEU"/><nutrient amount="2.037" name="LYS"/><nutrient amount="0.641" name="MET"/><nutrient amount="1.289" name="PHE"/><nutrient amount="2.759" name="PRO"/><nutrient amount="1.431" name="SER"/><nutrient amount="0.871" name="THR"/><nutrient amount="0.315" name="TRP"/><nutrient amount="1.182" name="TYR"/><nutrient amount="1.635" name="VAL"/></food>