<food uid="01023" fcf="8.79" pcf="4.27" name="Cheese, gruyere" ccf="3.87"><measure amount="1.0" name="cup, diced" grams="132.0"/><measure amount="1.0" name="cup, shredded" grams="108.0"/><measure amount="1.0" name="oz" grams="28.35"/><measure amount="1.0" name="cubic inch" grams="15.0"/><measure amount="1.0" name="slice (1 oz)" grams="28.0"/><measure amount="1.0" name="package (6 oz)" grams="170.0"/><nutrient amount="413.0" name="Energy"/><nutrient amount="29.81" name="Protein"/><nutrient amount="0.36" name="Carbs"/><nutrient amount="0.0" name="Fiber"/><nutrient amount="0.36" name="Sugars"/><nutrient amount="32.34" name="Fat"/><nutrient amount="0.0" name="Alcohol"/><nutrient amount="0.0" name="Caffeine"/><nutrient amount="33.19" name="Water"/><nutrient amount="4.3" name="Ash"/><nutrient amount="1011.0" name="Calcium"/><nutrient amount="0.032" name="Copper"/><nutrient amount="0.17" name="Iron"/><nutrient amount="36.0" name="Magnesium"/><nutrient amount="0.017" name="Manganese"/><nutrient amount="605.0" name="Phosphorus"/><nutrient amount="81.0" name="Potassium"/><nutrient amount="14.5" name="Selenium"/><nutrient amount="336.0" name="Sodium"/><nutrient amount="3.9" name="Zinc"/><nutrient amount="948.0" name="Vitamin A"/><nutrient amount="268.0" name="Retinol"/><nutrient amount="0.0" name="Alpha-carotene"/><nutrient amount="33.0" name="Beta-carotene"/><nutrient amount="0.0" name="Beta-cryptoxanthin"/><nutrient amount="0.0" name="Lycopene"/><nutrient amount="0.0" name="Lutein+Zeaxanthin"/><nutrient amount="10.0" name="Folate"/><nutrient amount="0.06" name="B1 (Thiamine)"/><nutrient amount="0.279" name="B2 (Riboflavin)"/><nutrient amount="0.106" name="B3 (Niacin)"/><nutrient amount="0.562" name="B5 (Pantothenic Acid)"/><nutrient amount="0.081" name="B6 (Pyridoxine)"/><nutrient amount="1.6" name="B12 (Cyanocobalamin)"/><nutrient amount="0.0" name="Vitamin C"/><nutrient amount="0.28" name="Vitamin E"/><nutrient amount="2.7" name="Vitamin K"/><nutrient amount="18.913" name="Saturated"/><nutrient amount="10.043" name="Monounsaturated"/><nutrient amount="1.733" name="Polyunsaturated"/><nutrient amount="0.433" name="Omega-3"/><nutrient amount="1.3" name="Omega-6"/><nutrient amount="110.0" name="Cholesterol"/><nutrient amount="0.958" name="ALA"/><nutrient amount="0.972" name="ARG"/><nutrient amount="1.645" name="ASP"/><nutrient amount="0.304" name="CYS"/><nutrient amount="5.981" name="GLU"/><nutrient amount="0.533" name="GLY"/><nutrient amount="1.117" name="HIS"/><nutrient amount="1.612" name="ILE"/><nutrient amount="3.102" name="LEU"/><nutrient amount="2.71" name="LYS"/><nutrient amount="0.822" name="MET"/><nutrient amount="1.743" name="PHE"/><nutrient amount="3.869" name="PRO"/><nutrient amount="1.719" name="SER"/><nutrient amount="1.089" name="THR"/><nutrient amount="0.421" name="TRP"/><nutrient amount="1.776" name="TYR"/><nutrient amount="2.243" name="VAL"/></food>