<food uid="01028" fcf="8.79" pcf="4.27" name="Cheese, mozzarella, part skim milk" ccf="3.87"><measure amount="1.0" name="oz" grams="28.35"/><nutrient amount="254.0" name="Energy"/><nutrient amount="24.26" name="Protein"/><nutrient amount="2.77" name="Carbs"/><nutrient amount="0.0" name="Fiber"/><nutrient amount="1.13" name="Sugars"/><nutrient amount="15.92" name="Fat"/><nutrient amount="0.0" name="Alcohol"/><nutrient amount="0.0" name="Caffeine"/><nutrient amount="53.78" name="Water"/><nutrient amount="3.27" name="Ash"/><nutrient amount="782.0" name="Calcium"/><nutrient amount="0.025" name="Copper"/><nutrient amount="0.22" name="Iron"/><nutrient amount="23.0" name="Magnesium"/><nutrient amount="0.01" name="Manganese"/><nutrient amount="463.0" name="Phosphorus"/><nutrient amount="84.0" name="Potassium"/><nutrient amount="14.4" name="Selenium"/><nutrient amount="619.0" name="Sodium"/><nutrient amount="2.76" name="Zinc"/><nutrient amount="481.0" name="Vitamin A"/><nutrient amount="124.0" name="Retinol"/><nutrient amount="0.0" name="Alpha-carotene"/><nutrient amount="41.0" name="Beta-carotene"/><nutrient amount="0.0" name="Beta-cryptoxanthin"/><nutrient amount="0.0" name="Lycopene"/><nutrient amount="0.0" name="Lutein+Zeaxanthin"/><nutrient amount="9.0" name="Folate"/><nutrient amount="0.018" name="B1 (Thiamine)"/><nutrient amount="0.303" name="B2 (Riboflavin)"/><nutrient amount="0.105" name="B3 (Niacin)"/><nutrient amount="0.079" name="B5 (Pantothenic Acid)"/><nutrient amount="0.07" name="B6 (Pyridoxine)"/><nutrient amount="0.82" name="B12 (Cyanocobalamin)"/><nutrient amount="0.0" name="Vitamin C"/><nutrient amount="0.14" name="Vitamin E"/><nutrient amount="1.6" name="Vitamin K"/><nutrient amount="10.114" name="Saturated"/><nutrient amount="4.51" name="Monounsaturated"/><nutrient amount="0.472" name="Polyunsaturated"/><nutrient amount="0.137" name="Omega-3"/><nutrient amount="0.335" name="Omega-6"/><nutrient amount="64.0" name="Cholesterol"/><nutrient amount="0.741" name="ALA"/><nutrient amount="1.042" name="ARG"/><nutrient amount="1.757" name="ASP"/><nutrient amount="0.144" name="CYS"/><nutrient amount="5.677" name="GLU"/><nutrient amount="0.464" name="GLY"/><nutrient amount="0.913" name="HIS"/><nutrient amount="1.164" name="ILE"/><nutrient amount="2.365" name="LEU"/><nutrient amount="2.464" name="LYS"/><nutrient amount="0.677" name="MET"/><nutrient amount="1.266" name="PHE"/><nutrient amount="2.498" name="PRO"/><nutrient amount="1.415" name="SER"/><nutrient amount="0.924" name="THR"/><nutrient amount="0.339" name="TRP"/><nutrient amount="1.403" name="TYR"/><nutrient amount="1.517" name="VAL"/></food>