<food fcf="8.79" pcf="4.27" uid="01021" name="Cheese, gjetost" ccf="3.87"><measure amount="1.0" grams="28.35" name="oz"/><measure amount="1.0" grams="227.0" name="package (8 oz)"/><nutrient amount="466.0" name="Energy"/><nutrient amount="9.65" name="Protein"/><nutrient amount="29.51" name="Fat"/><nutrient amount="42.65" name="Carbs"/><nutrient amount="13.44" name="Water"/><nutrient amount="4.75" name="Ash"/><nutrient amount="400.0" name="Calcium"/><nutrient amount="0.08" name="Copper"/><nutrient amount="0.52" name="Iron"/><nutrient amount="70.0" name="Magnesium"/><nutrient amount="0.04" name="Manganese"/><nutrient amount="444.0" name="Phosphorus"/><nutrient amount="1409.0" name="Potassium"/><nutrient amount="14.5" name="Selenium"/><nutrient amount="600.0" name="Sodium"/><nutrient amount="1.14" name="Zinc"/><nutrient amount="1113.0" name="Vitamin A"/><nutrient amount="334.0" name="Retinol"/><nutrient amount="5.0" name="Folate"/><nutrient amount="0.315" name="B1 (Thiamine)"/><nutrient amount="1.382" name="B2 (Riboflavin)"/><nutrient amount="0.813" name="B3 (Niacin)"/><nutrient amount="3.351" name="B5 (Pantothenic Acid)"/><nutrient amount="0.271" name="B6 (Pyridoxine)"/><nutrient amount="2.42" name="B12 (Cyanocobalamin)"/><nutrient amount="19.16" name="Saturated"/><nutrient amount="7.879" name="Monounsaturated"/><nutrient amount="0.938" name="Polyunsaturated"/><nutrient amount="0.429" name="Omega-3"/><nutrient amount="0.508" name="Omega-6"/><nutrient amount="94.0" name="Cholesterol"/><nutrient amount="0.325" name="ALA"/><nutrient amount="0.709" name="ASP"/><nutrient amount="0.33" name="ARG"/><nutrient amount="0.057" name="CYS"/><nutrient amount="1.987" name="GLU"/><nutrient amount="0.189" name="GLY"/><nutrient amount="0.293" name="HIS"/><nutrient amount="0.519" name="ILE"/><nutrient amount="0.992" name="LEU"/><nutrient amount="0.814" name="LYS"/><nutrient amount="0.318" name="MET"/><nutrient amount="0.54" name="PHE"/><nutrient amount="1.18" name="PRO"/><nutrient amount="0.47" name="SER"/><nutrient amount="0.393" name="THR"/><nutrient amount="0.135" name="TRP"/><nutrient amount="0.541" name="TYR"/><nutrient amount="0.765" name="VAL"/></food>