<food uid="01036" fcf="8.79" pcf="4.27" name="Cheese, ricotta, whole milk" ccf="3.87"><measure amount="1.0" name="cup" grams="246.0"/><measure amount="0.5" name="cup" grams="124.0"/><nutrient amount="174.0" name="Energy"/><nutrient amount="11.26" name="Protein"/><nutrient amount="3.04" name="Carbs"/><nutrient amount="0.0" name="Fiber"/><nutrient amount="0.27" name="Sugars"/><nutrient amount="12.98" name="Fat"/><nutrient amount="0.0" name="Alcohol"/><nutrient amount="0.0" name="Caffeine"/><nutrient amount="71.7" name="Water"/><nutrient amount="1.02" name="Ash"/><nutrient amount="207.0" name="Calcium"/><nutrient amount="0.021" name="Copper"/><nutrient amount="0.38" name="Iron"/><nutrient amount="11.0" name="Magnesium"/><nutrient amount="0.0060" name="Manganese"/><nutrient amount="158.0" name="Phosphorus"/><nutrient amount="105.0" name="Potassium"/><nutrient amount="14.5" name="Selenium"/><nutrient amount="84.0" name="Sodium"/><nutrient amount="1.16" name="Zinc"/><nutrient amount="445.0" name="Vitamin A"/><nutrient amount="117.0" name="Retinol"/><nutrient amount="0.0" name="Alpha-carotene"/><nutrient amount="33.0" name="Beta-carotene"/><nutrient amount="0.0" name="Beta-cryptoxanthin"/><nutrient amount="0.0" name="Lycopene"/><nutrient amount="0.0" name="Lutein+Zeaxanthin"/><nutrient amount="12.0" name="Folate"/><nutrient amount="0.013" name="B1 (Thiamine)"/><nutrient amount="0.195" name="B2 (Riboflavin)"/><nutrient amount="0.104" name="B3 (Niacin)"/><nutrient amount="0.213" name="B5 (Pantothenic Acid)"/><nutrient amount="0.043" name="B6 (Pyridoxine)"/><nutrient amount="0.34" name="B12 (Cyanocobalamin)"/><nutrient amount="0.0" name="Vitamin C"/><nutrient amount="0.11" name="Vitamin E"/><nutrient amount="1.1" name="Vitamin K"/><nutrient amount="8.295" name="Saturated"/><nutrient amount="3.627" name="Monounsaturated"/><nutrient amount="0.385" name="Polyunsaturated"/><nutrient amount="0.112" name="Omega-3"/><nutrient amount="0.273" name="Omega-6"/><nutrient amount="51.0" name="Cholesterol"/><nutrient amount="0.499" name="ALA"/><nutrient amount="0.632" name="ARG"/><nutrient amount="0.995" name="ASP"/><nutrient amount="0.099" name="CYS"/><nutrient amount="2.446" name="GLU"/><nutrient amount="0.295" name="GLY"/><nutrient amount="0.459" name="HIS"/><nutrient amount="0.589" name="ILE"/><nutrient amount="1.221" name="LEU"/><nutrient amount="1.338" name="LYS"/><nutrient amount="0.281" name="MET"/><nutrient amount="0.556" name="PHE"/><nutrient amount="1.066" name="PRO"/><nutrient amount="0.575" name="SER"/><nutrient amount="0.517" name="THR"/><nutrient amount="0.125" name="TRP"/><nutrient amount="0.589" name="TYR"/><nutrient amount="0.692" name="VAL"/></food>