<food uid="01039" fcf="8.79" pcf="4.27" name="Cheese, roquefort" ccf="3.87"><measure amount="1.0" name="oz" grams="28.35"/><measure amount="1.0" name="package (3 oz)" grams="85.0"/><nutrient amount="369.0" name="Energy"/><nutrient amount="21.54" name="Protein"/><nutrient amount="2.0" name="Carbs"/><nutrient amount="0.0" name="Fiber"/><nutrient amount="30.64" name="Fat"/><nutrient amount="39.38" name="Water"/><nutrient amount="6.44" name="Ash"/><nutrient amount="662.0" name="Calcium"/><nutrient amount="0.034" name="Copper"/><nutrient amount="0.56" name="Iron"/><nutrient amount="30.0" name="Magnesium"/><nutrient amount="0.03" name="Manganese"/><nutrient amount="392.0" name="Phosphorus"/><nutrient amount="91.0" name="Potassium"/><nutrient amount="14.5" name="Selenium"/><nutrient amount="1809.0" name="Sodium"/><nutrient amount="2.08" name="Zinc"/><nutrient amount="1047.0" name="Vitamin A"/><nutrient amount="290.0" name="Retinol"/><nutrient amount="49.0" name="Folate"/><nutrient amount="0.04" name="B1 (Thiamine)"/><nutrient amount="0.586" name="B2 (Riboflavin)"/><nutrient amount="0.734" name="B3 (Niacin)"/><nutrient amount="1.731" name="B5 (Pantothenic Acid)"/><nutrient amount="0.124" name="B6 (Pyridoxine)"/><nutrient amount="0.64" name="B12 (Cyanocobalamin)"/><nutrient amount="0.0" name="Vitamin C"/><nutrient amount="19.263" name="Saturated"/><nutrient amount="8.474" name="Monounsaturated"/><nutrient amount="1.32" name="Polyunsaturated"/><nutrient amount="0.704" name="Omega-3"/><nutrient amount="0.616" name="Omega-6"/><nutrient amount="90.0" name="Cholesterol"/><nutrient amount="0.969" name="ALA"/><nutrient amount="0.713" name="ARG"/><nutrient amount="1.181" name="ASP"/><nutrient amount="0.126" name="CYS"/><nutrient amount="3.67" name="GLU"/><nutrient amount="0.148" name="GLY"/><nutrient amount="0.602" name="HIS"/><nutrient amount="1.217" name="ILE"/><nutrient amount="2.114" name="LEU"/><nutrient amount="1.848" name="LYS"/><nutrient amount="0.558" name="MET"/><nutrient amount="1.023" name="PHE"/><nutrient amount="2.089" name="PRO"/><nutrient amount="1.772" name="SER"/><nutrient amount="0.965" name="THR"/><nutrient amount="0.303" name="TRP"/><nutrient amount="1.012" name="TYR"/><nutrient amount="1.614" name="VAL"/></food>