<food fcf="8.79" pcf="4.27" uid="01034" name="Cheese, port de salut" ccf="3.87"><measure amount="1.0" grams="132.0" name="cup, diced"/><measure amount="1.0" grams="113.0" name="cup, shredded"/><measure amount="1.0" grams="28.35" name="oz"/><measure amount="1.0" grams="17.0" name="cubic inch"/><measure amount="1.0" grams="28.0" name="slice (1 oz)"/><measure amount="1.0" grams="170.0" name="package (6 oz)"/><nutrient amount="352.0" name="Energy"/><nutrient amount="23.78" name="Protein"/><nutrient amount="28.2" name="Fat"/><nutrient amount="0.57" name="Carbs"/><nutrient amount="0.57" name="Sugars"/><nutrient amount="45.45" name="Water"/><nutrient amount="2.0" name="Ash"/><nutrient amount="650.0" name="Calcium"/><nutrient amount="0.022" name="Copper"/><nutrient amount="0.43" name="Iron"/><nutrient amount="24.0" name="Magnesium"/><nutrient amount="0.011" name="Manganese"/><nutrient amount="360.0" name="Phosphorus"/><nutrient amount="136.0" name="Potassium"/><nutrient amount="14.5" name="Selenium"/><nutrient amount="534.0" name="Sodium"/><nutrient amount="2.6" name="Zinc"/><nutrient amount="1092.0" name="Vitamin A"/><nutrient amount="313.0" name="Retinol"/><nutrient amount="29.0" name="Beta-carotene"/><nutrient amount="18.0" name="Folate"/><nutrient amount="0.014" name="B1 (Thiamine)"/><nutrient amount="0.24" name="B2 (Riboflavin)"/><nutrient amount="0.06" name="B3 (Niacin)"/><nutrient amount="0.21" name="B5 (Pantothenic Acid)"/><nutrient amount="0.053" name="B6 (Pyridoxine)"/><nutrient amount="1.5" name="B12 (Cyanocobalamin)"/><nutrient amount="0.24" name="Vitamin E"/><nutrient amount="2.4" name="Vitamin K"/><nutrient amount="16.691" name="Saturated"/><nutrient amount="9.338" name="Monounsaturated"/><nutrient amount="0.729" name="Polyunsaturated"/><nutrient amount="0.351" name="Omega-3"/><nutrient amount="0.378" name="Omega-6"/><nutrient amount="123.0" name="Cholesterol"/><nutrient amount="0.79" name="ALA"/><nutrient amount="1.752" name="ASP"/><nutrient amount="0.827" name="ARG"/><nutrient amount="0.134" name="CYS"/><nutrient amount="5.349" name="GLU"/><nutrient amount="0.485" name="GLY"/><nutrient amount="0.686" name="HIS"/><nutrient amount="1.446" name="ILE"/><nutrient amount="2.482" name="LEU"/><nutrient amount="1.987" name="LYS"/><nutrient amount="0.734" name="MET"/><nutrient amount="1.323" name="PHE"/><nutrient amount="2.892" name="PRO"/><nutrient amount="1.357" name="SER"/><nutrient amount="0.876" name="THR"/><nutrient amount="0.343" name="TRP"/><nutrient amount="1.42" name="TYR"/><nutrient amount="1.707" name="VAL"/></food>