<food uid="01038" fcf="8.79" pcf="4.27" name="Cheese, romano" ccf="3.87"><measure amount="1.0" name="oz" grams="28.35"/><measure amount="5.0" name="package (5 oz)" grams="142.0"/><nutrient amount="387.0" name="Energy"/><nutrient amount="31.8" name="Protein"/><nutrient amount="3.63" name="Carbs"/><nutrient amount="0.0" name="Fiber"/><nutrient amount="0.73" name="Sugars"/><nutrient amount="26.94" name="Fat"/><nutrient amount="0.0" name="Alcohol"/><nutrient amount="0.0" name="Caffeine"/><nutrient amount="30.91" name="Water"/><nutrient amount="6.72" name="Ash"/><nutrient amount="1064.0" name="Calcium"/><nutrient amount="0.03" name="Copper"/><nutrient amount="0.77" name="Iron"/><nutrient amount="41.0" name="Magnesium"/><nutrient amount="0.02" name="Manganese"/><nutrient amount="760.0" name="Phosphorus"/><nutrient amount="86.0" name="Potassium"/><nutrient amount="14.5" name="Selenium"/><nutrient amount="1200.0" name="Sodium"/><nutrient amount="2.58" name="Zinc"/><nutrient amount="415.0" name="Vitamin A"/><nutrient amount="90.0" name="Retinol"/><nutrient amount="0.0" name="Alpha-carotene"/><nutrient amount="69.0" name="Beta-carotene"/><nutrient amount="0.0" name="Beta-cryptoxanthin"/><nutrient amount="0.0" name="Lycopene"/><nutrient amount="0.0" name="Lutein+Zeaxanthin"/><nutrient amount="7.0" name="Folate"/><nutrient amount="0.037" name="B1 (Thiamine)"/><nutrient amount="0.37" name="B2 (Riboflavin)"/><nutrient amount="0.077" name="B3 (Niacin)"/><nutrient amount="0.424" name="B5 (Pantothenic Acid)"/><nutrient amount="0.085" name="B6 (Pyridoxine)"/><nutrient amount="1.12" name="B12 (Cyanocobalamin)"/><nutrient amount="0.0" name="Vitamin C"/><nutrient amount="0.23" name="Vitamin E"/><nutrient amount="2.2" name="Vitamin K"/><nutrient amount="17.115" name="Saturated"/><nutrient amount="7.838" name="Monounsaturated"/><nutrient amount="0.593" name="Polyunsaturated"/><nutrient amount="0.31" name="Omega-3"/><nutrient amount="0.284" name="Omega-6"/><nutrient amount="104.0" name="Cholesterol"/><nutrient amount="0.932" name="ALA"/><nutrient amount="1.171" name="ARG"/><nutrient amount="1.989" name="ASP"/><nutrient amount="0.209" name="CYS"/><nutrient amount="7.302" name="GLU"/><nutrient amount="0.553" name="GLY"/><nutrient amount="1.231" name="HIS"/><nutrient amount="1.685" name="ILE"/><nutrient amount="3.071" name="LEU"/><nutrient amount="2.941" name="LYS"/><nutrient amount="0.852" name="MET"/><nutrient amount="1.71" name="PHE"/><nutrient amount="3.718" name="PRO"/><nutrient amount="1.84" name="SER"/><nutrient amount="1.171" name="THR"/><nutrient amount="0.429" name="TRP"/><nutrient amount="1.775" name="TYR"/><nutrient amount="2.183" name="VAL"/></food>