<food uid="01033" fcf="8.79" pcf="4.27" name="Cheese, parmesan, hard" ccf="3.87"><measure amount="1.0" name="oz" grams="28.35"/><measure amount="1.0" name="cubic inch" grams="10.3"/><measure amount="5.0" name="package (5 oz)" grams="142.0"/><nutrient amount="392.0" name="Energy"/><nutrient amount="35.75" name="Protein"/><nutrient amount="3.22" name="Carbs"/><nutrient amount="0.0" name="Fiber"/><nutrient amount="0.8" name="Sugars"/><nutrient amount="25.83" name="Fat"/><nutrient amount="0.0" name="Alcohol"/><nutrient amount="0.0" name="Caffeine"/><nutrient amount="29.16" name="Water"/><nutrient amount="6.04" name="Ash"/><nutrient amount="1184.0" name="Calcium"/><nutrient amount="0.032" name="Copper"/><nutrient amount="0.82" name="Iron"/><nutrient amount="44.0" name="Magnesium"/><nutrient amount="0.02" name="Manganese"/><nutrient amount="694.0" name="Phosphorus"/><nutrient amount="92.0" name="Potassium"/><nutrient amount="22.5" name="Selenium"/><nutrient amount="1602.0" name="Sodium"/><nutrient amount="2.75" name="Zinc"/><nutrient amount="399.0" name="Vitamin A"/><nutrient amount="106.0" name="Retinol"/><nutrient amount="0.0" name="Alpha-carotene"/><nutrient amount="28.0" name="Beta-carotene"/><nutrient amount="0.0" name="Beta-cryptoxanthin"/><nutrient amount="0.0" name="Lycopene"/><nutrient amount="0.0" name="Lutein+Zeaxanthin"/><nutrient amount="7.0" name="Folate"/><nutrient amount="0.039" name="B1 (Thiamine)"/><nutrient amount="0.332" name="B2 (Riboflavin)"/><nutrient amount="0.271" name="B3 (Niacin)"/><nutrient amount="0.453" name="B5 (Pantothenic Acid)"/><nutrient amount="0.091" name="B6 (Pyridoxine)"/><nutrient amount="1.2" name="B12 (Cyanocobalamin)"/><nutrient amount="0.0" name="Vitamin C"/><nutrient amount="28.0" name="Vitamin D"/><nutrient amount="0.23" name="Vitamin E"/><nutrient amount="1.7" name="Vitamin K"/><nutrient amount="16.41" name="Saturated"/><nutrient amount="7.515" name="Monounsaturated"/><nutrient amount="0.569" name="Polyunsaturated"/><nutrient amount="0.297" name="Omega-3"/><nutrient amount="0.272" name="Omega-6"/><nutrient amount="68.0" name="Cholesterol"/><nutrient amount="1.048" name="ALA"/><nutrient amount="1.317" name="ARG"/><nutrient amount="2.236" name="ASP"/><nutrient amount="0.235" name="CYS"/><nutrient amount="8.209" name="GLU"/><nutrient amount="0.622" name="GLY"/><nutrient amount="1.384" name="HIS"/><nutrient amount="1.894" name="ILE"/><nutrient amount="3.452" name="LEU"/><nutrient amount="3.306" name="LYS"/><nutrient amount="0.958" name="MET"/><nutrient amount="1.922" name="PHE"/><nutrient amount="4.18" name="PRO"/><nutrient amount="2.068" name="SER"/><nutrient amount="1.317" name="THR"/><nutrient amount="0.482" name="TRP"/><nutrient amount="1.995" name="TYR"/><nutrient amount="2.454" name="VAL"/></food>