<food fcf="8.79" pcf="4.27" uid="01031" name="Cheese, neufchatel" ccf="3.87"><measure amount="1.0" grams="28.35" name="oz"/><measure amount="1.0" grams="85.0" name="package (3 oz)"/><nutrient amount="260.0" name="Energy"/><nutrient amount="9.96" name="Protein"/><nutrient amount="23.43" name="Fat"/><nutrient amount="2.94" name="Carbs"/><nutrient amount="62.21" name="Water"/><nutrient amount="1.46" name="Ash"/><nutrient amount="75.0" name="Calcium"/><nutrient amount="0.016" name="Copper"/><nutrient amount="0.28" name="Iron"/><nutrient amount="8.0" name="Magnesium"/><nutrient amount="0.0040" name="Manganese"/><nutrient amount="136.0" name="Phosphorus"/><nutrient amount="114.0" name="Potassium"/><nutrient amount="3.0" name="Selenium"/><nutrient amount="399.0" name="Sodium"/><nutrient amount="0.52" name="Zinc"/><nutrient amount="1134.0" name="Vitamin A"/><nutrient amount="289.0" name="Retinol"/><nutrient amount="11.0" name="Folate"/><nutrient amount="0.015" name="B1 (Thiamine)"/><nutrient amount="0.195" name="B2 (Riboflavin)"/><nutrient amount="0.126" name="B3 (Niacin)"/><nutrient amount="0.566" name="B5 (Pantothenic Acid)"/><nutrient amount="0.041" name="B6 (Pyridoxine)"/><nutrient amount="0.26" name="B12 (Cyanocobalamin)"/><nutrient amount="14.797" name="Saturated"/><nutrient amount="6.772" name="Monounsaturated"/><nutrient amount="0.65" name="Polyunsaturated"/><nutrient amount="0.202" name="Omega-3"/><nutrient amount="0.448" name="Omega-6"/><nutrient amount="76.0" name="Cholesterol"/><nutrient amount="0.303" name="ALA"/><nutrient amount="0.703" name="ASP"/><nutrient amount="0.378" name="ARG"/><nutrient amount="0.087" name="CYS"/><nutrient amount="2.261" name="GLU"/><nutrient amount="0.197" name="GLY"/><nutrient amount="0.357" name="HIS"/><nutrient amount="0.526" name="ILE"/><nutrient amount="0.965" name="LEU"/><nutrient amount="0.891" name="LYS"/><nutrient amount="0.239" name="MET"/><nutrient amount="0.553" name="PHE"/><nutrient amount="0.909" name="PRO"/><nutrient amount="0.525" name="SER"/><nutrient amount="0.423" name="THR"/><nutrient amount="0.089" name="TRP"/><nutrient amount="0.475" name="TYR"/><nutrient amount="0.584" name="VAL"/></food>