<food uid="01042" fcf="8.79" pcf="4.27" name="Cheese, pasteurized process, american, with di sodium phosphate" ccf="3.87"><measure amount="1.0" name="cup, diced" grams="140.0"/><measure amount="1.0" name="cup, melted" grams="244.0"/><measure amount="1.0" name="cup, shredded" grams="113.0"/><measure amount="1.0" name="oz" grams="28.35"/><measure amount="1.0" name="cubic inch" grams="18.0"/><measure amount="1.0" name="slice (3/4 oz)" grams="21.0"/><measure amount="1.0" name="slice (1 oz)" grams="28.0"/><nutrient amount="375.0" name="Energy"/><nutrient amount="22.15" name="Protein"/><nutrient amount="1.6" name="Carbs"/><nutrient amount="0.0" name="Fiber"/><nutrient amount="0.51" name="Sugars"/><nutrient amount="31.25" name="Fat"/><nutrient amount="0.0" name="Alcohol"/><nutrient amount="0.0" name="Caffeine"/><nutrient amount="39.16" name="Water"/><nutrient amount="5.84" name="Ash"/><nutrient amount="552.0" name="Calcium"/><nutrient amount="0.016" name="Copper"/><nutrient amount="35.0" name="Fluoride"/><nutrient amount="0.19" name="Iron"/><nutrient amount="27.0" name="Magnesium"/><nutrient amount="0.0080" name="Manganese"/><nutrient amount="513.0" name="Phosphorus"/><nutrient amount="169.0" name="Potassium"/><nutrient amount="14.4" name="Selenium"/><nutrient amount="1489.0" name="Sodium"/><nutrient amount="2.84" name="Zinc"/><nutrient amount="961.0" name="Vitamin A"/><nutrient amount="247.0" name="Retinol"/><nutrient amount="0.0" name="Alpha-carotene"/><nutrient amount="82.0" name="Beta-carotene"/><nutrient amount="0.0" name="Beta-cryptoxanthin"/><nutrient amount="0.0" name="Lycopene"/><nutrient amount="0.0" name="Lutein+Zeaxanthin"/><nutrient amount="8.0" name="Folate"/><nutrient amount="0.027" name="B1 (Thiamine)"/><nutrient amount="0.353" name="B2 (Riboflavin)"/><nutrient amount="0.069" name="B3 (Niacin)"/><nutrient amount="0.482" name="B5 (Pantothenic Acid)"/><nutrient amount="0.071" name="B6 (Pyridoxine)"/><nutrient amount="0.7" name="B12 (Cyanocobalamin)"/><nutrient amount="0.0" name="Vitamin C"/><nutrient amount="0.27" name="Vitamin E"/><nutrient amount="2.7" name="Vitamin K"/><nutrient amount="19.694" name="Saturated"/><nutrient amount="8.951" name="Monounsaturated"/><nutrient amount="0.99" name="Polyunsaturated"/><nutrient amount="0.383" name="Omega-3"/><nutrient amount="0.607" name="Omega-6"/><nutrient amount="94.0" name="Cholesterol"/><nutrient amount="0.555" name="ALA"/><nutrient amount="0.927" name="ARG"/><nutrient amount="1.361" name="ASP"/><nutrient amount="0.142" name="CYS"/><nutrient amount="4.597" name="GLU"/><nutrient amount="0.365" name="GLY"/><nutrient amount="0.903" name="HIS"/><nutrient amount="1.024" name="ILE"/><nutrient amount="1.958" name="LEU"/><nutrient amount="2.198" name="LYS"/><nutrient amount="0.573" name="MET"/><nutrient amount="1.125" name="PHE"/><nutrient amount="2.253" name="PRO"/><nutrient amount="1.069" name="SER"/><nutrient amount="0.719" name="THR"/><nutrient amount="0.323" name="TRP"/><nutrient amount="1.212" name="TYR"/><nutrient amount="1.326" name="VAL"/></food>