<food uid="01044" fcf="8.79" pcf="4.27" name="Cheese, pasteurized process, swiss, with di sodium phosphate" ccf="3.87"><measure amount="1.0" name="cup, diced" grams="140.0"/><measure amount="1.0" name="cup, shredded" grams="113.0"/><measure amount="1.0" name="oz" grams="28.35"/><measure amount="1.0" name="cubic inch" grams="18.0"/><measure amount="1.0" name="slice (3/4 oz)" grams="21.0"/><nutrient amount="334.0" name="Energy"/><nutrient amount="24.73" name="Protein"/><nutrient amount="2.1" name="Carbs"/><nutrient amount="0.0" name="Fiber"/><nutrient amount="1.23" name="Sugars"/><nutrient amount="25.01" name="Fat"/><nutrient amount="0.0" name="Alcohol"/><nutrient amount="0.0" name="Caffeine"/><nutrient amount="42.31" name="Water"/><nutrient amount="5.85" name="Ash"/><nutrient amount="772.0" name="Calcium"/><nutrient amount="0.027" name="Copper"/><nutrient amount="0.61" name="Iron"/><nutrient amount="29.0" name="Magnesium"/><nutrient amount="0.014" name="Manganese"/><nutrient amount="762.0" name="Phosphorus"/><nutrient amount="216.0" name="Potassium"/><nutrient amount="15.9" name="Selenium"/><nutrient amount="1370.0" name="Sodium"/><nutrient amount="3.61" name="Zinc"/><nutrient amount="746.0" name="Vitamin A"/><nutrient amount="192.0" name="Retinol"/><nutrient amount="0.0" name="Alpha-carotene"/><nutrient amount="63.0" name="Beta-carotene"/><nutrient amount="0.0" name="Beta-cryptoxanthin"/><nutrient amount="0.0" name="Lycopene"/><nutrient amount="0.0" name="Lutein+Zeaxanthin"/><nutrient amount="6.0" name="Folate"/><nutrient amount="0.014" name="B1 (Thiamine)"/><nutrient amount="0.276" name="B2 (Riboflavin)"/><nutrient amount="0.038" name="B3 (Niacin)"/><nutrient amount="0.26" name="B5 (Pantothenic Acid)"/><nutrient amount="0.036" name="B6 (Pyridoxine)"/><nutrient amount="1.23" name="B12 (Cyanocobalamin)"/><nutrient amount="0.0" name="Vitamin C"/><nutrient amount="0.34" name="Vitamin E"/><nutrient amount="2.2" name="Vitamin K"/><nutrient amount="16.045" name="Saturated"/><nutrient amount="7.046" name="Monounsaturated"/><nutrient amount="0.622" name="Polyunsaturated"/><nutrient amount="0.28" name="Omega-3"/><nutrient amount="0.342" name="Omega-6"/><nutrient amount="85.0" name="Cholesterol"/><nutrient amount="0.62" name="ALA"/><nutrient amount="1.035" name="ARG"/><nutrient amount="1.519" name="ASP"/><nutrient amount="0.159" name="CYS"/><nutrient amount="5.132" name="GLU"/><nutrient amount="0.407" name="GLY"/><nutrient amount="1.008" name="HIS"/><nutrient amount="1.143" name="ILE"/><nutrient amount="2.186" name="LEU"/><nutrient amount="2.454" name="LYS"/><nutrient amount="0.64" name="MET"/><nutrient amount="1.256" name="PHE"/><nutrient amount="2.516" name="PRO"/><nutrient amount="1.194" name="SER"/><nutrient amount="0.802" name="THR"/><nutrient amount="0.36" name="TRP"/><nutrient amount="1.353" name="TYR"/><nutrient amount="1.481" name="VAL"/></food>