<food uid="01045" fcf="8.79" pcf="4.27" name="Cheese food, cold pack, american" ccf="3.87"><measure amount="1.0" name="oz" grams="28.35"/><measure amount="1.0" name="package (8 oz)" grams="227.0"/><nutrient amount="331.0" name="Energy"/><nutrient amount="19.66" name="Protein"/><nutrient amount="8.32" name="Carbs"/><nutrient amount="0.0" name="Fiber"/><nutrient amount="24.46" name="Fat"/><nutrient amount="43.12" name="Water"/><nutrient amount="4.44" name="Ash"/><nutrient amount="497.0" name="Calcium"/><nutrient amount="0.03" name="Copper"/><nutrient amount="0.84" name="Iron"/><nutrient amount="30.0" name="Magnesium"/><nutrient amount="0.01" name="Manganese"/><nutrient amount="400.0" name="Phosphorus"/><nutrient amount="363.0" name="Potassium"/><nutrient amount="16.2" name="Selenium"/><nutrient amount="966.0" name="Sodium"/><nutrient amount="3.01" name="Zinc"/><nutrient amount="705.0" name="Vitamin A"/><nutrient amount="148.0" name="Retinol"/><nutrient amount="5.0" name="Folate"/><nutrient amount="0.03" name="B1 (Thiamine)"/><nutrient amount="0.446" name="B2 (Riboflavin)"/><nutrient amount="0.074" name="B3 (Niacin)"/><nutrient amount="0.977" name="B5 (Pantothenic Acid)"/><nutrient amount="0.141" name="B6 (Pyridoxine)"/><nutrient amount="1.28" name="B12 (Cyanocobalamin)"/><nutrient amount="0.0" name="Vitamin C"/><nutrient amount="15.355" name="Saturated"/><nutrient amount="7.165" name="Monounsaturated"/><nutrient amount="0.719" name="Polyunsaturated"/><nutrient amount="0.257" name="Omega-3"/><nutrient amount="0.461" name="Omega-6"/><nutrient amount="64.0" name="Cholesterol"/><nutrient amount="0.493" name="ALA"/><nutrient amount="0.823" name="ARG"/><nutrient amount="1.208" name="ASP"/><nutrient amount="0.126" name="CYS"/><nutrient amount="4.08" name="GLU"/><nutrient amount="0.324" name="GLY"/><nutrient amount="0.801" name="HIS"/><nutrient amount="0.909" name="ILE"/><nutrient amount="1.738" name="LEU"/><nutrient amount="1.951" name="LYS"/><nutrient amount="0.509" name="MET"/><nutrient amount="0.999" name="PHE"/><nutrient amount="2.0" name="PRO"/><nutrient amount="0.949" name="SER"/><nutrient amount="0.638" name="THR"/><nutrient amount="0.287" name="TRP"/><nutrient amount="1.076" name="TYR"/><nutrient amount="1.177" name="VAL"/></food>