<food uid="01043" fcf="8.79" pcf="4.27" name="Cheese, pasteurized process, pimento" ccf="3.87"><measure amount="1.0" name="cup, diced" grams="140.0"/><measure amount="1.0" name="cup, melted" grams="244.0"/><measure amount="1.0" name="cup, shredded" grams="113.0"/><measure amount="1.0" name="oz" grams="28.35"/><measure amount="1.0" name="cubic inch" grams="18.0"/><measure amount="1.0" name="slice (3/4 oz)" grams="21.0"/><nutrient amount="375.0" name="Energy"/><nutrient amount="22.13" name="Protein"/><nutrient amount="1.73" name="Carbs"/><nutrient amount="0.1" name="Fiber"/><nutrient amount="0.63" name="Sugars"/><nutrient amount="31.2" name="Fat"/><nutrient amount="0.0" name="Alcohol"/><nutrient amount="0.0" name="Caffeine"/><nutrient amount="39.08" name="Water"/><nutrient amount="5.84" name="Ash"/><nutrient amount="614.0" name="Calcium"/><nutrient amount="0.033" name="Copper"/><nutrient amount="0.42" name="Iron"/><nutrient amount="22.0" name="Magnesium"/><nutrient amount="0.016" name="Manganese"/><nutrient amount="744.0" name="Phosphorus"/><nutrient amount="162.0" name="Potassium"/><nutrient amount="14.5" name="Selenium"/><nutrient amount="1428.0" name="Sodium"/><nutrient amount="2.98" name="Zinc"/><nutrient amount="1045.0" name="Vitamin A"/><nutrient amount="235.0" name="Retinol"/><nutrient amount="12.0" name="Alpha-carotene"/><nutrient amount="151.0" name="Beta-carotene"/><nutrient amount="0.0" name="Beta-cryptoxanthin"/><nutrient amount="0.0" name="Lycopene"/><nutrient amount="20.0" name="Lutein+Zeaxanthin"/><nutrient amount="8.0" name="Folate"/><nutrient amount="0.027" name="B1 (Thiamine)"/><nutrient amount="0.354" name="B2 (Riboflavin)"/><nutrient amount="0.078" name="B3 (Niacin)"/><nutrient amount="0.485" name="B5 (Pantothenic Acid)"/><nutrient amount="0.071" name="B6 (Pyridoxine)"/><nutrient amount="0.7" name="B12 (Cyanocobalamin)"/><nutrient amount="2.3" name="Vitamin C"/><nutrient amount="0.29" name="Vitamin E"/><nutrient amount="2.9" name="Vitamin K"/><nutrient amount="19.663" name="Saturated"/><nutrient amount="8.937" name="Monounsaturated"/><nutrient amount="0.988" name="Polyunsaturated"/><nutrient amount="0.382" name="Omega-3"/><nutrient amount="0.606" name="Omega-6"/><nutrient amount="94.0" name="Cholesterol"/><nutrient amount="0.555" name="ALA"/><nutrient amount="0.926" name="ARG"/><nutrient amount="1.36" name="ASP"/><nutrient amount="0.142" name="CYS"/><nutrient amount="4.592" name="GLU"/><nutrient amount="0.364" name="GLY"/><nutrient amount="0.902" name="HIS"/><nutrient amount="1.023" name="ILE"/><nutrient amount="1.956" name="LEU"/><nutrient amount="2.196" name="LYS"/><nutrient amount="0.572" name="MET"/><nutrient amount="1.124" name="PHE"/><nutrient amount="2.251" name="PRO"/><nutrient amount="1.068" name="SER"/><nutrient amount="0.718" name="THR"/><nutrient amount="0.323" name="TRP"/><nutrient amount="1.211" name="TYR"/><nutrient amount="1.325" name="VAL"/></food>