<food fcf="8.79" pcf="4.27" uid="01049" name="Cream, fluid, half and half" ccf="3.87"><measure amount="1.0" grams="242.0" name="cup"/><measure amount="1.0" grams="15.0" name="tbsp"/><measure amount="1.0" grams="30.2" name="fl oz"/><measure amount="1.0" grams="15.0" name="container, individual (.5 fl oz)"/><nutrient amount="130.0" name="Energy"/><nutrient amount="2.96" name="Protein"/><nutrient amount="11.5" name="Fat"/><nutrient amount="4.3" name="Carbs"/><nutrient amount="0.16" name="Sugars"/><nutrient amount="80.57" name="Water"/><nutrient amount="0.67" name="Ash"/><nutrient amount="105.0" name="Calcium"/><nutrient amount="0.01" name="Copper"/><nutrient amount="0.07" name="Iron"/><nutrient amount="10.0" name="Magnesium"/><nutrient amount="0.0010" name="Manganese"/><nutrient amount="95.0" name="Phosphorus"/><nutrient amount="130.0" name="Potassium"/><nutrient amount="1.8" name="Selenium"/><nutrient amount="41.0" name="Sodium"/><nutrient amount="0.51" name="Zinc"/><nutrient amount="354.0" name="Vitamin A"/><nutrient amount="95.0" name="Retinol"/><nutrient amount="22.0" name="Beta-carotene"/><nutrient amount="3.0" name="Folate"/><nutrient amount="0.035" name="B1 (Thiamine)"/><nutrient amount="0.149" name="B2 (Riboflavin)"/><nutrient amount="0.078" name="B3 (Niacin)"/><nutrient amount="0.289" name="B5 (Pantothenic Acid)"/><nutrient amount="0.039" name="B6 (Pyridoxine)"/><nutrient amount="0.33" name="B12 (Cyanocobalamin)"/><nutrient amount="0.9" name="Vitamin C"/><nutrient amount="0.33" name="Vitamin E"/><nutrient amount="1.3" name="Vitamin K"/><nutrient amount="18.7" name="Choline"/><nutrient amount="7.158" name="Saturated"/><nutrient amount="3.321" name="Monounsaturated"/><nutrient amount="0.427" name="Polyunsaturated"/><nutrient amount="0.167" name="Omega-3"/><nutrient amount="0.26" name="Omega-6"/><nutrient amount="37.0" name="Cholesterol"/><nutrient amount="0.102" name="ALA"/><nutrient amount="0.225" name="ASP"/><nutrient amount="0.107" name="ARG"/><nutrient amount="0.027" name="CYS"/><nutrient amount="0.62" name="GLU"/><nutrient amount="0.063" name="GLY"/><nutrient amount="0.08" name="HIS"/><nutrient amount="0.179" name="ILE"/><nutrient amount="0.29" name="LEU"/><nutrient amount="0.235" name="LYS"/><nutrient amount="0.074" name="MET"/><nutrient amount="0.143" name="PHE"/><nutrient amount="0.287" name="PRO"/><nutrient amount="0.161" name="SER"/><nutrient amount="0.134" name="THR"/><nutrient amount="0.042" name="TRP"/><nutrient amount="0.143" name="TYR"/><nutrient amount="0.198" name="VAL"/></food>