<food uid="01041" fcf="8.79" pcf="4.27" name="Cheese, tilsit" ccf="3.87"><measure amount="1.0" name="oz" grams="28.35"/><measure amount="1.0" name="package (6 oz)" grams="170.0"/><nutrient amount="340.0" name="Energy"/><nutrient amount="24.41" name="Protein"/><nutrient amount="1.88" name="Carbs"/><nutrient amount="0.0" name="Fiber"/><nutrient amount="25.98" name="Fat"/><nutrient amount="0.0" name="Alcohol"/><nutrient amount="42.86" name="Water"/><nutrient amount="4.87" name="Ash"/><nutrient amount="700.0" name="Calcium"/><nutrient amount="0.026" name="Copper"/><nutrient amount="0.23" name="Iron"/><nutrient amount="13.0" name="Magnesium"/><nutrient amount="0.013" name="Manganese"/><nutrient amount="500.0" name="Phosphorus"/><nutrient amount="65.0" name="Potassium"/><nutrient amount="14.5" name="Selenium"/><nutrient amount="753.0" name="Sodium"/><nutrient amount="3.5" name="Zinc"/><nutrient amount="1045.0" name="Vitamin A"/><nutrient amount="236.0" name="Retinol"/><nutrient amount="20.0" name="Folate"/><nutrient amount="0.061" name="B1 (Thiamine)"/><nutrient amount="0.359" name="B2 (Riboflavin)"/><nutrient amount="0.205" name="B3 (Niacin)"/><nutrient amount="0.346" name="B5 (Pantothenic Acid)"/><nutrient amount="0.065" name="B6 (Pyridoxine)"/><nutrient amount="2.1" name="B12 (Cyanocobalamin)"/><nutrient amount="0.0" name="Vitamin C"/><nutrient amount="16.775" name="Saturated"/><nutrient amount="7.136" name="Monounsaturated"/><nutrient amount="0.721" name="Polyunsaturated"/><nutrient amount="0.323" name="Omega-3"/><nutrient amount="0.398" name="Omega-6"/><nutrient amount="102.0" name="Cholesterol"/><nutrient amount="0.811" name="ALA"/><nutrient amount="0.849" name="ARG"/><nutrient amount="1.798" name="ASP"/><nutrient amount="0.138" name="CYS"/><nutrient amount="5.49" name="GLU"/><nutrient amount="0.497" name="GLY"/><nutrient amount="0.704" name="HIS"/><nutrient amount="1.484" name="ILE"/><nutrient amount="2.548" name="LEU"/><nutrient amount="2.039" name="LYS"/><nutrient amount="0.754" name="MET"/><nutrient amount="1.358" name="PHE"/><nutrient amount="2.969" name="PRO"/><nutrient amount="1.393" name="SER"/><nutrient amount="0.899" name="THR"/><nutrient amount="0.352" name="TRP"/><nutrient amount="1.458" name="TYR"/><nutrient amount="1.752" name="VAL"/></food>