<food uid="01048" fcf="8.79" pcf="4.27" name="Cheese spread, pasteurized process, american, without di sodium phosphate" ccf="3.87"><measure amount="1.0" name="cup, diced" grams="140.0"/><measure amount="1.0" name="cup" grams="244.0"/><measure amount="1.0" name="oz" grams="28.35"/><measure amount="1.0" name="cubic inch" grams="18.0"/><measure amount="1.0" name="jar (5 oz)" grams="142.0"/><measure amount="1.0" name="slice" grams="34.0"/><measure amount="1.0" name="slice, thin" grams="14.0"/><nutrient amount="290.0" name="Energy"/><nutrient amount="16.41" name="Protein"/><nutrient amount="8.73" name="Carbs"/><nutrient amount="0.0" name="Fiber"/><nutrient amount="7.32" name="Sugars"/><nutrient amount="21.23" name="Fat"/><nutrient amount="0.0" name="Alcohol"/><nutrient amount="0.0" name="Caffeine"/><nutrient amount="47.65" name="Water"/><nutrient amount="5.98" name="Ash"/><nutrient amount="562.0" name="Calcium"/><nutrient amount="0.033" name="Copper"/><nutrient amount="35.0" name="Fluoride"/><nutrient amount="0.33" name="Iron"/><nutrient amount="29.0" name="Magnesium"/><nutrient amount="0.02" name="Manganese"/><nutrient amount="712.0" name="Phosphorus"/><nutrient amount="242.0" name="Potassium"/><nutrient amount="11.3" name="Selenium"/><nutrient amount="1345.0" name="Sodium"/><nutrient amount="2.59" name="Zinc"/><nutrient amount="653.0" name="Vitamin A"/><nutrient amount="168.0" name="Retinol"/><nutrient amount="0.0" name="Alpha-carotene"/><nutrient amount="55.0" name="Beta-carotene"/><nutrient amount="0.0" name="Beta-cryptoxanthin"/><nutrient amount="0.0" name="Lycopene"/><nutrient amount="0.0" name="Lutein+Zeaxanthin"/><nutrient amount="7.0" name="Folate"/><nutrient amount="0.048" name="B1 (Thiamine)"/><nutrient amount="0.431" name="B2 (Riboflavin)"/><nutrient amount="0.131" name="B3 (Niacin)"/><nutrient amount="0.686" name="B5 (Pantothenic Acid)"/><nutrient amount="0.117" name="B6 (Pyridoxine)"/><nutrient amount="0.4" name="B12 (Cyanocobalamin)"/><nutrient amount="0.0" name="Vitamin C"/><nutrient amount="0.19" name="Vitamin E"/><nutrient amount="1.8" name="Vitamin K"/><nutrient amount="13.327" name="Saturated"/><nutrient amount="6.219" name="Monounsaturated"/><nutrient amount="0.624" name="Polyunsaturated"/><nutrient amount="0.223" name="Omega-3"/><nutrient amount="0.4" name="Omega-6"/><nutrient amount="55.0" name="Cholesterol"/><nutrient amount="0.602" name="ALA"/><nutrient amount="0.545" name="ARG"/><nutrient amount="1.103" name="ASP"/><nutrient amount="0.105" name="CYS"/><nutrient amount="3.475" name="GLU"/><nutrient amount="0.311" name="GLY"/><nutrient amount="0.509" name="HIS"/><nutrient amount="0.833" name="ILE"/><nutrient amount="1.78" name="LEU"/><nutrient amount="1.507" name="LYS"/><nutrient amount="0.538" name="MET"/><nutrient amount="0.931" name="PHE"/><nutrient amount="2.32" name="PRO"/><nutrient amount="1.037" name="SER"/><nutrient amount="0.628" name="THR"/><nutrient amount="0.239" name="TRP"/><nutrient amount="0.89" name="TYR"/><nutrient amount="1.366" name="VAL"/></food>