<food fcf="8.79" pcf="4.27" uid="01052" name="Cream, fluid, light whipping" ccf="3.87"><measure amount="1.0" grams="120.0" name="cup, whipped"/><measure amount="1.0" grams="239.0" name="cup, fluid (yields 2 cups whipped)"/><measure amount="1.0" grams="15.0" name="tbsp"/><nutrient amount="292.0" name="Energy"/><nutrient amount="2.17" name="Protein"/><nutrient amount="30.91" name="Fat"/><nutrient amount="2.96" name="Carbs"/><nutrient amount="0.11" name="Sugars"/><nutrient amount="63.5" name="Water"/><nutrient amount="0.46" name="Ash"/><nutrient amount="69.0" name="Calcium"/><nutrient amount="0.0070" name="Copper"/><nutrient amount="0.03" name="Iron"/><nutrient amount="7.0" name="Magnesium"/><nutrient amount="0.0010" name="Manganese"/><nutrient amount="61.0" name="Phosphorus"/><nutrient amount="97.0" name="Potassium"/><nutrient amount="0.5" name="Selenium"/><nutrient amount="34.0" name="Sodium"/><nutrient amount="0.25" name="Zinc"/><nutrient amount="1013.0" name="Vitamin A"/><nutrient amount="274.0" name="Retinol"/><nutrient amount="60.0" name="Beta-carotene"/><nutrient amount="4.0" name="Folate"/><nutrient amount="0.024" name="B1 (Thiamine)"/><nutrient amount="0.125" name="B2 (Riboflavin)"/><nutrient amount="0.042" name="B3 (Niacin)"/><nutrient amount="0.259" name="B5 (Pantothenic Acid)"/><nutrient amount="0.028" name="B6 (Pyridoxine)"/><nutrient amount="0.2" name="B12 (Cyanocobalamin)"/><nutrient amount="0.6" name="Vitamin C"/><nutrient amount="0.88" name="Vitamin E"/><nutrient amount="2.7" name="Vitamin K"/><nutrient amount="19.337" name="Saturated"/><nutrient amount="9.093" name="Monounsaturated"/><nutrient amount="0.884" name="Polyunsaturated"/><nutrient amount="0.266" name="Omega-3"/><nutrient amount="0.618" name="Omega-6"/><nutrient amount="111.0" name="Cholesterol"/><nutrient amount="0.075" name="ALA"/><nutrient amount="0.165" name="ASP"/><nutrient amount="0.079" name="ARG"/><nutrient amount="0.02" name="CYS"/><nutrient amount="0.454" name="GLU"/><nutrient amount="0.046" name="GLY"/><nutrient amount="0.059" name="HIS"/><nutrient amount="0.131" name="ILE"/><nutrient amount="0.213" name="LEU"/><nutrient amount="0.172" name="LYS"/><nutrient amount="0.054" name="MET"/><nutrient amount="0.105" name="PHE"/><nutrient amount="0.21" name="PRO"/><nutrient amount="0.118" name="SER"/><nutrient amount="0.098" name="THR"/><nutrient amount="0.031" name="TRP"/><nutrient amount="0.105" name="TYR"/><nutrient amount="0.145" name="VAL"/></food>