<food uid="01053" fcf="8.79" pcf="4.27" name="Cream, fluid, heavy whipping" ccf="3.87"><measure amount="1.0" name="cup, whipped" grams="120.0"/><measure amount="1.0" name="cup, fluid (yields 2 cups whipped)" grams="238.0"/><measure amount="1.0" name="tbsp" grams="15.0"/><measure amount="1.0" name="fl oz" grams="29.8"/><nutrient amount="345.0" name="Energy"/><nutrient amount="2.05" name="Protein"/><nutrient amount="2.79" name="Carbs"/><nutrient amount="0.0" name="Fiber"/><nutrient amount="0.11" name="Sugars"/><nutrient amount="37.0" name="Fat"/><nutrient amount="0.0" name="Alcohol"/><nutrient amount="0.0" name="Caffeine"/><nutrient amount="57.71" name="Water"/><nutrient amount="0.45" name="Ash"/><nutrient amount="65.0" name="Calcium"/><nutrient amount="0.0060" name="Copper"/><nutrient amount="3.0" name="Fluoride"/><nutrient amount="0.03" name="Iron"/><nutrient amount="7.0" name="Magnesium"/><nutrient amount="0.0010" name="Manganese"/><nutrient amount="62.0" name="Phosphorus"/><nutrient amount="75.0" name="Potassium"/><nutrient amount="0.5" name="Selenium"/><nutrient amount="38.0" name="Sodium"/><nutrient amount="0.23" name="Zinc"/><nutrient amount="1470.0" name="Vitamin A"/><nutrient amount="405.0" name="Retinol"/><nutrient amount="0.0" name="Alpha-carotene"/><nutrient amount="72.0" name="Beta-carotene"/><nutrient amount="0.0" name="Beta-cryptoxanthin"/><nutrient amount="0.0" name="Lycopene"/><nutrient amount="0.0" name="Lutein+Zeaxanthin"/><nutrient amount="4.0" name="Folate"/><nutrient amount="0.022" name="B1 (Thiamine)"/><nutrient amount="0.11" name="B2 (Riboflavin)"/><nutrient amount="0.039" name="B3 (Niacin)"/><nutrient amount="0.255" name="B5 (Pantothenic Acid)"/><nutrient amount="0.026" name="B6 (Pyridoxine)"/><nutrient amount="0.18" name="B12 (Cyanocobalamin)"/><nutrient amount="0.6" name="Vitamin C"/><nutrient amount="52.0" name="Vitamin D"/><nutrient amount="1.06" name="Vitamin E"/><nutrient amount="3.2" name="Vitamin K"/><nutrient amount="23.032" name="Saturated"/><nutrient amount="10.686" name="Monounsaturated"/><nutrient amount="1.374" name="Polyunsaturated"/><nutrient amount="0.538" name="Omega-3"/><nutrient amount="0.836" name="Omega-6"/><nutrient amount="137.0" name="Cholesterol"/><nutrient amount="0.071" name="ALA"/><nutrient amount="0.074" name="ARG"/><nutrient amount="0.156" name="ASP"/><nutrient amount="0.019" name="CYS"/><nutrient amount="0.429" name="GLU"/><nutrient amount="0.043" name="GLY"/><nutrient amount="0.056" name="HIS"/><nutrient amount="0.124" name="ILE"/><nutrient amount="0.201" name="LEU"/><nutrient amount="0.163" name="LYS"/><nutrient amount="0.051" name="MET"/><nutrient amount="0.099" name="PHE"/><nutrient amount="0.199" name="PRO"/><nutrient amount="0.111" name="SER"/><nutrient amount="0.093" name="THR"/><nutrient amount="0.029" name="TRP"/><nutrient amount="0.099" name="TYR"/><nutrient amount="0.137" name="VAL"/></food>