<food uid="01056" fcf="8.79" pcf="4.27" name="Cream, sour, cultured" ccf="3.87"><measure amount="1.0" name="cup" grams="230.0"/><measure amount="1.0" name="tbsp" grams="12.0"/><nutrient amount="214.0" name="Energy"/><nutrient amount="3.16" name="Protein"/><nutrient amount="4.27" name="Carbs"/><nutrient amount="0.0" name="Fiber"/><nutrient amount="0.16" name="Sugars"/><nutrient amount="20.96" name="Fat"/><nutrient amount="0.0" name="Alcohol"/><nutrient amount="0.0" name="Caffeine"/><nutrient amount="70.95" name="Water"/><nutrient amount="0.66" name="Ash"/><nutrient amount="116.0" name="Calcium"/><nutrient amount="0.019" name="Copper"/><nutrient amount="0.06" name="Iron"/><nutrient amount="11.0" name="Magnesium"/><nutrient amount="0.0030" name="Manganese"/><nutrient amount="85.0" name="Phosphorus"/><nutrient amount="144.0" name="Potassium"/><nutrient amount="2.2" name="Selenium"/><nutrient amount="53.0" name="Sodium"/><nutrient amount="0.27" name="Zinc"/><nutrient amount="648.0" name="Vitamin A"/><nutrient amount="174.0" name="Retinol"/><nutrient amount="0.0" name="Alpha-carotene"/><nutrient amount="41.0" name="Beta-carotene"/><nutrient amount="0.0" name="Beta-cryptoxanthin"/><nutrient amount="0.0" name="Lycopene"/><nutrient amount="0.0" name="Lutein+Zeaxanthin"/><nutrient amount="11.0" name="Folate"/><nutrient amount="0.035" name="B1 (Thiamine)"/><nutrient amount="0.149" name="B2 (Riboflavin)"/><nutrient amount="0.067" name="B3 (Niacin)"/><nutrient amount="0.36" name="B5 (Pantothenic Acid)"/><nutrient amount="0.016" name="B6 (Pyridoxine)"/><nutrient amount="0.3" name="B12 (Cyanocobalamin)"/><nutrient amount="0.9" name="Vitamin C"/><nutrient amount="0.6" name="Vitamin E"/><nutrient amount="1.0" name="Vitamin K"/><nutrient amount="13.047" name="Saturated"/><nutrient amount="6.054" name="Monounsaturated"/><nutrient amount="0.778" name="Polyunsaturated"/><nutrient amount="0.305" name="Omega-3"/><nutrient amount="0.473" name="Omega-6"/><nutrient amount="44.0" name="Cholesterol"/><nutrient amount="0.109" name="ALA"/><nutrient amount="0.114" name="ARG"/><nutrient amount="0.24" name="ASP"/><nutrient amount="0.029" name="CYS"/><nutrient amount="0.662" name="GLU"/><nutrient amount="0.067" name="GLY"/><nutrient amount="0.085" name="HIS"/><nutrient amount="0.191" name="ILE"/><nutrient amount="0.309" name="LEU"/><nutrient amount="0.251" name="LYS"/><nutrient amount="0.08" name="MET"/><nutrient amount="0.153" name="PHE"/><nutrient amount="0.306" name="PRO"/><nutrient amount="0.172" name="SER"/><nutrient amount="0.143" name="THR"/><nutrient amount="0.044" name="TRP"/><nutrient amount="0.153" name="TYR"/><nutrient amount="0.211" name="VAL"/></food>