<food fcf="8.79" pcf="4.27" uid="01058" name="Sour dressing, non-butterfat, cultured, filled cream-type" ccf="3.87"><measure amount="1.0" grams="235.0" name="cup"/><measure amount="1.0" grams="12.0" name="tbsp"/><nutrient amount="178.0" name="Energy"/><nutrient amount="3.25" name="Protein"/><nutrient amount="16.57" name="Fat"/><nutrient amount="4.68" name="Carbs"/><nutrient amount="4.68" name="Sugars"/><nutrient amount="74.79" name="Water"/><nutrient amount="0.71" name="Ash"/><nutrient amount="113.0" name="Calcium"/><nutrient amount="0.01" name="Copper"/><nutrient amount="0.03" name="Iron"/><nutrient amount="10.0" name="Magnesium"/><nutrient amount="0.0020" name="Manganese"/><nutrient amount="87.0" name="Phosphorus"/><nutrient amount="162.0" name="Potassium"/><nutrient amount="2.3" name="Selenium"/><nutrient amount="48.0" name="Sodium"/><nutrient amount="0.37" name="Zinc"/><nutrient amount="10.0" name="Vitamin A"/><nutrient amount="3.0" name="Retinol"/><nutrient amount="12.0" name="Folate"/><nutrient amount="0.038" name="B1 (Thiamine)"/><nutrient amount="0.163" name="B2 (Riboflavin)"/><nutrient amount="0.074" name="B3 (Niacin)"/><nutrient amount="0.398" name="B5 (Pantothenic Acid)"/><nutrient amount="0.017" name="B6 (Pyridoxine)"/><nutrient amount="0.33" name="B12 (Cyanocobalamin)"/><nutrient amount="0.9" name="Vitamin C"/><nutrient amount="1.34" name="Vitamin E"/><nutrient amount="4.1" name="Vitamin K"/><nutrient amount="13.272" name="Saturated"/><nutrient amount="1.958" name="Monounsaturated"/><nutrient amount="0.468" name="Polyunsaturated"/><nutrient amount="0.468" name="Omega-6"/><nutrient amount="5.0" name="Cholesterol"/><nutrient amount="15.0" name="Phytosterol"/><nutrient amount="0.112" name="ALA"/><nutrient amount="0.247" name="ASP"/><nutrient amount="0.118" name="ARG"/><nutrient amount="0.03" name="CYS"/><nutrient amount="0.681" name="GLU"/><nutrient amount="0.069" name="GLY"/><nutrient amount="0.088" name="HIS"/><nutrient amount="0.197" name="ILE"/><nutrient amount="0.318" name="LEU"/><nutrient amount="0.258" name="LYS"/><nutrient amount="0.082" name="MET"/><nutrient amount="0.157" name="PHE"/><nutrient amount="0.315" name="PRO"/><nutrient amount="0.177" name="SER"/><nutrient amount="0.147" name="THR"/><nutrient amount="0.045" name="TRP"/><nutrient amount="0.157" name="TYR"/><nutrient amount="0.217" name="VAL"/></food>