<food uid="01057" fcf="8.79" pcf="4.27" name="Eggnog" ccf="3.9"><measure amount="1.0" name="cup" grams="254.0"/><measure amount="1.0" name="fl oz" grams="31.8"/><measure amount="1.0" name="quart" grams="1016.0"/><nutrient amount="135.0" name="Energy"/><nutrient amount="3.81" name="Protein"/><nutrient amount="13.54" name="Carbs"/><nutrient amount="0.0" name="Fiber"/><nutrient amount="8.41" name="Sugars"/><nutrient amount="7.48" name="Fat"/><nutrient amount="0.0" name="Alcohol"/><nutrient amount="0.0" name="Caffeine"/><nutrient amount="74.37" name="Water"/><nutrient amount="0.8" name="Ash"/><nutrient amount="130.0" name="Calcium"/><nutrient amount="0.013" name="Copper"/><nutrient amount="0.2" name="Iron"/><nutrient amount="19.0" name="Magnesium"/><nutrient amount="0.0050" name="Manganese"/><nutrient amount="109.0" name="Phosphorus"/><nutrient amount="165.0" name="Potassium"/><nutrient amount="4.2" name="Selenium"/><nutrient amount="54.0" name="Sodium"/><nutrient amount="0.46" name="Zinc"/><nutrient amount="160.0" name="Vitamin A"/><nutrient amount="45.0" name="Retinol"/><nutrient amount="0.0" name="Alpha-carotene"/><nutrient amount="6.0" name="Beta-carotene"/><nutrient amount="1.0" name="Beta-cryptoxanthin"/><nutrient amount="0.0" name="Lycopene"/><nutrient amount="54.0" name="Lutein+Zeaxanthin"/><nutrient amount="1.0" name="Folate"/><nutrient amount="0.034" name="B1 (Thiamine)"/><nutrient amount="0.19" name="B2 (Riboflavin)"/><nutrient amount="0.105" name="B3 (Niacin)"/><nutrient amount="0.417" name="B5 (Pantothenic Acid)"/><nutrient amount="0.05" name="B6 (Pyridoxine)"/><nutrient amount="0.45" name="B12 (Cyanocobalamin)"/><nutrient amount="1.5" name="Vitamin C"/><nutrient amount="0.2" name="Vitamin E"/><nutrient amount="0.2" name="Vitamin K"/><nutrient amount="4.443" name="Saturated"/><nutrient amount="2.233" name="Monounsaturated"/><nutrient amount="0.339" name="Polyunsaturated"/><nutrient amount="0.101" name="Omega-3"/><nutrient amount="0.233" name="Omega-6"/><nutrient amount="59.0" name="Cholesterol"/><nutrient amount="0.136" name="ALA"/><nutrient amount="0.149" name="ARG"/><nutrient amount="0.291" name="ASP"/><nutrient amount="0.038" name="CYS"/><nutrient amount="0.769" name="GLU"/><nutrient amount="0.084" name="GLY"/><nutrient amount="0.095" name="HIS"/><nutrient amount="0.23" name="ILE"/><nutrient amount="0.369" name="LEU"/><nutrient amount="0.298" name="LYS"/><nutrient amount="0.087" name="MET"/><nutrient amount="0.182" name="PHE"/><nutrient amount="0.35" name="PRO"/><nutrient amount="0.217" name="SER"/><nutrient amount="0.175" name="THR"/><nutrient amount="0.054" name="TRP"/><nutrient amount="0.182" name="TYR"/><nutrient amount="0.253" name="VAL"/></food>