<food uid="01069" fcf="8.79" pcf="4.27" name="Cream substitute, powdered" ccf="3.87"><measure amount="1.0" name="cup" grams="94.0"/><measure amount="1.0" name="tsp" grams="2.0"/><measure amount="1.0" name="packet" grams="3.0"/><nutrient amount="545.0" name="Energy"/><nutrient amount="4.79" name="Protein"/><nutrient amount="54.88" name="Carbs"/><nutrient amount="0.0" name="Fiber"/><nutrient amount="54.88" name="Sugars"/><nutrient amount="35.48" name="Fat"/><nutrient amount="0.0" name="Alcohol"/><nutrient amount="0.0" name="Caffeine"/><nutrient amount="2.21" name="Water"/><nutrient amount="2.64" name="Ash"/><nutrient amount="22.0" name="Calcium"/><nutrient amount="0.115" name="Copper"/><nutrient amount="112.0" name="Fluoride"/><nutrient amount="1.15" name="Iron"/><nutrient amount="4.0" name="Magnesium"/><nutrient amount="0.22" name="Manganese"/><nutrient amount="422.0" name="Phosphorus"/><nutrient amount="812.0" name="Potassium"/><nutrient amount="0.6" name="Selenium"/><nutrient amount="181.0" name="Sodium"/><nutrient amount="0.51" name="Zinc"/><nutrient amount="33.0" name="Vitamin A"/><nutrient amount="0.0" name="Retinol"/><nutrient amount="0.0" name="Alpha-carotene"/><nutrient amount="20.0" name="Beta-carotene"/><nutrient amount="0.0" name="Beta-cryptoxanthin"/><nutrient amount="0.0" name="Lycopene"/><nutrient amount="0.0" name="Lutein+Zeaxanthin"/><nutrient amount="0.0" name="Folate"/><nutrient amount="0.0" name="B1 (Thiamine)"/><nutrient amount="0.165" name="B2 (Riboflavin)"/><nutrient amount="0.0" name="B3 (Niacin)"/><nutrient amount="0.0" name="B5 (Pantothenic Acid)"/><nutrient amount="0.0" name="B6 (Pyridoxine)"/><nutrient amount="0.0" name="B12 (Cyanocobalamin)"/><nutrient amount="0.0" name="Vitamin C"/><nutrient amount="0.59" name="Vitamin E"/><nutrient amount="0.0" name="Beta Tocopherol"/><nutrient amount="0.0" name="Delta Tocopherol"/><nutrient amount="0.47" name="Gamma Tocopherol"/><nutrient amount="8.8" name="Vitamin K"/><nutrient amount="32.525" name="Saturated"/><nutrient amount="0.968" name="Monounsaturated"/><nutrient amount="0.014" name="Polyunsaturated"/><nutrient amount="0.01" name="Omega-3"/><nutrient amount="0.0030" name="Omega-6"/><nutrient amount="0.0" name="Cholesterol"/><nutrient amount="32.0" name="Phytosterol"/><nutrient amount="0.15" name="ALA"/><nutrient amount="0.19" name="ARG"/><nutrient amount="0.339" name="ASP"/><nutrient amount="0.021" name="CYS"/><nutrient amount="1.088" name="GLU"/><nutrient amount="0.096" name="GLY"/><nutrient amount="0.142" name="HIS"/><nutrient amount="0.294" name="ILE"/><nutrient amount="0.473" name="LEU"/><nutrient amount="0.385" name="LYS"/><nutrient amount="0.145" name="MET"/><nutrient amount="0.257" name="PHE"/><nutrient amount="0.54" name="PRO"/><nutrient amount="0.295" name="SER"/><nutrient amount="0.203" name="THR"/><nutrient amount="0.066" name="TRP"/><nutrient amount="0.274" name="TYR"/><nutrient amount="0.343" name="VAL"/></food>