<food uid="01067" fcf="8.79" pcf="4.27" name="Cream substitute, liquid, with hydrogenated vegetable oil and soy protein" ccf="3.87"><measure amount="1.0" name="cup" grams="240.0"/><measure amount="1.0" name="fl oz" grams="30.0"/><measure amount="1.0" name="container, individual" grams="15.0"/><measure amount="0.5" name="cup" grams="120.0"/><nutrient amount="136.0" name="Energy"/><nutrient amount="1.0" name="Protein"/><nutrient amount="11.38" name="Carbs"/><nutrient amount="0.0" name="Fiber"/><nutrient amount="11.38" name="Sugars"/><nutrient amount="9.97" name="Fat"/><nutrient amount="0.0" name="Alcohol"/><nutrient amount="0.0" name="Caffeine"/><nutrient amount="77.27" name="Water"/><nutrient amount="0.38" name="Ash"/><nutrient amount="9.0" name="Calcium"/><nutrient amount="0.0" name="Copper"/><nutrient amount="0.03" name="Iron"/><nutrient amount="0.0" name="Magnesium"/><nutrient amount="0.0" name="Manganese"/><nutrient amount="64.0" name="Phosphorus"/><nutrient amount="191.0" name="Potassium"/><nutrient amount="1.1" name="Selenium"/><nutrient amount="79.0" name="Sodium"/><nutrient amount="0.02" name="Zinc"/><nutrient amount="15.0" name="Vitamin A"/><nutrient amount="0.0" name="Retinol"/><nutrient amount="0.0" name="Alpha-carotene"/><nutrient amount="9.0" name="Beta-carotene"/><nutrient amount="0.0" name="Beta-cryptoxanthin"/><nutrient amount="0.0" name="Lycopene"/><nutrient amount="0.0" name="Lutein+Zeaxanthin"/><nutrient amount="0.0" name="Folate"/><nutrient amount="0.0" name="B1 (Thiamine)"/><nutrient amount="0.0" name="B2 (Riboflavin)"/><nutrient amount="0.0" name="B3 (Niacin)"/><nutrient amount="0.0" name="B5 (Pantothenic Acid)"/><nutrient amount="0.0" name="B6 (Pyridoxine)"/><nutrient amount="0.0" name="B12 (Cyanocobalamin)"/><nutrient amount="0.0" name="Vitamin C"/><nutrient amount="0.81" name="Vitamin E"/><nutrient amount="2.5" name="Vitamin K"/><nutrient amount="1.937" name="Saturated"/><nutrient amount="7.551" name="Monounsaturated"/><nutrient amount="0.027" name="Polyunsaturated"/><nutrient amount="0.0" name="Omega-3"/><nutrient amount="0.022" name="Omega-6"/><nutrient amount="0.0" name="Cholesterol"/><nutrient amount="13.0" name="Phytosterol"/><nutrient amount="0.047" name="ALA"/><nutrient amount="0.08" name="ARG"/><nutrient amount="0.125" name="ASP"/><nutrient amount="0.018" name="CYS"/><nutrient amount="0.201" name="GLU"/><nutrient amount="0.047" name="GLY"/><nutrient amount="0.028" name="HIS"/><nutrient amount="0.056" name="ILE"/><nutrient amount="0.085" name="LEU"/><nutrient amount="0.068" name="LYS"/><nutrient amount="0.015" name="MET"/><nutrient amount="0.055" name="PHE"/><nutrient amount="0.06" name="PRO"/><nutrient amount="0.057" name="SER"/><nutrient amount="0.043" name="THR"/><nutrient amount="0.015" name="TRP"/><nutrient amount="0.037" name="TYR"/><nutrient amount="0.056" name="VAL"/></food>