<food fcf="8.79" pcf="4.27" uid="01074" name="Sour cream, imitation, cultured" ccf="3.87"><measure amount="1.0" grams="230.0" name="cup"/><measure amount="1.0" grams="28.35" name="oz"/><nutrient amount="208.0" name="Energy"/><nutrient amount="2.4" name="Protein"/><nutrient amount="19.52" name="Fat"/><nutrient amount="6.63" name="Carbs"/><nutrient amount="6.63" name="Sugars"/><nutrient amount="71.15" name="Water"/><nutrient amount="0.3" name="Ash"/><nutrient amount="3.0" name="Calcium"/><nutrient amount="0.058" name="Copper"/><nutrient amount="0.39" name="Iron"/><nutrient amount="6.0" name="Magnesium"/><nutrient amount="0.11" name="Manganese"/><nutrient amount="45.0" name="Phosphorus"/><nutrient amount="161.0" name="Potassium"/><nutrient amount="2.5" name="Selenium"/><nutrient amount="102.0" name="Sodium"/><nutrient amount="1.18" name="Zinc"/><nutrient amount="0.74" name="Vitamin E"/><nutrient amount="4.8" name="Vitamin K"/><nutrient amount="17.791" name="Saturated"/><nutrient amount="0.588" name="Monounsaturated"/><nutrient amount="0.056" name="Polyunsaturated"/><nutrient amount="0.056" name="Omega-6"/><nutrient amount="18.0" name="Phytosterol"/><nutrient amount="0.075" name="ALA"/><nutrient amount="0.17" name="ASP"/><nutrient amount="0.095" name="ARG"/><nutrient amount="0.01" name="CYS"/><nutrient amount="0.545" name="GLU"/><nutrient amount="0.048" name="GLY"/><nutrient amount="0.071" name="HIS"/><nutrient amount="0.147" name="ILE"/><nutrient amount="0.237" name="LEU"/><nutrient amount="0.193" name="LYS"/><nutrient amount="0.073" name="MET"/><nutrient amount="0.129" name="PHE"/><nutrient amount="0.271" name="PRO"/><nutrient amount="0.148" name="SER"/><nutrient amount="0.101" name="THR"/><nutrient amount="0.033" name="TRP"/><nutrient amount="0.137" name="TYR"/><nutrient amount="0.172" name="VAL"/></food>