<food uid="01075" fcf="8.79" pcf="4.27" name="Milk substitutes, fluid with hydrogenated vegetable oils" ccf="3.87"><measure amount="1.0" name="cup" grams="244.0"/><measure amount="1.0" name="fl oz" grams="30.5"/><measure amount="1.0" name="quart" grams="976.0"/><nutrient amount="61.0" name="Energy"/><nutrient amount="1.75" name="Protein"/><nutrient amount="6.16" name="Carbs"/><nutrient amount="0.0" name="Fiber"/><nutrient amount="6.16" name="Sugars"/><nutrient amount="3.41" name="Fat"/><nutrient amount="0.0" name="Alcohol"/><nutrient amount="0.0" name="Caffeine"/><nutrient amount="88.18" name="Water"/><nutrient amount="0.5" name="Ash"/><nutrient amount="33.0" name="Calcium"/><nutrient amount="0.051" name="Copper"/><nutrient amount="0.39" name="Iron"/><nutrient amount="6.0" name="Magnesium"/><nutrient amount="0.097" name="Manganese"/><nutrient amount="74.0" name="Phosphorus"/><nutrient amount="114.0" name="Potassium"/><nutrient amount="1.9" name="Selenium"/><nutrient amount="78.0" name="Sodium"/><nutrient amount="1.18" name="Zinc"/><nutrient amount="0.0" name="Vitamin A"/><nutrient amount="0.0" name="Retinol"/><nutrient amount="0.0" name="Alpha-carotene"/><nutrient amount="0.0" name="Beta-carotene"/><nutrient amount="0.0" name="Beta-cryptoxanthin"/><nutrient amount="0.0" name="Lycopene"/><nutrient amount="0.0" name="Lutein+Zeaxanthin"/><nutrient amount="0.0" name="Folate"/><nutrient amount="0.012" name="B1 (Thiamine)"/><nutrient amount="0.088" name="B2 (Riboflavin)"/><nutrient amount="0.0" name="B3 (Niacin)"/><nutrient amount="0.0" name="B5 (Pantothenic Acid)"/><nutrient amount="0.0" name="B6 (Pyridoxine)"/><nutrient amount="0.0" name="B12 (Cyanocobalamin)"/><nutrient amount="0.0" name="Vitamin C"/><nutrient amount="0.28" name="Vitamin E"/><nutrient amount="0.8" name="Vitamin K"/><nutrient amount="0.767" name="Saturated"/><nutrient amount="1.998" name="Monounsaturated"/><nutrient amount="0.488" name="Polyunsaturated"/><nutrient amount="0.039" name="Omega-3"/><nutrient amount="0.364" name="Omega-6"/><nutrient amount="0.0" name="Cholesterol"/><nutrient amount="7.0" name="Phytosterol"/><nutrient amount="0.055" name="ALA"/><nutrient amount="0.069" name="ARG"/><nutrient amount="0.124" name="ASP"/><nutrient amount="0.0080" name="CYS"/><nutrient amount="0.398" name="GLU"/><nutrient amount="0.035" name="GLY"/><nutrient amount="0.052" name="HIS"/><nutrient amount="0.107" name="ILE"/><nutrient amount="0.173" name="LEU"/><nutrient amount="0.141" name="LYS"/><nutrient amount="0.053" name="MET"/><nutrient amount="0.094" name="PHE"/><nutrient amount="0.197" name="PRO"/><nutrient amount="0.108" name="SER"/><nutrient amount="0.074" name="THR"/><nutrient amount="0.024" name="TRP"/><nutrient amount="0.1" name="TYR"/><nutrient amount="0.125" name="VAL"/></food>