<food uid="01071" fcf="8.79" pcf="4.27" name="Dessert topping, powdered, 1.5 ounce prepared with 1/2 cup milk" ccf="3.87"><measure amount="1.0" name="cup" grams="80.0"/><measure amount="1.0" name="tbsp" grams="4.0"/><measure amount="1.0" name="package yields" grams="160.0"/><nutrient amount="189.0" name="Energy"/><nutrient amount="3.6" name="Protein"/><nutrient amount="16.53" name="Carbs"/><nutrient amount="0.0" name="Fiber"/><nutrient amount="16.53" name="Sugars"/><nutrient amount="12.41" name="Fat"/><nutrient amount="0.0" name="Alcohol"/><nutrient amount="0.0" name="Caffeine"/><nutrient amount="66.65" name="Water"/><nutrient amount="0.81" name="Ash"/><nutrient amount="90.0" name="Calcium"/><nutrient amount="0.012" name="Copper"/><nutrient amount="0.04" name="Iron"/><nutrient amount="10.0" name="Magnesium"/><nutrient amount="0.0050" name="Manganese"/><nutrient amount="86.0" name="Phosphorus"/><nutrient amount="151.0" name="Potassium"/><nutrient amount="4.8" name="Selenium"/><nutrient amount="66.0" name="Sodium"/><nutrient amount="0.27" name="Zinc"/><nutrient amount="123.0" name="Vitamin A"/><nutrient amount="21.0" name="Retinol"/><nutrient amount="0.0" name="Alpha-carotene"/><nutrient amount="32.0" name="Beta-carotene"/><nutrient amount="0.0" name="Beta-cryptoxanthin"/><nutrient amount="0.0" name="Lycopene"/><nutrient amount="0.0" name="Lutein+Zeaxanthin"/><nutrient amount="4.0" name="Folate"/><nutrient amount="0.027" name="B1 (Thiamine)"/><nutrient amount="0.117" name="B2 (Riboflavin)"/><nutrient amount="0.06" name="B3 (Niacin)"/><nutrient amount="0.226" name="B5 (Pantothenic Acid)"/><nutrient amount="0.03" name="B6 (Pyridoxine)"/><nutrient amount="0.26" name="B12 (Cyanocobalamin)"/><nutrient amount="0.7" name="Vitamin C"/><nutrient amount="30.0" name="Vitamin D"/><nutrient amount="0.44" name="Vitamin E"/><nutrient amount="0.0" name="Beta Tocopherol"/><nutrient amount="0.0" name="Delta Tocopherol"/><nutrient amount="0.0" name="Gamma Tocopherol"/><nutrient amount="2.7" name="Vitamin K"/><nutrient amount="10.684" name="Saturated"/><nutrient amount="0.843" name="Monounsaturated"/><nutrient amount="0.201" name="Polyunsaturated"/><nutrient amount="0.034" name="Omega-3"/><nutrient amount="0.166" name="Omega-6"/><nutrient amount="10.0" name="Cholesterol"/><nutrient amount="0.0" name="Phytosterol"/><nutrient amount="0.12" name="ALA"/><nutrient amount="0.134" name="ARG"/><nutrient amount="0.267" name="ASP"/><nutrient amount="0.028" name="CYS"/><nutrient amount="0.776" name="GLU"/><nutrient amount="0.075" name="GLY"/><nutrient amount="0.101" name="HIS"/><nutrient amount="0.219" name="ILE"/><nutrient amount="0.354" name="LEU"/><nutrient amount="0.287" name="LYS"/><nutrient amount="0.097" name="MET"/><nutrient amount="0.18" name="PHE"/><nutrient amount="0.369" name="PRO"/><nutrient amount="0.205" name="SER"/><nutrient amount="0.159" name="THR"/><nutrient amount="0.05" name="TRP"/><nutrient amount="0.185" name="TYR"/><nutrient amount="0.247" name="VAL"/></food>