<food fcf="8.79" pcf="4.27" uid="01070" name="Dessert topping, powdered" ccf="3.87"><measure amount="1.5" grams="43.0" name="oz"/><measure amount="1.0" grams="1.3" name="portion, amount to make 1 tbsp"/><nutrient amount="577.0" name="Energy"/><nutrient amount="4.9" name="Protein"/><nutrient amount="39.92" name="Fat"/><nutrient amount="52.54" name="Carbs"/><nutrient amount="52.54" name="Sugars"/><nutrient amount="1.47" name="Water"/><nutrient amount="1.17" name="Ash"/><nutrient amount="17.0" name="Calcium"/><nutrient amount="0.118" name="Copper"/><nutrient amount="0.03" name="Iron"/><nutrient amount="7.0" name="Magnesium"/><nutrient amount="0.225" name="Manganese"/><nutrient amount="74.0" name="Phosphorus"/><nutrient amount="166.0" name="Potassium"/><nutrient amount="0.6" name="Selenium"/><nutrient amount="122.0" name="Sodium"/><nutrient amount="0.08" name="Zinc"/><nutrient amount="180.0" name="Vitamin A"/><nutrient amount="108.0" name="Beta-carotene"/><nutrient amount="1.52" name="Vitamin E"/><nutrient amount="9.9" name="Vitamin K"/><nutrient amount="36.723" name="Saturated"/><nutrient amount="0.6" name="Monounsaturated"/><nutrient amount="0.447" name="Polyunsaturated"/><nutrient amount="0.447" name="Omega-6"/><nutrient amount="36.0" name="Phytosterol"/><nutrient amount="0.153" name="ALA"/><nutrient amount="0.347" name="ASP"/><nutrient amount="0.194" name="ARG"/><nutrient amount="0.021" name="CYS"/><nutrient amount="1.113" name="GLU"/><nutrient amount="0.098" name="GLY"/><nutrient amount="0.145" name="HIS"/><nutrient amount="0.301" name="ILE"/><nutrient amount="0.484" name="LEU"/><nutrient amount="0.394" name="LYS"/><nutrient amount="0.149" name="MET"/><nutrient amount="0.263" name="PHE"/><nutrient amount="0.552" name="PRO"/><nutrient amount="0.301" name="SER"/><nutrient amount="0.207" name="THR"/><nutrient amount="0.068" name="TRP"/><nutrient amount="0.28" name="TYR"/><nutrient amount="0.351" name="VAL"/></food>