<food uid="01073" fcf="8.84" pcf="4.27" name="Dessert topping, semi solid, frozen" ccf="3.87"><measure amount="1.0" name="cup" grams="75.0"/><measure amount="1.0" name="tbsp" grams="4.0"/><nutrient amount="318.0" name="Energy"/><nutrient amount="1.25" name="Protein"/><nutrient amount="23.05" name="Carbs"/><nutrient amount="0.0" name="Fiber"/><nutrient amount="23.05" name="Sugars"/><nutrient amount="25.31" name="Fat"/><nutrient amount="0.0" name="Alcohol"/><nutrient amount="0.0" name="Caffeine"/><nutrient amount="50.21" name="Water"/><nutrient amount="0.18" name="Ash"/><nutrient amount="6.0" name="Calcium"/><nutrient amount="0.03" name="Copper"/><nutrient amount="0.12" name="Iron"/><nutrient amount="2.0" name="Magnesium"/><nutrient amount="0.058" name="Manganese"/><nutrient amount="8.0" name="Phosphorus"/><nutrient amount="18.0" name="Potassium"/><nutrient amount="2.1" name="Selenium"/><nutrient amount="25.0" name="Sodium"/><nutrient amount="0.03" name="Zinc"/><nutrient amount="143.0" name="Vitamin A"/><nutrient amount="0.0" name="Retinol"/><nutrient amount="0.0" name="Alpha-carotene"/><nutrient amount="86.0" name="Beta-carotene"/><nutrient amount="0.0" name="Beta-cryptoxanthin"/><nutrient amount="0.0" name="Lycopene"/><nutrient amount="0.0" name="Lutein+Zeaxanthin"/><nutrient amount="0.0" name="Folate"/><nutrient amount="0.0" name="B1 (Thiamine)"/><nutrient amount="0.0" name="B2 (Riboflavin)"/><nutrient amount="0.0" name="B3 (Niacin)"/><nutrient amount="0.0" name="B5 (Pantothenic Acid)"/><nutrient amount="0.0" name="B6 (Pyridoxine)"/><nutrient amount="0.0" name="B12 (Cyanocobalamin)"/><nutrient amount="0.0" name="Vitamin C"/><nutrient amount="0.96" name="Vitamin E"/><nutrient amount="6.3" name="Vitamin K"/><nutrient amount="21.783" name="Saturated"/><nutrient amount="1.616" name="Monounsaturated"/><nutrient amount="0.523" name="Polyunsaturated"/><nutrient amount="0.218" name="Omega-3"/><nutrient amount="0.305" name="Omega-6"/><nutrient amount="0.0" name="Cholesterol"/><nutrient amount="23.0" name="Phytosterol"/><nutrient amount="0.039" name="ALA"/><nutrient amount="0.049" name="ARG"/><nutrient amount="0.088" name="ASP"/><nutrient amount="0.0050" name="CYS"/><nutrient amount="0.284" name="GLU"/><nutrient amount="0.025" name="GLY"/><nutrient amount="0.037" name="HIS"/><nutrient amount="0.077" name="ILE"/><nutrient amount="0.123" name="LEU"/><nutrient amount="0.101" name="LYS"/><nutrient amount="0.038" name="MET"/><nutrient amount="0.067" name="PHE"/><nutrient amount="0.141" name="PRO"/><nutrient amount="0.077" name="SER"/><nutrient amount="0.053" name="THR"/><nutrient amount="0.017" name="TRP"/><nutrient amount="0.072" name="TYR"/><nutrient amount="0.089" name="VAL"/></food>