<food uid="01074" fcf="8.79" pcf="4.27" name="Sour cream, imitation, cultured" ccf="3.87"><measure amount="1.0" name="cup" grams="230.0"/><measure amount="1.0" name="oz" grams="28.35"/><nutrient amount="208.0" name="Energy"/><nutrient amount="2.4" name="Protein"/><nutrient amount="6.63" name="Carbs"/><nutrient amount="0.0" name="Fiber"/><nutrient amount="6.63" name="Sugars"/><nutrient amount="19.52" name="Fat"/><nutrient amount="0.0" name="Alcohol"/><nutrient amount="0.0" name="Caffeine"/><nutrient amount="71.15" name="Water"/><nutrient amount="0.3" name="Ash"/><nutrient amount="3.0" name="Calcium"/><nutrient amount="0.058" name="Copper"/><nutrient amount="0.39" name="Iron"/><nutrient amount="6.0" name="Magnesium"/><nutrient amount="0.11" name="Manganese"/><nutrient amount="45.0" name="Phosphorus"/><nutrient amount="161.0" name="Potassium"/><nutrient amount="2.5" name="Selenium"/><nutrient amount="102.0" name="Sodium"/><nutrient amount="1.18" name="Zinc"/><nutrient amount="0.0" name="Vitamin A"/><nutrient amount="0.0" name="Retinol"/><nutrient amount="0.0" name="Alpha-carotene"/><nutrient amount="0.0" name="Beta-carotene"/><nutrient amount="0.0" name="Beta-cryptoxanthin"/><nutrient amount="0.0" name="Lycopene"/><nutrient amount="0.0" name="Lutein+Zeaxanthin"/><nutrient amount="0.0" name="Folate"/><nutrient amount="0.0" name="B1 (Thiamine)"/><nutrient amount="0.0" name="B2 (Riboflavin)"/><nutrient amount="0.0" name="B3 (Niacin)"/><nutrient amount="0.0" name="B5 (Pantothenic Acid)"/><nutrient amount="0.0" name="B6 (Pyridoxine)"/><nutrient amount="0.0" name="B12 (Cyanocobalamin)"/><nutrient amount="0.0" name="Vitamin C"/><nutrient amount="0.74" name="Vitamin E"/><nutrient amount="4.8" name="Vitamin K"/><nutrient amount="17.791" name="Saturated"/><nutrient amount="0.588" name="Monounsaturated"/><nutrient amount="0.056" name="Polyunsaturated"/><nutrient amount="0.0" name="Omega-3"/><nutrient amount="0.056" name="Omega-6"/><nutrient amount="0.0" name="Cholesterol"/><nutrient amount="18.0" name="Phytosterol"/><nutrient amount="0.075" name="ALA"/><nutrient amount="0.095" name="ARG"/><nutrient amount="0.17" name="ASP"/><nutrient amount="0.01" name="CYS"/><nutrient amount="0.545" name="GLU"/><nutrient amount="0.048" name="GLY"/><nutrient amount="0.071" name="HIS"/><nutrient amount="0.147" name="ILE"/><nutrient amount="0.237" name="LEU"/><nutrient amount="0.193" name="LYS"/><nutrient amount="0.073" name="MET"/><nutrient amount="0.129" name="PHE"/><nutrient amount="0.271" name="PRO"/><nutrient amount="0.148" name="SER"/><nutrient amount="0.101" name="THR"/><nutrient amount="0.033" name="TRP"/><nutrient amount="0.137" name="TYR"/><nutrient amount="0.172" name="VAL"/></food>