<food fcf="8.79" pcf="4.27" uid="01076" name="Milk substitutes, fluid, with lauric acid oil" ccf="3.87"><measure amount="1.0" grams="244.0" name="cup"/><measure amount="1.0" grams="976.0" name="quart"/><nutrient amount="61.0" name="Energy"/><nutrient amount="1.75" name="Protein"/><nutrient amount="3.41" name="Fat"/><nutrient amount="6.16" name="Carbs"/><nutrient amount="88.18" name="Water"/><nutrient amount="0.5" name="Ash"/><nutrient amount="33.0" name="Calcium"/><nutrient amount="0.051" name="Copper"/><nutrient amount="0.39" name="Iron"/><nutrient amount="6.0" name="Magnesium"/><nutrient amount="0.097" name="Manganese"/><nutrient amount="74.0" name="Phosphorus"/><nutrient amount="114.0" name="Potassium"/><nutrient amount="1.9" name="Selenium"/><nutrient amount="78.0" name="Sodium"/><nutrient amount="1.18" name="Zinc"/><nutrient amount="0.012" name="B1 (Thiamine)"/><nutrient amount="0.088" name="B2 (Riboflavin)"/><nutrient amount="3.037" name="Saturated"/><nutrient amount="0.176" name="Monounsaturated"/><nutrient amount="0.0080" name="Polyunsaturated"/><nutrient amount="0.0080" name="Omega-6"/><nutrient amount="3.0" name="Phytosterol"/><nutrient amount="0.055" name="ALA"/><nutrient amount="0.124" name="ASP"/><nutrient amount="0.069" name="ARG"/><nutrient amount="0.0080" name="CYS"/><nutrient amount="0.398" name="GLU"/><nutrient amount="0.035" name="GLY"/><nutrient amount="0.052" name="HIS"/><nutrient amount="0.107" name="ILE"/><nutrient amount="0.173" name="LEU"/><nutrient amount="0.141" name="LYS"/><nutrient amount="0.053" name="MET"/><nutrient amount="0.094" name="PHE"/><nutrient amount="0.197" name="PRO"/><nutrient amount="0.108" name="SER"/><nutrient amount="0.074" name="THR"/><nutrient amount="0.024" name="TRP"/><nutrient amount="0.1" name="TYR"/><nutrient amount="0.125" name="VAL"/></food>