<food fcf="8.79" pcf="4.27" uid="01072" name="Dessert topping, pressurized" ccf="3.87"><measure amount="1.0" grams="70.0" name="cup"/><measure amount="1.0" grams="4.0" name="tbsp"/><nutrient amount="264.0" name="Energy"/><nutrient amount="0.98" name="Protein"/><nutrient amount="22.3" name="Fat"/><nutrient amount="16.07" name="Carbs"/><nutrient amount="16.07" name="Sugars"/><nutrient amount="60.37" name="Water"/><nutrient amount="0.28" name="Ash"/><nutrient amount="5.0" name="Calcium"/><nutrient amount="0.024" name="Copper"/><nutrient amount="0.02" name="Iron"/><nutrient amount="1.0" name="Magnesium"/><nutrient amount="0.045" name="Manganese"/><nutrient amount="18.0" name="Phosphorus"/><nutrient amount="19.0" name="Potassium"/><nutrient amount="1.5" name="Selenium"/><nutrient amount="62.0" name="Sodium"/><nutrient amount="0.01" name="Zinc"/><nutrient amount="78.0" name="Vitamin A"/><nutrient amount="47.0" name="Beta-carotene"/><nutrient amount="0.85" name="Vitamin E"/><nutrient amount="5.5" name="Vitamin K"/><nutrient amount="18.912" name="Saturated"/><nutrient amount="1.927" name="Monounsaturated"/><nutrient amount="0.241" name="Polyunsaturated"/><nutrient amount="0.241" name="Omega-6"/><nutrient amount="20.0" name="Phytosterol"/><nutrient amount="0.031" name="ALA"/><nutrient amount="0.069" name="ASP"/><nutrient amount="0.039" name="ARG"/><nutrient amount="0.0040" name="CYS"/><nutrient amount="0.223" name="GLU"/><nutrient amount="0.02" name="GLY"/><nutrient amount="0.029" name="HIS"/><nutrient amount="0.06" name="ILE"/><nutrient amount="0.097" name="LEU"/><nutrient amount="0.079" name="LYS"/><nutrient amount="0.03" name="MET"/><nutrient amount="0.053" name="PHE"/><nutrient amount="0.11" name="PRO"/><nutrient amount="0.06" name="SER"/><nutrient amount="0.041" name="THR"/><nutrient amount="0.014" name="TRP"/><nutrient amount="0.056" name="TYR"/><nutrient amount="0.07" name="VAL"/></food>