<food uid="01087" fcf="8.79" pcf="4.27" name="Milk, nonfat, fluid, protein fortified, with added vitamin A (fat free and skim)" ccf="3.87"><measure amount="1.0" name="cup" grams="246.0"/><measure amount="1.0" name="quart" grams="984.0"/><nutrient amount="41.0" name="Energy"/><nutrient amount="3.96" name="Protein"/><nutrient amount="5.56" name="Carbs"/><nutrient amount="0.0" name="Fiber"/><nutrient amount="0.25" name="Fat"/><nutrient amount="89.36" name="Water"/><nutrient amount="0.87" name="Ash"/><nutrient amount="143.0" name="Calcium"/><nutrient amount="0.011" name="Copper"/><nutrient amount="0.06" name="Iron"/><nutrient amount="16.0" name="Magnesium"/><nutrient amount="0.0020" name="Manganese"/><nutrient amount="112.0" name="Phosphorus"/><nutrient amount="182.0" name="Potassium"/><nutrient amount="2.4" name="Selenium"/><nutrient amount="59.0" name="Sodium"/><nutrient amount="0.45" name="Zinc"/><nutrient amount="203.0" name="Vitamin A"/><nutrient amount="61.0" name="Retinol"/><nutrient amount="6.0" name="Folate"/><nutrient amount="0.045" name="B1 (Thiamine)"/><nutrient amount="0.194" name="B2 (Riboflavin)"/><nutrient amount="0.101" name="B3 (Niacin)"/><nutrient amount="0.376" name="B5 (Pantothenic Acid)"/><nutrient amount="0.05" name="B6 (Pyridoxine)"/><nutrient amount="0.43" name="B12 (Cyanocobalamin)"/><nutrient amount="1.1" name="Vitamin C"/><nutrient amount="40.0" name="Vitamin D"/><nutrient amount="0.162" name="Saturated"/><nutrient amount="0.065" name="Monounsaturated"/><nutrient amount="0.0090" name="Polyunsaturated"/><nutrient amount="0.0030" name="Omega-3"/><nutrient amount="0.0060" name="Omega-6"/><nutrient amount="2.0" name="Cholesterol"/><nutrient amount="0.137" name="ALA"/><nutrient amount="0.143" name="ARG"/><nutrient amount="0.3" name="ASP"/><nutrient amount="0.037" name="CYS"/><nutrient amount="0.829" name="GLU"/><nutrient amount="0.084" name="GLY"/><nutrient amount="0.107" name="HIS"/><nutrient amount="0.24" name="ILE"/><nutrient amount="0.388" name="LEU"/><nutrient amount="0.314" name="LYS"/><nutrient amount="0.099" name="MET"/><nutrient amount="0.191" name="PHE"/><nutrient amount="0.384" name="PRO"/><nutrient amount="0.215" name="SER"/><nutrient amount="0.179" name="THR"/><nutrient amount="0.056" name="TRP"/><nutrient amount="0.191" name="TYR"/><nutrient amount="0.265" name="VAL"/></food>