<food fcf="8.79" pcf="4.27" uid="01086" name="Milk, nonfat, fluid, with added nonfat milk solids and vitamin A (fat free or skim)" ccf="3.87"><measure amount="1.0" grams="245.0" name="cup"/><measure amount="1.0" grams="30.6" name="fl oz"/><measure amount="1.0" grams="980.0" name="quart"/><nutrient amount="37.0" name="Energy"/><nutrient amount="3.57" name="Protein"/><nutrient amount="0.25" name="Fat"/><nutrient amount="5.02" name="Carbs"/><nutrient amount="5.02" name="Sugars"/><nutrient amount="90.38" name="Water"/><nutrient amount="0.78" name="Ash"/><nutrient amount="129.0" name="Calcium"/><nutrient amount="0.011" name="Copper"/><nutrient amount="0.05" name="Iron"/><nutrient amount="15.0" name="Magnesium"/><nutrient amount="0.0020" name="Manganese"/><nutrient amount="104.0" name="Phosphorus"/><nutrient amount="171.0" name="Potassium"/><nutrient amount="2.2" name="Selenium"/><nutrient amount="53.0" name="Sodium"/><nutrient amount="0.41" name="Zinc"/><nutrient amount="203.0" name="Vitamin A"/><nutrient amount="61.0" name="Retinol"/><nutrient amount="5.0" name="Folate"/><nutrient amount="0.041" name="B1 (Thiamine)"/><nutrient amount="0.175" name="B2 (Riboflavin)"/><nutrient amount="0.091" name="B3 (Niacin)"/><nutrient amount="0.339" name="B5 (Pantothenic Acid)"/><nutrient amount="0.046" name="B6 (Pyridoxine)"/><nutrient amount="0.39" name="B12 (Cyanocobalamin)"/><nutrient amount="1.0" name="Vitamin C"/><nutrient amount="40.0" name="Vitamin D"/><nutrient amount="0.162" name="Saturated"/><nutrient amount="0.065" name="Monounsaturated"/><nutrient amount="0.0090" name="Polyunsaturated"/><nutrient amount="0.0030" name="Omega-3"/><nutrient amount="0.0060" name="Omega-6"/><nutrient amount="2.0" name="Cholesterol"/><nutrient amount="0.123" name="ALA"/><nutrient amount="0.271" name="ASP"/><nutrient amount="0.129" name="ARG"/><nutrient amount="0.033" name="CYS"/><nutrient amount="0.748" name="GLU"/><nutrient amount="0.076" name="GLY"/><nutrient amount="0.097" name="HIS"/><nutrient amount="0.216" name="ILE"/><nutrient amount="0.35" name="LEU"/><nutrient amount="0.283" name="LYS"/><nutrient amount="0.09" name="MET"/><nutrient amount="0.172" name="PHE"/><nutrient amount="0.346" name="PRO"/><nutrient amount="0.194" name="SER"/><nutrient amount="0.161" name="THR"/><nutrient amount="0.05" name="TRP"/><nutrient amount="0.172" name="TYR"/><nutrient amount="0.239" name="VAL"/></food>