<food fcf="8.79" pcf="4.27" uid="01082" name="Milk, lowfat, fluid, 1% milkfat, with added vitamin A" ccf="3.87"><measure amount="1.0" grams="244.0" name="cup"/><measure amount="1.0" grams="30.5" name="fl oz"/><measure amount="1.0" grams="976.0" name="quart"/><nutrient amount="42.0" name="Energy"/><nutrient amount="3.37" name="Protein"/><nutrient amount="0.97" name="Fat"/><nutrient amount="4.99" name="Carbs"/><nutrient amount="5.2" name="Sugars"/><nutrient amount="89.92" name="Water"/><nutrient amount="0.75" name="Ash"/><nutrient amount="119.0" name="Calcium"/><nutrient amount="0.01" name="Copper"/><nutrient amount="0.03" name="Iron"/><nutrient amount="11.0" name="Magnesium"/><nutrient amount="0.0030" name="Manganese"/><nutrient amount="95.0" name="Phosphorus"/><nutrient amount="150.0" name="Potassium"/><nutrient amount="3.3" name="Selenium"/><nutrient amount="44.0" name="Sodium"/><nutrient amount="0.42" name="Zinc"/><nutrient amount="196.0" name="Vitamin A"/><nutrient amount="58.0" name="Retinol"/><nutrient amount="2.0" name="Beta-carotene"/><nutrient amount="5.0" name="Folate"/><nutrient amount="0.02" name="B1 (Thiamine)"/><nutrient amount="0.185" name="B2 (Riboflavin)"/><nutrient amount="0.093" name="B3 (Niacin)"/><nutrient amount="0.361" name="B5 (Pantothenic Acid)"/><nutrient amount="0.037" name="B6 (Pyridoxine)"/><nutrient amount="0.44" name="B12 (Cyanocobalamin)"/><nutrient amount="52.0" name="Vitamin D"/><nutrient amount="0.01" name="Vitamin E"/><nutrient amount="0.1" name="Vitamin K"/><nutrient amount="17.7" name="Choline"/><nutrient amount="0.633" name="Saturated"/><nutrient amount="0.277" name="Monounsaturated"/><nutrient amount="0.035" name="Polyunsaturated"/><nutrient amount="0.0080" name="Omega-3"/><nutrient amount="0.056999999999999995" name="Omega-6"/><nutrient amount="5.0" name="Cholesterol"/><nutrient amount="0.106" name="ALA"/><nutrient amount="0.311" name="ASP"/><nutrient amount="0.096" name="ARG"/><nutrient amount="0.116" name="CYS"/><nutrient amount="0.782" name="GLU"/><nutrient amount="0.063" name="GLY"/><nutrient amount="0.084" name="HIS"/><nutrient amount="0.187" name="ILE"/><nutrient amount="0.375" name="LEU"/><nutrient amount="0.287" name="LYS"/><nutrient amount="0.083" name="MET"/><nutrient amount="0.167" name="PHE"/><nutrient amount="0.359" name="PRO"/><nutrient amount="0.208" name="SER"/><nutrient amount="0.089" name="THR"/><nutrient amount="0.04" name="TRP"/><nutrient amount="0.142" name="TYR"/><nutrient amount="0.217" name="VAL"/></food>