<food uid="01085" fcf="8.79" pcf="4.27" name="Milk, nonfat, fluid, with added vitamin A (fat free or skim)" ccf="3.87"><measure amount="1.0" name="cup" grams="245.0"/><measure amount="1.0" name="fl oz" grams="30.6"/><measure amount="1.0" name="quart" grams="980.0"/><nutrient amount="34.0" name="Energy"/><nutrient amount="3.37" name="Protein"/><nutrient amount="4.96" name="Carbs"/><nutrient amount="0.0" name="Fiber"/><nutrient amount="5.09" name="Sugars"/><nutrient amount="0.08" name="Fat"/><nutrient amount="0.0" name="Alcohol"/><nutrient amount="0.0" name="Caffeine"/><nutrient amount="90.84" name="Water"/><nutrient amount="0.75" name="Ash"/><nutrient amount="125.0" name="Calcium"/><nutrient amount="0.013" name="Copper"/><nutrient amount="3.1" name="Fluoride"/><nutrient amount="0.03" name="Iron"/><nutrient amount="11.0" name="Magnesium"/><nutrient amount="0.0030" name="Manganese"/><nutrient amount="101.0" name="Phosphorus"/><nutrient amount="156.0" name="Potassium"/><nutrient amount="3.1" name="Selenium"/><nutrient amount="42.0" name="Sodium"/><nutrient amount="0.42" name="Zinc"/><nutrient amount="204.0" name="Vitamin A"/><nutrient amount="61.0" name="Retinol"/><nutrient amount="0.0" name="Alpha-carotene"/><nutrient amount="0.0" name="Beta-carotene"/><nutrient amount="0.0" name="Beta-cryptoxanthin"/><nutrient amount="0.0" name="Lycopene"/><nutrient amount="0.0" name="Lutein+Zeaxanthin"/><nutrient amount="5.0" name="Folate"/><nutrient amount="0.045" name="B1 (Thiamine)"/><nutrient amount="0.182" name="B2 (Riboflavin)"/><nutrient amount="0.094" name="B3 (Niacin)"/><nutrient amount="0.357" name="B5 (Pantothenic Acid)"/><nutrient amount="0.037" name="B6 (Pyridoxine)"/><nutrient amount="0.53" name="B12 (Cyanocobalamin)"/><nutrient amount="0.0" name="Vitamin C"/><nutrient amount="41.0" name="Vitamin D"/><nutrient amount="0.01" name="Vitamin E"/><nutrient amount="0.0" name="Beta Tocopherol"/><nutrient amount="0.0" name="Delta Tocopherol"/><nutrient amount="0.0" name="Gamma Tocopherol"/><nutrient amount="0.0" name="Vitamin K"/><nutrient amount="15.6" name="Choline"/><nutrient amount="0.051" name="Saturated"/><nutrient amount="0.021" name="Monounsaturated"/><nutrient amount="0.0030" name="Polyunsaturated"/><nutrient amount="0.0010" name="Omega-3"/><nutrient amount="0.0020" name="Omega-6"/><nutrient amount="2.0" name="Cholesterol"/><nutrient amount="0.1" name="ALA"/><nutrient amount="0.072" name="ARG"/><nutrient amount="0.243" name="ASP"/><nutrient amount="0.123" name="CYS"/><nutrient amount="0.673" name="GLU"/><nutrient amount="0.05" name="GLY"/><nutrient amount="0.075" name="HIS"/><nutrient amount="0.0" name="HYP"/><nutrient amount="0.15" name="ILE"/><nutrient amount="0.327" name="LEU"/><nutrient amount="0.252" name="LYS"/><nutrient amount="0.062" name="MET"/><nutrient amount="0.145" name="PHE"/><nutrient amount="0.343" name="PRO"/><nutrient amount="0.168" name="SER"/><nutrient amount="0.082" name="THR"/><nutrient amount="0.04" name="TRP"/><nutrient amount="0.148" name="TYR"/><nutrient amount="0.18" name="VAL"/></food>