<food fcf="8.79" pcf="4.27" uid="01088" name="Milk, buttermilk, fluid, cultured, lowfat" ccf="3.87"><measure amount="1.0" grams="245.0" name="cup"/><measure amount="1.0" grams="30.6" name="fl oz"/><measure amount="1.0" grams="980.0" name="quart"/><nutrient amount="40.0" name="Energy"/><nutrient amount="3.31" name="Protein"/><nutrient amount="0.88" name="Fat"/><nutrient amount="4.79" name="Carbs"/><nutrient amount="4.79" name="Sugars"/><nutrient amount="90.13" name="Water"/><nutrient amount="0.89" name="Ash"/><nutrient amount="116.0" name="Calcium"/><nutrient amount="0.011" name="Copper"/><nutrient amount="0.05" name="Iron"/><nutrient amount="11.0" name="Magnesium"/><nutrient amount="0.0020" name="Manganese"/><nutrient amount="89.0" name="Phosphorus"/><nutrient amount="151.0" name="Potassium"/><nutrient amount="2.0" name="Selenium"/><nutrient amount="105.0" name="Sodium"/><nutrient amount="0.42" name="Zinc"/><nutrient amount="26.0" name="Vitamin A"/><nutrient amount="7.0" name="Retinol"/><nutrient amount="1.0" name="Beta-carotene"/><nutrient amount="5.0" name="Folate"/><nutrient amount="0.034" name="B1 (Thiamine)"/><nutrient amount="0.154" name="B2 (Riboflavin)"/><nutrient amount="0.058" name="B3 (Niacin)"/><nutrient amount="0.275" name="B5 (Pantothenic Acid)"/><nutrient amount="0.034" name="B6 (Pyridoxine)"/><nutrient amount="0.22" name="B12 (Cyanocobalamin)"/><nutrient amount="1.0" name="Vitamin C"/><nutrient amount="0.05" name="Vitamin E"/><nutrient amount="0.02" name="Beta Tocopherol"/><nutrient amount="0.02" name="Delta Tocopherol"/><nutrient amount="0.03" name="Gamma Tocopherol"/><nutrient amount="0.1" name="Vitamin K"/><nutrient amount="0.548" name="Saturated"/><nutrient amount="0.254" name="Monounsaturated"/><nutrient amount="0.033" name="Polyunsaturated"/><nutrient amount="0.013" name="Omega-3"/><nutrient amount="0.02" name="Omega-6"/><nutrient amount="4.0" name="Cholesterol"/><nutrient amount="0.119" name="ALA"/><nutrient amount="0.264" name="ASP"/><nutrient amount="0.126" name="ARG"/><nutrient amount="0.031" name="CYS"/><nutrient amount="0.643" name="GLU"/><nutrient amount="0.073" name="GLY"/><nutrient amount="0.095" name="HIS"/><nutrient amount="0.204" name="ILE"/><nutrient amount="0.329" name="LEU"/><nutrient amount="0.277" name="LYS"/><nutrient amount="0.081" name="MET"/><nutrient amount="0.174" name="PHE"/><nutrient amount="0.334" name="PRO"/><nutrient amount="0.172" name="SER"/><nutrient amount="0.158" name="THR"/><nutrient amount="0.036" name="TRP"/><nutrient amount="0.139" name="TYR"/><nutrient amount="0.243" name="VAL"/></food>