<food uid="01093" fcf="8.79" pcf="4.27" name="Milk, dry, nonfat, calcium reduced" ccf="3.87"><measure amount="1.0" name="oz" grams="28.35"/><measure amount="0.25" name="lb" grams="113.0"/><nutrient amount="354.0" name="Energy"/><nutrient amount="35.5" name="Protein"/><nutrient amount="51.8" name="Carbs"/><nutrient amount="0.0" name="Fiber"/><nutrient amount="0.2" name="Fat"/><nutrient amount="0.0" name="Alcohol"/><nutrient amount="4.9" name="Water"/><nutrient amount="7.6" name="Ash"/><nutrient amount="280.0" name="Calcium"/><nutrient amount="0.016" name="Copper"/><nutrient amount="0.32" name="Iron"/><nutrient amount="60.0" name="Magnesium"/><nutrient amount="0.0080" name="Manganese"/><nutrient amount="1011.0" name="Phosphorus"/><nutrient amount="680.0" name="Potassium"/><nutrient amount="27.3" name="Selenium"/><nutrient amount="2280.0" name="Sodium"/><nutrient amount="4.03" name="Zinc"/><nutrient amount="8.0" name="Vitamin A"/><nutrient amount="1.0" name="Retinol"/><nutrient amount="50.0" name="Folate"/><nutrient amount="0.163" name="B1 (Thiamine)"/><nutrient amount="1.642" name="B2 (Riboflavin)"/><nutrient amount="0.665" name="B3 (Niacin)"/><nutrient amount="3.312" name="B5 (Pantothenic Acid)"/><nutrient amount="0.298" name="B6 (Pyridoxine)"/><nutrient amount="3.98" name="B12 (Cyanocobalamin)"/><nutrient amount="6.7" name="Vitamin C"/><nutrient amount="0.124" name="Saturated"/><nutrient amount="0.058" name="Monounsaturated"/><nutrient amount="0.0070" name="Polyunsaturated"/><nutrient amount="0.0030" name="Omega-3"/><nutrient amount="0.0050" name="Omega-6"/><nutrient amount="2.0" name="Cholesterol"/><nutrient amount="1.224" name="ALA"/><nutrient amount="1.285" name="ARG"/><nutrient amount="2.693" name="ASP"/><nutrient amount="0.328" name="CYS"/><nutrient amount="7.434" name="GLU"/><nutrient amount="0.751" name="GLY"/><nutrient amount="0.963" name="HIS"/><nutrient amount="2.148" name="ILE"/><nutrient amount="3.478" name="LEU"/><nutrient amount="2.816" name="LYS"/><nutrient amount="0.89" name="MET"/><nutrient amount="1.714" name="PHE"/><nutrient amount="3.439" name="PRO"/><nutrient amount="1.931" name="SER"/><nutrient amount="1.603" name="THR"/><nutrient amount="0.501" name="TRP"/><nutrient amount="1.714" name="TYR"/><nutrient amount="2.376" name="VAL"/></food>