<food uid="01091" fcf="8.79" pcf="4.27" name="Milk, dry, nonfat, regular, without added vitamin A" ccf="3.87"><measure amount="1.0" name="cup" grams="120.0"/><measure amount="0.25" name="cup" grams="30.0"/><nutrient amount="362.0" name="Energy"/><nutrient amount="36.16" name="Protein"/><nutrient amount="51.98" name="Carbs"/><nutrient amount="0.0" name="Fiber"/><nutrient amount="51.98" name="Sugars"/><nutrient amount="0.77" name="Fat"/><nutrient amount="0.0" name="Alcohol"/><nutrient amount="0.0" name="Caffeine"/><nutrient amount="3.16" name="Water"/><nutrient amount="7.93" name="Ash"/><nutrient amount="1257.0" name="Calcium"/><nutrient amount="0.041" name="Copper"/><nutrient amount="0.32" name="Iron"/><nutrient amount="110.0" name="Magnesium"/><nutrient amount="0.02" name="Manganese"/><nutrient amount="968.0" name="Phosphorus"/><nutrient amount="1794.0" name="Potassium"/><nutrient amount="27.3" name="Selenium"/><nutrient amount="535.0" name="Sodium"/><nutrient amount="4.08" name="Zinc"/><nutrient amount="22.0" name="Vitamin A"/><nutrient amount="6.0" name="Retinol"/><nutrient amount="0.0" name="Alpha-carotene"/><nutrient amount="1.0" name="Beta-carotene"/><nutrient amount="0.0" name="Beta-cryptoxanthin"/><nutrient amount="0.0" name="Lycopene"/><nutrient amount="0.0" name="Lutein+Zeaxanthin"/><nutrient amount="50.0" name="Folate"/><nutrient amount="0.415" name="B1 (Thiamine)"/><nutrient amount="1.55" name="B2 (Riboflavin)"/><nutrient amount="0.951" name="B3 (Niacin)"/><nutrient amount="3.568" name="B5 (Pantothenic Acid)"/><nutrient amount="0.361" name="B6 (Pyridoxine)"/><nutrient amount="4.03" name="B12 (Cyanocobalamin)"/><nutrient amount="6.8" name="Vitamin C"/><nutrient amount="332.0" name="Vitamin D"/><nutrient amount="0.0" name="Vitamin E"/><nutrient amount="0.0" name="Beta Tocopherol"/><nutrient amount="0.0" name="Delta Tocopherol"/><nutrient amount="0.0" name="Gamma Tocopherol"/><nutrient amount="0.1" name="Vitamin K"/><nutrient amount="0.499" name="Saturated"/><nutrient amount="0.201" name="Monounsaturated"/><nutrient amount="0.03" name="Polyunsaturated"/><nutrient amount="0.011" name="Omega-3"/><nutrient amount="0.019" name="Omega-6"/><nutrient amount="20.0" name="Cholesterol"/><nutrient amount="1.247" name="ALA"/><nutrient amount="1.309" name="ARG"/><nutrient amount="2.743" name="ASP"/><nutrient amount="0.334" name="CYS"/><nutrient amount="7.572" name="GLU"/><nutrient amount="0.765" name="GLY"/><nutrient amount="0.981" name="HIS"/><nutrient amount="2.188" name="ILE"/><nutrient amount="3.542" name="LEU"/><nutrient amount="2.868" name="LYS"/><nutrient amount="0.907" name="MET"/><nutrient amount="1.746" name="PHE"/><nutrient amount="3.503" name="PRO"/><nutrient amount="1.967" name="SER"/><nutrient amount="1.632" name="THR"/><nutrient amount="0.51" name="TRP"/><nutrient amount="1.746" name="TYR"/><nutrient amount="2.42" name="VAL"/></food>