<food fcf="9.0" pcf="4.0" uid="01105" name="Milk, chocolate beverage, hot cocoa, homemade" ccf="4.0"><measure amount="1.0" grams="250.0" name="cup"/><measure amount="1.0" grams="31.2" name="fl oz"/><nutrient amount="77.0" name="Energy"/><nutrient amount="3.52" name="Protein"/><nutrient amount="2.33" name="Fat"/><nutrient amount="10.63" name="Carbs"/><nutrient amount="1.0" name="Fiber"/><nutrient amount="9.67" name="Sugars"/><nutrient amount="2.0" name="Caffeine"/><nutrient amount="82.57" name="Water"/><nutrient amount="0.65" name="Ash"/><nutrient amount="105.0" name="Calcium"/><nutrient amount="0.103" name="Copper"/><nutrient amount="0.48" name="Iron"/><nutrient amount="23.0" name="Magnesium"/><nutrient amount="0.013" name="Manganese"/><nutrient amount="105.0" name="Phosphorus"/><nutrient amount="197.0" name="Potassium"/><nutrient amount="2.7" name="Selenium"/><nutrient amount="44.0" name="Sodium"/><nutrient amount="0.63" name="Zinc"/><nutrient amount="175.0" name="Vitamin A"/><nutrient amount="51.0" name="Retinol"/><nutrient amount="3.0" name="Beta-carotene"/><nutrient amount="5.0" name="Folate"/><nutrient amount="0.039" name="B1 (Thiamine)"/><nutrient amount="0.182" name="B2 (Riboflavin)"/><nutrient amount="0.133" name="B3 (Niacin)"/><nutrient amount="0.328" name="B5 (Pantothenic Acid)"/><nutrient amount="0.04" name="B6 (Pyridoxine)"/><nutrient amount="0.42" name="B12 (Cyanocobalamin)"/><nutrient amount="0.2" name="Vitamin C"/><nutrient amount="40.0" name="Vitamin D"/><nutrient amount="0.03" name="Vitamin E"/><nutrient amount="0.2" name="Vitamin K"/><nutrient amount="1.431" name="Saturated"/><nutrient amount="0.677" name="Monounsaturated"/><nutrient amount="0.034" name="Polyunsaturated"/><nutrient amount="0.016" name="Omega-3"/><nutrient amount="0.07300000000000001" name="Omega-6"/><nutrient amount="0.072" name="Trans-Fats"/><nutrient amount="8.0" name="Cholesterol"/><nutrient amount="0.102" name="ALA"/><nutrient amount="0.276" name="ASP"/><nutrient amount="0.099" name="ARG"/><nutrient amount="0.099" name="CYS"/><nutrient amount="0.719" name="GLU"/><nutrient amount="0.056" name="GLY"/><nutrient amount="0.067" name="HIS"/><nutrient amount="0.169" name="ILE"/><nutrient amount="0.305" name="LEU"/><nutrient amount="0.215" name="LYS"/><nutrient amount="0.076" name="MET"/><nutrient amount="0.15" name="PHE"/><nutrient amount="0.34" name="PRO"/><nutrient amount="0.095" name="THR"/><nutrient amount="0.037" name="TRP"/><nutrient amount="0.141" name="TYR"/><nutrient amount="0.201" name="VAL"/></food>