<food fcf="8.79" pcf="4.27" uid="01104" name="Milk, chocolate, fluid, commercial, lowfat" ccf="3.87"><measure amount="1.0" grams="250.0" name="cup"/><measure amount="1.0" grams="1000.0" name="quart"/><nutrient amount="63.0" name="Energy"/><nutrient amount="3.24" name="Protein"/><nutrient amount="1.0" name="Fat"/><nutrient amount="10.44" name="Carbs"/><nutrient amount="0.5" name="Fiber"/><nutrient amount="9.94" name="Sugars"/><nutrient amount="2.0" name="Caffeine"/><nutrient amount="84.5" name="Water"/><nutrient amount="0.82" name="Ash"/><nutrient amount="115.0" name="Calcium"/><nutrient amount="0.065" name="Copper"/><nutrient amount="5.2" name="Fluoride"/><nutrient amount="0.24" name="Iron"/><nutrient amount="13.0" name="Magnesium"/><nutrient amount="0.077" name="Manganese"/><nutrient amount="103.0" name="Phosphorus"/><nutrient amount="170.0" name="Potassium"/><nutrient amount="1.9" name="Selenium"/><nutrient amount="61.0" name="Sodium"/><nutrient amount="0.41" name="Zinc"/><nutrient amount="196.0" name="Vitamin A"/><nutrient amount="58.0" name="Retinol"/><nutrient amount="2.0" name="Beta-carotene"/><nutrient amount="5.0" name="Folate"/><nutrient amount="0.038" name="B1 (Thiamine)"/><nutrient amount="0.166" name="B2 (Riboflavin)"/><nutrient amount="0.127" name="B3 (Niacin)"/><nutrient amount="0.302" name="B5 (Pantothenic Acid)"/><nutrient amount="0.041" name="B6 (Pyridoxine)"/><nutrient amount="0.34" name="B12 (Cyanocobalamin)"/><nutrient amount="0.9" name="Vitamin C"/><nutrient amount="40.0" name="Vitamin D"/><nutrient amount="0.02" name="Vitamin E"/><nutrient amount="0.1" name="Vitamin K"/><nutrient amount="0.616" name="Saturated"/><nutrient amount="0.3" name="Monounsaturated"/><nutrient amount="0.035" name="Polyunsaturated"/><nutrient amount="0.011" name="Omega-3"/><nutrient amount="0.024" name="Omega-6"/><nutrient amount="3.0" name="Cholesterol"/><nutrient amount="0.112" name="ALA"/><nutrient amount="0.246" name="ASP"/><nutrient amount="0.117" name="ARG"/><nutrient amount="0.03" name="CYS"/><nutrient amount="0.678" name="GLU"/><nutrient amount="0.069" name="GLY"/><nutrient amount="0.088" name="HIS"/><nutrient amount="0.196" name="ILE"/><nutrient amount="0.317" name="LEU"/><nutrient amount="0.257" name="LYS"/><nutrient amount="0.081" name="MET"/><nutrient amount="0.156" name="PHE"/><nutrient amount="0.314" name="PRO"/><nutrient amount="0.176" name="SER"/><nutrient amount="0.146" name="THR"/><nutrient amount="0.046" name="TRP"/><nutrient amount="0.156" name="TYR"/><nutrient amount="0.217" name="VAL"/></food>