<food fcf="8.79" pcf="4.27" uid="01108" name="Milk, indian buffalo, fluid" ccf="3.87"><measure amount="1.0" grams="244.0" name="cup"/><measure amount="1.0" grams="976.0" name="quart"/><nutrient amount="97.0" name="Energy"/><nutrient amount="3.75" name="Protein"/><nutrient amount="6.89" name="Fat"/><nutrient amount="5.18" name="Carbs"/><nutrient amount="83.39" name="Water"/><nutrient amount="0.79" name="Ash"/><nutrient amount="169.0" name="Calcium"/><nutrient amount="0.046" name="Copper"/><nutrient amount="0.12" name="Iron"/><nutrient amount="31.0" name="Magnesium"/><nutrient amount="0.018" name="Manganese"/><nutrient amount="117.0" name="Phosphorus"/><nutrient amount="178.0" name="Potassium"/><nutrient amount="52.0" name="Sodium"/><nutrient amount="0.22" name="Zinc"/><nutrient amount="178.0" name="Vitamin A"/><nutrient amount="53.0" name="Retinol"/><nutrient amount="6.0" name="Folate"/><nutrient amount="0.052" name="B1 (Thiamine)"/><nutrient amount="0.135" name="B2 (Riboflavin)"/><nutrient amount="0.091" name="B3 (Niacin)"/><nutrient amount="0.192" name="B5 (Pantothenic Acid)"/><nutrient amount="0.023" name="B6 (Pyridoxine)"/><nutrient amount="0.36" name="B12 (Cyanocobalamin)"/><nutrient amount="2.3" name="Vitamin C"/><nutrient amount="4.597" name="Saturated"/><nutrient amount="1.787" name="Monounsaturated"/><nutrient amount="0.146" name="Polyunsaturated"/><nutrient amount="0.076" name="Omega-3"/><nutrient amount="0.07" name="Omega-6"/><nutrient amount="19.0" name="Cholesterol"/><nutrient amount="0.132" name="ALA"/><nutrient amount="0.309" name="ASP"/><nutrient amount="0.114" name="ARG"/><nutrient amount="0.048" name="CYS"/><nutrient amount="0.477" name="GLU"/><nutrient amount="0.08" name="GLY"/><nutrient amount="0.078" name="HIS"/><nutrient amount="0.203" name="ILE"/><nutrient amount="0.366" name="LEU"/><nutrient amount="0.28" name="LYS"/><nutrient amount="0.097" name="MET"/><nutrient amount="0.162" name="PHE"/><nutrient amount="0.364" name="PRO"/><nutrient amount="0.227" name="SER"/><nutrient amount="0.182" name="THR"/><nutrient amount="0.053" name="TRP"/><nutrient amount="0.183" name="TYR"/><nutrient amount="0.219" name="VAL"/></food>