<food fcf="8.79" pcf="4.27" uid="01102" name="Milk, chocolate, fluid, commercial, whole" ccf="3.87"><measure amount="1.0" grams="250.0" name="cup"/><measure amount="1.0" grams="31.2" name="fl oz"/><measure amount="1.0" grams="1000.0" name="quart"/><nutrient amount="83.0" name="Energy"/><nutrient amount="3.17" name="Protein"/><nutrient amount="3.39" name="Fat"/><nutrient amount="10.34" name="Carbs"/><nutrient amount="0.8" name="Fiber"/><nutrient amount="9.54" name="Sugars"/><nutrient amount="2.0" name="Caffeine"/><nutrient amount="82.3" name="Water"/><nutrient amount="0.8" name="Ash"/><nutrient amount="112.0" name="Calcium"/><nutrient amount="0.065" name="Copper"/><nutrient amount="5.2" name="Fluoride"/><nutrient amount="0.24" name="Iron"/><nutrient amount="13.0" name="Magnesium"/><nutrient amount="0.077" name="Manganese"/><nutrient amount="101.0" name="Phosphorus"/><nutrient amount="167.0" name="Potassium"/><nutrient amount="1.9" name="Selenium"/><nutrient amount="60.0" name="Sodium"/><nutrient amount="0.41" name="Zinc"/><nutrient amount="95.0" name="Vitamin A"/><nutrient amount="26.0" name="Retinol"/><nutrient amount="5.0" name="Beta-carotene"/><nutrient amount="5.0" name="Folate"/><nutrient amount="0.037" name="B1 (Thiamine)"/><nutrient amount="0.162" name="B2 (Riboflavin)"/><nutrient amount="0.125" name="B3 (Niacin)"/><nutrient amount="0.295" name="B5 (Pantothenic Acid)"/><nutrient amount="0.04" name="B6 (Pyridoxine)"/><nutrient amount="0.33" name="B12 (Cyanocobalamin)"/><nutrient amount="0.9" name="Vitamin C"/><nutrient amount="40.0" name="Vitamin D"/><nutrient amount="0.06" name="Vitamin E"/><nutrient amount="0.2" name="Vitamin K"/><nutrient amount="2.104" name="Saturated"/><nutrient amount="0.99" name="Monounsaturated"/><nutrient amount="0.124" name="Polyunsaturated"/><nutrient amount="0.046" name="Omega-3"/><nutrient amount="0.078" name="Omega-6"/><nutrient amount="12.0" name="Cholesterol"/><nutrient amount="0.109" name="ALA"/><nutrient amount="0.24" name="ASP"/><nutrient amount="0.115" name="ARG"/><nutrient amount="0.029" name="CYS"/><nutrient amount="0.664" name="GLU"/><nutrient amount="0.067" name="GLY"/><nutrient amount="0.086" name="HIS"/><nutrient amount="0.192" name="ILE"/><nutrient amount="0.311" name="LEU"/><nutrient amount="0.251" name="LYS"/><nutrient amount="0.079" name="MET"/><nutrient amount="0.153" name="PHE"/><nutrient amount="0.307" name="PRO"/><nutrient amount="0.172" name="SER"/><nutrient amount="0.143" name="THR"/><nutrient amount="0.045" name="TRP"/><nutrient amount="0.153" name="TYR"/><nutrient amount="0.212" name="VAL"/></food>