<food uid="01115" fcf="8.79" pcf="4.27" name="Whey, sweet, dried" ccf="3.87"><measure amount="1.0" name="cup" grams="145.0"/><measure amount="1.0" name="tbsp" grams="7.5"/><nutrient amount="353.0" name="Energy"/><nutrient amount="12.93" name="Protein"/><nutrient amount="74.46" name="Carbs"/><nutrient amount="0.0" name="Fiber"/><nutrient amount="74.46" name="Sugars"/><nutrient amount="1.07" name="Fat"/><nutrient amount="0.0" name="Alcohol"/><nutrient amount="0.0" name="Caffeine"/><nutrient amount="3.19" name="Water"/><nutrient amount="8.35" name="Ash"/><nutrient amount="796.0" name="Calcium"/><nutrient amount="0.07" name="Copper"/><nutrient amount="0.88" name="Iron"/><nutrient amount="176.0" name="Magnesium"/><nutrient amount="0.0090" name="Manganese"/><nutrient amount="932.0" name="Phosphorus"/><nutrient amount="2080.0" name="Potassium"/><nutrient amount="27.2" name="Selenium"/><nutrient amount="1079.0" name="Sodium"/><nutrient amount="1.97" name="Zinc"/><nutrient amount="30.0" name="Vitamin A"/><nutrient amount="8.0" name="Retinol"/><nutrient amount="0.0" name="Alpha-carotene"/><nutrient amount="2.0" name="Beta-carotene"/><nutrient amount="0.0" name="Beta-cryptoxanthin"/><nutrient amount="0.0" name="Lycopene"/><nutrient amount="0.0" name="Lutein+Zeaxanthin"/><nutrient amount="12.0" name="Folate"/><nutrient amount="0.519" name="B1 (Thiamine)"/><nutrient amount="2.208" name="B2 (Riboflavin)"/><nutrient amount="1.258" name="B3 (Niacin)"/><nutrient amount="5.62" name="B5 (Pantothenic Acid)"/><nutrient amount="0.584" name="B6 (Pyridoxine)"/><nutrient amount="2.37" name="B12 (Cyanocobalamin)"/><nutrient amount="1.5" name="Vitamin C"/><nutrient amount="0.02" name="Vitamin E"/><nutrient amount="0.1" name="Vitamin K"/><nutrient amount="0.684" name="Saturated"/><nutrient amount="0.297" name="Monounsaturated"/><nutrient amount="0.034" name="Polyunsaturated"/><nutrient amount="0.0090" name="Omega-3"/><nutrient amount="0.025" name="Omega-6"/><nutrient amount="6.0" name="Cholesterol"/><nutrient amount="0.598" name="ALA"/><nutrient amount="0.375" name="ARG"/><nutrient amount="1.269" name="ASP"/><nutrient amount="0.253" name="CYS"/><nutrient amount="2.248" name="GLU"/><nutrient amount="0.28" name="GLY"/><nutrient amount="0.237" name="HIS"/><nutrient amount="0.719" name="ILE"/><nutrient amount="1.186" name="LEU"/><nutrient amount="1.03" name="LYS"/><nutrient amount="0.241" name="MET"/><nutrient amount="0.407" name="PHE"/><nutrient amount="0.786" name="PRO"/><nutrient amount="0.622" name="SER"/><nutrient amount="0.817" name="THR"/><nutrient amount="0.205" name="TRP"/><nutrient amount="0.363" name="TYR"/><nutrient amount="0.697" name="VAL"/></food>