<food uid="01111" fcf="8.79" pcf="4.27" name="Milk shakes, thick vanilla" ccf="3.87"><measure amount="1.0" name="fl oz" grams="28.4"/><measure amount="1.0" name="container (11 oz)" grams="313.0"/><nutrient amount="112.0" name="Energy"/><nutrient amount="3.86" name="Protein"/><nutrient amount="17.75" name="Carbs"/><nutrient amount="0.0" name="Fiber"/><nutrient amount="17.75" name="Sugars"/><nutrient amount="3.03" name="Fat"/><nutrient amount="0.0" name="Alcohol"/><nutrient amount="0.0" name="Caffeine"/><nutrient amount="74.45" name="Water"/><nutrient amount="0.91" name="Ash"/><nutrient amount="146.0" name="Calcium"/><nutrient amount="0.051" name="Copper"/><nutrient amount="0.1" name="Iron"/><nutrient amount="12.0" name="Magnesium"/><nutrient amount="0.014" name="Manganese"/><nutrient amount="115.0" name="Phosphorus"/><nutrient amount="183.0" name="Potassium"/><nutrient amount="2.3" name="Selenium"/><nutrient amount="95.0" name="Sodium"/><nutrient amount="0.39" name="Zinc"/><nutrient amount="91.0" name="Vitamin A"/><nutrient amount="25.0" name="Retinol"/><nutrient amount="0.0" name="Alpha-carotene"/><nutrient amount="5.0" name="Beta-carotene"/><nutrient amount="0.0" name="Beta-cryptoxanthin"/><nutrient amount="0.0" name="Lycopene"/><nutrient amount="0.0" name="Lutein+Zeaxanthin"/><nutrient amount="7.0" name="Folate"/><nutrient amount="0.03" name="B1 (Thiamine)"/><nutrient amount="0.195" name="B2 (Riboflavin)"/><nutrient amount="0.146" name="B3 (Niacin)"/><nutrient amount="0.368" name="B5 (Pantothenic Acid)"/><nutrient amount="0.042" name="B6 (Pyridoxine)"/><nutrient amount="0.52" name="B12 (Cyanocobalamin)"/><nutrient amount="0.0" name="Vitamin C"/><nutrient amount="0.05" name="Vitamin E"/><nutrient amount="0.2" name="Vitamin K"/><nutrient amount="1.886" name="Saturated"/><nutrient amount="0.875" name="Monounsaturated"/><nutrient amount="0.113" name="Polyunsaturated"/><nutrient amount="0.044" name="Omega-3"/><nutrient amount="0.068" name="Omega-6"/><nutrient amount="12.0" name="Cholesterol"/><nutrient amount="0.133" name="ALA"/><nutrient amount="0.14" name="ARG"/><nutrient amount="0.293" name="ASP"/><nutrient amount="0.036" name="CYS"/><nutrient amount="0.808" name="GLU"/><nutrient amount="0.082" name="GLY"/><nutrient amount="0.105" name="HIS"/><nutrient amount="0.234" name="ILE"/><nutrient amount="0.378" name="LEU"/><nutrient amount="0.306" name="LYS"/><nutrient amount="0.097" name="MET"/><nutrient amount="0.186" name="PHE"/><nutrient amount="0.374" name="PRO"/><nutrient amount="0.21" name="SER"/><nutrient amount="0.174" name="THR"/><nutrient amount="0.054" name="TRP"/><nutrient amount="0.186" name="TYR"/><nutrient amount="0.258" name="VAL"/></food>