<food fcf="8.79" pcf="4.27" uid="01113" name="Whey, acid, dried" ccf="3.87"><measure amount="1.0" grams="57.0" name="cup"/><measure amount="1.0" grams="2.9" name="tbsp"/><nutrient amount="339.0" name="Energy"/><nutrient amount="11.73" name="Protein"/><nutrient amount="0.54" name="Fat"/><nutrient amount="73.45" name="Carbs"/><nutrient amount="73.45" name="Sugars"/><nutrient amount="3.51" name="Water"/><nutrient amount="10.77" name="Ash"/><nutrient amount="2054.0" name="Calcium"/><nutrient amount="0.05" name="Copper"/><nutrient amount="1.24" name="Iron"/><nutrient amount="199.0" name="Magnesium"/><nutrient amount="0.015" name="Manganese"/><nutrient amount="1349.0" name="Phosphorus"/><nutrient amount="2289.0" name="Potassium"/><nutrient amount="27.3" name="Selenium"/><nutrient amount="968.0" name="Sodium"/><nutrient amount="6.31" name="Zinc"/><nutrient amount="59.0" name="Vitamin A"/><nutrient amount="17.0" name="Retinol"/><nutrient amount="1.0" name="Beta-carotene"/><nutrient amount="33.0" name="Folate"/><nutrient amount="0.622" name="B1 (Thiamine)"/><nutrient amount="2.06" name="B2 (Riboflavin)"/><nutrient amount="1.16" name="B3 (Niacin)"/><nutrient amount="5.632" name="B5 (Pantothenic Acid)"/><nutrient amount="0.62" name="B6 (Pyridoxine)"/><nutrient amount="2.5" name="B12 (Cyanocobalamin)"/><nutrient amount="0.9" name="Vitamin C"/><nutrient amount="0.342" name="Saturated"/><nutrient amount="0.149" name="Monounsaturated"/><nutrient amount="0.021" name="Polyunsaturated"/><nutrient amount="0.0030" name="Omega-3"/><nutrient amount="0.018" name="Omega-6"/><nutrient amount="3.0" name="Cholesterol"/><nutrient amount="0.506" name="ALA"/><nutrient amount="1.149" name="ASP"/><nutrient amount="0.327" name="ARG"/><nutrient amount="0.211" name="CYS"/><nutrient amount="2.096" name="GLU"/><nutrient amount="0.211" name="GLY"/><nutrient amount="0.23" name="HIS"/><nutrient amount="0.581" name="ILE"/><nutrient amount="1.116" name="LEU"/><nutrient amount="1.008" name="LYS"/><nutrient amount="0.221" name="MET"/><nutrient amount="0.386" name="PHE"/><nutrient amount="0.699" name="PRO"/><nutrient amount="0.541" name="SER"/><nutrient amount="0.59" name="THR"/><nutrient amount="0.241" name="TRP"/><nutrient amount="0.3" name="TYR"/><nutrient amount="0.579" name="VAL"/></food>