<food uid="01110" fcf="8.79" pcf="4.27" name="Milk shakes, thick chocolate" ccf="3.87"><measure amount="1.0" name="fl oz" grams="28.4"/><measure amount="1.0" name="container (10.6 oz)" grams="300.0"/><nutrient amount="119.0" name="Energy"/><nutrient amount="3.05" name="Protein"/><nutrient amount="21.15" name="Carbs"/><nutrient amount="0.3" name="Fiber"/><nutrient amount="20.85" name="Sugars"/><nutrient amount="2.7" name="Fat"/><nutrient amount="0.0" name="Alcohol"/><nutrient amount="2.0" name="Caffeine"/><nutrient amount="72.2" name="Water"/><nutrient amount="0.9" name="Ash"/><nutrient amount="132.0" name="Calcium"/><nutrient amount="0.065" name="Copper"/><nutrient amount="0.31" name="Iron"/><nutrient amount="16.0" name="Magnesium"/><nutrient amount="0.039" name="Manganese"/><nutrient amount="126.0" name="Phosphorus"/><nutrient amount="224.0" name="Potassium"/><nutrient amount="1.9" name="Selenium"/><nutrient amount="111.0" name="Sodium"/><nutrient amount="0.48" name="Zinc"/><nutrient amount="67.0" name="Vitamin A"/><nutrient amount="18.0" name="Retinol"/><nutrient amount="0.0" name="Alpha-carotene"/><nutrient amount="4.0" name="Beta-carotene"/><nutrient amount="0.0" name="Beta-cryptoxanthin"/><nutrient amount="0.0" name="Lycopene"/><nutrient amount="0.0" name="Lutein+Zeaxanthin"/><nutrient amount="5.0" name="Folate"/><nutrient amount="0.047" name="B1 (Thiamine)"/><nutrient amount="0.222" name="B2 (Riboflavin)"/><nutrient amount="0.124" name="B3 (Niacin)"/><nutrient amount="0.363" name="B5 (Pantothenic Acid)"/><nutrient amount="0.025" name="B6 (Pyridoxine)"/><nutrient amount="0.32" name="B12 (Cyanocobalamin)"/><nutrient amount="0.0" name="Vitamin C"/><nutrient amount="0.05" name="Vitamin E"/><nutrient amount="0.2" name="Vitamin K"/><nutrient amount="1.681" name="Saturated"/><nutrient amount="0.78" name="Monounsaturated"/><nutrient amount="0.1" name="Polyunsaturated"/><nutrient amount="0.039" name="Omega-3"/><nutrient amount="0.061" name="Omega-6"/><nutrient amount="11.0" name="Cholesterol"/><nutrient amount="0.105" name="ALA"/><nutrient amount="0.11" name="ARG"/><nutrient amount="0.231" name="ASP"/><nutrient amount="0.028" name="CYS"/><nutrient amount="0.639" name="GLU"/><nutrient amount="0.065" name="GLY"/><nutrient amount="0.083" name="HIS"/><nutrient amount="0.185" name="ILE"/><nutrient amount="0.299" name="LEU"/><nutrient amount="0.242" name="LYS"/><nutrient amount="0.076" name="MET"/><nutrient amount="0.147" name="PHE"/><nutrient amount="0.295" name="PRO"/><nutrient amount="0.166" name="SER"/><nutrient amount="0.138" name="THR"/><nutrient amount="0.043" name="TRP"/><nutrient amount="0.147" name="TYR"/><nutrient amount="0.204" name="VAL"/></food>