<food fcf="8.79" pcf="4.27" uid="01118" name="Yogurt, plain, skim milk, 13 grams protein per 8 ounce" ccf="3.87"><measure amount="1.0" grams="245.0" name="cup (8 fl oz)"/><measure amount="1.0" grams="227.0" name="container (8 oz)"/><measure amount="0.5" grams="113.0" name="container (4 oz)"/><nutrient amount="56.0" name="Energy"/><nutrient amount="5.73" name="Protein"/><nutrient amount="0.18" name="Fat"/><nutrient amount="7.68" name="Carbs"/><nutrient amount="7.68" name="Sugars"/><nutrient amount="85.23" name="Water"/><nutrient amount="1.18" name="Ash"/><nutrient amount="199.0" name="Calcium"/><nutrient amount="0.015" name="Copper"/><nutrient amount="0.09" name="Iron"/><nutrient amount="19.0" name="Magnesium"/><nutrient amount="0.0050" name="Manganese"/><nutrient amount="157.0" name="Phosphorus"/><nutrient amount="255.0" name="Potassium"/><nutrient amount="3.6" name="Selenium"/><nutrient amount="77.0" name="Sodium"/><nutrient amount="0.97" name="Zinc"/><nutrient amount="7.0" name="Vitamin A"/><nutrient amount="2.0" name="Retinol"/><nutrient amount="12.0" name="Folate"/><nutrient amount="0.048" name="B1 (Thiamine)"/><nutrient amount="0.234" name="B2 (Riboflavin)"/><nutrient amount="0.124" name="B3 (Niacin)"/><nutrient amount="0.641" name="B5 (Pantothenic Acid)"/><nutrient amount="0.053" name="B6 (Pyridoxine)"/><nutrient amount="0.61" name="B12 (Cyanocobalamin)"/><nutrient amount="0.9" name="Vitamin C"/><nutrient amount="0.2" name="Vitamin K"/><nutrient amount="0.116" name="Saturated"/><nutrient amount="0.049" name="Monounsaturated"/><nutrient amount="0.0050" name="Polyunsaturated"/><nutrient amount="0.0010" name="Omega-3"/><nutrient amount="0.0040" name="Omega-6"/><nutrient amount="2.0" name="Cholesterol"/><nutrient amount="0.245" name="ALA"/><nutrient amount="0.454" name="ASP"/><nutrient amount="0.172" name="ARG"/><nutrient amount="0.052" name="CYS"/><nutrient amount="1.122" name="GLU"/><nutrient amount="0.138" name="GLY"/><nutrient amount="0.142" name="HIS"/><nutrient amount="0.313" name="ILE"/><nutrient amount="0.577" name="LEU"/><nutrient amount="0.514" name="LYS"/><nutrient amount="0.169" name="MET"/><nutrient amount="0.313" name="PHE"/><nutrient amount="0.679" name="PRO"/><nutrient amount="0.355" name="SER"/><nutrient amount="0.235" name="THR"/><nutrient amount="0.032" name="TRP"/><nutrient amount="0.289" name="TYR"/><nutrient amount="0.474" name="VAL"/></food>