<food uid="01114" fcf="8.79" pcf="4.27" name="Whey, sweet, fluid" ccf="3.87"><measure amount="1.0" name="cup" grams="246.0"/><measure amount="1.0" name="quart" grams="984.0"/><nutrient amount="27.0" name="Energy"/><nutrient amount="0.85" name="Protein"/><nutrient amount="5.14" name="Carbs"/><nutrient amount="0.0" name="Fiber"/><nutrient amount="5.14" name="Sugars"/><nutrient amount="0.36" name="Fat"/><nutrient amount="0.0" name="Alcohol"/><nutrient amount="0.0" name="Caffeine"/><nutrient amount="93.12" name="Water"/><nutrient amount="0.53" name="Ash"/><nutrient amount="47.0" name="Calcium"/><nutrient amount="0.0040" name="Copper"/><nutrient amount="0.06" name="Iron"/><nutrient amount="8.0" name="Magnesium"/><nutrient amount="0.0010" name="Manganese"/><nutrient amount="46.0" name="Phosphorus"/><nutrient amount="161.0" name="Potassium"/><nutrient amount="1.9" name="Selenium"/><nutrient amount="54.0" name="Sodium"/><nutrient amount="0.13" name="Zinc"/><nutrient amount="12.0" name="Vitamin A"/><nutrient amount="3.0" name="Retinol"/><nutrient amount="0.0" name="Alpha-carotene"/><nutrient amount="1.0" name="Beta-carotene"/><nutrient amount="0.0" name="Beta-cryptoxanthin"/><nutrient amount="0.0" name="Lycopene"/><nutrient amount="0.0" name="Lutein+Zeaxanthin"/><nutrient amount="1.0" name="Folate"/><nutrient amount="0.036" name="B1 (Thiamine)"/><nutrient amount="0.158" name="B2 (Riboflavin)"/><nutrient amount="0.074" name="B3 (Niacin)"/><nutrient amount="0.383" name="B5 (Pantothenic Acid)"/><nutrient amount="0.031" name="B6 (Pyridoxine)"/><nutrient amount="0.28" name="B12 (Cyanocobalamin)"/><nutrient amount="0.1" name="Vitamin C"/><nutrient amount="0.0" name="Vitamin E"/><nutrient amount="0.0" name="Vitamin K"/><nutrient amount="0.23" name="Saturated"/><nutrient amount="0.1" name="Monounsaturated"/><nutrient amount="0.011" name="Polyunsaturated"/><nutrient amount="0.0030" name="Omega-3"/><nutrient amount="0.0080" name="Omega-6"/><nutrient amount="2.0" name="Cholesterol"/><nutrient amount="0.039" name="ALA"/><nutrient amount="0.025" name="ARG"/><nutrient amount="0.083" name="ASP"/><nutrient amount="0.017" name="CYS"/><nutrient amount="0.148" name="GLU"/><nutrient amount="0.018" name="GLY"/><nutrient amount="0.016" name="HIS"/><nutrient amount="0.047" name="ILE"/><nutrient amount="0.078" name="LEU"/><nutrient amount="0.068" name="LYS"/><nutrient amount="0.016" name="MET"/><nutrient amount="0.027" name="PHE"/><nutrient amount="0.052" name="PRO"/><nutrient amount="0.041" name="SER"/><nutrient amount="0.054" name="THR"/><nutrient amount="0.013" name="TRP"/><nutrient amount="0.024" name="TYR"/><nutrient amount="0.046" name="VAL"/></food>