<food uid="01116" fcf="8.79" pcf="4.27" name="Yogurt, plain, whole milk, 8 grams protein per 8 ounce" ccf="3.87"><measure amount="1.0" name="cup (8 fl oz)" grams="245.0"/><measure amount="1.0" name="container (8 oz)" grams="227.0"/><measure amount="0.5" name="container (4 oz)" grams="113.0"/><nutrient amount="61.0" name="Energy"/><nutrient amount="3.47" name="Protein"/><nutrient amount="4.66" name="Carbs"/><nutrient amount="0.0" name="Fiber"/><nutrient amount="4.66" name="Sugars"/><nutrient amount="3.25" name="Fat"/><nutrient amount="0.0" name="Alcohol"/><nutrient amount="0.0" name="Caffeine"/><nutrient amount="87.9" name="Water"/><nutrient amount="0.72" name="Ash"/><nutrient amount="121.0" name="Calcium"/><nutrient amount="0.0090" name="Copper"/><nutrient amount="12.0" name="Fluoride"/><nutrient amount="0.05" name="Iron"/><nutrient amount="12.0" name="Magnesium"/><nutrient amount="0.0040" name="Manganese"/><nutrient amount="95.0" name="Phosphorus"/><nutrient amount="155.0" name="Potassium"/><nutrient amount="2.2" name="Selenium"/><nutrient amount="46.0" name="Sodium"/><nutrient amount="0.59" name="Zinc"/><nutrient amount="99.0" name="Vitamin A"/><nutrient amount="27.0" name="Retinol"/><nutrient amount="0.0" name="Alpha-carotene"/><nutrient amount="5.0" name="Beta-carotene"/><nutrient amount="0.0" name="Beta-cryptoxanthin"/><nutrient amount="0.0" name="Lycopene"/><nutrient amount="0.0" name="Lutein+Zeaxanthin"/><nutrient amount="7.0" name="Folate"/><nutrient amount="0.029" name="B1 (Thiamine)"/><nutrient amount="0.142" name="B2 (Riboflavin)"/><nutrient amount="0.075" name="B3 (Niacin)"/><nutrient amount="0.389" name="B5 (Pantothenic Acid)"/><nutrient amount="0.032" name="B6 (Pyridoxine)"/><nutrient amount="0.37" name="B12 (Cyanocobalamin)"/><nutrient amount="0.5" name="Vitamin C"/><nutrient amount="0.06" name="Vitamin E"/><nutrient amount="0.2" name="Vitamin K"/><nutrient amount="2.096" name="Saturated"/><nutrient amount="0.893" name="Monounsaturated"/><nutrient amount="0.092" name="Polyunsaturated"/><nutrient amount="0.027" name="Omega-3"/><nutrient amount="0.065" name="Omega-6"/><nutrient amount="13.0" name="Cholesterol"/><nutrient amount="0.148" name="ALA"/><nutrient amount="0.104" name="ARG"/><nutrient amount="0.275" name="ASP"/><nutrient amount="0.032" name="CYS"/><nutrient amount="0.679" name="GLU"/><nutrient amount="0.084" name="GLY"/><nutrient amount="0.086" name="HIS"/><nutrient amount="0.189" name="ILE"/><nutrient amount="0.35" name="LEU"/><nutrient amount="0.311" name="LYS"/><nutrient amount="0.102" name="MET"/><nutrient amount="0.189" name="PHE"/><nutrient amount="0.411" name="PRO"/><nutrient amount="0.215" name="SER"/><nutrient amount="0.142" name="THR"/><nutrient amount="0.02" name="TRP"/><nutrient amount="0.175" name="TYR"/><nutrient amount="0.287" name="VAL"/></food>