<food fcf="9.02" pcf="4.36" uid="01125" name="Egg, yolk, raw, fresh" ccf="3.68"><measure amount="1.0" grams="243.0" name="cup"/><measure amount="1.0" grams="17.0" name="large"/><nutrient amount="322.0" name="Energy"/><nutrient amount="15.86" name="Protein"/><nutrient amount="26.54" name="Fat"/><nutrient amount="3.59" name="Carbs"/><nutrient amount="0.56" name="Sugars"/><nutrient amount="52.31" name="Water"/><nutrient amount="1.71" name="Ash"/><nutrient amount="129.0" name="Calcium"/><nutrient amount="0.077" name="Copper"/><nutrient amount="2.73" name="Iron"/><nutrient amount="5.0" name="Magnesium"/><nutrient amount="0.055" name="Manganese"/><nutrient amount="390.0" name="Phosphorus"/><nutrient amount="109.0" name="Potassium"/><nutrient amount="56.0" name="Selenium"/><nutrient amount="48.0" name="Sodium"/><nutrient amount="2.3" name="Zinc"/><nutrient amount="1442.0" name="Vitamin A"/><nutrient amount="371.0" name="Retinol"/><nutrient amount="38.0" name="Alpha-carotene"/><nutrient amount="88.0" name="Beta-carotene"/><nutrient amount="33.0" name="Beta-cryptoxanthin"/><nutrient amount="1094.0" name="Lutein+Zeaxanthin"/><nutrient amount="146.0" name="Folate"/><nutrient amount="0.176" name="B1 (Thiamine)"/><nutrient amount="0.528" name="B2 (Riboflavin)"/><nutrient amount="0.024" name="B3 (Niacin)"/><nutrient amount="2.99" name="B5 (Pantothenic Acid)"/><nutrient amount="0.35" name="B6 (Pyridoxine)"/><nutrient amount="1.95" name="B12 (Cyanocobalamin)"/><nutrient amount="107.0" name="Vitamin D"/><nutrient amount="2.58" name="Vitamin E"/><nutrient amount="0.05" name="Beta Tocopherol"/><nutrient amount="0.06" name="Delta Tocopherol"/><nutrient amount="1.33" name="Gamma Tocopherol"/><nutrient amount="0.7" name="Vitamin K"/><nutrient amount="9.551" name="Saturated"/><nutrient amount="11.738" name="Monounsaturated"/><nutrient amount="4.204" name="Polyunsaturated"/><nutrient amount="0.228" name="Omega-3"/><nutrient amount="3.976" name="Omega-6"/><nutrient amount="1234.0" name="Cholesterol"/><nutrient amount="0.836" name="ALA"/><nutrient amount="1.55" name="ASP"/><nutrient amount="1.099" name="ARG"/><nutrient amount="0.264" name="CYS"/><nutrient amount="1.97" name="GLU"/><nutrient amount="0.488" name="GLY"/><nutrient amount="0.416" name="HIS"/><nutrient amount="0.866" name="ILE"/><nutrient amount="1.399" name="LEU"/><nutrient amount="1.217" name="LYS"/><nutrient amount="0.378" name="MET"/><nutrient amount="0.681" name="PHE"/><nutrient amount="0.646" name="PRO"/><nutrient amount="1.326" name="SER"/><nutrient amount="0.687" name="THR"/><nutrient amount="0.177" name="TRP"/><nutrient amount="0.678" name="TYR"/><nutrient amount="0.949" name="VAL"/></food>