<food fcf="8.79" pcf="4.27" uid="01122" name="Yogurt, fruit, low fat, 11 grams protein per 8 ounce" ccf="3.87"><measure amount="1.0" grams="227.0" name="container (8 oz)"/><measure amount="0.5" grams="113.0" name="container (4 oz)"/><nutrient amount="105.0" name="Energy"/><nutrient amount="4.86" name="Protein"/><nutrient amount="1.41" name="Fat"/><nutrient amount="18.6" name="Carbs"/><nutrient amount="74.1" name="Water"/><nutrient amount="1.03" name="Ash"/><nutrient amount="169.0" name="Calcium"/><nutrient amount="0.08" name="Copper"/><nutrient amount="9.0" name="Fluoride"/><nutrient amount="0.07" name="Iron"/><nutrient amount="16.0" name="Magnesium"/><nutrient amount="0.065" name="Manganese"/><nutrient amount="133.0" name="Phosphorus"/><nutrient amount="216.0" name="Potassium"/><nutrient amount="3.1" name="Selenium"/><nutrient amount="65.0" name="Sodium"/><nutrient amount="0.82" name="Zinc"/><nutrient amount="60.0" name="Vitamin A"/><nutrient amount="10.0" name="Folate"/><nutrient amount="0.041" name="B1 (Thiamine)"/><nutrient amount="0.198" name="B2 (Riboflavin)"/><nutrient amount="0.105" name="B3 (Niacin)"/><nutrient amount="0.544" name="B5 (Pantothenic Acid)"/><nutrient amount="0.045" name="B6 (Pyridoxine)"/><nutrient amount="0.52" name="B12 (Cyanocobalamin)"/><nutrient amount="0.7" name="Vitamin C"/><nutrient amount="0.909" name="Saturated"/><nutrient amount="0.387" name="Monounsaturated"/><nutrient amount="0.04" name="Polyunsaturated"/><nutrient amount="0.012" name="Omega-3"/><nutrient amount="0.028" name="Omega-6"/><nutrient amount="6.0" name="Cholesterol"/><nutrient amount="0.208" name="ALA"/><nutrient amount="0.385" name="ASP"/><nutrient amount="0.146" name="ARG"/><nutrient amount="0.044" name="CYS"/><nutrient amount="0.951" name="GLU"/><nutrient amount="0.117" name="GLY"/><nutrient amount="0.12" name="HIS"/><nutrient amount="0.265" name="ILE"/><nutrient amount="0.49" name="LEU"/><nutrient amount="0.436" name="LYS"/><nutrient amount="0.143" name="MET"/><nutrient amount="0.265" name="PHE"/><nutrient amount="0.576" name="PRO"/><nutrient amount="0.301" name="SER"/><nutrient amount="0.2" name="THR"/><nutrient amount="0.027" name="TRP"/><nutrient amount="0.245" name="TYR"/><nutrient amount="0.402" name="VAL"/></food>