<food fcf="9.02" pcf="4.36" uid="01127" name="Egg, yolk, raw, frozen, sugared" ccf="3.68"><measure amount="0.5" grams="227.0" name="lb"/><nutrient amount="307.0" name="Energy"/><nutrient amount="13.8" name="Protein"/><nutrient amount="22.75" name="Fat"/><nutrient amount="10.8" name="Carbs"/><nutrient amount="51.25" name="Water"/><nutrient amount="1.4" name="Ash"/><nutrient amount="123.0" name="Calcium"/><nutrient amount="0.012" name="Copper"/><nutrient amount="3.14" name="Iron"/><nutrient amount="10.0" name="Magnesium"/><nutrient amount="0.059" name="Manganese"/><nutrient amount="384.0" name="Phosphorus"/><nutrient amount="103.0" name="Potassium"/><nutrient amount="37.7" name="Selenium"/><nutrient amount="67.0" name="Sodium"/><nutrient amount="2.81" name="Zinc"/><nutrient amount="1315.0" name="Vitamin A"/><nutrient amount="395.0" name="Retinol"/><nutrient amount="139.0" name="Folate"/><nutrient amount="0.135" name="B1 (Thiamine)"/><nutrient amount="0.53" name="B2 (Riboflavin)"/><nutrient amount="0.023" name="B3 (Niacin)"/><nutrient amount="3.2" name="B5 (Pantothenic Acid)"/><nutrient amount="0.284" name="B6 (Pyridoxine)"/><nutrient amount="1.77" name="B12 (Cyanocobalamin)"/><nutrient amount="6.97" name="Saturated"/><nutrient amount="8.614" name="Monounsaturated"/><nutrient amount="3.244" name="Polyunsaturated"/><nutrient amount="0.259" name="Omega-3"/><nutrient amount="2.962" name="Omega-6"/><nutrient amount="959.0" name="Cholesterol"/><nutrient amount="0.709" name="ALA"/><nutrient amount="1.349" name="ASP"/><nutrient amount="0.985" name="ARG"/><nutrient amount="0.247" name="CYS"/><nutrient amount="1.749" name="GLU"/><nutrient amount="0.426" name="GLY"/><nutrient amount="0.358" name="HIS"/><nutrient amount="0.698" name="ILE"/><nutrient amount="1.212" name="LEU"/><nutrient amount="1.095" name="LYS"/><nutrient amount="0.342" name="MET"/><nutrient amount="0.59" name="PHE"/><nutrient amount="0.576" name="PRO"/><nutrient amount="1.179" name="SER"/><nutrient amount="0.733" name="THR"/><nutrient amount="0.161" name="TRP"/><nutrient amount="0.614" name="TYR"/><nutrient amount="0.768" name="VAL"/></food>