<food uid="01128" fcf="9.0" pcf="4.0" name="Egg, whole, cooked, fried" ccf="4.0"><measure amount="1.0" name="large" grams="46.0"/><nutrient amount="196.0" name="Energy"/><nutrient amount="13.63" name="Protein"/><nutrient amount="0.88" name="Carbs"/><nutrient amount="0.0" name="Fiber"/><nutrient amount="0.83" name="Sugars"/><nutrient amount="15.31" name="Fat"/><nutrient amount="0.0" name="Alcohol"/><nutrient amount="0.0" name="Caffeine"/><nutrient amount="69.13" name="Water"/><nutrient amount="1.05" name="Ash"/><nutrient amount="59.0" name="Calcium"/><nutrient amount="0.111" name="Copper"/><nutrient amount="4.8" name="Fluoride"/><nutrient amount="1.98" name="Iron"/><nutrient amount="13.0" name="Magnesium"/><nutrient amount="0.041" name="Manganese"/><nutrient amount="208.0" name="Phosphorus"/><nutrient amount="147.0" name="Potassium"/><nutrient amount="34.2" name="Selenium"/><nutrient amount="204.0" name="Sodium"/><nutrient amount="1.2" name="Zinc"/><nutrient amount="729.0" name="Vitamin A"/><nutrient amount="193.0" name="Retinol"/><nutrient amount="0.0" name="Alpha-carotene"/><nutrient amount="46.0" name="Beta-carotene"/><nutrient amount="10.0" name="Beta-cryptoxanthin"/><nutrient amount="0.0" name="Lycopene"/><nutrient amount="358.0" name="Lutein+Zeaxanthin"/><nutrient amount="51.0" name="Folate"/><nutrient amount="0.075" name="B1 (Thiamine)"/><nutrient amount="0.518" name="B2 (Riboflavin)"/><nutrient amount="0.077" name="B3 (Niacin)"/><nutrient amount="1.558" name="B5 (Pantothenic Acid)"/><nutrient amount="0.155" name="B6 (Pyridoxine)"/><nutrient amount="1.39" name="B12 (Cyanocobalamin)"/><nutrient amount="0.0" name="Vitamin C"/><nutrient amount="37.0" name="Vitamin D"/><nutrient amount="1.22" name="Vitamin E"/><nutrient amount="0.02" name="Beta Tocopherol"/><nutrient amount="0.02" name="Delta Tocopherol"/><nutrient amount="0.54" name="Gamma Tocopherol"/><nutrient amount="5.6" name="Vitamin K"/><nutrient amount="4.294" name="Saturated"/><nutrient amount="6.346" name="Monounsaturated"/><nutrient amount="2.66" name="Polyunsaturated"/><nutrient amount="0.16499999999999998" name="Omega-3"/><nutrient amount="2.342" name="Omega-6"/><nutrient amount="457.0" name="Cholesterol"/><nutrient amount="8.0" name="Phytosterol"/><nutrient amount="0.794" name="ALA"/><nutrient amount="0.887" name="ARG"/><nutrient amount="1.436" name="ASP"/><nutrient amount="0.294" name="CYS"/><nutrient amount="1.809" name="GLU"/><nutrient amount="0.467" name="GLY"/><nutrient amount="0.334" name="HIS"/><nutrient amount="0.726" name="ILE"/><nutrient amount="1.174" name="LEU"/><nutrient amount="0.986" name="LYS"/><nutrient amount="0.41" name="MET"/><nutrient amount="0.735" name="PHE"/><nutrient amount="0.554" name="PRO"/><nutrient amount="1.05" name="SER"/><nutrient amount="0.601" name="THR"/><nutrient amount="0.18" name="TRP"/><nutrient amount="0.539" name="TYR"/><nutrient amount="0.928" name="VAL"/></food>