<food fcf="9.02" pcf="4.36" uid="01126" name="Egg, yolk, raw, frozen" ccf="3.68"><measure amount="0.5" grams="227.0" name="lb"/><nutrient amount="303.0" name="Energy"/><nutrient amount="15.5" name="Protein"/><nutrient amount="25.6" name="Fat"/><nutrient amount="1.15" name="Carbs"/><nutrient amount="0.51" name="Sugars"/><nutrient amount="56.2" name="Water"/><nutrient amount="1.55" name="Ash"/><nutrient amount="138.0" name="Calcium"/><nutrient amount="0.024" name="Copper"/><nutrient amount="3.34" name="Iron"/><nutrient amount="9.0" name="Magnesium"/><nutrient amount="0.062" name="Manganese"/><nutrient amount="417.0" name="Phosphorus"/><nutrient amount="118.0" name="Potassium"/><nutrient amount="41.8" name="Selenium"/><nutrient amount="67.0" name="Sodium"/><nutrient amount="2.88" name="Zinc"/><nutrient amount="1609.0" name="Vitamin A"/><nutrient amount="423.0" name="Retinol"/><nutrient amount="36.0" name="Alpha-carotene"/><nutrient amount="85.0" name="Beta-carotene"/><nutrient amount="32.0" name="Beta-cryptoxanthin"/><nutrient amount="1055.0" name="Lutein+Zeaxanthin"/><nutrient amount="116.0" name="Folate"/><nutrient amount="0.155" name="B1 (Thiamine)"/><nutrient amount="0.52" name="B2 (Riboflavin)"/><nutrient amount="0.045" name="B3 (Niacin)"/><nutrient amount="3.53" name="B5 (Pantothenic Acid)"/><nutrient amount="0.345" name="B6 (Pyridoxine)"/><nutrient amount="1.82" name="B12 (Cyanocobalamin)"/><nutrient amount="2.49" name="Vitamin E"/><nutrient amount="0.7" name="Vitamin K"/><nutrient amount="7.82" name="Saturated"/><nutrient amount="9.747" name="Monounsaturated"/><nutrient amount="3.628" name="Polyunsaturated"/><nutrient amount="0.222" name="Omega-3"/><nutrient amount="3.37" name="Omega-6"/><nutrient amount="1075.0" name="Cholesterol"/><nutrient amount="0.796" name="ALA"/><nutrient amount="1.515" name="ASP"/><nutrient amount="1.106" name="ARG"/><nutrient amount="0.278" name="CYS"/><nutrient amount="1.964" name="GLU"/><nutrient amount="0.479" name="GLY"/><nutrient amount="0.402" name="HIS"/><nutrient amount="0.784" name="ILE"/><nutrient amount="1.362" name="LEU"/><nutrient amount="1.23" name="LYS"/><nutrient amount="0.384" name="MET"/><nutrient amount="0.662" name="PHE"/><nutrient amount="0.647" name="PRO"/><nutrient amount="1.324" name="SER"/><nutrient amount="0.823" name="THR"/><nutrient amount="0.181" name="TRP"/><nutrient amount="0.689" name="TYR"/><nutrient amount="0.863" name="VAL"/></food>