<food fcf="8.79" pcf="4.27" uid="01121" name="Yogurt, fruit, low fat, 10 grams protein per 8 ounce" ccf="3.87"><measure amount="1.0" grams="245.0" name="cup (8 fl oz)"/><measure amount="1.0" grams="170.0" name="container (6 oz)"/><measure amount="1.0" grams="227.0" name="container (8 oz)"/><measure amount="1.0" grams="116.0" name="container, Dannon Sprinkl'ins (4.1 oz)"/><measure amount="0.5" grams="113.0" name="container (4 oz)"/><nutrient amount="102.0" name="Energy"/><nutrient amount="4.37" name="Protein"/><nutrient amount="1.08" name="Fat"/><nutrient amount="19.05" name="Carbs"/><nutrient amount="19.05" name="Sugars"/><nutrient amount="74.48" name="Water"/><nutrient amount="1.02" name="Ash"/><nutrient amount="152.0" name="Calcium"/><nutrient amount="0.08" name="Copper"/><nutrient amount="0.07" name="Iron"/><nutrient amount="15.0" name="Magnesium"/><nutrient amount="0.065" name="Manganese"/><nutrient amount="119.0" name="Phosphorus"/><nutrient amount="195.0" name="Potassium"/><nutrient amount="3.1" name="Selenium"/><nutrient amount="58.0" name="Sodium"/><nutrient amount="0.74" name="Zinc"/><nutrient amount="36.0" name="Vitamin A"/><nutrient amount="10.0" name="Retinol"/><nutrient amount="2.0" name="Beta-carotene"/><nutrient amount="9.0" name="Folate"/><nutrient amount="0.037" name="B1 (Thiamine)"/><nutrient amount="0.178" name="B2 (Riboflavin)"/><nutrient amount="0.095" name="B3 (Niacin)"/><nutrient amount="0.489" name="B5 (Pantothenic Acid)"/><nutrient amount="0.04" name="B6 (Pyridoxine)"/><nutrient amount="0.47" name="B12 (Cyanocobalamin)"/><nutrient amount="0.7" name="Vitamin C"/><nutrient amount="0.02" name="Vitamin E"/><nutrient amount="0.1" name="Vitamin K"/><nutrient amount="0.697" name="Saturated"/><nutrient amount="0.297" name="Monounsaturated"/><nutrient amount="0.031" name="Polyunsaturated"/><nutrient amount="0.0090" name="Omega-3"/><nutrient amount="0.022" name="Omega-6"/><nutrient amount="4.0" name="Cholesterol"/><nutrient amount="0.187" name="ALA"/><nutrient amount="0.347" name="ASP"/><nutrient amount="0.132" name="ARG"/><nutrient amount="0.04" name="CYS"/><nutrient amount="0.856" name="GLU"/><nutrient amount="0.105" name="GLY"/><nutrient amount="0.108" name="HIS"/><nutrient amount="0.238" name="ILE"/><nutrient amount="0.44" name="LEU"/><nutrient amount="0.392" name="LYS"/><nutrient amount="0.129" name="MET"/><nutrient amount="0.238" name="PHE"/><nutrient amount="0.518" name="PRO"/><nutrient amount="0.271" name="SER"/><nutrient amount="0.179" name="THR"/><nutrient amount="0.025" name="TRP"/><nutrient amount="0.221" name="TYR"/><nutrient amount="0.362" name="VAL"/></food>