<food fcf="9.02" pcf="4.36" uid="01133" name="Egg, whole, dried" ccf="3.68"><measure amount="1.0" grams="85.0" name="cup, sifted"/><measure amount="1.0" grams="5.0" name="tbsp"/><nutrient amount="594.0" name="Energy"/><nutrient amount="47.35" name="Protein"/><nutrient amount="40.95" name="Fat"/><nutrient amount="4.95" name="Carbs"/><nutrient amount="3.08" name="Sugars"/><nutrient amount="3.1" name="Water"/><nutrient amount="3.65" name="Ash"/><nutrient amount="231.0" name="Calcium"/><nutrient amount="0.196" name="Copper"/><nutrient amount="6.79" name="Iron"/><nutrient amount="42.0" name="Magnesium"/><nutrient amount="0.125" name="Manganese"/><nutrient amount="831.0" name="Phosphorus"/><nutrient amount="493.0" name="Potassium"/><nutrient amount="119.6" name="Selenium"/><nutrient amount="523.0" name="Sodium"/><nutrient amount="5.28" name="Zinc"/><nutrient amount="997.0" name="Vitamin A"/><nutrient amount="270.0" name="Retinol"/><nutrient amount="41.0" name="Beta-carotene"/><nutrient amount="36.0" name="Beta-cryptoxanthin"/><nutrient amount="1329.0" name="Lutein+Zeaxanthin"/><nutrient amount="171.0" name="Folate"/><nutrient amount="0.195" name="B1 (Thiamine)"/><nutrient amount="1.54" name="B2 (Riboflavin)"/><nutrient amount="0.305" name="B3 (Niacin)"/><nutrient amount="5.905" name="B5 (Pantothenic Acid)"/><nutrient amount="0.388" name="B6 (Pyridoxine)"/><nutrient amount="3.95" name="B12 (Cyanocobalamin)"/><nutrient amount="188.0" name="Vitamin D"/><nutrient amount="3.88" name="Vitamin E"/><nutrient amount="1.2" name="Vitamin K"/><nutrient amount="12.727" name="Saturated"/><nutrient amount="15.337" name="Monounsaturated"/><nutrient amount="5.804" name="Polyunsaturated"/><nutrient amount="0.565" name="Omega-3"/><nutrient amount="5.183" name="Omega-6"/><nutrient amount="1715.0" name="Cholesterol"/><nutrient amount="2.636" name="ALA"/><nutrient amount="4.758" name="ASP"/><nutrient amount="2.841" name="ARG"/><nutrient amount="1.099" name="CYS"/><nutrient amount="6.19" name="GLU"/><nutrient amount="1.591" name="GLY"/><nutrient amount="1.121" name="HIS"/><nutrient amount="2.583" name="ILE"/><nutrient amount="4.046" name="LEU"/><nutrient amount="3.402" name="LYS"/><nutrient amount="1.477" name="MET"/><nutrient amount="2.515" name="PHE"/><nutrient amount="1.886" name="PRO"/><nutrient amount="3.523" name="SER"/><nutrient amount="2.273" name="THR"/><nutrient amount="0.576" name="TRP"/><nutrient amount="1.932" name="TYR"/><nutrient amount="2.886" name="VAL"/></food>