<food fcf="9.02" pcf="4.36" uid="01135" name="Egg, white, dried, flakes, glucose reduced" ccf="3.68"><measure amount="0.5" grams="227.0" name="lb"/><nutrient amount="351.0" name="Energy"/><nutrient amount="76.92" name="Protein"/><nutrient amount="0.04" name="Fat"/><nutrient amount="4.17" name="Carbs"/><nutrient amount="4.17" name="Sugars"/><nutrient amount="14.62" name="Water"/><nutrient amount="4.25" name="Ash"/><nutrient amount="83.0" name="Calcium"/><nutrient amount="0.23" name="Copper"/><nutrient amount="0.23" name="Iron"/><nutrient amount="67.0" name="Magnesium"/><nutrient amount="0.07" name="Manganese"/><nutrient amount="83.0" name="Phosphorus"/><nutrient amount="1042.0" name="Potassium"/><nutrient amount="116.8" name="Selenium"/><nutrient amount="1156.0" name="Sodium"/><nutrient amount="0.15" name="Zinc"/><nutrient amount="89.0" name="Folate"/><nutrient amount="0.035" name="B1 (Thiamine)"/><nutrient amount="2.162" name="B2 (Riboflavin)"/><nutrient amount="0.675" name="B3 (Niacin)"/><nutrient amount="1.829" name="B5 (Pantothenic Acid)"/><nutrient amount="0.023" name="B6 (Pyridoxine)"/><nutrient amount="0.49" name="B12 (Cyanocobalamin)"/><nutrient amount="4.96" name="ALA"/><nutrient amount="6.806" name="ASP"/><nutrient amount="4.492" name="ARG"/><nutrient amount="1.908" name="CYS"/><nutrient amount="10.732" name="GLU"/><nutrient amount="2.88" name="GLY"/><nutrient amount="1.748" name="HIS"/><nutrient amount="4.689" name="ILE"/><nutrient amount="6.695" name="LEU"/><nutrient amount="4.738" name="LYS"/><nutrient amount="2.991" name="MET"/><nutrient amount="4.837" name="PHE"/><nutrient amount="2.892" name="PRO"/><nutrient amount="5.674" name="SER"/><nutrient amount="3.421" name="THR"/><nutrient amount="1.181" name="TRP"/><nutrient amount="3.089" name="TYR"/><nutrient amount="5.76" name="VAL"/></food>