<food uid="01137" fcf="9.02" pcf="4.36" name="Egg, yolk, dried" ccf="3.68"><measure amount="1.0" name="cup, sifted" grams="67.0"/><measure amount="1.0" name="tbsp" grams="4.0"/><nutrient amount="666.0" name="Energy"/><nutrient amount="34.25" name="Protein"/><nutrient amount="3.6" name="Carbs"/><nutrient amount="0.0" name="Fiber"/><nutrient amount="3.6" name="Sugars"/><nutrient amount="55.8" name="Fat"/><nutrient amount="0.0" name="Alcohol"/><nutrient amount="0.0" name="Caffeine"/><nutrient amount="2.95" name="Water"/><nutrient amount="3.4" name="Ash"/><nutrient amount="284.0" name="Calcium"/><nutrient amount="0.012" name="Copper"/><nutrient amount="5.42" name="Iron"/><nutrient amount="13.0" name="Magnesium"/><nutrient amount="0.119" name="Manganese"/><nutrient amount="920.0" name="Phosphorus"/><nutrient amount="244.0" name="Potassium"/><nutrient amount="86.8" name="Selenium"/><nutrient amount="135.0" name="Sodium"/><nutrient amount="4.93" name="Zinc"/><nutrient amount="1751.0" name="Vitamin A"/><nutrient amount="395.0" name="Retinol"/><nutrient amount="79.0" name="Alpha-carotene"/><nutrient amount="186.0" name="Beta-carotene"/><nutrient amount="70.0" name="Beta-cryptoxanthin"/><nutrient amount="0.0" name="Lycopene"/><nutrient amount="2299.0" name="Lutein+Zeaxanthin"/><nutrient amount="244.0" name="Folate"/><nutrient amount="0.29" name="B1 (Thiamine)"/><nutrient amount="1.88" name="B2 (Riboflavin)"/><nutrient amount="0.095" name="B3 (Niacin)"/><nutrient amount="7.765" name="B5 (Pantothenic Acid)"/><nutrient amount="0.66" name="B6 (Pyridoxine)"/><nutrient amount="5.33" name="B12 (Cyanocobalamin)"/><nutrient amount="0.0" name="Vitamin C"/><nutrient amount="5.42" name="Vitamin E"/><nutrient amount="1.5" name="Vitamin K"/><nutrient amount="17.154" name="Saturated"/><nutrient amount="21.129" name="Monounsaturated"/><nutrient amount="7.895" name="Polyunsaturated"/><nutrient amount="0.5680000000000001" name="Omega-3"/><nutrient amount="6.423" name="Omega-6"/><nutrient amount="2335.0" name="Cholesterol"/><nutrient amount="1.759" name="ALA"/><nutrient amount="2.444" name="ARG"/><nutrient amount="3.348" name="ASP"/><nutrient amount="0.614" name="CYS"/><nutrient amount="4.34" name="GLU"/><nutrient amount="1.058" name="GLY"/><nutrient amount="0.888" name="HIS"/><nutrient amount="1.732" name="ILE"/><nutrient amount="3.009" name="LEU"/><nutrient amount="2.718" name="LYS"/><nutrient amount="0.849" name="MET"/><nutrient amount="1.463" name="PHE"/><nutrient amount="1.43" name="PRO"/><nutrient amount="2.926" name="SER"/><nutrient amount="1.819" name="THR"/><nutrient amount="0.4" name="TRP"/><nutrient amount="1.523" name="TYR"/><nutrient amount="1.907" name="VAL"/></food>