<food uid="01138" fcf="9.02" pcf="4.36" name="Egg, duck, whole, fresh, raw" ccf="3.68"><measure amount="1.0" name="egg" grams="70.0"/><nutrient amount="185.0" name="Energy"/><nutrient amount="12.81" name="Protein"/><nutrient amount="1.45" name="Carbs"/><nutrient amount="0.0" name="Fiber"/><nutrient amount="0.93" name="Sugars"/><nutrient amount="13.77" name="Fat"/><nutrient amount="0.0" name="Alcohol"/><nutrient amount="0.0" name="Caffeine"/><nutrient amount="70.83" name="Water"/><nutrient amount="1.14" name="Ash"/><nutrient amount="64.0" name="Calcium"/><nutrient amount="0.062" name="Copper"/><nutrient amount="3.85" name="Iron"/><nutrient amount="17.0" name="Magnesium"/><nutrient amount="0.038" name="Manganese"/><nutrient amount="220.0" name="Phosphorus"/><nutrient amount="222.0" name="Potassium"/><nutrient amount="36.4" name="Selenium"/><nutrient amount="146.0" name="Sodium"/><nutrient amount="1.41" name="Zinc"/><nutrient amount="674.0" name="Vitamin A"/><nutrient amount="192.0" name="Retinol"/><nutrient amount="0.0" name="Alpha-carotene"/><nutrient amount="14.0" name="Beta-carotene"/><nutrient amount="12.0" name="Beta-cryptoxanthin"/><nutrient amount="0.0" name="Lycopene"/><nutrient amount="459.0" name="Lutein+Zeaxanthin"/><nutrient amount="80.0" name="Folate"/><nutrient amount="0.156" name="B1 (Thiamine)"/><nutrient amount="0.404" name="B2 (Riboflavin)"/><nutrient amount="0.2" name="B3 (Niacin)"/><nutrient amount="1.862" name="B5 (Pantothenic Acid)"/><nutrient amount="0.25" name="B6 (Pyridoxine)"/><nutrient amount="5.4" name="B12 (Cyanocobalamin)"/><nutrient amount="0.0" name="Vitamin C"/><nutrient amount="1.34" name="Vitamin E"/><nutrient amount="0.4" name="Vitamin K"/><nutrient amount="3.681" name="Saturated"/><nutrient amount="6.525" name="Monounsaturated"/><nutrient amount="1.223" name="Polyunsaturated"/><nutrient amount="0.102" name="Omega-3"/><nutrient amount="0.558" name="Omega-6"/><nutrient amount="884.0" name="Cholesterol"/><nutrient amount="0.631" name="ALA"/><nutrient amount="0.765" name="ARG"/><nutrient amount="0.777" name="ASP"/><nutrient amount="0.285" name="CYS"/><nutrient amount="1.789" name="GLU"/><nutrient amount="0.422" name="GLY"/><nutrient amount="0.32" name="HIS"/><nutrient amount="0.598" name="ILE"/><nutrient amount="1.097" name="LEU"/><nutrient amount="0.951" name="LYS"/><nutrient amount="0.576" name="MET"/><nutrient amount="0.84" name="PHE"/><nutrient amount="0.48" name="PRO"/><nutrient amount="0.963" name="SER"/><nutrient amount="0.736" name="THR"/><nutrient amount="0.26" name="TRP"/><nutrient amount="0.613" name="TYR"/><nutrient amount="0.885" name="VAL"/></food>