<food fcf="9.02" pcf="4.36" uid="01130" name="Egg, whole, cooked, omelet" ccf="3.68"><measure amount="1.0" grams="15.0" name="tbsp"/><measure amount="1.0" grams="61.0" name="large"/><nutrient amount="157.0" name="Energy"/><nutrient amount="10.62" name="Protein"/><nutrient amount="12.02" name="Fat"/><nutrient amount="0.69" name="Carbs"/><nutrient amount="0.65" name="Sugars"/><nutrient amount="75.83" name="Water"/><nutrient amount="0.84" name="Ash"/><nutrient amount="47.0" name="Calcium"/><nutrient amount="0.088" name="Copper"/><nutrient amount="4.8" name="Fluoride"/><nutrient amount="1.54" name="Iron"/><nutrient amount="10.0" name="Magnesium"/><nutrient amount="0.032" name="Manganese"/><nutrient amount="162.0" name="Phosphorus"/><nutrient amount="114.0" name="Potassium"/><nutrient amount="26.7" name="Selenium"/><nutrient amount="161.0" name="Sodium"/><nutrient amount="0.93" name="Zinc"/><nutrient amount="572.0" name="Vitamin A"/><nutrient amount="152.0" name="Retinol"/><nutrient amount="36.0" name="Beta-carotene"/><nutrient amount="8.0" name="Beta-cryptoxanthin"/><nutrient amount="279.0" name="Lutein+Zeaxanthin"/><nutrient amount="39.0" name="Folate"/><nutrient amount="0.058" name="B1 (Thiamine)"/><nutrient amount="0.404" name="B2 (Riboflavin)"/><nutrient amount="0.06" name="B3 (Niacin)"/><nutrient amount="1.213" name="B5 (Pantothenic Acid)"/><nutrient amount="0.121" name="B6 (Pyridoxine)"/><nutrient amount="1.09" name="B12 (Cyanocobalamin)"/><nutrient amount="29.0" name="Vitamin D"/><nutrient amount="0.95" name="Vitamin E"/><nutrient amount="0.02" name="Beta Tocopherol"/><nutrient amount="0.02" name="Delta Tocopherol"/><nutrient amount="0.42" name="Gamma Tocopherol"/><nutrient amount="4.5" name="Vitamin K"/><nutrient amount="3.365" name="Saturated"/><nutrient amount="4.99" name="Monounsaturated"/><nutrient amount="2.097" name="Polyunsaturated"/><nutrient amount="0.13" name="Omega-3"/><nutrient amount="1.966" name="Omega-6"/><nutrient amount="356.0" name="Cholesterol"/><nutrient amount="7.0" name="Phytosterol"/><nutrient amount="0.619" name="ALA"/><nutrient amount="1.119" name="ASP"/><nutrient amount="0.691" name="ARG"/><nutrient amount="0.229" name="CYS"/><nutrient amount="1.409" name="GLU"/><nutrient amount="0.363" name="GLY"/><nutrient amount="0.26" name="HIS"/><nutrient amount="0.565" name="ILE"/><nutrient amount="0.915" name="LEU"/><nutrient amount="0.768" name="LYS"/><nutrient amount="0.32" name="MET"/><nutrient amount="0.572" name="PHE"/><nutrient amount="0.431" name="PRO"/><nutrient amount="0.818" name="SER"/><nutrient amount="0.468" name="THR"/><nutrient amount="0.14" name="TRP"/><nutrient amount="0.42" name="TYR"/><nutrient amount="0.723" name="VAL"/></food>