<food uid="01146" fcf="8.79" pcf="4.27" name="Cheese, parmesan, shredded" ccf="3.87"><measure amount="1.0" name="tbsp" grams="5.0"/><nutrient amount="415.0" name="Energy"/><nutrient amount="37.86" name="Protein"/><nutrient amount="3.41" name="Carbs"/><nutrient amount="0.0" name="Fiber"/><nutrient amount="27.34" name="Fat"/><nutrient amount="25.0" name="Water"/><nutrient amount="6.39" name="Ash"/><nutrient amount="1253.0" name="Calcium"/><nutrient amount="0.037" name="Copper"/><nutrient amount="0.87" name="Iron"/><nutrient amount="51.0" name="Magnesium"/><nutrient amount="0.023" name="Manganese"/><nutrient amount="735.0" name="Phosphorus"/><nutrient amount="97.0" name="Potassium"/><nutrient amount="23.9" name="Selenium"/><nutrient amount="1696.0" name="Sodium"/><nutrient amount="3.19" name="Zinc"/><nutrient amount="639.0" name="Vitamin A"/><nutrient amount="108.0" name="Retinol"/><nutrient amount="8.0" name="Folate"/><nutrient amount="0.041" name="B1 (Thiamine)"/><nutrient amount="0.352" name="B2 (Riboflavin)"/><nutrient amount="0.287" name="B3 (Niacin)"/><nutrient amount="0.527" name="B5 (Pantothenic Acid)"/><nutrient amount="0.105" name="B6 (Pyridoxine)"/><nutrient amount="1.4" name="B12 (Cyanocobalamin)"/><nutrient amount="0.0" name="Vitamin C"/><nutrient amount="17.37" name="Saturated"/><nutrient amount="8.734" name="Monounsaturated"/><nutrient amount="0.661" name="Polyunsaturated"/><nutrient amount="0.345" name="Omega-3"/><nutrient amount="0.29" name="Omega-6"/><nutrient amount="72.0" name="Cholesterol"/><nutrient amount="1.218" name="ALA"/><nutrient amount="1.531" name="ARG"/><nutrient amount="2.599" name="ASP"/><nutrient amount="0.274" name="CYS"/><nutrient amount="9.543" name="GLU"/><nutrient amount="0.723" name="GLY"/><nutrient amount="1.609" name="HIS"/><nutrient amount="2.202" name="ILE"/><nutrient amount="4.013" name="LEU"/><nutrient amount="3.843" name="LYS"/><nutrient amount="1.114" name="MET"/><nutrient amount="2.234" name="PHE"/><nutrient amount="4.86" name="PRO"/><nutrient amount="2.404" name="SER"/><nutrient amount="1.531" name="THR"/><nutrient amount="0.56" name="TRP"/><nutrient amount="2.319" name="TYR"/><nutrient amount="2.853" name="VAL"/></food>