<food fcf="9.02" pcf="4.36" uid="01144" name="Egg substitute, powder" ccf="3.87"><measure amount="0.35" grams="9.9" name="oz"/><measure amount="0.7" grams="20.0" name="oz"/><nutrient amount="444.0" name="Energy"/><nutrient amount="55.5" name="Protein"/><nutrient amount="13.0" name="Fat"/><nutrient amount="21.8" name="Carbs"/><nutrient amount="21.8" name="Sugars"/><nutrient amount="3.86" name="Water"/><nutrient amount="5.84" name="Ash"/><nutrient amount="326.0" name="Calcium"/><nutrient amount="0.207" name="Copper"/><nutrient amount="3.16" name="Iron"/><nutrient amount="65.0" name="Magnesium"/><nutrient amount="0.08" name="Manganese"/><nutrient amount="478.0" name="Phosphorus"/><nutrient amount="744.0" name="Potassium"/><nutrient amount="127.7" name="Selenium"/><nutrient amount="800.0" name="Sodium"/><nutrient amount="1.82" name="Zinc"/><nutrient amount="1230.0" name="Vitamin A"/><nutrient amount="369.0" name="Retinol"/><nutrient amount="125.0" name="Folate"/><nutrient amount="0.226" name="B1 (Thiamine)"/><nutrient amount="1.76" name="B2 (Riboflavin)"/><nutrient amount="0.577" name="B3 (Niacin)"/><nutrient amount="3.384" name="B5 (Pantothenic Acid)"/><nutrient amount="0.143" name="B6 (Pyridoxine)"/><nutrient amount="3.52" name="B12 (Cyanocobalamin)"/><nutrient amount="0.8" name="Vitamin C"/><nutrient amount="1.26" name="Vitamin E"/><nutrient amount="0.4" name="Vitamin K"/><nutrient amount="3.766" name="Saturated"/><nutrient amount="5.341" name="Monounsaturated"/><nutrient amount="1.683" name="Polyunsaturated"/><nutrient amount="0.086" name="Omega-3"/><nutrient amount="1.522" name="Omega-6"/><nutrient amount="572.0" name="Cholesterol"/></food>