<food uid="01141" fcf="9.02" pcf="4.36" name="Egg, turkey, whole, fresh, raw" ccf="3.68"><measure amount="1.0" name="egg" grams="79.0"/><nutrient amount="171.0" name="Energy"/><nutrient amount="13.68" name="Protein"/><nutrient amount="1.15" name="Carbs"/><nutrient amount="0.0" name="Fiber"/><nutrient amount="11.88" name="Fat"/><nutrient amount="72.5" name="Water"/><nutrient amount="0.79" name="Ash"/><nutrient amount="99.0" name="Calcium"/><nutrient amount="0.062" name="Copper"/><nutrient amount="4.1" name="Iron"/><nutrient amount="13.0" name="Magnesium"/><nutrient amount="0.038" name="Manganese"/><nutrient amount="170.0" name="Phosphorus"/><nutrient amount="142.0" name="Potassium"/><nutrient amount="34.3" name="Selenium"/><nutrient amount="151.0" name="Sodium"/><nutrient amount="1.58" name="Zinc"/><nutrient amount="554.0" name="Vitamin A"/><nutrient amount="166.0" name="Retinol"/><nutrient amount="71.0" name="Folate"/><nutrient amount="0.11" name="B1 (Thiamine)"/><nutrient amount="0.47" name="B2 (Riboflavin)"/><nutrient amount="0.024" name="B3 (Niacin)"/><nutrient amount="1.889" name="B5 (Pantothenic Acid)"/><nutrient amount="0.131" name="B6 (Pyridoxine)"/><nutrient amount="1.69" name="B12 (Cyanocobalamin)"/><nutrient amount="0.0" name="Vitamin C"/><nutrient amount="3.632" name="Saturated"/><nutrient amount="4.571" name="Monounsaturated"/><nutrient amount="1.658" name="Polyunsaturated"/><nutrient amount="0.079" name="Omega-3"/><nutrient amount="1.166" name="Omega-6"/><nutrient amount="933.0" name="Cholesterol"/><nutrient amount="0.799" name="ALA"/><nutrient amount="0.876" name="ARG"/><nutrient amount="1.357" name="ASP"/><nutrient amount="0.326" name="CYS"/><nutrient amount="1.742" name="GLU"/><nutrient amount="0.455" name="GLY"/><nutrient amount="0.33" name="HIS"/><nutrient amount="0.855" name="ILE"/><nutrient amount="1.201" name="LEU"/><nutrient amount="0.924" name="LYS"/><nutrient amount="0.442" name="MET"/><nutrient amount="0.773" name="PHE"/><nutrient amount="0.543" name="PRO"/><nutrient amount="1.04" name="SER"/><nutrient amount="0.672" name="THR"/><nutrient amount="0.219" name="TRP"/><nutrient amount="0.569" name="TYR"/><nutrient amount="0.985" name="VAL"/></food>