<food uid="01159" fcf="8.79" pcf="4.27" name="Cheese, goat, soft type" ccf="3.87"><measure amount="1.0" name="oz" grams="28.35"/><nutrient amount="268.0" name="Energy"/><nutrient amount="18.52" name="Protein"/><nutrient amount="0.89" name="Carbs"/><nutrient amount="0.0" name="Fiber"/><nutrient amount="0.89" name="Sugars"/><nutrient amount="21.08" name="Fat"/><nutrient amount="0.0" name="Alcohol"/><nutrient amount="0.0" name="Caffeine"/><nutrient amount="60.75" name="Water"/><nutrient amount="1.58" name="Ash"/><nutrient amount="140.0" name="Calcium"/><nutrient amount="0.732" name="Copper"/><nutrient amount="1.9" name="Iron"/><nutrient amount="16.0" name="Magnesium"/><nutrient amount="0.1" name="Manganese"/><nutrient amount="256.0" name="Phosphorus"/><nutrient amount="26.0" name="Potassium"/><nutrient amount="2.8" name="Selenium"/><nutrient amount="368.0" name="Sodium"/><nutrient amount="0.92" name="Zinc"/><nutrient amount="1033.0" name="Vitamin A"/><nutrient amount="283.0" name="Retinol"/><nutrient amount="0.0" name="Alpha-carotene"/><nutrient amount="54.0" name="Beta-carotene"/><nutrient amount="0.0" name="Beta-cryptoxanthin"/><nutrient amount="0.0" name="Lycopene"/><nutrient amount="0.0" name="Lutein+Zeaxanthin"/><nutrient amount="12.0" name="Folate"/><nutrient amount="0.07" name="B1 (Thiamine)"/><nutrient amount="0.38" name="B2 (Riboflavin)"/><nutrient amount="0.43" name="B3 (Niacin)"/><nutrient amount="0.68" name="B5 (Pantothenic Acid)"/><nutrient amount="0.25" name="B6 (Pyridoxine)"/><nutrient amount="0.19" name="B12 (Cyanocobalamin)"/><nutrient amount="0.0" name="Vitamin C"/><nutrient amount="0.18" name="Vitamin E"/><nutrient amount="1.8" name="Vitamin K"/><nutrient amount="14.575" name="Saturated"/><nutrient amount="4.807" name="Monounsaturated"/><nutrient amount="0.501" name="Polyunsaturated"/><nutrient amount="0.0" name="Omega-3"/><nutrient amount="0.501" name="Omega-6"/><nutrient amount="46.0" name="Cholesterol"/><nutrient amount="0.319" name="ALA"/><nutrient amount="0.549" name="ARG"/><nutrient amount="0.92" name="ASP"/><nutrient amount="0.084" name="CYS"/><nutrient amount="3.452" name="GLU"/><nutrient amount="0.209" name="GLY"/><nutrient amount="0.505" name="HIS"/><nutrient amount="0.766" name="ILE"/><nutrient amount="1.597" name="LEU"/><nutrient amount="1.33" name="LYS"/><nutrient amount="0.494" name="MET"/><nutrient amount="0.737" name="PHE"/><nutrient amount="2.241" name="PRO"/><nutrient amount="0.711" name="SER"/><nutrient amount="0.691" name="THR"/><nutrient amount="0.195" name="TRP"/><nutrient amount="0.723" name="TYR"/><nutrient amount="1.274" name="VAL"/></food>