<food fcf="9.0" pcf="4.0" uid="01163" name="Cheese fondue" ccf="4.0"><measure amount="1.0" grams="215.0" name="cup"/><measure amount="0.5" grams="108.0" name="cup"/><nutrient amount="229.0" name="Energy"/><nutrient amount="14.23" name="Protein"/><nutrient amount="13.47" name="Fat"/><nutrient amount="3.77" name="Carbs"/><nutrient amount="0.3" name="Alcohol"/><nutrient amount="61.61" name="Water"/><nutrient amount="1.85" name="Ash"/><nutrient amount="476.0" name="Calcium"/><nutrient amount="0.026" name="Copper"/><nutrient amount="0.39" name="Iron"/><nutrient amount="23.0" name="Magnesium"/><nutrient amount="0.099" name="Manganese"/><nutrient amount="306.0" name="Phosphorus"/><nutrient amount="105.0" name="Potassium"/><nutrient amount="9.0" name="Selenium"/><nutrient amount="132.0" name="Sodium"/><nutrient amount="1.96" name="Zinc"/><nutrient amount="414.0" name="Vitamin A"/><nutrient amount="107.0" name="Retinol"/><nutrient amount="8.0" name="Folate"/><nutrient amount="0.027" name="B1 (Thiamine)"/><nutrient amount="0.196" name="B2 (Riboflavin)"/><nutrient amount="0.19" name="B3 (Niacin)"/><nutrient amount="0.233" name="B5 (Pantothenic Acid)"/><nutrient amount="0.055" name="B6 (Pyridoxine)"/><nutrient amount="0.83" name="B12 (Cyanocobalamin)"/><nutrient amount="8.721" name="Saturated"/><nutrient amount="3.563" name="Monounsaturated"/><nutrient amount="0.484" name="Polyunsaturated"/><nutrient amount="0.173" name="Omega-3"/><nutrient amount="0.311" name="Omega-6"/><nutrient amount="45.0" name="Cholesterol"/><nutrient amount="0.409" name="ALA"/><nutrient amount="0.705" name="ASP"/><nutrient amount="0.416" name="ARG"/><nutrient amount="0.129" name="CYS"/><nutrient amount="2.562" name="GLU"/><nutrient amount="0.228" name="GLY"/><nutrient amount="0.477" name="HIS"/><nutrient amount="0.689" name="ILE"/><nutrient amount="1.328" name="LEU"/><nutrient amount="1.16" name="LYS"/><nutrient amount="0.352" name="MET"/><nutrient amount="0.746" name="PHE"/><nutrient amount="1.656" name="PRO"/><nutrient amount="0.735" name="SER"/><nutrient amount="0.466" name="THR"/><nutrient amount="0.179" name="TRP"/><nutrient amount="0.759" name="TYR"/><nutrient amount="0.961" name="VAL"/></food>