<food fcf="8.79" pcf="4.27" uid="01168" name="Cheese, low fat, cheddar or colby" ccf="3.87"><measure amount="1.0" grams="132.0" name="cup, diced"/><measure amount="1.0" grams="113.0" name="cup, shredded"/><measure amount="1.0" grams="28.35" name="oz"/><measure amount="1.0" grams="17.0" name="cubic inch"/><measure amount="1.0" grams="28.0" name="slice (1 oz)"/><nutrient amount="173.0" name="Energy"/><nutrient amount="24.35" name="Protein"/><nutrient amount="7.0" name="Fat"/><nutrient amount="1.91" name="Carbs"/><nutrient amount="0.52" name="Sugars"/><nutrient amount="63.1" name="Water"/><nutrient amount="3.64" name="Ash"/><nutrient amount="415.0" name="Calcium"/><nutrient amount="0.021" name="Copper"/><nutrient amount="34.9" name="Fluoride"/><nutrient amount="0.42" name="Iron"/><nutrient amount="16.0" name="Magnesium"/><nutrient amount="0.0060" name="Manganese"/><nutrient amount="484.0" name="Phosphorus"/><nutrient amount="66.0" name="Potassium"/><nutrient amount="14.5" name="Selenium"/><nutrient amount="612.0" name="Sodium"/><nutrient amount="1.82" name="Zinc"/><nutrient amount="207.0" name="Vitamin A"/><nutrient amount="60.0" name="Retinol"/><nutrient amount="4.0" name="Beta-carotene"/><nutrient amount="11.0" name="Folate"/><nutrient amount="0.012" name="B1 (Thiamine)"/><nutrient amount="0.221" name="B2 (Riboflavin)"/><nutrient amount="0.051" name="B3 (Niacin)"/><nutrient amount="0.183" name="B5 (Pantothenic Acid)"/><nutrient amount="0.045" name="B6 (Pyridoxine)"/><nutrient amount="0.49" name="B12 (Cyanocobalamin)"/><nutrient amount="0.06" name="Vitamin E"/><nutrient amount="0.6" name="Vitamin K"/><nutrient amount="4.342" name="Saturated"/><nutrient amount="2.082" name="Monounsaturated"/><nutrient amount="0.222" name="Polyunsaturated"/><nutrient amount="0.067" name="Omega-3"/><nutrient amount="0.156" name="Omega-6"/><nutrient amount="21.0" name="Cholesterol"/><nutrient amount="0.633" name="ALA"/><nutrient amount="1.439" name="ASP"/><nutrient amount="0.847" name="ARG"/><nutrient amount="0.111" name="CYS"/><nutrient amount="5.48" name="GLU"/><nutrient amount="0.385" name="GLY"/><nutrient amount="0.786" name="HIS"/><nutrient amount="1.389" name="ILE"/><nutrient amount="2.145" name="LEU"/><nutrient amount="1.866" name="LYS"/><nutrient amount="0.588" name="MET"/><nutrient amount="1.179" name="PHE"/><nutrient amount="2.526" name="PRO"/><nutrient amount="1.309" name="SER"/><nutrient amount="0.798" name="THR"/><nutrient amount="0.286" name="TRP"/><nutrient amount="1.08" name="TYR"/><nutrient amount="1.496" name="VAL"/></food>