<food uid="01164" fcf="8.92" pcf="4.08" name="Cheese sauce, prepared from recipe" ccf="3.95"><measure amount="1.0" name="cup" grams="243.0"/><measure amount="2.0" name="tbsp" grams="30.0"/><nutrient amount="197.0" name="Energy"/><nutrient amount="10.33" name="Protein"/><nutrient amount="5.48" name="Carbs"/><nutrient amount="0.1" name="Fiber"/><nutrient amount="14.92" name="Fat"/><nutrient amount="66.86" name="Water"/><nutrient amount="2.41" name="Ash"/><nutrient amount="311.0" name="Calcium"/><nutrient amount="0.019" name="Copper"/><nutrient amount="0.35" name="Iron"/><nutrient amount="19.0" name="Magnesium"/><nutrient amount="0.04" name="Manganese"/><nutrient amount="229.0" name="Phosphorus"/><nutrient amount="142.0" name="Potassium"/><nutrient amount="6.6" name="Selenium"/><nutrient amount="493.0" name="Sodium"/><nutrient amount="1.26" name="Zinc"/><nutrient amount="606.0" name="Vitamin A"/><nutrient amount="163.0" name="Retinol"/><nutrient amount="10.0" name="Folate"/><nutrient amount="0.044" name="B1 (Thiamine)"/><nutrient amount="0.243" name="B2 (Riboflavin)"/><nutrient amount="0.204" name="B3 (Niacin)"/><nutrient amount="0.233" name="B5 (Pantothenic Acid)"/><nutrient amount="0.045" name="B6 (Pyridoxine)"/><nutrient amount="0.35" name="B12 (Cyanocobalamin)"/><nutrient amount="0.6" name="Vitamin C"/><nutrient amount="8.034" name="Saturated"/><nutrient amount="4.735" name="Monounsaturated"/><nutrient amount="1.397" name="Polyunsaturated"/><nutrient amount="0.184" name="Omega-3"/><nutrient amount="1.213" name="Omega-6"/><nutrient amount="38.0" name="Cholesterol"/><nutrient amount="11.0" name="Phytosterol"/><nutrient amount="0.279" name="ALA"/><nutrient amount="0.351" name="ARG"/><nutrient amount="0.628" name="ASP"/><nutrient amount="0.056" name="CYS"/><nutrient amount="2.214" name="GLU"/><nutrient amount="0.17" name="GLY"/><nutrient amount="0.311" name="HIS"/><nutrient amount="0.578" name="ILE"/><nutrient amount="0.902" name="LEU"/><nutrient amount="0.772" name="LYS"/><nutrient amount="0.243" name="MET"/><nutrient amount="0.484" name="PHE"/><nutrient amount="1.021" name="PRO"/><nutrient amount="0.539" name="SER"/><nutrient amount="0.355" name="THR"/><nutrient amount="0.123" name="TRP"/><nutrient amount="0.452" name="TYR"/><nutrient amount="0.627" name="VAL"/></food>