<food uid="01160" fcf="9.02" pcf="4.36" name="Egg, yolk, raw, frozen, salted" ccf="3.68"><measure amount="0.5" name="lb" grams="227.0"/><nutrient amount="274.0" name="Energy"/><nutrient amount="14.0" name="Protein"/><nutrient amount="1.6" name="Carbs"/><nutrient amount="0.0" name="Fiber"/><nutrient amount="23.0" name="Fat"/><nutrient amount="50.8" name="Water"/><nutrient amount="10.6" name="Ash"/><nutrient amount="114.0" name="Calcium"/><nutrient amount="0.109" name="Copper"/><nutrient amount="3.75" name="Iron"/><nutrient amount="10.0" name="Magnesium"/><nutrient amount="0.062" name="Manganese"/><nutrient amount="431.0" name="Phosphorus"/><nutrient amount="117.0" name="Potassium"/><nutrient amount="37.7" name="Selenium"/><nutrient amount="3780.0" name="Sodium"/><nutrient amount="2.84" name="Zinc"/><nutrient amount="1190.0" name="Vitamin A"/><nutrient amount="357.0" name="Retinol"/><nutrient amount="107.0" name="Folate"/><nutrient amount="0.13" name="B1 (Thiamine)"/><nutrient amount="0.43" name="B2 (Riboflavin)"/><nutrient amount="0.04" name="B3 (Niacin)"/><nutrient amount="3.23" name="B5 (Pantothenic Acid)"/><nutrient amount="0.261" name="B6 (Pyridoxine)"/><nutrient amount="2.52" name="B12 (Cyanocobalamin)"/><nutrient amount="0.0" name="Vitamin C"/><nutrient amount="7.028" name="Saturated"/><nutrient amount="8.849" name="Monounsaturated"/><nutrient amount="3.15" name="Polyunsaturated"/><nutrient amount="0.28200000000000003" name="Omega-3"/><nutrient amount="2.513" name="Omega-6"/><nutrient amount="955.0" name="Cholesterol"/><nutrient amount="0.719" name="ALA"/><nutrient amount="0.999" name="ARG"/><nutrient amount="1.369" name="ASP"/><nutrient amount="0.251" name="CYS"/><nutrient amount="1.774" name="GLU"/><nutrient amount="0.432" name="GLY"/><nutrient amount="0.363" name="HIS"/><nutrient amount="0.708" name="ILE"/><nutrient amount="1.23" name="LEU"/><nutrient amount="1.111" name="LYS"/><nutrient amount="0.347" name="MET"/><nutrient amount="0.598" name="PHE"/><nutrient amount="0.585" name="PRO"/><nutrient amount="1.196" name="SER"/><nutrient amount="0.744" name="THR"/><nutrient amount="0.164" name="TRP"/><nutrient amount="0.623" name="TYR"/><nutrient amount="0.78" name="VAL"/></food>