<food fcf="8.79" pcf="4.27" uid="01165" name="Cheese, mexican, queso anejo" ccf="3.87"><measure amount="1.0" grams="132.0" name="cup, crumbled"/><measure amount="1.0" grams="28.35" name="oz"/><nutrient amount="373.0" name="Energy"/><nutrient amount="21.44" name="Protein"/><nutrient amount="29.98" name="Fat"/><nutrient amount="4.63" name="Carbs"/><nutrient amount="4.63" name="Sugars"/><nutrient amount="38.06" name="Water"/><nutrient amount="5.89" name="Ash"/><nutrient amount="680.0" name="Calcium"/><nutrient amount="0.0080" name="Copper"/><nutrient amount="0.47" name="Iron"/><nutrient amount="28.0" name="Magnesium"/><nutrient amount="0.037" name="Manganese"/><nutrient amount="444.0" name="Phosphorus"/><nutrient amount="87.0" name="Potassium"/><nutrient amount="14.5" name="Selenium"/><nutrient amount="1131.0" name="Sodium"/><nutrient amount="2.94" name="Zinc"/><nutrient amount="187.0" name="Vitamin A"/><nutrient amount="54.0" name="Retinol"/><nutrient amount="4.0" name="Beta-carotene"/><nutrient amount="1.0" name="Folate"/><nutrient amount="0.02" name="B1 (Thiamine)"/><nutrient amount="0.209" name="B2 (Riboflavin)"/><nutrient amount="0.032" name="B3 (Niacin)"/><nutrient amount="0.252" name="B5 (Pantothenic Acid)"/><nutrient amount="0.047" name="B6 (Pyridoxine)"/><nutrient amount="1.38" name="B12 (Cyanocobalamin)"/><nutrient amount="0.26" name="Vitamin E"/><nutrient amount="2.5" name="Vitamin K"/><nutrient amount="19.033" name="Saturated"/><nutrient amount="8.528" name="Monounsaturated"/><nutrient amount="0.901" name="Polyunsaturated"/><nutrient amount="0.349" name="Omega-3"/><nutrient amount="0.552" name="Omega-6"/><nutrient amount="105.0" name="Cholesterol"/><nutrient amount="0.618" name="ALA"/><nutrient amount="1.334" name="ASP"/><nutrient amount="0.699" name="ARG"/><nutrient amount="0.084" name="CYS"/><nutrient amount="4.769" name="GLU"/><nutrient amount="0.296" name="GLY"/><nutrient amount="0.679" name="HIS"/><nutrient amount="1.054" name="ILE"/><nutrient amount="2.017" name="LEU"/><nutrient amount="1.452" name="LYS"/><nutrient amount="0.541" name="MET"/><nutrient amount="1.119" name="PHE"/><nutrient amount="2.151" name="PRO"/><nutrient amount="1.16" name="SER"/><nutrient amount="0.731" name="THR"/><nutrient amount="0.215" name="TRP"/><nutrient amount="1.19" name="TYR"/><nutrient amount="1.338" name="VAL"/></food>