<food uid="01166" fcf="8.79" pcf="4.27" name="Cheese, mexican, queso asadero" ccf="3.87"><measure amount="1.0" name="cup, diced" grams="132.0"/><measure amount="1.0" name="cup, shredded" grams="113.0"/><measure amount="1.0" name="oz" grams="28.35"/><measure amount="1.0" name="cubic inch" grams="18.0"/><measure amount="1.0" name="slice (1 oz)" grams="28.0"/><nutrient amount="356.0" name="Energy"/><nutrient amount="22.6" name="Protein"/><nutrient amount="2.87" name="Carbs"/><nutrient amount="0.0" name="Fiber"/><nutrient amount="2.87" name="Sugars"/><nutrient amount="28.26" name="Fat"/><nutrient amount="0.0" name="Alcohol"/><nutrient amount="0.0" name="Caffeine"/><nutrient amount="42.16" name="Water"/><nutrient amount="4.11" name="Ash"/><nutrient amount="661.0" name="Calcium"/><nutrient amount="0.026" name="Copper"/><nutrient amount="0.51" name="Iron"/><nutrient amount="26.0" name="Magnesium"/><nutrient amount="0.036" name="Manganese"/><nutrient amount="443.0" name="Phosphorus"/><nutrient amount="86.0" name="Potassium"/><nutrient amount="14.5" name="Selenium"/><nutrient amount="655.0" name="Sodium"/><nutrient amount="3.02" name="Zinc"/><nutrient amount="190.0" name="Vitamin A"/><nutrient amount="55.0" name="Retinol"/><nutrient amount="0.0" name="Alpha-carotene"/><nutrient amount="4.0" name="Beta-carotene"/><nutrient amount="0.0" name="Beta-cryptoxanthin"/><nutrient amount="0.0" name="Lycopene"/><nutrient amount="0.0" name="Lutein+Zeaxanthin"/><nutrient amount="8.0" name="Folate"/><nutrient amount="0.021" name="B1 (Thiamine)"/><nutrient amount="0.223" name="B2 (Riboflavin)"/><nutrient amount="0.181" name="B3 (Niacin)"/><nutrient amount="0.231" name="B5 (Pantothenic Acid)"/><nutrient amount="0.053" name="B6 (Pyridoxine)"/><nutrient amount="1.0" name="B12 (Cyanocobalamin)"/><nutrient amount="0.0" name="Vitamin C"/><nutrient amount="0.24" name="Vitamin E"/><nutrient amount="2.4" name="Vitamin K"/><nutrient amount="17.939" name="Saturated"/><nutrient amount="8.038" name="Monounsaturated"/><nutrient amount="0.85" name="Polyunsaturated"/><nutrient amount="0.329" name="Omega-3"/><nutrient amount="0.52" name="Omega-6"/><nutrient amount="105.0" name="Cholesterol"/><nutrient amount="0.501" name="ALA"/><nutrient amount="0.76" name="ARG"/><nutrient amount="1.475" name="ASP"/><nutrient amount="0.103" name="CYS"/><nutrient amount="5.072" name="GLU"/><nutrient amount="0.246" name="GLY"/><nutrient amount="0.694" name="HIS"/><nutrient amount="1.225" name="ILE"/><nutrient amount="2.123" name="LEU"/><nutrient amount="1.548" name="LYS"/><nutrient amount="0.593" name="MET"/><nutrient amount="1.19" name="PHE"/><nutrient amount="2.403" name="PRO"/><nutrient amount="1.169" name="SER"/><nutrient amount="0.737" name="THR"/><nutrient amount="0.269" name="TRP"/><nutrient amount="1.061" name="TYR"/><nutrient amount="1.426" name="VAL"/></food>