<food fcf="8.79" pcf="4.27" uid="01169" name="Cheese, low-sodium, cheddar or colby" ccf="3.87"><measure amount="1.0" grams="132.0" name="cup, diced"/><measure amount="1.0" grams="113.0" name="cup, shredded"/><measure amount="1.0" grams="28.35" name="oz"/><measure amount="1.0" grams="17.0" name="cubic inch"/><measure amount="1.0" grams="28.0" name="slice (1 oz)"/><nutrient amount="398.0" name="Energy"/><nutrient amount="24.35" name="Protein"/><nutrient amount="32.62" name="Fat"/><nutrient amount="1.91" name="Carbs"/><nutrient amount="0.49" name="Sugars"/><nutrient amount="38.98" name="Water"/><nutrient amount="2.13" name="Ash"/><nutrient amount="703.0" name="Calcium"/><nutrient amount="0.036" name="Copper"/><nutrient amount="34.9" name="Fluoride"/><nutrient amount="0.72" name="Iron"/><nutrient amount="27.0" name="Magnesium"/><nutrient amount="0.011" name="Manganese"/><nutrient amount="484.0" name="Phosphorus"/><nutrient amount="112.0" name="Potassium"/><nutrient amount="14.5" name="Selenium"/><nutrient amount="21.0" name="Sodium"/><nutrient amount="3.09" name="Zinc"/><nutrient amount="996.0" name="Vitamin A"/><nutrient amount="257.0" name="Retinol"/><nutrient amount="84.0" name="Beta-carotene"/><nutrient amount="18.0" name="Folate"/><nutrient amount="0.021" name="B1 (Thiamine)"/><nutrient amount="0.375" name="B2 (Riboflavin)"/><nutrient amount="0.086" name="B3 (Niacin)"/><nutrient amount="0.311" name="B5 (Pantothenic Acid)"/><nutrient amount="0.076" name="B6 (Pyridoxine)"/><nutrient amount="0.83" name="B12 (Cyanocobalamin)"/><nutrient amount="0.28" name="Vitamin E"/><nutrient amount="2.7" name="Vitamin K"/><nutrient amount="20.768" name="Saturated"/><nutrient amount="9.189" name="Monounsaturated"/><nutrient amount="0.972" name="Polyunsaturated"/><nutrient amount="0.376" name="Omega-3"/><nutrient amount="0.595" name="Omega-6"/><nutrient amount="100.0" name="Cholesterol"/><nutrient amount="0.633" name="ALA"/><nutrient amount="1.439" name="ASP"/><nutrient amount="0.847" name="ARG"/><nutrient amount="0.111" name="CYS"/><nutrient amount="5.48" name="GLU"/><nutrient amount="0.385" name="GLY"/><nutrient amount="0.786" name="HIS"/><nutrient amount="1.389" name="ILE"/><nutrient amount="2.145" name="LEU"/><nutrient amount="1.866" name="LYS"/><nutrient amount="0.588" name="MET"/><nutrient amount="1.179" name="PHE"/><nutrient amount="2.526" name="PRO"/><nutrient amount="1.309" name="SER"/><nutrient amount="0.798" name="THR"/><nutrient amount="0.286" name="TRP"/><nutrient amount="1.08" name="TYR"/><nutrient amount="1.496" name="VAL"/></food>