<food uid="01173" fcf="9.02" pcf="4.36" name="Egg, white, dried" ccf="3.68"><nutrient amount="382.0" name="Energy"/><nutrient amount="81.1" name="Protein"/><nutrient amount="7.8" name="Carbs"/><nutrient amount="0.0" name="Fiber"/><nutrient amount="5.4" name="Sugars"/><nutrient amount="0.0" name="Fat"/><nutrient amount="0.0" name="Alcohol"/><nutrient amount="0.0" name="Caffeine"/><nutrient amount="5.8" name="Water"/><nutrient amount="5.3" name="Ash"/><nutrient amount="62.0" name="Calcium"/><nutrient amount="0.114" name="Copper"/><nutrient amount="0.15" name="Iron"/><nutrient amount="88.0" name="Magnesium"/><nutrient amount="0.0070" name="Manganese"/><nutrient amount="111.0" name="Phosphorus"/><nutrient amount="1125.0" name="Potassium"/><nutrient amount="125.1" name="Selenium"/><nutrient amount="1280.0" name="Sodium"/><nutrient amount="0.1" name="Zinc"/><nutrient amount="0.0" name="Vitamin A"/><nutrient amount="0.0" name="Retinol"/><nutrient amount="0.0" name="Alpha-carotene"/><nutrient amount="0.0" name="Beta-carotene"/><nutrient amount="0.0" name="Beta-cryptoxanthin"/><nutrient amount="0.0" name="Lycopene"/><nutrient amount="0.0" name="Lutein+Zeaxanthin"/><nutrient amount="18.0" name="Folate"/><nutrient amount="0.0050" name="B1 (Thiamine)"/><nutrient amount="2.53" name="B2 (Riboflavin)"/><nutrient amount="0.865" name="B3 (Niacin)"/><nutrient amount="0.775" name="B5 (Pantothenic Acid)"/><nutrient amount="0.036" name="B6 (Pyridoxine)"/><nutrient amount="0.18" name="B12 (Cyanocobalamin)"/><nutrient amount="0.0" name="Vitamin C"/><nutrient amount="0.0" name="Vitamin E"/><nutrient amount="0.0" name="Vitamin K"/><nutrient amount="0.0" name="Saturated"/><nutrient amount="0.0" name="Monounsaturated"/><nutrient amount="0.0" name="Polyunsaturated"/><nutrient amount="0.0" name="Omega-3"/><nutrient amount="0.0" name="Omega-6"/><nutrient amount="0.0" name="Cholesterol"/><nutrient amount="4.684" name="ALA"/><nutrient amount="4.412" name="ARG"/><nutrient amount="8.253" name="ASP"/><nutrient amount="2.102" name="CYS"/><nutrient amount="10.77" name="GLU"/><nutrient amount="2.842" name="GLY"/><nutrient amount="1.83" name="HIS"/><nutrient amount="4.581" name="ILE"/><nutrient amount="6.838" name="LEU"/><nutrient amount="5.515" name="LYS"/><nutrient amount="2.79" name="MET"/><nutrient amount="4.736" name="PHE"/><nutrient amount="3.153" name="PRO"/><nutrient amount="5.593" name="SER"/><nutrient amount="3.685" name="THR"/><nutrient amount="0.999" name="TRP"/><nutrient amount="3.153" name="TYR"/><nutrient amount="5.164" name="VAL"/></food>