<food uid="01179" fcf="9.0" pcf="4.0" name="Sour cream, light" ccf="4.0"><nutrient amount="136.0" name="Energy"/><nutrient amount="3.5" name="Protein"/><nutrient amount="7.1" name="Carbs"/><nutrient amount="0.0" name="Fiber"/><nutrient amount="0.22" name="Sugars"/><nutrient amount="10.6" name="Fat"/><nutrient amount="0.0" name="Alcohol"/><nutrient amount="0.0" name="Caffeine"/><nutrient amount="78.1" name="Water"/><nutrient amount="0.7" name="Ash"/><nutrient amount="141.0" name="Calcium"/><nutrient amount="0.016" name="Copper"/><nutrient amount="0.07" name="Iron"/><nutrient amount="10.0" name="Magnesium"/><nutrient amount="71.0" name="Phosphorus"/><nutrient amount="212.0" name="Potassium"/><nutrient amount="3.1" name="Selenium"/><nutrient amount="71.0" name="Sodium"/><nutrient amount="0.5" name="Zinc"/><nutrient amount="328.0" name="Vitamin A"/><nutrient amount="88.0" name="Retinol"/><nutrient amount="0.0" name="Alpha-carotene"/><nutrient amount="21.0" name="Beta-carotene"/><nutrient amount="0.0" name="Beta-cryptoxanthin"/><nutrient amount="0.0" name="Lycopene"/><nutrient amount="0.0" name="Lutein+Zeaxanthin"/><nutrient amount="11.0" name="Folate"/><nutrient amount="0.04" name="B1 (Thiamine)"/><nutrient amount="0.12" name="B2 (Riboflavin)"/><nutrient amount="0.07" name="B3 (Niacin)"/><nutrient amount="0.02" name="B6 (Pyridoxine)"/><nutrient amount="0.42" name="B12 (Cyanocobalamin)"/><nutrient amount="0.9" name="Vitamin C"/><nutrient amount="0.3" name="Vitamin E"/><nutrient amount="0.5" name="Vitamin K"/><nutrient amount="6.6" name="Saturated"/><nutrient amount="3.1" name="Monounsaturated"/><nutrient amount="0.4" name="Polyunsaturated"/><nutrient amount="0.16" name="Omega-3"/><nutrient amount="0.24" name="Omega-6"/><nutrient amount="35.0" name="Cholesterol"/></food>