<food fcf="9.02" pcf="4.36" uid="01171" name="Egg, whole, raw, frozen" ccf="3.68"><nutrient amount="148.0" name="Energy"/><nutrient amount="11.95" name="Protein"/><nutrient amount="10.2" name="Fat"/><nutrient amount="1.05" name="Carbs"/><nutrient amount="75.85" name="Water"/><nutrient amount="0.95" name="Ash"/><nutrient amount="59.0" name="Calcium"/><nutrient amount="0.053" name="Copper"/><nutrient amount="1.85" name="Iron"/><nutrient amount="11.0" name="Magnesium"/><nutrient amount="0.034" name="Manganese"/><nutrient amount="202.0" name="Phosphorus"/><nutrient amount="130.0" name="Potassium"/><nutrient amount="30.8" name="Selenium"/><nutrient amount="133.0" name="Sodium"/><nutrient amount="1.38" name="Zinc"/><nutrient amount="525.0" name="Vitamin A"/><nutrient amount="158.0" name="Retinol"/><nutrient amount="73.0" name="Folate"/><nutrient amount="0.06" name="B1 (Thiamine)"/><nutrient amount="0.46" name="B2 (Riboflavin)"/><nutrient amount="0.075" name="B3 (Niacin)"/><nutrient amount="1.48" name="B5 (Pantothenic Acid)"/><nutrient amount="0.162" name="B6 (Pyridoxine)"/><nutrient amount="1.07" name="B12 (Cyanocobalamin)"/><nutrient amount="3.147" name="Saturated"/><nutrient amount="3.886" name="Monounsaturated"/><nutrient amount="1.412" name="Polyunsaturated"/><nutrient amount="0.16199999999999998" name="Omega-3"/><nutrient amount="1.241" name="Omega-6"/><nutrient amount="432.0" name="Cholesterol"/><nutrient amount="0.665" name="ALA"/><nutrient amount="1.201" name="ASP"/><nutrient amount="0.717" name="ARG"/><nutrient amount="0.277" name="CYS"/><nutrient amount="1.562" name="GLU"/><nutrient amount="0.402" name="GLY"/><nutrient amount="0.283" name="HIS"/><nutrient amount="0.652" name="ILE"/><nutrient amount="1.021" name="LEU"/><nutrient amount="0.858" name="LYS"/><nutrient amount="0.373" name="MET"/><nutrient amount="0.635" name="PHE"/><nutrient amount="0.476" name="PRO"/><nutrient amount="0.889" name="SER"/><nutrient amount="0.574" name="THR"/><nutrient amount="0.145" name="TRP"/><nutrient amount="0.488" name="TYR"/><nutrient amount="0.728" name="VAL"/></food>