<food fcf="9.0" pcf="4.0" uid="01187" name="Yogurt, chocolate, nonfat milk" ccf="4.0"><nutrient amount="108.0" name="Energy"/><nutrient amount="3.53" name="Protein"/><nutrient amount="23.53" name="Carbs"/><nutrient amount="1.2" name="Fiber"/><nutrient amount="14.97" name="Sugars"/><nutrient amount="71.57" name="Water"/><nutrient amount="1.37" name="Ash"/><nutrient amount="2.0" name="Caffeine"/><nutrient amount="88.0" name="Calcium"/><nutrient amount="0.209" name="Copper"/><nutrient amount="0.42" name="Iron"/><nutrient amount="40.0" name="Magnesium"/><nutrient amount="166.0" name="Phosphorus"/><nutrient amount="339.0" name="Potassium"/><nutrient amount="7.0" name="Selenium"/><nutrient amount="135.0" name="Sodium"/><nutrient amount="1.13" name="Zinc"/><nutrient amount="12.0" name="Folate"/><nutrient amount="0.047" name="B1 (Thiamine)"/><nutrient amount="0.215" name="B2 (Riboflavin)"/><nutrient amount="0.223" name="B3 (Niacin)"/><nutrient amount="0.047" name="B6 (Pyridoxine)"/><nutrient amount="0.5" name="B12 (Cyanocobalamin)"/><nutrient amount="1.0" name="Cholesterol"/></food>