<food fcf="9.0" pcf="4.0" uid="01188" name="KRAFT CHEEZ WHIZ Pasteurized Process Cheese Sauce" ccf="4.0"><measure amount="2.0" grams="33.0" name="tbsp"/><nutrient amount="276.0" name="Energy"/><nutrient amount="12.0" name="Protein"/><nutrient amount="21.0" name="Fat"/><nutrient amount="9.2" name="Carbs"/><nutrient amount="0.3" name="Fiber"/><nutrient amount="6.7" name="Sugars"/><nutrient amount="51.5" name="Water"/><nutrient amount="5.8" name="Ash"/><nutrient amount="359.0" name="Calcium"/><nutrient amount="0.19" name="Iron"/><nutrient amount="806.0" name="Phosphorus"/><nutrient amount="240.0" name="Potassium"/><nutrient amount="1638.0" name="Sodium"/><nutrient amount="1.64" name="Zinc"/><nutrient amount="649.0" name="Vitamin A"/><nutrient amount="0.24" name="B2 (Riboflavin)"/><nutrient amount="0.4" name="Vitamin C"/><nutrient amount="13.1" name="Saturated"/><nutrient amount="75.0" name="Cholesterol"/></food>