<food fcf="9.0" pcf="4.0" uid="01180" name="Sour cream, fat free" ccf="4.0"><nutrient amount="74.0" name="Energy"/><nutrient amount="3.1" name="Protein"/><nutrient amount="15.6" name="Carbs"/><nutrient amount="0.39" name="Sugars"/><nutrient amount="80.6" name="Water"/><nutrient amount="0.7" name="Ash"/><nutrient amount="125.0" name="Calcium"/><nutrient amount="0.016" name="Copper"/><nutrient amount="10.0" name="Magnesium"/><nutrient amount="95.0" name="Phosphorus"/><nutrient amount="129.0" name="Potassium"/><nutrient amount="5.3" name="Selenium"/><nutrient amount="141.0" name="Sodium"/><nutrient amount="0.5" name="Zinc"/><nutrient amount="255.0" name="Vitamin A"/><nutrient amount="72.0" name="Retinol"/><nutrient amount="9.0" name="Beta-carotene"/><nutrient amount="11.0" name="Folate"/><nutrient amount="0.04" name="B1 (Thiamine)"/><nutrient amount="0.15" name="B2 (Riboflavin)"/><nutrient amount="0.07" name="B3 (Niacin)"/><nutrient amount="0.02" name="B6 (Pyridoxine)"/><nutrient amount="0.3" name="B12 (Cyanocobalamin)"/><nutrient amount="9.0" name="Cholesterol"/></food>