<food fcf="8.79" pcf="4.27" uid="01185" name="Parmesan cheese topping, fat free" ccf="3.87"><nutrient amount="370.0" name="Energy"/><nutrient amount="40.0" name="Protein"/><nutrient amount="5.0" name="Fat"/><nutrient amount="40.0" name="Carbs"/><nutrient amount="1.5" name="Sugars"/><nutrient amount="8.6" name="Water"/><nutrient amount="6.4" name="Ash"/><nutrient amount="800.0" name="Calcium"/><nutrient amount="0.02" name="Copper"/><nutrient amount="5.0" name="Iron"/><nutrient amount="40.0" name="Magnesium"/><nutrient amount="700.0" name="Phosphorus"/><nutrient amount="600.0" name="Potassium"/><nutrient amount="43.3" name="Selenium"/><nutrient amount="1150.0" name="Sodium"/><nutrient amount="3.0" name="Zinc"/><nutrient amount="151.0" name="Vitamin A"/><nutrient amount="39.0" name="Retinol"/><nutrient amount="13.0" name="Beta-carotene"/><nutrient amount="25.0" name="Folate"/><nutrient amount="0.05" name="B1 (Thiamine)"/><nutrient amount="0.05" name="B2 (Riboflavin)"/><nutrient amount="0.2" name="B3 (Niacin)"/><nutrient amount="0.1" name="B6 (Pyridoxine)"/><nutrient amount="1.1" name="B12 (Cyanocobalamin)"/><nutrient amount="0.04" name="Vitamin E"/><nutrient amount="0.4" name="Vitamin K"/><nutrient amount="3.11" name="Saturated"/><nutrient amount="1.446" name="Monounsaturated"/><nutrient amount="0.186" name="Polyunsaturated"/><nutrient amount="0.073" name="Omega-3"/><nutrient amount="0.113" name="Omega-6"/><nutrient amount="20.0" name="Cholesterol"/></food>