<food uid="01191" fcf="9.0" pcf="4.0" name="KRAFT VELVEETA Pasteurized Process Cheese Spread" ccf="4.0"><measure amount="1.0" name="oz" grams="28.0"/><nutrient amount="303.0" name="Energy"/><nutrient amount="16.3" name="Protein"/><nutrient amount="9.8" name="Carbs"/><nutrient amount="0.0" name="Fiber"/><nutrient amount="8.1" name="Sugars"/><nutrient amount="22.0" name="Fat"/><nutrient amount="45.8" name="Water"/><nutrient amount="6.0" name="Ash"/><nutrient amount="466.0" name="Calcium"/><nutrient amount="0.18" name="Iron"/><nutrient amount="863.0" name="Phosphorus"/><nutrient amount="335.0" name="Potassium"/><nutrient amount="1499.0" name="Sodium"/><nutrient amount="1.84" name="Zinc"/><nutrient amount="1107.0" name="Vitamin A"/><nutrient amount="0.35" name="B2 (Riboflavin)"/><nutrient amount="0.2" name="Vitamin C"/><nutrient amount="14.4" name="Saturated"/><nutrient amount="80.0" name="Cholesterol"/></food>