<food uid="01197" fcf="9.0" pcf="4.0" name="KRAFT BREYERS Smooth &amp; Creamy Lowfat Strawberry Yogurt (1% Milkfat)" ccf="4.0"><measure amount="1.0" name="container (8 oz)" grams="227.0"/><nutrient amount="102.0" name="Energy"/><nutrient amount="3.8" name="Protein"/><nutrient amount="19.9" name="Carbs"/><nutrient amount="0.3" name="Fiber"/><nutrient amount="17.2" name="Sugars"/><nutrient amount="0.9" name="Fat"/><nutrient amount="74.8" name="Water"/><nutrient amount="0.7" name="Ash"/><nutrient amount="108.0" name="Calcium"/><nutrient amount="0.13" name="Iron"/><nutrient amount="78.0" name="Phosphorus"/><nutrient amount="177.0" name="Potassium"/><nutrient amount="55.0" name="Sodium"/><nutrient amount="31.0" name="Vitamin A"/><nutrient amount="0.18" name="B2 (Riboflavin)"/><nutrient amount="0.52" name="B12 (Cyanocobalamin)"/><nutrient amount="0.0" name="Vitamin C"/><nutrient amount="0.5" name="Saturated"/><nutrient amount="9.0" name="Cholesterol"/></food>