<food fcf="9.0" pcf="4.0" uid="01190" name="KRAFT FREE Singles American Nonfat Pasteurized Process Cheese Product" ccf="4.0"><measure amount="1.0" grams="21.0" name="slice"/><nutrient amount="148.0" name="Energy"/><nutrient amount="22.7" name="Protein"/><nutrient amount="1.0" name="Fat"/><nutrient amount="11.7" name="Carbs"/><nutrient amount="0.2" name="Fiber"/><nutrient amount="6.7" name="Sugars"/><nutrient amount="58.0" name="Water"/><nutrient amount="6.1" name="Ash"/><nutrient amount="712.0" name="Calcium"/><nutrient amount="0.05" name="Iron"/><nutrient amount="923.0" name="Phosphorus"/><nutrient amount="236.0" name="Potassium"/><nutrient amount="1298.0" name="Sodium"/><nutrient amount="2.5" name="Zinc"/><nutrient amount="2166.0" name="Vitamin A"/><nutrient amount="0.28" name="B2 (Riboflavin)"/><nutrient amount="0.2" name="Vitamin C"/><nutrient amount="0.7" name="Saturated"/><nutrient amount="16.0" name="Cholesterol"/></food>