<food uid="01193" fcf="9.0" pcf="4.0" name="KRAFT BREAKSTONE'S Reduced Fat Sour Cream" ccf="4.0"><measure amount="2.0" name="tbsp" grams="31.0"/><nutrient amount="152.0" name="Energy"/><nutrient amount="4.5" name="Protein"/><nutrient amount="6.5" name="Carbs"/><nutrient amount="0.1" name="Fiber"/><nutrient amount="6.4" name="Sugars"/><nutrient amount="12.0" name="Fat"/><nutrient amount="76.2" name="Water"/><nutrient amount="0.8" name="Ash"/><nutrient amount="161.0" name="Calcium"/><nutrient amount="0.06" name="Iron"/><nutrient amount="110.0" name="Phosphorus"/><nutrient amount="210.0" name="Potassium"/><nutrient amount="59.0" name="Sodium"/><nutrient amount="1053.0" name="Vitamin A"/><nutrient amount="1.1" name="Vitamin C"/><nutrient amount="7.6" name="Saturated"/><nutrient amount="50.0" name="Cholesterol"/></food>