<food uid="01196" fcf="9.0" pcf="4.0" name="KRAFT BREYERS LIGHT N' LIVELY Lowfat Strawberry Yogurt (1% Milkfat)" ccf="4.0"><measure amount="1.0" name="container (4.4 oz)" grams="125.0"/><nutrient amount="108.0" name="Energy"/><nutrient amount="3.2" name="Protein"/><nutrient amount="21.9" name="Carbs"/><nutrient amount="0.2" name="Fiber"/><nutrient amount="19.6" name="Sugars"/><nutrient amount="0.8" name="Fat"/><nutrient amount="73.3" name="Water"/><nutrient amount="0.6" name="Ash"/><nutrient amount="91.0" name="Calcium"/><nutrient amount="0.11" name="Iron"/><nutrient amount="67.0" name="Phosphorus"/><nutrient amount="151.0" name="Potassium"/><nutrient amount="45.0" name="Sodium"/><nutrient amount="30.0" name="Vitamin A"/><nutrient amount="0.14" name="B2 (Riboflavin)"/><nutrient amount="0.46" name="B12 (Cyanocobalamin)"/><nutrient amount="0.0" name="Vitamin C"/><nutrient amount="0.5" name="Saturated"/><nutrient amount="9.0" name="Cholesterol"/></food>