<food uid="01203" fcf="8.79" pcf="4.27" name="Yogurt, fruit, lowfat, with low calorie sweetener" ccf="3.87"><measure amount="1.0" name="8 oz container (8 oz)" grams="227.0"/><measure amount="1.0" name="cup (8 fl oz)" grams="245.0"/><measure amount="1.0" name="6 oz container (6 oz)" grams="170.0"/><nutrient amount="105.0" name="Energy"/><nutrient amount="4.86" name="Protein"/><nutrient amount="18.6" name="Carbs"/><nutrient amount="0.0" name="Fiber"/><nutrient amount="2.9" name="Sugars"/><nutrient amount="1.41" name="Fat"/><nutrient amount="0.0" name="Alcohol"/><nutrient amount="0.0" name="Caffeine"/><nutrient amount="74.1" name="Water"/><nutrient amount="1.03" name="Ash"/><nutrient amount="152.0" name="Calcium"/><nutrient amount="0.08" name="Copper"/><nutrient amount="0.07" name="Iron"/><nutrient amount="16.0" name="Magnesium"/><nutrient amount="0.065" name="Manganese"/><nutrient amount="133.0" name="Phosphorus"/><nutrient amount="194.0" name="Potassium"/><nutrient amount="3.1" name="Selenium"/><nutrient amount="58.0" name="Sodium"/><nutrient amount="0.82" name="Zinc"/><nutrient amount="441.0" name="Vitamin A"/><nutrient amount="131.0" name="Retinol"/><nutrient amount="0.0" name="Alpha-carotene"/><nutrient amount="4.0" name="Beta-carotene"/><nutrient amount="0.0" name="Beta-cryptoxanthin"/><nutrient amount="0.0" name="Lycopene"/><nutrient amount="0.0" name="Lutein+Zeaxanthin"/><nutrient amount="10.0" name="Folate"/><nutrient amount="0.041" name="B1 (Thiamine)"/><nutrient amount="0.18" name="B2 (Riboflavin)"/><nutrient amount="0.105" name="B3 (Niacin)"/><nutrient amount="0.544" name="B5 (Pantothenic Acid)"/><nutrient amount="0.045" name="B6 (Pyridoxine)"/><nutrient amount="0.52" name="B12 (Cyanocobalamin)"/><nutrient amount="0.7" name="Vitamin C"/><nutrient amount="0.06" name="Vitamin E"/><nutrient amount="1.2" name="Vitamin K"/><nutrient amount="0.909" name="Saturated"/><nutrient amount="0.387" name="Monounsaturated"/><nutrient amount="0.04" name="Polyunsaturated"/><nutrient amount="0.012" name="Omega-3"/><nutrient amount="0.028" name="Omega-6"/><nutrient amount="6.0" name="Cholesterol"/><nutrient amount="0.208" name="ALA"/><nutrient amount="0.146" name="ARG"/><nutrient amount="0.385" name="ASP"/><nutrient amount="0.044" name="CYS"/><nutrient amount="0.951" name="GLU"/><nutrient amount="0.117" name="GLY"/><nutrient amount="0.12" name="HIS"/><nutrient amount="0.265" name="ILE"/><nutrient amount="0.49" name="LEU"/><nutrient amount="0.436" name="LYS"/><nutrient amount="0.143" name="MET"/><nutrient amount="0.265" name="PHE"/><nutrient amount="0.576" name="PRO"/><nutrient amount="0.301" name="SER"/><nutrient amount="0.2" name="THR"/><nutrient amount="0.027" name="TRP"/><nutrient amount="0.245" name="TYR"/><nutrient amount="0.402" name="VAL"/></food>