<food fcf="9.0" pcf="4.0" uid="01200" name="Reddi Wip Fat Free Whipped Topping" ccf="4.0"><nutrient amount="149.0" name="Energy"/><nutrient amount="3.0" name="Protein"/><nutrient amount="5.0" name="Fat"/><nutrient amount="25.0" name="Carbs"/><nutrient amount="0.4" name="Fiber"/><nutrient amount="16.0" name="Sugars"/><nutrient amount="66.44" name="Water"/><nutrient amount="0.56" name="Ash"/><nutrient amount="108.0" name="Calcium"/><nutrient amount="0.019" name="Copper"/><nutrient amount="0.03" name="Iron"/><nutrient amount="8.0" name="Magnesium"/><nutrient amount="68.0" name="Phosphorus"/><nutrient amount="108.0" name="Potassium"/><nutrient amount="3.0" name="Selenium"/><nutrient amount="72.0" name="Sodium"/><nutrient amount="0.31" name="Zinc"/><nutrient amount="175.0" name="Vitamin A"/><nutrient amount="48.0" name="Retinol"/><nutrient amount="9.0" name="Beta-carotene"/><nutrient amount="17.0" name="Folate"/><nutrient amount="0.148" name="B1 (Thiamine)"/><nutrient amount="0.619" name="B2 (Riboflavin)"/><nutrient amount="0.364" name="B3 (Niacin)"/><nutrient amount="0.123" name="B6 (Pyridoxine)"/><nutrient amount="1.48" name="B12 (Cyanocobalamin)"/><nutrient amount="0.09" name="Vitamin E"/><nutrient amount="0.3" name="Vitamin K"/><nutrient amount="2.869" name="Saturated"/><nutrient amount="1.25" name="Monounsaturated"/><nutrient amount="0.299" name="Polyunsaturated"/><nutrient amount="0.115" name="Omega-3"/><nutrient amount="0.185" name="Omega-6"/><nutrient amount="16.0" name="Cholesterol"/></food>