<food fcf="9.0" pcf="4.0" uid="01202" name="Milk, chocolate, fluid, commercial, reduced fat, with added calcium" ccf="4.0"><measure amount="1.0" grams="250.0" name="cup"/><measure amount="1.0" grams="31.2" name="fl oz"/><measure amount="1.0" grams="1000.0" name="quart"/><nutrient amount="78.0" name="Energy"/><nutrient amount="2.99" name="Protein"/><nutrient amount="1.9" name="Fat"/><nutrient amount="12.13" name="Carbs"/><nutrient amount="0.7" name="Fiber"/><nutrient amount="1.6" name="Starch"/><nutrient amount="9.55" name="Sugars"/><nutrient amount="82.17" name="Water"/><nutrient amount="0.81" name="Ash"/><nutrient amount="1.0" name="Caffeine"/><nutrient amount="194.0" name="Calcium"/><nutrient amount="0.075" name="Copper"/><nutrient amount="0.24" name="Iron"/><nutrient amount="14.0" name="Magnesium"/><nutrient amount="0.062" name="Manganese"/><nutrient amount="76.0" name="Phosphorus"/><nutrient amount="123.0" name="Potassium"/><nutrient amount="3.4" name="Selenium"/><nutrient amount="66.0" name="Sodium"/><nutrient amount="0.39" name="Zinc"/><nutrient amount="227.0" name="Vitamin A"/><nutrient amount="63.0" name="Retinol"/><nutrient amount="11.0" name="Beta-carotene"/><nutrient amount="2.0" name="Folate"/><nutrient amount="0.045" name="B1 (Thiamine)"/><nutrient amount="0.565" name="B2 (Riboflavin)"/><nutrient amount="0.164" name="B3 (Niacin)"/><nutrient amount="0.539" name="B5 (Pantothenic Acid)"/><nutrient amount="0.024" name="B6 (Pyridoxine)"/><nutrient amount="0.33" name="B12 (Cyanocobalamin)"/><nutrient amount="0.04" name="Vitamin E"/><nutrient amount="0.02" name="Gamma Tocopherol"/><nutrient amount="0.2" name="Vitamin K"/><nutrient amount="1.177" name="Saturated"/><nutrient amount="0.455" name="Monounsaturated"/><nutrient amount="0.089" name="Polyunsaturated"/><nutrient amount="0.08" name="Omega-6"/><nutrient amount="8.0" name="Cholesterol"/><nutrient amount="0.1" name="ALA"/><nutrient amount="0.27" name="ASP"/><nutrient amount="0.105" name="ARG"/><nutrient amount="0.03" name="CYS"/><nutrient amount="0.645" name="GLU"/><nutrient amount="0.06" name="GLY"/><nutrient amount="0.08" name="HIS"/><nutrient amount="0.14" name="ILE"/><nutrient amount="0.275" name="LEU"/><nutrient amount="0.23" name="LYS"/><nutrient amount="0.07" name="MET"/><nutrient amount="0.14" name="PHE"/><nutrient amount="0.275" name="PRO"/><nutrient amount="0.17" name="SER"/><nutrient amount="0.14" name="THR"/><nutrient amount="0.045" name="TRP"/><nutrient amount="0.12" name="TYR"/><nutrient amount="0.18" name="VAL"/></food>