<food uid="02009" fcf="8.37" pcf="3.23" name="Spices, chili powder" ccf="2.39"><measure amount="1.0" name="tbsp" grams="7.5"/><measure amount="1.0" name="tsp" grams="2.6"/><nutrient amount="314.0" name="Energy"/><nutrient amount="12.26" name="Protein"/><nutrient amount="54.66" name="Carbs"/><nutrient amount="34.2" name="Fiber"/><nutrient amount="7.19" name="Sugars"/><nutrient amount="16.76" name="Fat"/><nutrient amount="0.0" name="Alcohol"/><nutrient amount="0.0" name="Caffeine"/><nutrient amount="7.79" name="Water"/><nutrient amount="8.53" name="Ash"/><nutrient amount="278.0" name="Calcium"/><nutrient amount="0.429" name="Copper"/><nutrient amount="14.25" name="Iron"/><nutrient amount="170.0" name="Magnesium"/><nutrient amount="2.165" name="Manganese"/><nutrient amount="303.0" name="Phosphorus"/><nutrient amount="1916.0" name="Potassium"/><nutrient amount="6.0" name="Selenium"/><nutrient amount="1010.0" name="Sodium"/><nutrient amount="2.7" name="Zinc"/><nutrient amount="29650.0" name="Vitamin A"/><nutrient amount="0.0" name="Retinol"/><nutrient amount="2090.0" name="Alpha-carotene"/><nutrient amount="15000.0" name="Beta-carotene"/><nutrient amount="3490.0" name="Beta-cryptoxanthin"/><nutrient amount="21.0" name="Lycopene"/><nutrient amount="310.0" name="Lutein+Zeaxanthin"/><nutrient amount="100.0" name="Folate"/><nutrient amount="0.349" name="B1 (Thiamine)"/><nutrient amount="0.794" name="B2 (Riboflavin)"/><nutrient amount="7.893" name="B3 (Niacin)"/><nutrient amount="3.67" name="B6 (Pyridoxine)"/><nutrient amount="0.0" name="B12 (Cyanocobalamin)"/><nutrient amount="64.1" name="Vitamin C"/><nutrient amount="29.05" name="Vitamin E"/><nutrient amount="0.42" name="Beta Tocopherol"/><nutrient amount="0.29" name="Delta Tocopherol"/><nutrient amount="3.12" name="Gamma Tocopherol"/><nutrient amount="105.7" name="Vitamin K"/><nutrient amount="66.5" name="Choline"/><nutrient amount="2.953" name="Saturated"/><nutrient amount="3.574" name="Monounsaturated"/><nutrient amount="7.458" name="Polyunsaturated"/><nutrient amount="0.731" name="Omega-3"/><nutrient amount="6.727" name="Omega-6"/><nutrient amount="0.0" name="Cholesterol"/><nutrient amount="83.0" name="Phytosterol"/></food>