<food fcf="8.37" pcf="3.36" uid="02006" name="Spices, cardamom" ccf="3.2"><measure amount="1.0" grams="5.8" name="tbsp, ground"/><measure amount="1.0" grams="2.0" name="tsp, ground"/><nutrient amount="311.0" name="Energy"/><nutrient amount="10.76" name="Protein"/><nutrient amount="6.7" name="Fat"/><nutrient amount="68.47" name="Carbs"/><nutrient amount="28.0" name="Fiber"/><nutrient amount="8.28" name="Water"/><nutrient amount="5.78" name="Ash"/><nutrient amount="383.0" name="Calcium"/><nutrient amount="0.383" name="Copper"/><nutrient amount="13.97" name="Iron"/><nutrient amount="229.0" name="Magnesium"/><nutrient amount="28.0" name="Manganese"/><nutrient amount="178.0" name="Phosphorus"/><nutrient amount="1119.0" name="Potassium"/><nutrient amount="18.0" name="Sodium"/><nutrient amount="7.47" name="Zinc"/><nutrient amount="0.198" name="B1 (Thiamine)"/><nutrient amount="0.182" name="B2 (Riboflavin)"/><nutrient amount="1.102" name="B3 (Niacin)"/><nutrient amount="0.23" name="B6 (Pyridoxine)"/><nutrient amount="21.0" name="Vitamin C"/><nutrient amount="0.68" name="Saturated"/><nutrient amount="0.87" name="Monounsaturated"/><nutrient amount="0.43" name="Polyunsaturated"/><nutrient amount="0.12" name="Omega-3"/><nutrient amount="0.31" name="Omega-6"/><nutrient amount="46.0" name="Phytosterol"/></food>