<food uid="02004" fcf="8.37" pcf="2.44" name="Spices, bay leaf" ccf="3.0"><measure amount="1.0" name="tbsp, crumbled" grams="1.8"/><measure amount="1.0" name="tsp, crumbled" grams="0.6"/><nutrient amount="313.0" name="Energy"/><nutrient amount="7.61" name="Protein"/><nutrient amount="74.97" name="Carbs"/><nutrient amount="26.3" name="Fiber"/><nutrient amount="8.36" name="Fat"/><nutrient amount="0.0" name="Alcohol"/><nutrient amount="5.44" name="Water"/><nutrient amount="3.62" name="Ash"/><nutrient amount="834.0" name="Calcium"/><nutrient amount="0.416" name="Copper"/><nutrient amount="43.0" name="Iron"/><nutrient amount="120.0" name="Magnesium"/><nutrient amount="8.167" name="Manganese"/><nutrient amount="113.0" name="Phosphorus"/><nutrient amount="529.0" name="Potassium"/><nutrient amount="2.8" name="Selenium"/><nutrient amount="23.0" name="Sodium"/><nutrient amount="3.7" name="Zinc"/><nutrient amount="6185.0" name="Vitamin A"/><nutrient amount="0.0" name="Retinol"/><nutrient amount="180.0" name="Folate"/><nutrient amount="0.0090" name="B1 (Thiamine)"/><nutrient amount="0.421" name="B2 (Riboflavin)"/><nutrient amount="2.005" name="B3 (Niacin)"/><nutrient amount="1.74" name="B6 (Pyridoxine)"/><nutrient amount="0.0" name="B12 (Cyanocobalamin)"/><nutrient amount="46.5" name="Vitamin C"/><nutrient amount="2.28" name="Saturated"/><nutrient amount="1.64" name="Monounsaturated"/><nutrient amount="2.29" name="Polyunsaturated"/><nutrient amount="1.05" name="Omega-3"/><nutrient amount="1.24" name="Omega-6"/><nutrient amount="0.0" name="Cholesterol"/></food>