<food fcf="8.37" pcf="3.36" uid="02007" name="Spices, celery seed" ccf="2.9"><measure amount="1.0" grams="6.5" name="tbsp"/><measure amount="1.0" grams="2.0" name="tsp"/><nutrient amount="392.0" name="Energy"/><nutrient amount="18.07" name="Protein"/><nutrient amount="25.27" name="Fat"/><nutrient amount="41.35" name="Carbs"/><nutrient amount="11.8" name="Fiber"/><nutrient amount="0.67" name="Sugars"/><nutrient amount="6.04" name="Water"/><nutrient amount="9.27" name="Ash"/><nutrient amount="1767.0" name="Calcium"/><nutrient amount="1.37" name="Copper"/><nutrient amount="44.9" name="Iron"/><nutrient amount="440.0" name="Magnesium"/><nutrient amount="7.567" name="Manganese"/><nutrient amount="547.0" name="Phosphorus"/><nutrient amount="1400.0" name="Potassium"/><nutrient amount="12.1" name="Selenium"/><nutrient amount="160.0" name="Sodium"/><nutrient amount="6.93" name="Zinc"/><nutrient amount="52.0" name="Vitamin A"/><nutrient amount="31.0" name="Beta-carotene"/><nutrient amount="10.0" name="Folate"/><nutrient amount="0.34" name="B1 (Thiamine)"/><nutrient amount="0.29" name="B2 (Riboflavin)"/><nutrient amount="3.06" name="B3 (Niacin)"/><nutrient amount="0.89" name="B6 (Pyridoxine)"/><nutrient amount="17.1" name="Vitamin C"/><nutrient amount="1.07" name="Vitamin E"/><nutrient amount="2.19" name="Saturated"/><nutrient amount="15.93" name="Monounsaturated"/><nutrient amount="3.72" name="Polyunsaturated"/><nutrient amount="0.2" name="Omega-3"/><nutrient amount="3.52" name="Omega-6"/><nutrient amount="60.0" name="Phytosterol"/></food>