<food uid="02012" fcf="8.37" pcf="2.44" name="Spices, coriander leaf, dried" ccf="3.57"><measure amount="1.0" name="tbsp" grams="1.8"/><measure amount="1.0" name="tsp" grams="0.6"/><nutrient amount="279.0" name="Energy"/><nutrient amount="21.93" name="Protein"/><nutrient amount="52.1" name="Carbs"/><nutrient amount="10.4" name="Fiber"/><nutrient amount="7.27" name="Sugars"/><nutrient amount="4.78" name="Fat"/><nutrient amount="0.0" name="Alcohol"/><nutrient amount="0.0" name="Caffeine"/><nutrient amount="7.3" name="Water"/><nutrient amount="14.08" name="Ash"/><nutrient amount="1246.0" name="Calcium"/><nutrient amount="1.786" name="Copper"/><nutrient amount="42.46" name="Iron"/><nutrient amount="694.0" name="Magnesium"/><nutrient amount="6.355" name="Manganese"/><nutrient amount="481.0" name="Phosphorus"/><nutrient amount="4466.0" name="Potassium"/><nutrient amount="29.3" name="Selenium"/><nutrient amount="211.0" name="Sodium"/><nutrient amount="4.72" name="Zinc"/><nutrient amount="5850.0" name="Vitamin A"/><nutrient amount="0.0" name="Retinol"/><nutrient amount="31.0" name="Alpha-carotene"/><nutrient amount="3407.0" name="Beta-carotene"/><nutrient amount="175.0" name="Beta-cryptoxanthin"/><nutrient amount="0.0" name="Lycopene"/><nutrient amount="5530.0" name="Lutein+Zeaxanthin"/><nutrient amount="274.0" name="Folate"/><nutrient amount="1.252" name="B1 (Thiamine)"/><nutrient amount="1.5" name="B2 (Riboflavin)"/><nutrient amount="10.707" name="B3 (Niacin)"/><nutrient amount="0.61" name="B6 (Pyridoxine)"/><nutrient amount="0.0" name="B12 (Cyanocobalamin)"/><nutrient amount="566.7" name="Vitamin C"/><nutrient amount="1.03" name="Vitamin E"/><nutrient amount="1359.5" name="Vitamin K"/><nutrient amount="0.115" name="Saturated"/><nutrient amount="2.232" name="Monounsaturated"/><nutrient amount="0.328" name="Polyunsaturated"/><nutrient amount="0.0" name="Omega-3"/><nutrient amount="0.328" name="Omega-6"/><nutrient amount="0.0" name="Cholesterol"/></food>