<food uid="02015" fcf="8.37" pcf="3.12" name="Spices, curry powder" ccf="2.92"><measure amount="1.0" name="tbsp" grams="6.3"/><measure amount="1.0" name="tsp" grams="2.0"/><nutrient amount="325.0" name="Energy"/><nutrient amount="12.66" name="Protein"/><nutrient amount="58.15" name="Carbs"/><nutrient amount="33.2" name="Fiber"/><nutrient amount="2.76" name="Sugars"/><nutrient amount="13.81" name="Fat"/><nutrient amount="0.0" name="Alcohol"/><nutrient amount="0.0" name="Caffeine"/><nutrient amount="9.52" name="Water"/><nutrient amount="5.57" name="Ash"/><nutrient amount="478.0" name="Calcium"/><nutrient amount="0.815" name="Copper"/><nutrient amount="29.59" name="Iron"/><nutrient amount="254.0" name="Magnesium"/><nutrient amount="4.289" name="Manganese"/><nutrient amount="349.0" name="Phosphorus"/><nutrient amount="1543.0" name="Potassium"/><nutrient amount="17.1" name="Selenium"/><nutrient amount="52.0" name="Sodium"/><nutrient amount="4.05" name="Zinc"/><nutrient amount="986.0" name="Vitamin A"/><nutrient amount="0.0" name="Retinol"/><nutrient amount="0.0" name="Alpha-carotene"/><nutrient amount="592.0" name="Beta-carotene"/><nutrient amount="0.0" name="Beta-cryptoxanthin"/><nutrient amount="0.0" name="Lycopene"/><nutrient amount="0.0" name="Lutein+Zeaxanthin"/><nutrient amount="154.0" name="Folate"/><nutrient amount="0.253" name="B1 (Thiamine)"/><nutrient amount="0.281" name="B2 (Riboflavin)"/><nutrient amount="3.467" name="B3 (Niacin)"/><nutrient amount="1.15" name="B6 (Pyridoxine)"/><nutrient amount="0.0" name="B12 (Cyanocobalamin)"/><nutrient amount="11.4" name="Vitamin C"/><nutrient amount="21.99" name="Vitamin E"/><nutrient amount="0.0" name="Beta Tocopherol"/><nutrient amount="0.35" name="Delta Tocopherol"/><nutrient amount="0.95" name="Gamma Tocopherol"/><nutrient amount="99.8" name="Vitamin K"/><nutrient amount="64.2" name="Choline"/><nutrient amount="2.237" name="Saturated"/><nutrient amount="5.551" name="Monounsaturated"/><nutrient amount="2.557" name="Polyunsaturated"/><nutrient amount="0.429" name="Omega-3"/><nutrient amount="2.12" name="Omega-6"/><nutrient amount="0.0" name="Cholesterol"/><nutrient amount="72.0" name="Phytosterol"/></food>