<food fcf="8.37" pcf="3.36" uid="02013" name="Spices, coriander seed" ccf="1.95"><measure amount="1.0" grams="5.0" name="tbsp"/><measure amount="1.0" grams="1.8" name="tsp"/><nutrient amount="298.0" name="Energy"/><nutrient amount="12.37" name="Protein"/><nutrient amount="17.77" name="Fat"/><nutrient amount="54.99" name="Carbs"/><nutrient amount="41.9" name="Fiber"/><nutrient amount="8.86" name="Water"/><nutrient amount="6.02" name="Ash"/><nutrient amount="709.0" name="Calcium"/><nutrient amount="0.975" name="Copper"/><nutrient amount="16.32" name="Iron"/><nutrient amount="330.0" name="Magnesium"/><nutrient amount="1.9" name="Manganese"/><nutrient amount="409.0" name="Phosphorus"/><nutrient amount="1267.0" name="Potassium"/><nutrient amount="26.2" name="Selenium"/><nutrient amount="35.0" name="Sodium"/><nutrient amount="4.7" name="Zinc"/><nutrient amount="0.239" name="B1 (Thiamine)"/><nutrient amount="0.29" name="B2 (Riboflavin)"/><nutrient amount="2.13" name="B3 (Niacin)"/><nutrient amount="21.0" name="Vitamin C"/><nutrient amount="0.99" name="Saturated"/><nutrient amount="13.58" name="Monounsaturated"/><nutrient amount="1.75" name="Polyunsaturated"/><nutrient amount="1.75" name="Omega-6"/><nutrient amount="46.0" name="Phytosterol"/></food>