<food uid="02018" fcf="8.37" pcf="3.36" name="Spices, fennel seed" ccf="3.2"><measure amount="1.0" name="tbsp, whole" grams="5.8"/><measure amount="1.0" name="tsp, whole" grams="2.0"/><nutrient amount="345.0" name="Energy"/><nutrient amount="15.8" name="Protein"/><nutrient amount="52.29" name="Carbs"/><nutrient amount="39.8" name="Fiber"/><nutrient amount="14.87" name="Fat"/><nutrient amount="8.81" name="Water"/><nutrient amount="8.22" name="Ash"/><nutrient amount="1196.0" name="Calcium"/><nutrient amount="1.067" name="Copper"/><nutrient amount="18.54" name="Iron"/><nutrient amount="385.0" name="Magnesium"/><nutrient amount="6.533" name="Manganese"/><nutrient amount="487.0" name="Phosphorus"/><nutrient amount="1694.0" name="Potassium"/><nutrient amount="88.0" name="Sodium"/><nutrient amount="3.7" name="Zinc"/><nutrient amount="135.0" name="Vitamin A"/><nutrient amount="0.0" name="Retinol"/><nutrient amount="0.408" name="B1 (Thiamine)"/><nutrient amount="0.353" name="B2 (Riboflavin)"/><nutrient amount="6.05" name="B3 (Niacin)"/><nutrient amount="0.47" name="B6 (Pyridoxine)"/><nutrient amount="0.0" name="B12 (Cyanocobalamin)"/><nutrient amount="21.0" name="Vitamin C"/><nutrient amount="0.48" name="Saturated"/><nutrient amount="9.91" name="Monounsaturated"/><nutrient amount="1.69" name="Polyunsaturated"/><nutrient amount="1.69" name="Omega-6"/><nutrient amount="0.0" name="Cholesterol"/><nutrient amount="66.0" name="Phytosterol"/><nutrient amount="0.789" name="ALA"/><nutrient amount="0.68" name="ARG"/><nutrient amount="1.833" name="ASP"/><nutrient amount="0.222" name="CYS"/><nutrient amount="2.956" name="GLU"/><nutrient amount="1.107" name="GLY"/><nutrient amount="0.331" name="HIS"/><nutrient amount="0.695" name="ILE"/><nutrient amount="0.996" name="LEU"/><nutrient amount="0.758" name="LYS"/><nutrient amount="0.301" name="MET"/><nutrient amount="0.647" name="PHE"/><nutrient amount="0.9" name="PRO"/><nutrient amount="0.9" name="SER"/><nutrient amount="0.602" name="THR"/><nutrient amount="0.253" name="TRP"/><nutrient amount="0.41" name="TYR"/><nutrient amount="0.915" name="VAL"/></food>