<food uid="02011" fcf="8.37" pcf="1.82" name="Spices, cloves, ground" ccf="2.35"><measure amount="1.0" name="tbsp" grams="6.6"/><measure amount="1.0" name="tsp" grams="2.1"/><nutrient amount="323.0" name="Energy"/><nutrient amount="5.98" name="Protein"/><nutrient amount="61.21" name="Carbs"/><nutrient amount="34.2" name="Fiber"/><nutrient amount="2.38" name="Sugars"/><nutrient amount="20.07" name="Fat"/><nutrient amount="0.0" name="Alcohol"/><nutrient amount="0.0" name="Caffeine"/><nutrient amount="6.86" name="Water"/><nutrient amount="5.88" name="Ash"/><nutrient amount="646.0" name="Calcium"/><nutrient amount="0.347" name="Copper"/><nutrient amount="8.68" name="Iron"/><nutrient amount="264.0" name="Magnesium"/><nutrient amount="30.033" name="Manganese"/><nutrient amount="105.0" name="Phosphorus"/><nutrient amount="1102.0" name="Potassium"/><nutrient amount="5.9" name="Selenium"/><nutrient amount="243.0" name="Sodium"/><nutrient amount="1.09" name="Zinc"/><nutrient amount="530.0" name="Vitamin A"/><nutrient amount="0.0" name="Retinol"/><nutrient amount="0.0" name="Alpha-carotene"/><nutrient amount="84.0" name="Beta-carotene"/><nutrient amount="468.0" name="Beta-cryptoxanthin"/><nutrient amount="0.0" name="Lycopene"/><nutrient amount="0.0" name="Lutein+Zeaxanthin"/><nutrient amount="93.0" name="Folate"/><nutrient amount="0.115" name="B1 (Thiamine)"/><nutrient amount="0.267" name="B2 (Riboflavin)"/><nutrient amount="1.458" name="B3 (Niacin)"/><nutrient amount="0.59" name="B6 (Pyridoxine)"/><nutrient amount="0.0" name="B12 (Cyanocobalamin)"/><nutrient amount="80.8" name="Vitamin C"/><nutrient amount="8.52" name="Vitamin E"/><nutrient amount="141.8" name="Vitamin K"/><nutrient amount="37.4" name="Choline"/><nutrient amount="5.438" name="Saturated"/><nutrient amount="1.471" name="Monounsaturated"/><nutrient amount="7.088" name="Polyunsaturated"/><nutrient amount="4.279" name="Omega-3"/><nutrient amount="2.586" name="Omega-6"/><nutrient amount="0.0" name="Cholesterol"/><nutrient amount="256.0" name="Phytosterol"/></food>