<food uid="02017" fcf="8.37" pcf="2.44" name="Spices, dill weed, dried" ccf="3.0"><measure amount="1.0" name="tbsp" grams="3.1"/><measure amount="1.0" name="tsp" grams="1.0"/><nutrient amount="253.0" name="Energy"/><nutrient amount="19.96" name="Protein"/><nutrient amount="55.82" name="Carbs"/><nutrient amount="13.6" name="Fiber"/><nutrient amount="4.36" name="Fat"/><nutrient amount="7.3" name="Water"/><nutrient amount="12.56" name="Ash"/><nutrient amount="1784.0" name="Calcium"/><nutrient amount="0.49" name="Copper"/><nutrient amount="48.78" name="Iron"/><nutrient amount="451.0" name="Magnesium"/><nutrient amount="3.95" name="Manganese"/><nutrient amount="543.0" name="Phosphorus"/><nutrient amount="3308.0" name="Potassium"/><nutrient amount="208.0" name="Sodium"/><nutrient amount="3.3" name="Zinc"/><nutrient amount="5850.0" name="Vitamin A"/><nutrient amount="0.0" name="Retinol"/><nutrient amount="0.418" name="B1 (Thiamine)"/><nutrient amount="0.284" name="B2 (Riboflavin)"/><nutrient amount="2.807" name="B3 (Niacin)"/><nutrient amount="1.71" name="B6 (Pyridoxine)"/><nutrient amount="0.0" name="B12 (Cyanocobalamin)"/><nutrient amount="50.0" name="Vitamin C"/><nutrient amount="0.234" name="Saturated"/><nutrient amount="0.0" name="Cholesterol"/></food>