<food fcf="8.37" pcf="3.36" uid="02014" name="Spices, cumin seed" ccf="2.9"><measure amount="1.0" grams="6.0" name="tbsp, whole"/><measure amount="1.0" grams="2.1" name="tsp, whole"/><nutrient amount="375.0" name="Energy"/><nutrient amount="17.81" name="Protein"/><nutrient amount="22.27" name="Fat"/><nutrient amount="44.24" name="Carbs"/><nutrient amount="10.5" name="Fiber"/><nutrient amount="2.25" name="Sugars"/><nutrient amount="8.06" name="Water"/><nutrient amount="7.62" name="Ash"/><nutrient amount="931.0" name="Calcium"/><nutrient amount="0.867" name="Copper"/><nutrient amount="66.36" name="Iron"/><nutrient amount="366.0" name="Magnesium"/><nutrient amount="3.333" name="Manganese"/><nutrient amount="499.0" name="Phosphorus"/><nutrient amount="1788.0" name="Potassium"/><nutrient amount="5.2" name="Selenium"/><nutrient amount="168.0" name="Sodium"/><nutrient amount="4.8" name="Zinc"/><nutrient amount="1270.0" name="Vitamin A"/><nutrient amount="762.0" name="Beta-carotene"/><nutrient amount="448.0" name="Lutein+Zeaxanthin"/><nutrient amount="10.0" name="Folate"/><nutrient amount="0.628" name="B1 (Thiamine)"/><nutrient amount="0.327" name="B2 (Riboflavin)"/><nutrient amount="4.579" name="B3 (Niacin)"/><nutrient amount="0.435" name="B6 (Pyridoxine)"/><nutrient amount="7.7" name="Vitamin C"/><nutrient amount="3.33" name="Vitamin E"/><nutrient amount="5.4" name="Vitamin K"/><nutrient amount="1.535" name="Saturated"/><nutrient amount="14.04" name="Monounsaturated"/><nutrient amount="3.279" name="Polyunsaturated"/><nutrient amount="0.176" name="Omega-3"/><nutrient amount="3.103" name="Omega-6"/><nutrient amount="68.0" name="Phytosterol"/></food>