<food fcf="8.37" pcf="2.44" uid="02023" name="Spices, marjoram, dried" ccf="3.0"><measure amount="1.0" grams="1.7" name="tbsp"/><measure amount="1.0" grams="0.6" name="tsp"/><nutrient amount="271.0" name="Energy"/><nutrient amount="12.66" name="Protein"/><nutrient amount="7.04" name="Fat"/><nutrient amount="60.56" name="Carbs"/><nutrient amount="40.3" name="Fiber"/><nutrient amount="4.09" name="Sugars"/><nutrient amount="7.64" name="Water"/><nutrient amount="12.1" name="Ash"/><nutrient amount="1990.0" name="Calcium"/><nutrient amount="1.133" name="Copper"/><nutrient amount="82.71" name="Iron"/><nutrient amount="346.0" name="Magnesium"/><nutrient amount="5.433" name="Manganese"/><nutrient amount="306.0" name="Phosphorus"/><nutrient amount="1522.0" name="Potassium"/><nutrient amount="4.5" name="Selenium"/><nutrient amount="77.0" name="Sodium"/><nutrient amount="3.6" name="Zinc"/><nutrient amount="8068.0" name="Vitamin A"/><nutrient amount="4806.0" name="Beta-carotene"/><nutrient amount="70.0" name="Beta-cryptoxanthin"/><nutrient amount="862.0" name="Lutein+Zeaxanthin"/><nutrient amount="274.0" name="Folate"/><nutrient amount="0.289" name="B1 (Thiamine)"/><nutrient amount="0.316" name="B2 (Riboflavin)"/><nutrient amount="4.12" name="B3 (Niacin)"/><nutrient amount="1.19" name="B6 (Pyridoxine)"/><nutrient amount="51.4" name="Vitamin C"/><nutrient amount="1.69" name="Vitamin E"/><nutrient amount="621.7" name="Vitamin K"/><nutrient amount="0.529" name="Saturated"/><nutrient amount="0.94" name="Monounsaturated"/><nutrient amount="4.405" name="Polyunsaturated"/><nutrient amount="3.23" name="Omega-3"/><nutrient amount="1.175" name="Omega-6"/><nutrient amount="60.0" name="Phytosterol"/></food>