<food fcf="8.37" pcf="2.78" uid="02026" name="Spices, onion powder" ccf="3.84"><measure amount="1.0" grams="6.9" name="tbsp"/><measure amount="1.0" grams="2.4" name="tsp"/><nutrient amount="347.0" name="Energy"/><nutrient amount="10.12" name="Protein"/><nutrient amount="1.05" name="Fat"/><nutrient amount="80.67" name="Carbs"/><nutrient amount="5.7" name="Fiber"/><nutrient amount="35.48" name="Sugars"/><nutrient amount="5.01" name="Water"/><nutrient amount="3.15" name="Ash"/><nutrient amount="363.0" name="Calcium"/><nutrient amount="0.177" name="Copper"/><nutrient amount="2.56" name="Iron"/><nutrient amount="122.0" name="Magnesium"/><nutrient amount="0.374" name="Manganese"/><nutrient amount="340.0" name="Phosphorus"/><nutrient amount="943.0" name="Potassium"/><nutrient amount="2.1" name="Selenium"/><nutrient amount="54.0" name="Sodium"/><nutrient amount="2.33" name="Zinc"/><nutrient amount="166.0" name="Folate"/><nutrient amount="0.418" name="B1 (Thiamine)"/><nutrient amount="0.056" name="B2 (Riboflavin)"/><nutrient amount="0.647" name="B3 (Niacin)"/><nutrient amount="1.215" name="B6 (Pyridoxine)"/><nutrient amount="14.7" name="Vitamin C"/><nutrient amount="0.27" name="Vitamin E"/><nutrient amount="0.05" name="Gamma Tocopherol"/><nutrient amount="4.1" name="Vitamin K"/><nutrient amount="39.0" name="Choline"/><nutrient amount="0.183" name="Saturated"/><nutrient amount="0.158" name="Monounsaturated"/><nutrient amount="0.439" name="Polyunsaturated"/><nutrient amount="0.018" name="Omega-3"/><nutrient amount="0.421" name="Omega-6"/><nutrient amount="87.0" name="Phytosterol"/><nutrient amount="0.22" name="ALA"/><nutrient amount="0.509" name="ASP"/><nutrient amount="1.338" name="ARG"/><nutrient amount="0.181" name="CYS"/><nutrient amount="1.884" name="GLU"/><nutrient amount="0.334" name="GLY"/><nutrient amount="0.136" name="HIS"/><nutrient amount="0.293" name="ILE"/><nutrient amount="0.327" name="LEU"/><nutrient amount="0.467" name="LYS"/><nutrient amount="0.086" name="MET"/><nutrient amount="0.249" name="PHE"/><nutrient amount="0.405" name="PRO"/><nutrient amount="0.246" name="SER"/><nutrient amount="0.199" name="THR"/><nutrient amount="0.12" name="TRP"/><nutrient amount="0.232" name="TYR"/><nutrient amount="0.238" name="VAL"/></food>