<food fcf="8.37" pcf="3.36" uid="02022" name="Spices, mace, ground" ccf="3.6"><measure amount="1.0" grams="5.3" name="tbsp"/><measure amount="1.0" grams="1.7" name="tsp"/><nutrient amount="475.0" name="Energy"/><nutrient amount="6.71" name="Protein"/><nutrient amount="32.38" name="Fat"/><nutrient amount="50.5" name="Carbs"/><nutrient amount="20.2" name="Fiber"/><nutrient amount="8.17" name="Water"/><nutrient amount="2.23" name="Ash"/><nutrient amount="252.0" name="Calcium"/><nutrient amount="2.467" name="Copper"/><nutrient amount="13.9" name="Iron"/><nutrient amount="163.0" name="Magnesium"/><nutrient amount="1.5" name="Manganese"/><nutrient amount="110.0" name="Phosphorus"/><nutrient amount="463.0" name="Potassium"/><nutrient amount="2.7" name="Selenium"/><nutrient amount="80.0" name="Sodium"/><nutrient amount="2.3" name="Zinc"/><nutrient amount="800.0" name="Vitamin A"/><nutrient amount="76.0" name="Folate"/><nutrient amount="0.312" name="B1 (Thiamine)"/><nutrient amount="0.448" name="B2 (Riboflavin)"/><nutrient amount="1.35" name="B3 (Niacin)"/><nutrient amount="0.16" name="B6 (Pyridoxine)"/><nutrient amount="21.0" name="Vitamin C"/><nutrient amount="9.51" name="Saturated"/><nutrient amount="11.17" name="Monounsaturated"/><nutrient amount="4.39" name="Polyunsaturated"/><nutrient amount="0.08" name="Omega-3"/><nutrient amount="4.31" name="Omega-6"/><nutrient amount="73.0" name="Phytosterol"/></food>