<food uid="02029" fcf="8.37" pcf="2.44" name="Spices, parsley, dried" ccf="3.57"><measure amount="1.0" name="tsp" grams="0.5"/><measure amount="1.0" name="tbsp" grams="1.6"/><nutrient amount="276.0" name="Energy"/><nutrient amount="22.42" name="Protein"/><nutrient amount="51.66" name="Carbs"/><nutrient amount="30.4" name="Fiber"/><nutrient amount="7.27" name="Sugars"/><nutrient amount="4.43" name="Fat"/><nutrient amount="0.0" name="Alcohol"/><nutrient amount="0.0" name="Caffeine"/><nutrient amount="9.02" name="Water"/><nutrient amount="12.47" name="Ash"/><nutrient amount="1468.0" name="Calcium"/><nutrient amount="0.64" name="Copper"/><nutrient amount="97.86" name="Iron"/><nutrient amount="249.0" name="Magnesium"/><nutrient amount="10.5" name="Manganese"/><nutrient amount="351.0" name="Phosphorus"/><nutrient amount="3805.0" name="Potassium"/><nutrient amount="29.3" name="Selenium"/><nutrient amount="452.0" name="Sodium"/><nutrient amount="4.75" name="Zinc"/><nutrient amount="10184.0" name="Vitamin A"/><nutrient amount="0.0" name="Retinol"/><nutrient amount="1430.0" name="Alpha-carotene"/><nutrient amount="5380.0" name="Beta-carotene"/><nutrient amount="30.0" name="Beta-cryptoxanthin"/><nutrient amount="397.0" name="Lycopene"/><nutrient amount="5530.0" name="Lutein+Zeaxanthin"/><nutrient amount="180.0" name="Folate"/><nutrient amount="0.172" name="B1 (Thiamine)"/><nutrient amount="1.23" name="B2 (Riboflavin)"/><nutrient amount="7.929" name="B3 (Niacin)"/><nutrient amount="1.002" name="B6 (Pyridoxine)"/><nutrient amount="0.0" name="B12 (Cyanocobalamin)"/><nutrient amount="122.0" name="Vitamin C"/><nutrient amount="6.91" name="Vitamin E"/><nutrient amount="0.0" name="Beta Tocopherol"/><nutrient amount="0.0" name="Delta Tocopherol"/><nutrient amount="1.27" name="Gamma Tocopherol"/><nutrient amount="1359.5" name="Vitamin K"/><nutrient amount="97.1" name="Choline"/><nutrient amount="0.115" name="Saturated"/><nutrient amount="3.247" name="Monounsaturated"/><nutrient amount="0.458" name="Polyunsaturated"/><nutrient amount="0.0" name="Omega-3"/><nutrient amount="0.458" name="Omega-6"/><nutrient amount="0.0" name="Cholesterol"/></food>