<food fcf="8.37" pcf="2.78" uid="02020" name="Spices, garlic powder" ccf="3.84"><measure amount="1.0" grams="8.4" name="tbsp"/><measure amount="1.0" grams="2.8" name="tsp"/><nutrient amount="332.0" name="Energy"/><nutrient amount="16.8" name="Protein"/><nutrient amount="0.76" name="Fat"/><nutrient amount="72.71" name="Carbs"/><nutrient amount="9.9" name="Fiber"/><nutrient amount="24.3" name="Sugars"/><nutrient amount="6.45" name="Water"/><nutrient amount="3.29" name="Ash"/><nutrient amount="80.0" name="Calcium"/><nutrient amount="0.147" name="Copper"/><nutrient amount="2.75" name="Iron"/><nutrient amount="58.0" name="Magnesium"/><nutrient amount="0.545" name="Manganese"/><nutrient amount="417.0" name="Phosphorus"/><nutrient amount="1101.0" name="Potassium"/><nutrient amount="38.0" name="Selenium"/><nutrient amount="26.0" name="Sodium"/><nutrient amount="2.63" name="Zinc"/><nutrient amount="2.0" name="Folate"/><nutrient amount="0.466" name="B1 (Thiamine)"/><nutrient amount="0.152" name="B2 (Riboflavin)"/><nutrient amount="0.692" name="B3 (Niacin)"/><nutrient amount="2.94" name="B6 (Pyridoxine)"/><nutrient amount="18.0" name="Vitamin C"/><nutrient amount="0.63" name="Vitamin E"/><nutrient amount="67.5" name="Choline"/><nutrient amount="0.135" name="Saturated"/><nutrient amount="0.017" name="Monounsaturated"/><nutrient amount="0.378" name="Polyunsaturated"/><nutrient amount="0.03" name="Omega-3"/><nutrient amount="0.348" name="Omega-6"/><nutrient amount="8.0" name="Phytosterol"/><nutrient amount="0.349" name="ALA"/><nutrient amount="1.29" name="ASP"/><nutrient amount="1.674" name="ARG"/><nutrient amount="0.172" name="CYS"/><nutrient amount="2.126" name="GLU"/><nutrient amount="0.527" name="GLY"/><nutrient amount="0.309" name="HIS"/><nutrient amount="0.648" name="ILE"/><nutrient amount="1.027" name="LEU"/><nutrient amount="0.578" name="LYS"/><nutrient amount="0.336" name="MET"/><nutrient amount="0.484" name="PHE"/><nutrient amount="0.263" name="PRO"/><nutrient amount="0.503" name="SER"/><nutrient amount="0.468" name="THR"/><nutrient amount="0.215" name="TRP"/><nutrient amount="0.215" name="TYR"/><nutrient amount="0.712" name="VAL"/></food>