<food fcf="8.37" pcf="3.47" uid="02024" name="Spices, mustard seed, yellow" ccf="4.07"><measure amount="1.0" grams="11.2" name="tbsp"/><measure amount="1.0" grams="3.3" name="tsp"/><nutrient amount="469.0" name="Energy"/><nutrient amount="24.94" name="Protein"/><nutrient amount="28.76" name="Fat"/><nutrient amount="34.94" name="Carbs"/><nutrient amount="14.7" name="Fiber"/><nutrient amount="6.79" name="Sugars"/><nutrient amount="6.86" name="Water"/><nutrient amount="4.51" name="Ash"/><nutrient amount="521.0" name="Calcium"/><nutrient amount="0.41" name="Copper"/><nutrient amount="9.98" name="Iron"/><nutrient amount="298.0" name="Magnesium"/><nutrient amount="1.767" name="Manganese"/><nutrient amount="841.0" name="Phosphorus"/><nutrient amount="682.0" name="Potassium"/><nutrient amount="133.6" name="Selenium"/><nutrient amount="5.0" name="Sodium"/><nutrient amount="5.7" name="Zinc"/><nutrient amount="62.0" name="Vitamin A"/><nutrient amount="37.0" name="Beta-carotene"/><nutrient amount="448.0" name="Lutein+Zeaxanthin"/><nutrient amount="76.0" name="Folate"/><nutrient amount="0.543" name="B1 (Thiamine)"/><nutrient amount="0.381" name="B2 (Riboflavin)"/><nutrient amount="7.89" name="B3 (Niacin)"/><nutrient amount="0.43" name="B6 (Pyridoxine)"/><nutrient amount="3.0" name="Vitamin C"/><nutrient amount="2.89" name="Vitamin E"/><nutrient amount="0.01" name="Beta Tocopherol"/><nutrient amount="0.71" name="Delta Tocopherol"/><nutrient amount="18.76" name="Gamma Tocopherol"/><nutrient amount="5.4" name="Vitamin K"/><nutrient amount="122.7" name="Choline"/><nutrient amount="1.46" name="Saturated"/><nutrient amount="19.83" name="Monounsaturated"/><nutrient amount="5.39" name="Polyunsaturated"/><nutrient amount="2.68" name="Omega-3"/><nutrient amount="2.59" name="Omega-6"/><nutrient amount="118.0" name="Phytosterol"/><nutrient amount="1.187" name="ALA"/><nutrient amount="1.967" name="ASP"/><nutrient amount="1.75" name="ARG"/><nutrient amount="0.582" name="CYS"/><nutrient amount="4.979" name="GLU"/><nutrient amount="1.312" name="GLY"/><nutrient amount="0.762" name="HIS"/><nutrient amount="1.081" name="ILE"/><nutrient amount="1.783" name="LEU"/><nutrient amount="1.519" name="LYS"/><nutrient amount="0.48" name="MET"/><nutrient amount="1.067" name="PHE"/><nutrient amount="1.944" name="PRO"/><nutrient amount="1.081" name="SER"/><nutrient amount="1.095" name="THR"/><nutrient amount="0.526" name="TRP"/><nutrient amount="0.744" name="TYR"/><nutrient amount="1.325" name="VAL"/></food>