<food uid="02027" fcf="8.37" pcf="2.44" name="Spices, oregano, dried" ccf="3.0"><measure amount="1.0" name="tsp, leaves" grams="1.0"/><measure amount="1.0" name="tsp, ground" grams="1.8"/><nutrient amount="306.0" name="Energy"/><nutrient amount="11.0" name="Protein"/><nutrient amount="64.43" name="Carbs"/><nutrient amount="42.8" name="Fiber"/><nutrient amount="4.09" name="Sugars"/><nutrient amount="10.25" name="Fat"/><nutrient amount="0.0" name="Alcohol"/><nutrient amount="0.0" name="Caffeine"/><nutrient amount="7.16" name="Water"/><nutrient amount="7.15" name="Ash"/><nutrient amount="1576.0" name="Calcium"/><nutrient amount="0.943" name="Copper"/><nutrient amount="44.0" name="Iron"/><nutrient amount="270.0" name="Magnesium"/><nutrient amount="4.667" name="Manganese"/><nutrient amount="200.0" name="Phosphorus"/><nutrient amount="1669.0" name="Potassium"/><nutrient amount="5.9" name="Selenium"/><nutrient amount="15.0" name="Sodium"/><nutrient amount="4.43" name="Zinc"/><nutrient amount="6903.0" name="Vitamin A"/><nutrient amount="0.0" name="Retinol"/><nutrient amount="0.0" name="Alpha-carotene"/><nutrient amount="4112.0" name="Beta-carotene"/><nutrient amount="60.0" name="Beta-cryptoxanthin"/><nutrient amount="0.0" name="Lycopene"/><nutrient amount="862.0" name="Lutein+Zeaxanthin"/><nutrient amount="274.0" name="Folate"/><nutrient amount="0.341" name="B1 (Thiamine)"/><nutrient amount="0.32" name="B2 (Riboflavin)"/><nutrient amount="6.22" name="B3 (Niacin)"/><nutrient amount="1.21" name="B6 (Pyridoxine)"/><nutrient amount="0.0" name="B12 (Cyanocobalamin)"/><nutrient amount="50.0" name="Vitamin C"/><nutrient amount="18.86" name="Vitamin E"/><nutrient amount="10.88" name="Beta Tocopherol"/><nutrient amount="4.03" name="Delta Tocopherol"/><nutrient amount="19.84" name="Gamma Tocopherol"/><nutrient amount="621.7" name="Vitamin K"/><nutrient amount="32.3" name="Choline"/><nutrient amount="2.66" name="Saturated"/><nutrient amount="0.67" name="Monounsaturated"/><nutrient amount="5.23" name="Polyunsaturated"/><nutrient amount="4.18" name="Omega-3"/><nutrient amount="1.05" name="Omega-6"/><nutrient amount="0.0" name="Cholesterol"/><nutrient amount="203.0" name="Phytosterol"/></food>