<food uid="02034" fcf="8.37" pcf="2.36" name="Spices, poultry seasoning" ccf="3.38"><measure amount="1.0" name="tbsp" grams="4.4"/><measure amount="1.0" name="tsp" grams="1.5"/><nutrient amount="307.0" name="Energy"/><nutrient amount="9.59" name="Protein"/><nutrient amount="65.59" name="Carbs"/><nutrient amount="11.3" name="Fiber"/><nutrient amount="3.08" name="Sugars"/><nutrient amount="7.53" name="Fat"/><nutrient amount="0.0" name="Alcohol"/><nutrient amount="0.0" name="Caffeine"/><nutrient amount="9.31" name="Water"/><nutrient amount="5.92" name="Ash"/><nutrient amount="996.0" name="Calcium"/><nutrient amount="0.843" name="Copper"/><nutrient amount="35.3" name="Iron"/><nutrient amount="224.0" name="Magnesium"/><nutrient amount="6.857" name="Manganese"/><nutrient amount="171.0" name="Phosphorus"/><nutrient amount="684.0" name="Potassium"/><nutrient amount="7.2" name="Selenium"/><nutrient amount="27.0" name="Sodium"/><nutrient amount="3.14" name="Zinc"/><nutrient amount="2632.0" name="Vitamin A"/><nutrient amount="0.0" name="Retinol"/><nutrient amount="0.0" name="Alpha-carotene"/><nutrient amount="1568.0" name="Beta-carotene"/><nutrient amount="23.0" name="Beta-cryptoxanthin"/><nutrient amount="2.0" name="Lycopene"/><nutrient amount="503.0" name="Lutein+Zeaxanthin"/><nutrient amount="138.0" name="Folate"/><nutrient amount="0.264" name="B1 (Thiamine)"/><nutrient amount="0.191" name="B2 (Riboflavin)"/><nutrient amount="2.97" name="B3 (Niacin)"/><nutrient amount="1.32" name="B6 (Pyridoxine)"/><nutrient amount="0.0" name="B12 (Cyanocobalamin)"/><nutrient amount="12.0" name="Vitamin C"/><nutrient amount="1.32" name="Vitamin E"/><nutrient amount="805.4" name="Vitamin K"/><nutrient amount="3.29" name="Saturated"/><nutrient amount="1.206" name="Monounsaturated"/><nutrient amount="1.936" name="Polyunsaturated"/><nutrient amount="0.944" name="Omega-3"/><nutrient amount="0.992" name="Omega-6"/><nutrient amount="0.0" name="Cholesterol"/><nutrient amount="96.0" name="Phytosterol"/></food>