<food fcf="8.37" pcf="3.36" uid="02031" name="Spices, pepper, red or cayenne" ccf="2.35"><measure amount="1.0" grams="5.3" name="tbsp"/><measure amount="1.0" grams="1.8" name="tsp"/><nutrient amount="318.0" name="Energy"/><nutrient amount="12.01" name="Protein"/><nutrient amount="17.27" name="Fat"/><nutrient amount="56.63" name="Carbs"/><nutrient amount="27.2" name="Fiber"/><nutrient amount="10.34" name="Sugars"/><nutrient amount="8.05" name="Water"/><nutrient amount="6.04" name="Ash"/><nutrient amount="148.0" name="Calcium"/><nutrient amount="0.373" name="Copper"/><nutrient amount="7.8" name="Iron"/><nutrient amount="152.0" name="Magnesium"/><nutrient amount="2.0" name="Manganese"/><nutrient amount="293.0" name="Phosphorus"/><nutrient amount="2014.0" name="Potassium"/><nutrient amount="8.8" name="Selenium"/><nutrient amount="30.0" name="Sodium"/><nutrient amount="2.48" name="Zinc"/><nutrient amount="41610.0" name="Vitamin A"/><nutrient amount="21840.0" name="Beta-carotene"/><nutrient amount="6252.0" name="Beta-cryptoxanthin"/><nutrient amount="13157.0" name="Lutein+Zeaxanthin"/><nutrient amount="106.0" name="Folate"/><nutrient amount="0.328" name="B1 (Thiamine)"/><nutrient amount="0.919" name="B2 (Riboflavin)"/><nutrient amount="8.701" name="B3 (Niacin)"/><nutrient amount="2.45" name="B6 (Pyridoxine)"/><nutrient amount="76.4" name="Vitamin C"/><nutrient amount="29.83" name="Vitamin E"/><nutrient amount="80.3" name="Vitamin K"/><nutrient amount="3.26" name="Saturated"/><nutrient amount="2.75" name="Monounsaturated"/><nutrient amount="8.37" name="Polyunsaturated"/><nutrient amount="0.66" name="Omega-3"/><nutrient amount="7.71" name="Omega-6"/><nutrient amount="83.0" name="Phytosterol"/></food>