<food fcf="8.37" pcf="3.47" uid="02033" name="Spices, poppy seed" ccf="4.07"><measure amount="1.0" grams="8.8" name="tbsp"/><measure amount="1.0" grams="2.8" name="tsp"/><nutrient amount="533.0" name="Energy"/><nutrient amount="18.04" name="Protein"/><nutrient amount="44.7" name="Fat"/><nutrient amount="23.69" name="Carbs"/><nutrient amount="10.0" name="Fiber"/><nutrient amount="13.69" name="Sugars"/><nutrient amount="6.78" name="Water"/><nutrient amount="6.78" name="Ash"/><nutrient amount="1448.0" name="Calcium"/><nutrient amount="1.633" name="Copper"/><nutrient amount="9.39" name="Iron"/><nutrient amount="331.0" name="Magnesium"/><nutrient amount="6.833" name="Manganese"/><nutrient amount="849.0" name="Phosphorus"/><nutrient amount="700.0" name="Potassium"/><nutrient amount="1.6" name="Selenium"/><nutrient amount="21.0" name="Sodium"/><nutrient amount="10.23" name="Zinc"/><nutrient amount="58.0" name="Folate"/><nutrient amount="0.849" name="B1 (Thiamine)"/><nutrient amount="0.173" name="B2 (Riboflavin)"/><nutrient amount="0.976" name="B3 (Niacin)"/><nutrient amount="0.444" name="B6 (Pyridoxine)"/><nutrient amount="3.0" name="Vitamin C"/><nutrient amount="1.11" name="Vitamin E"/><nutrient amount="0.04" name="Beta Tocopherol"/><nutrient amount="7.14" name="Gamma Tocopherol"/><nutrient amount="4.87" name="Saturated"/><nutrient amount="6.34" name="Monounsaturated"/><nutrient amount="30.82" name="Polyunsaturated"/><nutrient amount="0.33" name="Omega-3"/><nutrient amount="30.49" name="Omega-6"/><nutrient amount="89.0" name="Phytosterol"/><nutrient amount="1.178" name="ALA"/><nutrient amount="2.202" name="ASP"/><nutrient amount="1.995" name="ARG"/><nutrient amount="0.453" name="CYS"/><nutrient amount="4.541" name="GLU"/><nutrient amount="1.123" name="GLY"/><nutrient amount="0.528" name="HIS"/><nutrient amount="0.905" name="ILE"/><nutrient amount="1.484" name="LEU"/><nutrient amount="1.099" name="LYS"/><nutrient amount="0.47" name="MET"/><nutrient amount="0.882" name="PHE"/><nutrient amount="1.062" name="PRO"/><nutrient amount="0.987" name="SER"/><nutrient amount="0.905" name="THR"/><nutrient amount="0.255" name="TRP"/><nutrient amount="0.681" name="TYR"/><nutrient amount="1.287" name="VAL"/></food>