<food uid="02036" fcf="8.37" pcf="2.44" name="Spices, rosemary, dried" ccf="3.0"><measure amount="1.0" name="tbsp" grams="3.3"/><measure amount="1.0" name="tsp" grams="1.2"/><nutrient amount="331.0" name="Energy"/><nutrient amount="4.88" name="Protein"/><nutrient amount="64.06" name="Carbs"/><nutrient amount="42.6" name="Fiber"/><nutrient amount="15.22" name="Fat"/><nutrient amount="0.0" name="Alcohol"/><nutrient amount="9.31" name="Water"/><nutrient amount="6.53" name="Ash"/><nutrient amount="1280.0" name="Calcium"/><nutrient amount="0.55" name="Copper"/><nutrient amount="29.25" name="Iron"/><nutrient amount="220.0" name="Magnesium"/><nutrient amount="1.867" name="Manganese"/><nutrient amount="70.0" name="Phosphorus"/><nutrient amount="955.0" name="Potassium"/><nutrient amount="4.6" name="Selenium"/><nutrient amount="50.0" name="Sodium"/><nutrient amount="3.23" name="Zinc"/><nutrient amount="3128.0" name="Vitamin A"/><nutrient amount="0.0" name="Retinol"/><nutrient amount="307.0" name="Folate"/><nutrient amount="0.514" name="B1 (Thiamine)"/><nutrient amount="0.428" name="B2 (Riboflavin)"/><nutrient amount="1.0" name="B3 (Niacin)"/><nutrient amount="1.74" name="B6 (Pyridoxine)"/><nutrient amount="0.0" name="B12 (Cyanocobalamin)"/><nutrient amount="61.2" name="Vitamin C"/><nutrient amount="7.371" name="Saturated"/><nutrient amount="3.014" name="Monounsaturated"/><nutrient amount="2.339" name="Polyunsaturated"/><nutrient amount="1.076" name="Omega-3"/><nutrient amount="1.16" name="Omega-6"/><nutrient amount="0.0" name="Cholesterol"/><nutrient amount="58.0" name="Phytosterol"/></food>