<food uid="02037" fcf="8.37" pcf="2.44" name="Spices, saffron" ccf="3.57"><measure amount="1.0" name="tbsp" grams="2.1"/><measure amount="1.0" name="tsp" grams="0.7"/><nutrient amount="310.0" name="Energy"/><nutrient amount="11.43" name="Protein"/><nutrient amount="65.37" name="Carbs"/><nutrient amount="3.9" name="Fiber"/><nutrient amount="5.85" name="Fat"/><nutrient amount="0.0" name="Alcohol"/><nutrient amount="0.0" name="Caffeine"/><nutrient amount="11.9" name="Water"/><nutrient amount="5.45" name="Ash"/><nutrient amount="111.0" name="Calcium"/><nutrient amount="0.328" name="Copper"/><nutrient amount="11.1" name="Iron"/><nutrient amount="264.0" name="Magnesium"/><nutrient amount="28.408" name="Manganese"/><nutrient amount="252.0" name="Phosphorus"/><nutrient amount="1724.0" name="Potassium"/><nutrient amount="5.6" name="Selenium"/><nutrient amount="148.0" name="Sodium"/><nutrient amount="1.09" name="Zinc"/><nutrient amount="530.0" name="Vitamin A"/><nutrient amount="0.0" name="Retinol"/><nutrient amount="93.0" name="Folate"/><nutrient amount="0.115" name="B1 (Thiamine)"/><nutrient amount="0.267" name="B2 (Riboflavin)"/><nutrient amount="1.46" name="B3 (Niacin)"/><nutrient amount="1.01" name="B6 (Pyridoxine)"/><nutrient amount="0.0" name="B12 (Cyanocobalamin)"/><nutrient amount="80.8" name="Vitamin C"/><nutrient amount="1.586" name="Saturated"/><nutrient amount="0.429" name="Monounsaturated"/><nutrient amount="2.067" name="Polyunsaturated"/><nutrient amount="1.248" name="Omega-3"/><nutrient amount="0.754" name="Omega-6"/><nutrient amount="0.0" name="Cholesterol"/></food>