<food fcf="8.37" pcf="2.5" uid="02035" name="Spices, pumpkin pie spice" ccf="3.19"><measure amount="1.0" grams="5.6" name="tbsp"/><measure amount="1.0" grams="1.7" name="tsp"/><nutrient amount="342.0" name="Energy"/><nutrient amount="5.76" name="Protein"/><nutrient amount="12.6" name="Fat"/><nutrient amount="69.28" name="Carbs"/><nutrient amount="14.8" name="Fiber"/><nutrient amount="7.76" name="Sugars"/><nutrient amount="8.46" name="Water"/><nutrient amount="3.9" name="Ash"/><nutrient amount="682.0" name="Calcium"/><nutrient amount="0.484" name="Copper"/><nutrient amount="19.71" name="Iron"/><nutrient amount="136.0" name="Magnesium"/><nutrient amount="15.844" name="Manganese"/><nutrient amount="118.0" name="Phosphorus"/><nutrient amount="663.0" name="Potassium"/><nutrient amount="9.3" name="Selenium"/><nutrient amount="52.0" name="Sodium"/><nutrient amount="2.37" name="Zinc"/><nutrient amount="261.0" name="Vitamin A"/><nutrient amount="36.0" name="Beta-carotene"/><nutrient amount="241.0" name="Beta-cryptoxanthin"/><nutrient amount="13.0" name="Lycopene"/><nutrient amount="189.0" name="Lutein+Zeaxanthin"/><nutrient amount="51.0" name="Folate"/><nutrient amount="0.131" name="B1 (Thiamine)"/><nutrient amount="0.137" name="B2 (Riboflavin)"/><nutrient amount="2.243" name="B3 (Niacin)"/><nutrient amount="0.4" name="B6 (Pyridoxine)"/><nutrient amount="23.4" name="Vitamin C"/><nutrient amount="0.83" name="Vitamin E"/><nutrient amount="28.4" name="Vitamin K"/><nutrient amount="6.53" name="Saturated"/><nutrient amount="1.102" name="Monounsaturated"/><nutrient amount="0.78" name="Polyunsaturated"/><nutrient amount="0.065" name="Omega-3"/><nutrient amount="0.715" name="Omega-6"/><nutrient amount="71.0" name="Phytosterol"/></food>