<food fcf="8.37" pcf="2.44" uid="02038" name="Spices, sage, ground" ccf="3.0"><measure amount="1.0" grams="2.0" name="tbsp"/><measure amount="1.0" grams="0.7" name="tsp"/><nutrient amount="315.0" name="Energy"/><nutrient amount="10.63" name="Protein"/><nutrient amount="12.75" name="Fat"/><nutrient amount="60.73" name="Carbs"/><nutrient amount="40.3" name="Fiber"/><nutrient amount="1.71" name="Sugars"/><nutrient amount="7.96" name="Water"/><nutrient amount="7.95" name="Ash"/><nutrient amount="1652.0" name="Calcium"/><nutrient amount="0.757" name="Copper"/><nutrient amount="28.12" name="Iron"/><nutrient amount="428.0" name="Magnesium"/><nutrient amount="3.133" name="Manganese"/><nutrient amount="91.0" name="Phosphorus"/><nutrient amount="1070.0" name="Potassium"/><nutrient amount="3.7" name="Selenium"/><nutrient amount="11.0" name="Sodium"/><nutrient amount="4.7" name="Zinc"/><nutrient amount="5900.0" name="Vitamin A"/><nutrient amount="3485.0" name="Beta-carotene"/><nutrient amount="109.0" name="Beta-cryptoxanthin"/><nutrient amount="862.0" name="Lutein+Zeaxanthin"/><nutrient amount="274.0" name="Folate"/><nutrient amount="0.754" name="B1 (Thiamine)"/><nutrient amount="0.336" name="B2 (Riboflavin)"/><nutrient amount="5.72" name="B3 (Niacin)"/><nutrient amount="2.69" name="B6 (Pyridoxine)"/><nutrient amount="32.4" name="Vitamin C"/><nutrient amount="7.48" name="Vitamin E"/><nutrient amount="1714.5" name="Vitamin K"/><nutrient amount="7.03" name="Saturated"/><nutrient amount="1.87" name="Monounsaturated"/><nutrient amount="1.76" name="Polyunsaturated"/><nutrient amount="1.23" name="Omega-3"/><nutrient amount="0.53" name="Omega-6"/><nutrient amount="244.0" name="Phytosterol"/></food>