<food fcf="9.0" pcf="4.0" uid="02048" name="Vinegar, cider" ccf="4.0"><measure amount="1.0" grams="239.0" name="cup"/><measure amount="1.0" grams="14.9" name="tbsp"/><measure amount="1.0" grams="5.0" name="tsp"/><nutrient amount="21.0" name="Energy"/><nutrient amount="0.93" name="Carbs"/><nutrient amount="0.4" name="Sugars"/><nutrient amount="93.81" name="Water"/><nutrient amount="0.17" name="Ash"/><nutrient amount="7.0" name="Calcium"/><nutrient amount="0.0080" name="Copper"/><nutrient amount="0.2" name="Iron"/><nutrient amount="5.0" name="Magnesium"/><nutrient amount="0.249" name="Manganese"/><nutrient amount="8.0" name="Phosphorus"/><nutrient amount="73.0" name="Potassium"/><nutrient amount="0.1" name="Selenium"/><nutrient amount="5.0" name="Sodium"/><nutrient amount="0.04" name="Zinc"/></food>