<food fcf="8.37" pcf="3.47" uid="02046" name="Mustard, prepared, yellow" ccf="3.34"><measure amount="1.0" grams="5.0" name="tsp or 1 packet"/><measure amount="1.0" grams="249.0" name="cup"/><nutrient amount="67.0" name="Energy"/><nutrient amount="4.37" name="Protein"/><nutrient amount="4.01" name="Fat"/><nutrient amount="5.33" name="Carbs"/><nutrient amount="3.3" name="Fiber"/><nutrient amount="0.63" name="Starch"/><nutrient amount="0.86" name="Sugars"/><nutrient amount="82.65" name="Water"/><nutrient amount="3.64" name="Ash"/><nutrient amount="58.0" name="Calcium"/><nutrient amount="0.085" name="Copper"/><nutrient amount="1.5" name="Fluoride"/><nutrient amount="1.51" name="Iron"/><nutrient amount="49.0" name="Magnesium"/><nutrient amount="0.417" name="Manganese"/><nutrient amount="106.0" name="Phosphorus"/><nutrient amount="138.0" name="Potassium"/><nutrient amount="32.9" name="Selenium"/><nutrient amount="1135.0" name="Sodium"/><nutrient amount="0.64" name="Zinc"/><nutrient amount="71.0" name="Vitamin A"/><nutrient amount="29.0" name="Beta-carotene"/><nutrient amount="26.0" name="Beta-cryptoxanthin"/><nutrient amount="18.0" name="Lutein+Zeaxanthin"/><nutrient amount="7.0" name="Folate"/><nutrient amount="0.343" name="B1 (Thiamine)"/><nutrient amount="0.03" name="B2 (Riboflavin)"/><nutrient amount="0.523" name="B3 (Niacin)"/><nutrient amount="0.3" name="B5 (Pantothenic Acid)"/><nutrient amount="0.063" name="B6 (Pyridoxine)"/><nutrient amount="1.5" name="Vitamin C"/><nutrient amount="0.36" name="Vitamin E"/><nutrient amount="0.01" name="Beta Tocopherol"/><nutrient amount="0.08" name="Delta Tocopherol"/><nutrient amount="2.05" name="Gamma Tocopherol"/><nutrient amount="1.8" name="Vitamin K"/><nutrient amount="0.248" name="Saturated"/><nutrient amount="2.627" name="Monounsaturated"/><nutrient amount="0.954" name="Polyunsaturated"/><nutrient amount="0.916" name="Omega-3"/><nutrient amount="0.89" name="Omega-6"/><nutrient amount="0.013" name="Trans-Fats"/><nutrient amount="0.17" name="ALA"/><nutrient amount="0.404" name="ASP"/><nutrient amount="0.261" name="ARG"/><nutrient amount="0.075" name="CYS"/><nutrient amount="0.749" name="GLU"/><nutrient amount="0.236" name="GLY"/><nutrient amount="0.123" name="HIS"/><nutrient amount="0.151" name="ILE"/><nutrient amount="0.302" name="LEU"/><nutrient amount="0.274" name="LYS"/><nutrient amount="0.078" name="MET"/><nutrient amount="0.167" name="PHE"/><nutrient amount="0.368" name="PRO"/><nutrient amount="0.211" name="SER"/><nutrient amount="0.173" name="THR"/><nutrient amount="0.0090" name="TRP"/><nutrient amount="0.139" name="TYR"/><nutrient amount="0.195" name="VAL"/></food>