<food uid="02042" fcf="8.37" pcf="2.44" name="Spices, thyme, dried" ccf="3.0"><measure amount="1.0" name="tsp, leaves" grams="1.0"/><measure amount="1.0" name="tbsp, leaves" grams="2.7"/><measure amount="1.0" name="tsp, ground" grams="1.4"/><measure amount="1.0" name="tbsp, ground" grams="4.3"/><nutrient amount="276.0" name="Energy"/><nutrient amount="9.11" name="Protein"/><nutrient amount="63.94" name="Carbs"/><nutrient amount="37.0" name="Fiber"/><nutrient amount="1.71" name="Sugars"/><nutrient amount="7.43" name="Fat"/><nutrient amount="0.0" name="Alcohol"/><nutrient amount="0.0" name="Caffeine"/><nutrient amount="7.79" name="Water"/><nutrient amount="11.74" name="Ash"/><nutrient amount="1890.0" name="Calcium"/><nutrient amount="0.86" name="Copper"/><nutrient amount="123.6" name="Iron"/><nutrient amount="220.0" name="Magnesium"/><nutrient amount="7.867" name="Manganese"/><nutrient amount="201.0" name="Phosphorus"/><nutrient amount="814.0" name="Potassium"/><nutrient amount="4.6" name="Selenium"/><nutrient amount="55.0" name="Sodium"/><nutrient amount="6.18" name="Zinc"/><nutrient amount="3800.0" name="Vitamin A"/><nutrient amount="0.0" name="Retinol"/><nutrient amount="0.0" name="Alpha-carotene"/><nutrient amount="2264.0" name="Beta-carotene"/><nutrient amount="33.0" name="Beta-cryptoxanthin"/><nutrient amount="0.0" name="Lycopene"/><nutrient amount="862.0" name="Lutein+Zeaxanthin"/><nutrient amount="274.0" name="Folate"/><nutrient amount="0.513" name="B1 (Thiamine)"/><nutrient amount="0.399" name="B2 (Riboflavin)"/><nutrient amount="4.94" name="B3 (Niacin)"/><nutrient amount="0.55" name="B6 (Pyridoxine)"/><nutrient amount="0.0" name="B12 (Cyanocobalamin)"/><nutrient amount="50.0" name="Vitamin C"/><nutrient amount="7.48" name="Vitamin E"/><nutrient amount="1714.5" name="Vitamin K"/><nutrient amount="2.73" name="Saturated"/><nutrient amount="0.47" name="Monounsaturated"/><nutrient amount="1.19" name="Polyunsaturated"/><nutrient amount="0.69" name="Omega-3"/><nutrient amount="0.5" name="Omega-6"/><nutrient amount="0.0" name="Cholesterol"/><nutrient amount="163.0" name="Phytosterol"/><nutrient amount="0.468" name="ILE"/><nutrient amount="0.43" name="LEU"/><nutrient amount="0.207" name="LYS"/><nutrient amount="0.252" name="THR"/><nutrient amount="0.186" name="TRP"/><nutrient amount="0.502" name="VAL"/></food>