<food uid="02041" fcf="8.37" pcf="2.44" name="Spices, tarragon, dried" ccf="3.57"><measure amount="1.0" name="tsp, leaves" grams="0.6"/><measure amount="1.0" name="tbsp, leaves" grams="1.8"/><measure amount="1.0" name="tsp, ground" grams="1.6"/><measure amount="1.0" name="tbsp, ground" grams="4.8"/><nutrient amount="295.0" name="Energy"/><nutrient amount="22.77" name="Protein"/><nutrient amount="50.22" name="Carbs"/><nutrient amount="7.4" name="Fiber"/><nutrient amount="7.24" name="Fat"/><nutrient amount="0.0" name="Alcohol"/><nutrient amount="0.0" name="Caffeine"/><nutrient amount="7.74" name="Water"/><nutrient amount="12.03" name="Ash"/><nutrient amount="1139.0" name="Calcium"/><nutrient amount="0.677" name="Copper"/><nutrient amount="32.3" name="Iron"/><nutrient amount="347.0" name="Magnesium"/><nutrient amount="7.967" name="Manganese"/><nutrient amount="313.0" name="Phosphorus"/><nutrient amount="3020.0" name="Potassium"/><nutrient amount="4.4" name="Selenium"/><nutrient amount="62.0" name="Sodium"/><nutrient amount="3.9" name="Zinc"/><nutrient amount="4200.0" name="Vitamin A"/><nutrient amount="0.0" name="Retinol"/><nutrient amount="274.0" name="Folate"/><nutrient amount="0.251" name="B1 (Thiamine)"/><nutrient amount="1.339" name="B2 (Riboflavin)"/><nutrient amount="8.95" name="B3 (Niacin)"/><nutrient amount="2.41" name="B6 (Pyridoxine)"/><nutrient amount="0.0" name="B12 (Cyanocobalamin)"/><nutrient amount="50.0" name="Vitamin C"/><nutrient amount="1.881" name="Saturated"/><nutrient amount="0.474" name="Monounsaturated"/><nutrient amount="3.698" name="Polyunsaturated"/><nutrient amount="2.955" name="Omega-3"/><nutrient amount="0.742" name="Omega-6"/><nutrient amount="0.0" name="Cholesterol"/><nutrient amount="81.0" name="Phytosterol"/></food>