<food fcf="8.37" pcf="2.78" uid="02043" name="Spices, turmeric, ground" ccf="3.84"><measure amount="1.0" grams="6.8" name="tbsp"/><measure amount="1.0" grams="2.2" name="tsp"/><nutrient amount="354.0" name="Energy"/><nutrient amount="7.83" name="Protein"/><nutrient amount="9.88" name="Fat"/><nutrient amount="64.93" name="Carbs"/><nutrient amount="21.1" name="Fiber"/><nutrient amount="3.21" name="Sugars"/><nutrient amount="11.36" name="Water"/><nutrient amount="6.02" name="Ash"/><nutrient amount="183.0" name="Calcium"/><nutrient amount="0.603" name="Copper"/><nutrient amount="41.42" name="Iron"/><nutrient amount="193.0" name="Magnesium"/><nutrient amount="7.833" name="Manganese"/><nutrient amount="268.0" name="Phosphorus"/><nutrient amount="2525.0" name="Potassium"/><nutrient amount="4.5" name="Selenium"/><nutrient amount="38.0" name="Sodium"/><nutrient amount="4.35" name="Zinc"/><nutrient amount="39.0" name="Folate"/><nutrient amount="0.152" name="B1 (Thiamine)"/><nutrient amount="0.233" name="B2 (Riboflavin)"/><nutrient amount="5.14" name="B3 (Niacin)"/><nutrient amount="1.8" name="B6 (Pyridoxine)"/><nutrient amount="25.9" name="Vitamin C"/><nutrient amount="3.1" name="Vitamin E"/><nutrient amount="0.12" name="Beta Tocopherol"/><nutrient amount="0.47" name="Gamma Tocopherol"/><nutrient amount="13.4" name="Vitamin K"/><nutrient amount="3.12" name="Saturated"/><nutrient amount="1.66" name="Monounsaturated"/><nutrient amount="2.18" name="Polyunsaturated"/><nutrient amount="0.482" name="Omega-3"/><nutrient amount="1.694" name="Omega-6"/><nutrient amount="82.0" name="Phytosterol"/></food>