<food uid="02052" fcf="8.37" pcf="2.44" name="Vanilla extract, imitation, no alcohol" ccf="3.9"><measure amount="1.0" name="tbsp" grams="13.0"/><measure amount="1.0" name="tsp" grams="4.2"/><nutrient amount="56.0" name="Energy"/><nutrient amount="0.03" name="Protein"/><nutrient amount="14.4" name="Carbs"/><nutrient amount="0.0" name="Fiber"/><nutrient amount="14.4" name="Sugars"/><nutrient amount="0.0" name="Fat"/><nutrient amount="0.0" name="Alcohol"/><nutrient amount="0.0" name="Caffeine"/><nutrient amount="85.58" name="Water"/><nutrient amount="0.0" name="Ash"/><nutrient amount="3.0" name="Calcium"/><nutrient amount="0.0030" name="Copper"/><nutrient amount="0.05" name="Iron"/><nutrient amount="1.0" name="Magnesium"/><nutrient amount="0.0010" name="Manganese"/><nutrient amount="0.0" name="Phosphorus"/><nutrient amount="0.0" name="Potassium"/><nutrient amount="0.0" name="Selenium"/><nutrient amount="3.0" name="Sodium"/><nutrient amount="0.01" name="Zinc"/><nutrient amount="0.0" name="Vitamin A"/><nutrient amount="0.0" name="Retinol"/><nutrient amount="0.0" name="Alpha-carotene"/><nutrient amount="0.0" name="Beta-carotene"/><nutrient amount="0.0" name="Beta-cryptoxanthin"/><nutrient amount="0.0" name="Lycopene"/><nutrient amount="0.0" name="Lutein+Zeaxanthin"/><nutrient amount="0.0" name="Folate"/><nutrient amount="0.0030" name="B1 (Thiamine)"/><nutrient amount="0.029" name="B2 (Riboflavin)"/><nutrient amount="0.129" name="B3 (Niacin)"/><nutrient amount="0.011" name="B5 (Pantothenic Acid)"/><nutrient amount="0.0080" name="B6 (Pyridoxine)"/><nutrient amount="0.0" name="B12 (Cyanocobalamin)"/><nutrient amount="0.0" name="Vitamin C"/><nutrient amount="0.0" name="Vitamin E"/><nutrient amount="0.0" name="Vitamin K"/><nutrient amount="0.0" name="Saturated"/><nutrient amount="0.0" name="Monounsaturated"/><nutrient amount="0.0" name="Polyunsaturated"/><nutrient amount="0.0" name="Omega-3"/><nutrient amount="0.0" name="Omega-6"/><nutrient amount="0.0" name="Cholesterol"/></food>