<food uid="02053" fcf="9.0" pcf="4.0" name="Vinegar, distilled" ccf="4.0"><measure amount="1.0" name="cup" grams="238.0"/><measure amount="1.0" name="tbsp" grams="14.9"/><measure amount="1.0" name="tsp" grams="5.0"/><nutrient amount="18.0" name="Energy"/><nutrient amount="0.0" name="Protein"/><nutrient amount="0.04" name="Carbs"/><nutrient amount="0.0" name="Fiber"/><nutrient amount="0.04" name="Sugars"/><nutrient amount="0.0" name="Fat"/><nutrient amount="0.0" name="Alcohol"/><nutrient amount="0.0" name="Caffeine"/><nutrient amount="94.78" name="Water"/><nutrient amount="0.0" name="Ash"/><nutrient amount="6.0" name="Calcium"/><nutrient amount="0.0060" name="Copper"/><nutrient amount="0.03" name="Iron"/><nutrient amount="1.0" name="Magnesium"/><nutrient amount="0.055" name="Manganese"/><nutrient amount="4.0" name="Phosphorus"/><nutrient amount="2.0" name="Potassium"/><nutrient amount="0.5" name="Selenium"/><nutrient amount="2.0" name="Sodium"/><nutrient amount="0.01" name="Zinc"/><nutrient amount="0.0" name="Vitamin A"/><nutrient amount="0.0" name="Retinol"/><nutrient amount="0.0" name="Alpha-carotene"/><nutrient amount="0.0" name="Beta-carotene"/><nutrient amount="0.0" name="Beta-cryptoxanthin"/><nutrient amount="0.0" name="Lycopene"/><nutrient amount="0.0" name="Lutein+Zeaxanthin"/><nutrient amount="0.0" name="Folate"/><nutrient amount="0.0" name="B1 (Thiamine)"/><nutrient amount="0.0" name="B2 (Riboflavin)"/><nutrient amount="0.0" name="B3 (Niacin)"/><nutrient amount="0.0" name="B6 (Pyridoxine)"/><nutrient amount="0.0" name="B12 (Cyanocobalamin)"/><nutrient amount="0.0" name="Vitamin C"/><nutrient amount="0.0" name="Vitamin E"/><nutrient amount="0.0" name="Vitamin K"/><nutrient amount="0.0" name="Saturated"/><nutrient amount="0.0" name="Monounsaturated"/><nutrient amount="0.0" name="Polyunsaturated"/><nutrient amount="0.0" name="Omega-3"/><nutrient amount="0.0" name="Omega-6"/><nutrient amount="0.0" name="Trans-Fats"/><nutrient amount="0.0" name="Cholesterol"/></food>