<food fcf="8.37" pcf="2.44" uid="02050" name="Vanilla extract" ccf="3.9"><measure amount="1.0" grams="208.0" name="cup"/><measure amount="1.0" grams="13.0" name="tbsp"/><measure amount="1.0" grams="4.2" name="tsp"/><nutrient amount="288.0" name="Energy"/><nutrient amount="0.06" name="Protein"/><nutrient amount="0.06" name="Fat"/><nutrient amount="12.65" name="Carbs"/><nutrient amount="12.65" name="Sugars"/><nutrient amount="34.4" name="Alcohol"/><nutrient amount="52.58" name="Water"/><nutrient amount="0.26" name="Ash"/><nutrient amount="11.0" name="Calcium"/><nutrient amount="0.072" name="Copper"/><nutrient amount="0.12" name="Iron"/><nutrient amount="12.0" name="Magnesium"/><nutrient amount="0.23" name="Manganese"/><nutrient amount="6.0" name="Phosphorus"/><nutrient amount="148.0" name="Potassium"/><nutrient amount="9.0" name="Sodium"/><nutrient amount="0.11" name="Zinc"/><nutrient amount="0.011" name="B1 (Thiamine)"/><nutrient amount="0.095" name="B2 (Riboflavin)"/><nutrient amount="0.425" name="B3 (Niacin)"/><nutrient amount="0.035" name="B5 (Pantothenic Acid)"/><nutrient amount="0.026" name="B6 (Pyridoxine)"/><nutrient amount="0.01" name="Saturated"/><nutrient amount="0.01" name="Monounsaturated"/><nutrient amount="0.0040" name="Polyunsaturated"/><nutrient amount="0.0010" name="Omega-3"/><nutrient amount="0.0030" name="Omega-6"/></food>