<food uid="02068" fcf="9.0" pcf="4.0" name="Vinegar, red wine" ccf="4.0"><measure amount="1.0" name="cup" grams="239.0"/><measure amount="1.0" name="tbsp" grams="14.9"/><measure amount="1.0" name="tsp" grams="5.0"/><nutrient amount="19.0" name="Energy"/><nutrient amount="0.04" name="Protein"/><nutrient amount="0.27" name="Carbs"/><nutrient amount="0.0" name="Fiber"/><nutrient amount="0.0" name="Sugars"/><nutrient amount="0.0" name="Fat"/><nutrient amount="94.47" name="Water"/><nutrient amount="0.17" name="Ash"/><nutrient amount="6.0" name="Calcium"/><nutrient amount="0.01" name="Copper"/><nutrient amount="0.45" name="Iron"/><nutrient amount="4.0" name="Magnesium"/><nutrient amount="0.046" name="Manganese"/><nutrient amount="8.0" name="Phosphorus"/><nutrient amount="39.0" name="Potassium"/><nutrient amount="8.0" name="Sodium"/><nutrient amount="0.03" name="Zinc"/><nutrient amount="0.0" name="Vitamin A"/><nutrient amount="0.5" name="Vitamin C"/><nutrient amount="0.0" name="Saturated"/><nutrient amount="0.0" name="Trans-Fats"/></food>