<food fcf="9.0" pcf="4.0" uid="02068" name="Vinegar, red wine" ccf="4.0"><measure amount="1.0" grams="239.0" name="cup"/><measure amount="1.0" grams="14.9" name="tbsp"/><measure amount="1.0" grams="5.0" name="tsp"/><nutrient amount="19.0" name="Energy"/><nutrient amount="0.04" name="Protein"/><nutrient amount="0.27" name="Carbs"/><nutrient amount="94.47" name="Water"/><nutrient amount="0.17" name="Ash"/><nutrient amount="6.0" name="Calcium"/><nutrient amount="0.01" name="Copper"/><nutrient amount="0.45" name="Iron"/><nutrient amount="4.0" name="Magnesium"/><nutrient amount="0.046" name="Manganese"/><nutrient amount="8.0" name="Phosphorus"/><nutrient amount="39.0" name="Potassium"/><nutrient amount="8.0" name="Sodium"/><nutrient amount="0.03" name="Zinc"/><nutrient amount="0.5" name="Vitamin C"/></food>