<food fcf="9.0" pcf="4.0" uid="02069" name="Vinegar, balsamic" ccf="4.0"><measure amount="1.0" grams="255.0" name="cup"/><measure amount="1.0" grams="16.0" name="tbsp"/><measure amount="1.0" grams="5.3" name="tsp"/><nutrient amount="88.0" name="Energy"/><nutrient amount="0.49" name="Protein"/><nutrient amount="17.03" name="Carbs"/><nutrient amount="14.95" name="Sugars"/><nutrient amount="76.45" name="Water"/><nutrient amount="0.37" name="Ash"/><nutrient amount="27.0" name="Calcium"/><nutrient amount="0.026" name="Copper"/><nutrient amount="0.72" name="Iron"/><nutrient amount="12.0" name="Magnesium"/><nutrient amount="0.131" name="Manganese"/><nutrient amount="19.0" name="Phosphorus"/><nutrient amount="112.0" name="Potassium"/><nutrient amount="23.0" name="Sodium"/><nutrient amount="0.08" name="Zinc"/></food>