<food fcf="8.37" pcf="2.44" uid="02064" name="Peppermint, fresh" ccf="3.57"><measure amount="2.0" grams="3.2" name="tbsp"/><measure amount="2.0" grams="0.1" name="leaves"/><nutrient amount="70.0" name="Energy"/><nutrient amount="3.75" name="Protein"/><nutrient amount="0.94" name="Fat"/><nutrient amount="14.89" name="Carbs"/><nutrient amount="8.0" name="Fiber"/><nutrient amount="78.65" name="Water"/><nutrient amount="1.76" name="Ash"/><nutrient amount="243.0" name="Calcium"/><nutrient amount="0.329" name="Copper"/><nutrient amount="5.08" name="Iron"/><nutrient amount="80.0" name="Magnesium"/><nutrient amount="1.176" name="Manganese"/><nutrient amount="73.0" name="Phosphorus"/><nutrient amount="569.0" name="Potassium"/><nutrient amount="31.0" name="Sodium"/><nutrient amount="1.11" name="Zinc"/><nutrient amount="4248.0" name="Vitamin A"/><nutrient amount="114.0" name="Folate"/><nutrient amount="0.082" name="B1 (Thiamine)"/><nutrient amount="0.266" name="B2 (Riboflavin)"/><nutrient amount="1.706" name="B3 (Niacin)"/><nutrient amount="0.338" name="B5 (Pantothenic Acid)"/><nutrient amount="0.129" name="B6 (Pyridoxine)"/><nutrient amount="31.8" name="Vitamin C"/><nutrient amount="0.246" name="Saturated"/><nutrient amount="0.033" name="Monounsaturated"/><nutrient amount="0.508" name="Polyunsaturated"/><nutrient amount="0.435" name="Omega-3"/><nutrient amount="0.069" name="Omega-6"/><nutrient amount="13.0" name="Phytosterol"/><nutrient amount="0.195" name="ALA"/><nutrient amount="0.443" name="ASP"/><nutrient amount="0.173" name="ARG"/><nutrient amount="0.041" name="CYS"/><nutrient amount="0.409" name="GLU"/><nutrient amount="0.18" name="GLY"/><nutrient amount="0.075" name="HIS"/><nutrient amount="0.154" name="ILE"/><nutrient amount="0.281" name="LEU"/><nutrient amount="0.161" name="LYS"/><nutrient amount="0.053" name="MET"/><nutrient amount="0.191" name="PHE"/><nutrient amount="0.154" name="PRO"/><nutrient amount="0.146" name="SER"/><nutrient amount="0.154" name="THR"/><nutrient amount="0.058" name="TRP"/><nutrient amount="0.113" name="TYR"/><nutrient amount="0.187" name="VAL"/></food>