<food uid="03008" fcf="9.02" pcf="4.27" name="Babyfood, meat, ham, strained" ccf="4.0"><measure amount="1.0" name="tbsp" grams="15.0"/><measure amount="1.0" name="oz" grams="28.35"/><measure amount="1.0" name="jar" grams="71.0"/><measure amount="1.0" name="jar Gerber Second Foods (2.5 oz)" grams="71.0"/><nutrient amount="111.0" name="Energy"/><nutrient amount="13.9" name="Protein"/><nutrient amount="0.0" name="Carbs"/><nutrient amount="0.0" name="Fiber"/><nutrient amount="0.0" name="Sugars"/><nutrient amount="5.8" name="Fat"/><nutrient amount="0.0" name="Alcohol"/><nutrient amount="0.0" name="Caffeine"/><nutrient amount="79.4" name="Water"/><nutrient amount="1.0" name="Ash"/><nutrient amount="6.0" name="Calcium"/><nutrient amount="0.065" name="Copper"/><nutrient amount="1.03" name="Iron"/><nutrient amount="13.0" name="Magnesium"/><nutrient amount="81.0" name="Phosphorus"/><nutrient amount="204.0" name="Potassium"/><nutrient amount="14.2" name="Selenium"/><nutrient amount="41.0" name="Sodium"/><nutrient amount="2.25" name="Zinc"/><nutrient amount="5.0" name="Vitamin A"/><nutrient amount="2.0" name="Retinol"/><nutrient amount="0.0" name="Alpha-carotene"/><nutrient amount="0.0" name="Beta-carotene"/><nutrient amount="0.0" name="Beta-cryptoxanthin"/><nutrient amount="0.0" name="Lycopene"/><nutrient amount="0.0" name="Lutein+Zeaxanthin"/><nutrient amount="2.0" name="Folate"/><nutrient amount="0.139" name="B1 (Thiamine)"/><nutrient amount="0.154" name="B2 (Riboflavin)"/><nutrient amount="2.633" name="B3 (Niacin)"/><nutrient amount="0.51" name="B5 (Pantothenic Acid)"/><nutrient amount="0.252" name="B6 (Pyridoxine)"/><nutrient amount="0.1" name="B12 (Cyanocobalamin)"/><nutrient amount="2.1" name="Vitamin C"/><nutrient amount="0.13" name="Vitamin E"/><nutrient amount="0.0" name="Vitamin K"/><nutrient amount="1.94" name="Saturated"/><nutrient amount="2.76" name="Monounsaturated"/><nutrient amount="0.78" name="Polyunsaturated"/><nutrient amount="0.03" name="Omega-3"/><nutrient amount="0.71" name="Omega-6"/><nutrient amount="24.0" name="Cholesterol"/><nutrient amount="0.838" name="ALA"/><nutrient amount="0.94" name="ARG"/><nutrient amount="1.326" name="ASP"/><nutrient amount="0.171" name="CYS"/><nutrient amount="2.089" name="GLU"/><nutrient amount="0.796" name="GLY"/><nutrient amount="0.472" name="HIS"/><nutrient amount="0.661" name="ILE"/><nutrient amount="1.111" name="LEU"/><nutrient amount="1.18" name="LYS"/><nutrient amount="0.355" name="MET"/><nutrient amount="0.53" name="PHE"/><nutrient amount="0.645" name="PRO"/><nutrient amount="0.503" name="SER"/><nutrient amount="0.603" name="THR"/><nutrient amount="0.138" name="TRP"/><nutrient amount="0.466" name="TYR"/><nutrient amount="0.716" name="VAL"/></food>