<food fcf="9.02" pcf="4.27" uid="03002" name="Babyfood, meat, beef, strained" ccf="4.0"><measure amount="1.0" grams="15.0" name="tbsp"/><measure amount="1.0" grams="28.35" name="oz"/><measure amount="1.0" grams="71.0" name="jar"/><measure amount="1.0" grams="71.0" name="jar Beech-Nut Stage 1 (2.5 oz)"/><measure amount="1.0" grams="71.0" name="jar Gerber Second Foods (2.5 oz)"/><measure amount="1.0" grams="71.0" name="jar Heinz Strained-2 (2.5 oz)"/><nutrient amount="107.0" name="Energy"/><nutrient amount="13.6" name="Protein"/><nutrient amount="5.4" name="Fat"/><nutrient amount="80.6" name="Water"/><nutrient amount="0.8" name="Ash"/><nutrient amount="7.0" name="Calcium"/><nutrient amount="0.043" name="Copper"/><nutrient amount="1.47" name="Iron"/><nutrient amount="17.0" name="Magnesium"/><nutrient amount="84.0" name="Phosphorus"/><nutrient amount="220.0" name="Potassium"/><nutrient amount="9.5" name="Selenium"/><nutrient amount="81.0" name="Sodium"/><nutrient amount="2.46" name="Zinc"/><nutrient amount="6.0" name="Folate"/><nutrient amount="0.01" name="B1 (Thiamine)"/><nutrient amount="0.142" name="B2 (Riboflavin)"/><nutrient amount="2.849" name="B3 (Niacin)"/><nutrient amount="0.34" name="B5 (Pantothenic Acid)"/><nutrient amount="0.14" name="B6 (Pyridoxine)"/><nutrient amount="1.42" name="B12 (Cyanocobalamin)"/><nutrient amount="2.1" name="Vitamin C"/><nutrient amount="0.4" name="Vitamin E"/><nutrient amount="0.7" name="Vitamin K"/><nutrient amount="2.58" name="Saturated"/><nutrient amount="2.2" name="Monounsaturated"/><nutrient amount="0.24" name="Polyunsaturated"/><nutrient amount="0.05" name="Omega-3"/><nutrient amount="0.14" name="Omega-6"/><nutrient amount="29.0" name="Cholesterol"/><nutrient amount="0.858" name="ALA"/><nutrient amount="1.198" name="ASP"/><nutrient amount="0.928" name="ARG"/><nutrient amount="0.159" name="CYS"/><nutrient amount="2.069" name="GLU"/><nutrient amount="0.869" name="GLY"/><nutrient amount="0.462" name="HIS"/><nutrient amount="0.619" name="ILE"/><nutrient amount="1.091" name="LEU"/><nutrient amount="1.133" name="LYS"/><nutrient amount="0.418" name="MET"/><nutrient amount="0.527" name="PHE"/><nutrient amount="0.682" name="PRO"/><nutrient amount="0.499" name="SER"/><nutrient amount="0.597" name="THR"/><nutrient amount="0.137" name="TRP"/><nutrient amount="0.453" name="TYR"/><nutrient amount="0.688" name="VAL"/></food>