<food uid="03003" fcf="9.02" pcf="4.27" name="Babyfood, meat, beef, junior" ccf="4.0"><measure amount="1.0" name="tbsp" grams="15.0"/><measure amount="1.0" name="oz" grams="28.35"/><measure amount="1.0" name="jar" grams="71.0"/><measure amount="1.0" name="jar Gerber Third Foods (2.5 oz)" grams="71.0"/><measure amount="1.0" name="jar Heinz Junior-3 (2.5 oz)" grams="71.0"/><nutrient amount="106.0" name="Energy"/><nutrient amount="14.5" name="Protein"/><nutrient amount="0.0" name="Carbs"/><nutrient amount="0.0" name="Fiber"/><nutrient amount="0.0" name="Sugars"/><nutrient amount="4.9" name="Fat"/><nutrient amount="0.0" name="Alcohol"/><nutrient amount="0.0" name="Caffeine"/><nutrient amount="79.9" name="Water"/><nutrient amount="0.8" name="Ash"/><nutrient amount="8.0" name="Calcium"/><nutrient amount="0.092" name="Copper"/><nutrient amount="2.1" name="Fluoride"/><nutrient amount="1.65" name="Iron"/><nutrient amount="9.0" name="Magnesium"/><nutrient amount="72.0" name="Phosphorus"/><nutrient amount="190.0" name="Potassium"/><nutrient amount="7.2" name="Selenium"/><nutrient amount="66.0" name="Sodium"/><nutrient amount="2.0" name="Zinc"/><nutrient amount="0.0" name="Vitamin A"/><nutrient amount="0.0" name="Retinol"/><nutrient amount="0.0" name="Alpha-carotene"/><nutrient amount="0.0" name="Beta-carotene"/><nutrient amount="0.0" name="Beta-cryptoxanthin"/><nutrient amount="0.0" name="Lycopene"/><nutrient amount="0.0" name="Lutein+Zeaxanthin"/><nutrient amount="6.0" name="Folate"/><nutrient amount="0.01" name="B1 (Thiamine)"/><nutrient amount="0.159" name="B2 (Riboflavin)"/><nutrient amount="3.283" name="B3 (Niacin)"/><nutrient amount="0.353" name="B5 (Pantothenic Acid)"/><nutrient amount="0.12" name="B6 (Pyridoxine)"/><nutrient amount="1.47" name="B12 (Cyanocobalamin)"/><nutrient amount="1.9" name="Vitamin C"/><nutrient amount="0.4" name="Vitamin E"/><nutrient amount="0.8" name="Vitamin K"/><nutrient amount="2.59" name="Saturated"/><nutrient amount="1.85" name="Monounsaturated"/><nutrient amount="0.16" name="Polyunsaturated"/><nutrient amount="0.03" name="Omega-3"/><nutrient amount="0.11" name="Omega-6"/><nutrient amount="28.0" name="Cholesterol"/><nutrient amount="0.914" name="ALA"/><nutrient amount="0.988" name="ARG"/><nutrient amount="1.275" name="ASP"/><nutrient amount="0.169" name="CYS"/><nutrient amount="2.203" name="GLU"/><nutrient amount="0.925" name="GLY"/><nutrient amount="0.492" name="HIS"/><nutrient amount="0.659" name="ILE"/><nutrient amount="1.162" name="LEU"/><nutrient amount="1.206" name="LYS"/><nutrient amount="0.445" name="MET"/><nutrient amount="0.561" name="PHE"/><nutrient amount="0.726" name="PRO"/><nutrient amount="0.531" name="SER"/><nutrient amount="0.635" name="THR"/><nutrient amount="0.146" name="TRP"/><nutrient amount="0.482" name="TYR"/><nutrient amount="0.733" name="VAL"/></food>