<food uid="03013" fcf="9.02" pcf="4.27" name="Babyfood, meat, chicken, junior" ccf="4.0"><measure amount="1.0" name="tbsp" grams="15.0"/><measure amount="1.0" name="oz" grams="28.35"/><measure amount="1.0" name="jar" grams="71.0"/><measure amount="1.0" name="jar Gerber Third Foods (2.5 oz)" grams="71.0"/><measure amount="1.0" name="jar Heinz Junior-3 (2.5 oz)" grams="71.0"/><nutrient amount="149.0" name="Energy"/><nutrient amount="14.7" name="Protein"/><nutrient amount="0.0" name="Carbs"/><nutrient amount="0.0" name="Fiber"/><nutrient amount="0.0" name="Sugars"/><nutrient amount="9.6" name="Fat"/><nutrient amount="0.0" name="Alcohol"/><nutrient amount="0.0" name="Caffeine"/><nutrient amount="76.0" name="Water"/><nutrient amount="0.7" name="Ash"/><nutrient amount="55.0" name="Calcium"/><nutrient amount="0.045" name="Copper"/><nutrient amount="0.99" name="Iron"/><nutrient amount="11.0" name="Magnesium"/><nutrient amount="90.0" name="Phosphorus"/><nutrient amount="122.0" name="Potassium"/><nutrient amount="10.3" name="Selenium"/><nutrient amount="51.0" name="Sodium"/><nutrient amount="1.01" name="Zinc"/><nutrient amount="40.0" name="Vitamin A"/><nutrient amount="11.0" name="Retinol"/><nutrient amount="0.0" name="Alpha-carotene"/><nutrient amount="0.0" name="Beta-carotene"/><nutrient amount="0.0" name="Beta-cryptoxanthin"/><nutrient amount="0.0" name="Lycopene"/><nutrient amount="0.0" name="Lutein+Zeaxanthin"/><nutrient amount="11.0" name="Folate"/><nutrient amount="0.014" name="B1 (Thiamine)"/><nutrient amount="0.163" name="B2 (Riboflavin)"/><nutrient amount="3.42" name="B3 (Niacin)"/><nutrient amount="0.726" name="B5 (Pantothenic Acid)"/><nutrient amount="0.188" name="B6 (Pyridoxine)"/><nutrient amount="0.4" name="B12 (Cyanocobalamin)"/><nutrient amount="1.5" name="Vitamin C"/><nutrient amount="0.4" name="Vitamin E"/><nutrient amount="1.7" name="Vitamin K"/><nutrient amount="2.47" name="Saturated"/><nutrient amount="4.33" name="Monounsaturated"/><nutrient amount="2.33" name="Polyunsaturated"/><nutrient amount="0.05" name="Omega-3"/><nutrient amount="2.25" name="Omega-6"/><nutrient amount="59.0" name="Cholesterol"/><nutrient amount="0.936" name="ALA"/><nutrient amount="1.028" name="ARG"/><nutrient amount="1.362" name="ASP"/><nutrient amount="0.193" name="CYS"/><nutrient amount="2.128" name="GLU"/><nutrient amount="0.981" name="GLY"/><nutrient amount="0.445" name="HIS"/><nutrient amount="0.693" name="ILE"/><nutrient amount="1.136" name="LEU"/><nutrient amount="1.228" name="LYS"/><nutrient amount="0.394" name="MET"/><nutrient amount="0.599" name="PHE"/><nutrient amount="0.759" name="PRO"/><nutrient amount="0.535" name="SER"/><nutrient amount="0.66" name="THR"/><nutrient amount="0.167" name="TRP"/><nutrient amount="0.471" name="TYR"/><nutrient amount="0.74" name="VAL"/></food>