<food fcf="9.02" pcf="4.27" uid="03011" name="Babyfood, meat, lamb, junior" ccf="4.0"><measure amount="1.0" grams="28.35" name="oz"/><measure amount="1.0" grams="71.0" name="jar"/><nutrient amount="112.0" name="Energy"/><nutrient amount="15.2" name="Protein"/><nutrient amount="5.2" name="Fat"/><nutrient amount="79.6" name="Water"/><nutrient amount="0.9" name="Ash"/><nutrient amount="7.0" name="Calcium"/><nutrient amount="0.057" name="Copper"/><nutrient amount="10.0" name="Fluoride"/><nutrient amount="1.66" name="Iron"/><nutrient amount="10.0" name="Magnesium"/><nutrient amount="91.0" name="Phosphorus"/><nutrient amount="211.0" name="Potassium"/><nutrient amount="7.0" name="Selenium"/><nutrient amount="73.0" name="Sodium"/><nutrient amount="2.6" name="Zinc"/><nutrient amount="27.0" name="Vitamin A"/><nutrient amount="8.0" name="Retinol"/><nutrient amount="2.0" name="Folate"/><nutrient amount="0.019" name="B1 (Thiamine)"/><nutrient amount="0.191" name="B2 (Riboflavin)"/><nutrient amount="3.193" name="B3 (Niacin)"/><nutrient amount="0.424" name="B5 (Pantothenic Acid)"/><nutrient amount="0.183" name="B6 (Pyridoxine)"/><nutrient amount="2.27" name="B12 (Cyanocobalamin)"/><nutrient amount="1.7" name="Vitamin C"/><nutrient amount="0.4" name="Vitamin E"/><nutrient amount="2.56" name="Saturated"/><nutrient amount="2.06" name="Monounsaturated"/><nutrient amount="0.22" name="Polyunsaturated"/><nutrient amount="0.06" name="Omega-3"/><nutrient amount="0.16" name="Omega-6"/><nutrient amount="38.0" name="Cholesterol"/><nutrient amount="0.953" name="ALA"/><nutrient amount="1.429" name="ASP"/><nutrient amount="0.996" name="ARG"/><nutrient amount="0.209" name="CYS"/><nutrient amount="2.328" name="GLU"/><nutrient amount="0.885" name="GLY"/><nutrient amount="0.384" name="HIS"/><nutrient amount="0.714" name="ILE"/><nutrient amount="1.2" name="LEU"/><nutrient amount="1.349" name="LYS"/><nutrient amount="0.476" name="MET"/><nutrient amount="0.598" name="PHE"/><nutrient amount="0.851" name="PRO"/><nutrient amount="0.583" name="SER"/><nutrient amount="0.693" name="THR"/><nutrient amount="0.151" name="TRP"/><nutrient amount="0.532" name="TYR"/><nutrient amount="0.77" name="VAL"/></food>