<food uid="03017" fcf="8.7" pcf="4.0" name="Babyfood, meat, turkey sticks, junior" ccf="2.7"><measure amount="1.0" name="stick" grams="10.0"/><measure amount="1.0" name="jar" grams="71.0"/><measure amount="1.0" name="jar Gerber Graduate (2.5 oz)" grams="71.0"/><nutrient amount="182.0" name="Energy"/><nutrient amount="13.7" name="Protein"/><nutrient amount="1.4" name="Carbs"/><nutrient amount="0.5" name="Fiber"/><nutrient amount="1.4" name="Sugars"/><nutrient amount="14.2" name="Fat"/><nutrient amount="0.0" name="Alcohol"/><nutrient amount="0.0" name="Caffeine"/><nutrient amount="69.8" name="Water"/><nutrient amount="0.9" name="Ash"/><nutrient amount="72.0" name="Calcium"/><nutrient amount="0.04" name="Copper"/><nutrient amount="1.24" name="Iron"/><nutrient amount="16.0" name="Magnesium"/><nutrient amount="103.0" name="Phosphorus"/><nutrient amount="91.0" name="Potassium"/><nutrient amount="10.1" name="Selenium"/><nutrient amount="483.0" name="Sodium"/><nutrient amount="1.83" name="Zinc"/><nutrient amount="19.0" name="Vitamin A"/><nutrient amount="6.0" name="Retinol"/><nutrient amount="0.0" name="Alpha-carotene"/><nutrient amount="0.0" name="Beta-carotene"/><nutrient amount="0.0" name="Beta-cryptoxanthin"/><nutrient amount="0.0" name="Lycopene"/><nutrient amount="0.0" name="Lutein+Zeaxanthin"/><nutrient amount="11.0" name="Folate"/><nutrient amount="0.01" name="B1 (Thiamine)"/><nutrient amount="0.155" name="B2 (Riboflavin)"/><nutrient amount="1.752" name="B3 (Niacin)"/><nutrient amount="0.57" name="B5 (Pantothenic Acid)"/><nutrient amount="0.076" name="B6 (Pyridoxine)"/><nutrient amount="1.0" name="B12 (Cyanocobalamin)"/><nutrient amount="1.5" name="Vitamin C"/><nutrient amount="0.37" name="Vitamin E"/><nutrient amount="0.4" name="Vitamin K"/><nutrient amount="4.143" name="Saturated"/><nutrient amount="4.671" name="Monounsaturated"/><nutrient amount="3.615" name="Polyunsaturated"/><nutrient amount="0.265" name="Omega-3"/><nutrient amount="3.006" name="Omega-6"/><nutrient amount="65.0" name="Cholesterol"/><nutrient amount="0.704" name="ALA"/><nutrient amount="0.883" name="ARG"/><nutrient amount="1.272" name="ASP"/><nutrient amount="0.122" name="CYS"/><nutrient amount="2.196" name="GLU"/><nutrient amount="0.682" name="GLY"/><nutrient amount="0.367" name="HIS"/><nutrient amount="0.629" name="ILE"/><nutrient amount="1.071" name="LEU"/><nutrient amount="1.176" name="LYS"/><nutrient amount="0.304" name="MET"/><nutrient amount="0.61" name="PHE"/><nutrient amount="0.651" name="PRO"/><nutrient amount="0.505" name="SER"/><nutrient amount="0.546" name="THR"/><nutrient amount="0.101" name="TRP"/><nutrient amount="0.483" name="TYR"/><nutrient amount="0.651" name="VAL"/></food>