<food fcf="9.02" pcf="4.27" uid="03010" name="Babyfood, meat, lamb, strained" ccf="4.0"><measure amount="1.0" grams="15.0" name="tbsp"/><measure amount="1.0" grams="28.35" name="oz"/><measure amount="1.0" grams="71.0" name="jar"/><measure amount="1.0" grams="71.0" name="jar Beech-Nut Stage 1 (2.5 oz)"/><measure amount="1.0" grams="71.0" name="jar Gerber Second Foods (2.5 oz)"/><measure amount="1.0" grams="71.0" name="jar Heinz Strained-2 (2.5 oz)"/><nutrient amount="103.0" name="Energy"/><nutrient amount="14.1" name="Protein"/><nutrient amount="4.7" name="Fat"/><nutrient amount="0.1" name="Carbs"/><nutrient amount="80.3" name="Water"/><nutrient amount="0.8" name="Ash"/><nutrient amount="7.0" name="Calcium"/><nutrient amount="0.055" name="Copper"/><nutrient amount="1.49" name="Iron"/><nutrient amount="13.0" name="Magnesium"/><nutrient amount="97.0" name="Phosphorus"/><nutrient amount="205.0" name="Potassium"/><nutrient amount="8.4" name="Selenium"/><nutrient amount="62.0" name="Sodium"/><nutrient amount="2.76" name="Zinc"/><nutrient amount="2.0" name="Folate"/><nutrient amount="0.019" name="B1 (Thiamine)"/><nutrient amount="0.2" name="B2 (Riboflavin)"/><nutrient amount="2.925" name="B3 (Niacin)"/><nutrient amount="0.41" name="B5 (Pantothenic Acid)"/><nutrient amount="0.152" name="B6 (Pyridoxine)"/><nutrient amount="2.19" name="B12 (Cyanocobalamin)"/><nutrient amount="1.2" name="Vitamin C"/><nutrient amount="0.05" name="Vitamin E"/><nutrient amount="2.0" name="Vitamin K"/><nutrient amount="2.31" name="Saturated"/><nutrient amount="1.87" name="Monounsaturated"/><nutrient amount="0.2" name="Polyunsaturated"/><nutrient amount="0.05" name="Omega-3"/><nutrient amount="0.14" name="Omega-6"/><nutrient amount="38.0" name="Cholesterol"/><nutrient amount="0.882" name="ALA"/><nutrient amount="1.324" name="ASP"/><nutrient amount="0.923" name="ARG"/><nutrient amount="0.194" name="CYS"/><nutrient amount="2.156" name="GLU"/><nutrient amount="0.819" name="GLY"/><nutrient amount="0.356" name="HIS"/><nutrient amount="0.662" name="ILE"/><nutrient amount="1.112" name="LEU"/><nutrient amount="1.249" name="LYS"/><nutrient amount="0.441" name="MET"/><nutrient amount="0.554" name="PHE"/><nutrient amount="0.788" name="PRO"/><nutrient amount="0.54" name="SER"/><nutrient amount="0.642" name="THR"/><nutrient amount="0.14" name="TRP"/><nutrient amount="0.493" name="TYR"/><nutrient amount="0.714" name="VAL"/></food>