<food fcf="9.0" pcf="4.0" uid="03044" name="Babyfood, dinner, macaroni and tomato and beef, strained" ccf="4.0"><measure amount="1.0" grams="16.0" name="tbsp"/><measure amount="1.0" grams="28.35" name="oz"/><measure amount="1.0" grams="113.0" name="jar"/><measure amount="1.0" grams="113.0" name="jar Gerber Second Food (4 oz)"/><measure amount="1.0" grams="113.0" name="jar Beech-Nut Stage 2 (4 oz)"/><measure amount="1.0" grams="113.0" name="jar Heinz Strained-2 (4 oz)"/><nutrient amount="61.0" name="Energy"/><nutrient amount="2.36" name="Protein"/><nutrient amount="1.47" name="Fat"/><nutrient amount="9.45" name="Carbs"/><nutrient amount="1.2" name="Fiber"/><nutrient amount="0.03" name="Starch"/><nutrient amount="2.09" name="Sugars"/><nutrient amount="86.34" name="Water"/><nutrient amount="0.37" name="Ash"/><nutrient amount="17.0" name="Calcium"/><nutrient amount="0.05" name="Copper"/><nutrient amount="0.46" name="Iron"/><nutrient amount="12.0" name="Magnesium"/><nutrient amount="0.13" name="Manganese"/><nutrient amount="39.0" name="Phosphorus"/><nutrient amount="112.0" name="Potassium"/><nutrient amount="8.4" name="Selenium"/><nutrient amount="38.0" name="Sodium"/><nutrient amount="0.54" name="Zinc"/><nutrient amount="878.0" name="Vitamin A"/><nutrient amount="213.0" name="Alpha-carotene"/><nutrient amount="420.0" name="Beta-carotene"/><nutrient amount="42.0" name="Lycopene"/><nutrient amount="9.0" name="Folate"/><nutrient amount="0.038" name="B1 (Thiamine)"/><nutrient amount="0.043" name="B2 (Riboflavin)"/><nutrient amount="0.715" name="B3 (Niacin)"/><nutrient amount="0.14" name="B5 (Pantothenic Acid)"/><nutrient amount="0.056" name="B6 (Pyridoxine)"/><nutrient amount="0.15" name="B12 (Cyanocobalamin)"/><nutrient amount="0.3" name="Vitamin C"/><nutrient amount="2.62" name="Vitamin E"/><nutrient amount="0.08" name="Gamma Tocopherol"/><nutrient amount="29.3" name="Vitamin K"/><nutrient amount="0.486" name="Saturated"/><nutrient amount="0.594" name="Monounsaturated"/><nutrient amount="0.193" name="Polyunsaturated"/><nutrient amount="0.017" name="Omega-3"/><nutrient amount="0.17400000000000002" name="Omega-6"/><nutrient amount="7.0" name="Cholesterol"/></food>