<food fcf="8.9" pcf="4.1" uid="03045" name="Babyfood, dinner, macaroni and tomato and beef, junior" ccf="4.1"><measure amount="1.0" grams="16.0" name="tbsp"/><measure amount="1.0" grams="28.35" name="oz"/><measure amount="1.0" grams="170.0" name="jar"/><measure amount="1.0" grams="170.0" name="jar Beech-Nut Stage 3 (6 oz)"/><measure amount="1.0" grams="170.0" name="jar Gerber Third Foods (6 oz)"/><nutrient amount="59.0" name="Energy"/><nutrient amount="2.5" name="Protein"/><nutrient amount="1.1" name="Fat"/><nutrient amount="9.4" name="Carbs"/><nutrient amount="1.1" name="Fiber"/><nutrient amount="2.43" name="Sugars"/><nutrient amount="86.7" name="Water"/><nutrient amount="0.3" name="Ash"/><nutrient amount="14.0" name="Calcium"/><nutrient amount="0.039" name="Copper"/><nutrient amount="0.36" name="Iron"/><nutrient amount="7.0" name="Magnesium"/><nutrient amount="44.0" name="Phosphorus"/><nutrient amount="72.0" name="Potassium"/><nutrient amount="8.4" name="Selenium"/><nutrient amount="17.0" name="Sodium"/><nutrient amount="0.36" name="Zinc"/><nutrient amount="691.0" name="Vitamin A"/><nutrient amount="154.0" name="Alpha-carotene"/><nutrient amount="338.0" name="Beta-carotene"/><nutrient amount="250.0" name="Lycopene"/><nutrient amount="12.0" name="Lutein+Zeaxanthin"/><nutrient amount="9.0" name="Folate"/><nutrient amount="0.048" name="B1 (Thiamine)"/><nutrient amount="0.055" name="B2 (Riboflavin)"/><nutrient amount="0.751" name="B3 (Niacin)"/><nutrient amount="0.047" name="B6 (Pyridoxine)"/><nutrient amount="0.24" name="B12 (Cyanocobalamin)"/><nutrient amount="1.5" name="Vitamin C"/><nutrient amount="0.81" name="Vitamin E"/><nutrient amount="6.7" name="Vitamin K"/><nutrient amount="0.411" name="Saturated"/><nutrient amount="0.447" name="Monounsaturated"/><nutrient amount="0.079" name="Polyunsaturated"/><nutrient amount="0.0070" name="Omega-3"/><nutrient amount="0.07" name="Omega-6"/><nutrient amount="4.0" name="Cholesterol"/><nutrient amount="0.128" name="ALA"/><nutrient amount="0.198" name="ASP"/><nutrient amount="0.133" name="ARG"/><nutrient amount="0.034" name="CYS"/><nutrient amount="0.619" name="GLU"/><nutrient amount="0.126" name="GLY"/><nutrient amount="0.064" name="HIS"/><nutrient amount="0.118" name="ILE"/><nutrient amount="0.198" name="LEU"/><nutrient amount="0.149" name="LYS"/><nutrient amount="0.039" name="MET"/><nutrient amount="0.112" name="PHE"/><nutrient amount="0.201" name="PRO"/><nutrient amount="0.104" name="SER"/><nutrient amount="0.09" name="THR"/><nutrient amount="0.028" name="TRP"/><nutrient amount="0.082" name="TYR"/><nutrient amount="0.127" name="VAL"/></food>