<food fcf="9.0" pcf="4.0" uid="03048" name="Babyfood, macaroni and cheese, toddler" ccf="4.0"><nutrient amount="83.0" name="Energy"/><nutrient amount="3.5" name="Protein"/><nutrient amount="2.6" name="Fat"/><nutrient amount="11.2" name="Carbs"/><nutrient amount="0.5" name="Fiber"/><nutrient amount="0.79" name="Sugars"/><nutrient amount="81.7" name="Water"/><nutrient amount="1.0" name="Ash"/><nutrient amount="102.0" name="Calcium"/><nutrient amount="0.041" name="Copper"/><nutrient amount="0.6" name="Iron"/><nutrient amount="9.0" name="Magnesium"/><nutrient amount="81.0" name="Phosphorus"/><nutrient amount="18.0" name="Potassium"/><nutrient amount="6.6" name="Selenium"/><nutrient amount="230.0" name="Sodium"/><nutrient amount="0.43" name="Zinc"/><nutrient amount="11.0" name="Vitamin A"/><nutrient amount="3.0" name="Retinol"/><nutrient amount="25.0" name="Folate"/><nutrient amount="0.04" name="B1 (Thiamine)"/><nutrient amount="0.09" name="B2 (Riboflavin)"/><nutrient amount="0.79" name="B3 (Niacin)"/><nutrient amount="0.05" name="B6 (Pyridoxine)"/><nutrient amount="0.06" name="B12 (Cyanocobalamin)"/><nutrient amount="0.01" name="Vitamin E"/><nutrient amount="1.53" name="Saturated"/><nutrient amount="0.7" name="Monounsaturated"/><nutrient amount="0.17" name="Polyunsaturated"/><nutrient amount="0.035" name="Omega-3"/><nutrient amount="0.131" name="Omega-6"/><nutrient amount="7.0" name="Cholesterol"/></food>