<food uid="03042" fcf="8.9" pcf="4.1" name="Babyfood, dinner, vegetables and dumplings and beef, junior" ccf="4.1"><measure amount="1.0" name="oz" grams="28.35"/><measure amount="1.0" name="jar" grams="170.0"/><nutrient amount="48.0" name="Energy"/><nutrient amount="2.1" name="Protein"/><nutrient amount="8.0" name="Carbs"/><nutrient amount="0.0" name="Sugars"/><nutrient amount="0.8" name="Fat"/><nutrient amount="88.6" name="Water"/><nutrient amount="0.6" name="Ash"/><nutrient amount="14.0" name="Calcium"/><nutrient amount="0.03" name="Copper"/><nutrient amount="0.47" name="Iron"/><nutrient amount="7.0" name="Magnesium"/><nutrient amount="29.0" name="Phosphorus"/><nutrient amount="47.0" name="Potassium"/><nutrient amount="2.1" name="Selenium"/><nutrient amount="52.0" name="Sodium"/><nutrient amount="0.33" name="Zinc"/><nutrient amount="660.0" name="Vitamin A"/><nutrient amount="0.0" name="Retinol"/><nutrient amount="7.0" name="Folate"/><nutrient amount="0.039" name="B1 (Thiamine)"/><nutrient amount="0.036" name="B2 (Riboflavin)"/><nutrient amount="0.49" name="B3 (Niacin)"/><nutrient amount="0.214" name="B5 (Pantothenic Acid)"/><nutrient amount="0.048" name="B6 (Pyridoxine)"/><nutrient amount="0.09" name="B12 (Cyanocobalamin)"/><nutrient amount="0.8" name="Vitamin C"/></food>