<food fcf="9.0" pcf="4.0" uid="03059" name="Babyfood, dinner, vegetables and bacon, strained" ccf="4.0"><measure amount="1.0" grams="256.0" name="cup"/><measure amount="1.0" grams="16.0" name="tbsp"/><measure amount="1.0" grams="28.35" name="oz"/><measure amount="1.0" grams="113.0" name="jar"/><measure amount="1.0" grams="113.0" name="jar Gerber Second Food (4 oz)"/><measure amount="1.0" grams="113.0" name="jar Heinz Strained-2 (4 oz)"/><nutrient amount="71.0" name="Energy"/><nutrient amount="1.92" name="Protein"/><nutrient amount="2.95" name="Fat"/><nutrient amount="8.81" name="Carbs"/><nutrient amount="1.7" name="Fiber"/><nutrient amount="1.77" name="Sugars"/><nutrient amount="85.75" name="Water"/><nutrient amount="0.4" name="Ash"/><nutrient amount="14.0" name="Calcium"/><nutrient amount="0.04" name="Copper"/><nutrient amount="0.3" name="Iron"/><nutrient amount="10.0" name="Magnesium"/><nutrient amount="0.14" name="Manganese"/><nutrient amount="28.0" name="Phosphorus"/><nutrient amount="116.0" name="Potassium"/><nutrient amount="1.7" name="Selenium"/><nutrient amount="49.0" name="Sodium"/><nutrient amount="0.3" name="Zinc"/><nutrient amount="2284.0" name="Vitamin A"/><nutrient amount="515.0" name="Alpha-carotene"/><nutrient amount="1112.0" name="Beta-carotene"/><nutrient amount="1.0" name="Lycopene"/><nutrient amount="225.0" name="Lutein+Zeaxanthin"/><nutrient amount="3.0" name="Folate"/><nutrient amount="0.032" name="B1 (Thiamine)"/><nutrient amount="0.039" name="B2 (Riboflavin)"/><nutrient amount="0.474" name="B3 (Niacin)"/><nutrient amount="0.16" name="B5 (Pantothenic Acid)"/><nutrient amount="0.058" name="B6 (Pyridoxine)"/><nutrient amount="0.06" name="B12 (Cyanocobalamin)"/><nutrient amount="0.3" name="Vitamin C"/><nutrient amount="0.51" name="Vitamin E"/><nutrient amount="9.1" name="Vitamin K"/><nutrient amount="1.063" name="Saturated"/><nutrient amount="1.347" name="Monounsaturated"/><nutrient amount="0.377" name="Polyunsaturated"/><nutrient amount="0.045" name="Omega-3"/><nutrient amount="0.332" name="Omega-6"/><nutrient amount="4.0" name="Cholesterol"/></food>