<food fcf="9.0" pcf="4.0" uid="03054" name="Babyfood, dinner, vegetables and beef, junior" ccf="4.0"><measure amount="1.0" grams="256.0" name="cup"/><measure amount="1.0" grams="16.0" name="tbsp"/><measure amount="1.0" grams="28.35" name="oz"/><measure amount="1.0" grams="170.0" name="jar"/><measure amount="1.0" grams="170.0" name="jar Beech-Nut Stage 3 (6 oz)"/><measure amount="1.0" grams="170.0" name="jar Gerber Third Foods (6 oz)"/><measure amount="1.0" grams="170.0" name="jar Heinz Junior-3 (6 oz)"/><nutrient amount="62.0" name="Energy"/><nutrient amount="2.3" name="Protein"/><nutrient amount="1.85" name="Fat"/><nutrient amount="9.0" name="Carbs"/><nutrient amount="1.4" name="Fiber"/><nutrient amount="1.35" name="Sugars"/><nutrient amount="86.44" name="Water"/><nutrient amount="0.42" name="Ash"/><nutrient amount="12.0" name="Calcium"/><nutrient amount="0.04" name="Copper"/><nutrient amount="21.5" name="Fluoride"/><nutrient amount="0.39" name="Iron"/><nutrient amount="11.0" name="Magnesium"/><nutrient amount="0.14" name="Manganese"/><nutrient amount="35.0" name="Phosphorus"/><nutrient amount="122.0" name="Potassium"/><nutrient amount="2.1" name="Selenium"/><nutrient amount="75.0" name="Sodium"/><nutrient amount="0.5" name="Zinc"/><nutrient amount="2544.0" name="Vitamin A"/><nutrient amount="562.0" name="Alpha-carotene"/><nutrient amount="1246.0" name="Beta-carotene"/><nutrient amount="1460.0" name="Lycopene"/><nutrient amount="43.0" name="Lutein+Zeaxanthin"/><nutrient amount="4.0" name="Folate"/><nutrient amount="0.028" name="B1 (Thiamine)"/><nutrient amount="0.041" name="B2 (Riboflavin)"/><nutrient amount="0.612" name="B3 (Niacin)"/><nutrient amount="0.155" name="B5 (Pantothenic Acid)"/><nutrient amount="0.072" name="B6 (Pyridoxine)"/><nutrient amount="0.17" name="B12 (Cyanocobalamin)"/><nutrient amount="0.3" name="Vitamin C"/><nutrient amount="0.42" name="Vitamin E"/><nutrient amount="2.7" name="Vitamin K"/><nutrient amount="0.683" name="Saturated"/><nutrient amount="0.761" name="Monounsaturated"/><nutrient amount="0.143" name="Polyunsaturated"/><nutrient amount="0.016" name="Omega-3"/><nutrient amount="0.125" name="Omega-6"/><nutrient amount="8.0" name="Cholesterol"/></food>