<food fcf="9.0" pcf="4.0" uid="03050" name="Babyfood, dinner, spaghetti and tomato and meat, junior" ccf="4.0"><measure amount="1.0" grams="16.0" name="tbsp"/><measure amount="1.0" grams="28.35" name="oz"/><measure amount="1.0" grams="170.0" name="jar"/><measure amount="1.0" grams="170.0" name="jar Beech-Nut Stage 3 (6 oz)"/><measure amount="1.0" grams="170.0" name="jar Gerber Third Foods (6 oz)"/><measure amount="1.0" grams="170.0" name="jar Heinz Junior-3 (6 oz)"/><nutrient amount="68.0" name="Energy"/><nutrient amount="2.57" name="Protein"/><nutrient amount="1.37" name="Fat"/><nutrient amount="11.42" name="Carbs"/><nutrient amount="1.1" name="Fiber"/><nutrient amount="2.72" name="Sugars"/><nutrient amount="84.17" name="Water"/><nutrient amount="0.47" name="Ash"/><nutrient amount="15.0" name="Calcium"/><nutrient amount="0.03" name="Copper"/><nutrient amount="0.53" name="Iron"/><nutrient amount="11.0" name="Magnesium"/><nutrient amount="0.12" name="Manganese"/><nutrient amount="35.0" name="Phosphorus"/><nutrient amount="122.0" name="Potassium"/><nutrient amount="8.4" name="Selenium"/><nutrient amount="75.0" name="Sodium"/><nutrient amount="0.53" name="Zinc"/><nutrient amount="1255.0" name="Vitamin A"/><nutrient amount="304.0" name="Alpha-carotene"/><nutrient amount="601.0" name="Beta-carotene"/><nutrient amount="27.0" name="Folate"/><nutrient amount="0.048" name="B1 (Thiamine)"/><nutrient amount="0.068" name="B2 (Riboflavin)"/><nutrient amount="0.967" name="B3 (Niacin)"/><nutrient amount="0.086" name="B5 (Pantothenic Acid)"/><nutrient amount="0.064" name="B6 (Pyridoxine)"/><nutrient amount="0.03" name="B12 (Cyanocobalamin)"/><nutrient amount="0.2" name="Vitamin C"/><nutrient amount="0.07" name="Vitamin E"/><nutrient amount="0.8" name="Vitamin K"/><nutrient amount="0.543" name="Saturated"/><nutrient amount="0.497" name="Monounsaturated"/><nutrient amount="0.185" name="Polyunsaturated"/><nutrient amount="0.019" name="Omega-3"/><nutrient amount="0.166" name="Omega-6"/><nutrient amount="5.0" name="Cholesterol"/></food>