<food fcf="8.9" pcf="4.1" uid="03051" name="Babyfood, dinner, spaghetti and tomato and meat, toddler" ccf="4.1"><measure amount="1.0" grams="28.35" name="oz"/><measure amount="1.0" grams="170.0" name="jar"/><nutrient amount="75.0" name="Energy"/><nutrient amount="5.3" name="Protein"/><nutrient amount="1.0" name="Fat"/><nutrient amount="10.8" name="Carbs"/><nutrient amount="81.6" name="Water"/><nutrient amount="1.3" name="Ash"/><nutrient amount="22.0" name="Calcium"/><nutrient amount="0.02" name="Copper"/><nutrient amount="0.9" name="Iron"/><nutrient amount="15.0" name="Magnesium"/><nutrient amount="45.0" name="Phosphorus"/><nutrient amount="163.0" name="Potassium"/><nutrient amount="8.4" name="Selenium"/><nutrient amount="358.0" name="Sodium"/><nutrient amount="0.48" name="Zinc"/><nutrient amount="443.0" name="Vitamin A"/><nutrient amount="32.0" name="Folate"/><nutrient amount="0.062" name="B1 (Thiamine)"/><nutrient amount="0.101" name="B2 (Riboflavin)"/><nutrient amount="1.558" name="B3 (Niacin)"/><nutrient amount="0.083" name="B6 (Pyridoxine)"/><nutrient amount="0.23" name="B12 (Cyanocobalamin)"/><nutrient amount="4.1" name="Vitamin C"/><nutrient amount="0.269" name="ALA"/><nutrient amount="0.47" name="ASP"/><nutrient amount="0.284" name="ARG"/><nutrient amount="0.066" name="CYS"/><nutrient amount="1.297" name="GLU"/><nutrient amount="0.254" name="GLY"/><nutrient amount="0.141" name="HIS"/><nutrient amount="0.268" name="ILE"/><nutrient amount="0.413" name="LEU"/><nutrient amount="0.313" name="LYS"/><nutrient amount="0.104" name="MET"/><nutrient amount="0.241" name="PHE"/><nutrient amount="0.442" name="PRO"/><nutrient amount="0.202" name="SER"/><nutrient amount="0.197" name="THR"/><nutrient amount="0.065" name="TRP"/><nutrient amount="0.184" name="TYR"/><nutrient amount="0.286" name="VAL"/></food>