<food fcf="9.0" pcf="4.0" uid="03053" name="Babyfood, dinner, vegetables and beef, strained" ccf="4.0"><measure amount="1.0" grams="256.0" name="cup"/><measure amount="1.0" grams="16.0" name="tbsp"/><measure amount="1.0" grams="28.35" name="oz"/><measure amount="1.0" grams="113.0" name="jar"/><measure amount="1.0" grams="128.0" name="jar Earth's Best (4.5 oz)"/><measure amount="1.0" grams="113.0" name="jar Gerber Second Food (4 oz)"/><measure amount="1.0" grams="113.0" name="jar Beech-Nut Stage 2 (4 oz)"/><measure amount="1.0" grams="113.0" name="jar Heinz Strained-2 (4 oz)"/><nutrient amount="63.0" name="Energy"/><nutrient amount="2.59" name="Protein"/><nutrient amount="2.43" name="Fat"/><nutrient amount="7.7" name="Carbs"/><nutrient amount="2.2" name="Fiber"/><nutrient amount="1.84" name="Sugars"/><nutrient amount="87.04" name="Water"/><nutrient amount="0.24" name="Ash"/><nutrient amount="17.0" name="Calcium"/><nutrient amount="0.08" name="Copper"/><nutrient amount="0.58" name="Iron"/><nutrient amount="15.0" name="Magnesium"/><nutrient amount="0.18" name="Manganese"/><nutrient amount="45.0" name="Phosphorus"/><nutrient amount="158.0" name="Potassium"/><nutrient amount="2.1" name="Selenium"/><nutrient amount="19.0" name="Sodium"/><nutrient amount="0.56" name="Zinc"/><nutrient amount="2921.0" name="Vitamin A"/><nutrient amount="663.0" name="Alpha-carotene"/><nutrient amount="1421.0" name="Beta-carotene"/><nutrient amount="51.0" name="Lutein+Zeaxanthin"/><nutrient amount="8.0" name="Folate"/><nutrient amount="0.034" name="B1 (Thiamine)"/><nutrient amount="0.048" name="B2 (Riboflavin)"/><nutrient amount="0.827" name="B3 (Niacin)"/><nutrient amount="0.152" name="B5 (Pantothenic Acid)"/><nutrient amount="0.072" name="B6 (Pyridoxine)"/><nutrient amount="0.18" name="B12 (Cyanocobalamin)"/><nutrient amount="0.2" name="Vitamin C"/><nutrient amount="0.24" name="Vitamin E"/><nutrient amount="2.5" name="Vitamin K"/><nutrient amount="1.029" name="Saturated"/><nutrient amount="1.01" name="Monounsaturated"/><nutrient amount="0.144" name="Polyunsaturated"/><nutrient amount="0.018" name="Omega-3"/><nutrient amount="0.117" name="Omega-6"/><nutrient amount="6.0" name="Cholesterol"/></food>