<food fcf="8.9" pcf="3.7" uid="03066" name="Babyfood, dinner, vegetables and lamb, strained" ccf="3.9"><measure amount="1.0" grams="256.0" name="cup"/><measure amount="1.0" grams="16.0" name="tbsp"/><measure amount="1.0" grams="28.35" name="oz"/><measure amount="1.0" grams="113.0" name="jar"/><measure amount="1.0" grams="113.0" name="jar Beech-Nut Stage 2 (4 oz)"/><measure amount="1.0" grams="113.0" name="jar Heinz Strained-2 (4 oz)"/><nutrient amount="52.0" name="Energy"/><nutrient amount="2.0" name="Protein"/><nutrient amount="2.0" name="Fat"/><nutrient amount="6.9" name="Carbs"/><nutrient amount="1.1" name="Fiber"/><nutrient amount="0.94" name="Sugars"/><nutrient amount="88.6" name="Water"/><nutrient amount="0.5" name="Ash"/><nutrient amount="12.0" name="Calcium"/><nutrient amount="0.029" name="Copper"/><nutrient amount="0.35" name="Iron"/><nutrient amount="7.0" name="Magnesium"/><nutrient amount="49.0" name="Phosphorus"/><nutrient amount="94.0" name="Potassium"/><nutrient amount="2.4" name="Selenium"/><nutrient amount="20.0" name="Sodium"/><nutrient amount="0.22" name="Zinc"/><nutrient amount="1995.0" name="Vitamin A"/><nutrient amount="443.0" name="Alpha-carotene"/><nutrient amount="976.0" name="Beta-carotene"/><nutrient amount="947.0" name="Lycopene"/><nutrient amount="34.0" name="Lutein+Zeaxanthin"/><nutrient amount="4.0" name="Folate"/><nutrient amount="0.018" name="B1 (Thiamine)"/><nutrient amount="0.034" name="B2 (Riboflavin)"/><nutrient amount="0.529" name="B3 (Niacin)"/><nutrient amount="0.16" name="B5 (Pantothenic Acid)"/><nutrient amount="0.046" name="B6 (Pyridoxine)"/><nutrient amount="0.16" name="B12 (Cyanocobalamin)"/><nutrient amount="1.2" name="Vitamin C"/><nutrient amount="0.24" name="Vitamin E"/><nutrient amount="2.3" name="Vitamin K"/><nutrient amount="0.828" name="Saturated"/><nutrient amount="0.822" name="Monounsaturated"/><nutrient amount="0.167" name="Polyunsaturated"/><nutrient amount="0.031" name="Omega-3"/><nutrient amount="0.136" name="Omega-6"/><nutrient amount="6.0" name="Cholesterol"/><nutrient amount="0.114" name="ALA"/><nutrient amount="0.209" name="ASP"/><nutrient amount="0.116" name="ARG"/><nutrient amount="0.023" name="CYS"/><nutrient amount="0.341" name="GLU"/><nutrient amount="0.088" name="GLY"/><nutrient amount="0.057" name="HIS"/><nutrient amount="0.044" name="MET"/><nutrient amount="0.083" name="PHE"/><nutrient amount="0.08" name="PRO"/><nutrient amount="0.075" name="SER"/><nutrient amount="0.023" name="TRP"/><nutrient amount="0.067" name="TYR"/><nutrient amount="0.102" name="VAL"/></food>