<food fcf="8.9" pcf="3.7" uid="03067" name="Babyfood, dinner, vegetables and lamb, junior" ccf="3.9"><measure amount="1.0" grams="28.35" name="oz"/><measure amount="1.0" grams="170.0" name="jar"/><nutrient amount="51.0" name="Energy"/><nutrient amount="2.1" name="Protein"/><nutrient amount="1.7" name="Fat"/><nutrient amount="7.1" name="Carbs"/><nutrient amount="1.1" name="Fiber"/><nutrient amount="0.94" name="Sugars"/><nutrient amount="88.6" name="Water"/><nutrient amount="0.5" name="Ash"/><nutrient amount="13.0" name="Calcium"/><nutrient amount="0.029" name="Copper"/><nutrient amount="0.34" name="Iron"/><nutrient amount="7.0" name="Magnesium"/><nutrient amount="49.0" name="Phosphorus"/><nutrient amount="95.0" name="Potassium"/><nutrient amount="2.4" name="Selenium"/><nutrient amount="13.0" name="Sodium"/><nutrient amount="0.22" name="Zinc"/><nutrient amount="1483.0" name="Vitamin A"/><nutrient amount="76.0" name="Retinol"/><nutrient amount="4.0" name="Folate"/><nutrient amount="0.021" name="B1 (Thiamine)"/><nutrient amount="0.032" name="B2 (Riboflavin)"/><nutrient amount="0.554" name="B3 (Niacin)"/><nutrient amount="0.159" name="B5 (Pantothenic Acid)"/><nutrient amount="0.044" name="B6 (Pyridoxine)"/><nutrient amount="0.16" name="B12 (Cyanocobalamin)"/><nutrient amount="1.7" name="Vitamin C"/><nutrient amount="0.24" name="Vitamin E"/><nutrient amount="0.696" name="Saturated"/><nutrient amount="0.69" name="Monounsaturated"/><nutrient amount="0.154" name="Polyunsaturated"/><nutrient amount="0.026" name="Omega-3"/><nutrient amount="0.127" name="Omega-6"/><nutrient amount="5.0" name="Cholesterol"/><nutrient amount="0.12" name="ALA"/><nutrient amount="0.209" name="ASP"/><nutrient amount="0.141" name="ARG"/><nutrient amount="0.018" name="CYS"/><nutrient amount="0.418" name="GLU"/><nutrient amount="0.105" name="GLY"/><nutrient amount="0.048" name="HIS"/><nutrient amount="0.095" name="ILE"/><nutrient amount="0.155" name="LEU"/><nutrient amount="0.154" name="LYS"/><nutrient amount="0.031" name="MET"/><nutrient amount="0.083" name="PHE"/><nutrient amount="0.115" name="PRO"/><nutrient amount="0.077" name="SER"/><nutrient amount="0.077" name="THR"/><nutrient amount="0.024" name="TRP"/><nutrient amount="0.066" name="TYR"/><nutrient amount="0.102" name="VAL"/></food>