<food fcf="9.0" pcf="4.0" uid="03068" name="Babyfood, dinner, chicken noodle, strained" ccf="4.0"><measure amount="1.0" grams="16.0" name="tbsp"/><measure amount="1.0" grams="28.35" name="oz"/><measure amount="1.0" grams="113.0" name="jar"/><measure amount="1.0" grams="113.0" name="jar Gerber Second Food (4 oz)"/><measure amount="1.0" grams="113.0" name="jar Beech-Nut Stage 2 (4 oz)"/><measure amount="1.0" grams="113.0" name="jar Heinz Strained-2 (4 oz)"/><nutrient amount="66.0" name="Energy"/><nutrient amount="2.69" name="Protein"/><nutrient amount="2.06" name="Fat"/><nutrient amount="9.08" name="Carbs"/><nutrient amount="2.1" name="Fiber"/><nutrient amount="2.5" name="Sugars"/><nutrient amount="85.64" name="Water"/><nutrient amount="0.53" name="Ash"/><nutrient amount="27.0" name="Calcium"/><nutrient amount="0.07" name="Copper"/><nutrient amount="0.64" name="Iron"/><nutrient amount="14.0" name="Magnesium"/><nutrient amount="0.16" name="Manganese"/><nutrient amount="46.0" name="Phosphorus"/><nutrient amount="139.0" name="Potassium"/><nutrient amount="3.7" name="Selenium"/><nutrient amount="23.0" name="Sodium"/><nutrient amount="0.55" name="Zinc"/><nutrient amount="2182.0" name="Vitamin A"/><nutrient amount="1.0" name="Retinol"/><nutrient amount="495.0" name="Alpha-carotene"/><nutrient amount="1060.0" name="Beta-carotene"/><nutrient amount="40.0" name="Lutein+Zeaxanthin"/><nutrient amount="11.0" name="Folate"/><nutrient amount="0.044" name="B1 (Thiamine)"/><nutrient amount="0.061" name="B2 (Riboflavin)"/><nutrient amount="0.723" name="B3 (Niacin)"/><nutrient amount="0.198" name="B5 (Pantothenic Acid)"/><nutrient amount="0.064" name="B6 (Pyridoxine)"/><nutrient amount="0.02" name="B12 (Cyanocobalamin)"/><nutrient amount="0.1" name="Vitamin C"/><nutrient amount="0.21" name="Vitamin E"/><nutrient amount="1.9" name="Vitamin K"/><nutrient amount="0.595" name="Saturated"/><nutrient amount="0.854" name="Monounsaturated"/><nutrient amount="0.461" name="Polyunsaturated"/><nutrient amount="0.031" name="Omega-3"/><nutrient amount="0.423" name="Omega-6"/><nutrient amount="16.0" name="Cholesterol"/></food>