<food fcf="9.0" pcf="4.0" uid="03069" name="Babyfood, dinner, chicken noodle, junior" ccf="4.0"><measure amount="1.0" grams="16.0" name="tbsp"/><measure amount="1.0" grams="28.35" name="oz"/><measure amount="1.0" grams="170.0" name="jar"/><measure amount="1.0" grams="170.0" name="jar Beech-Nut Stage 3 (6 oz)"/><measure amount="1.0" grams="170.0" name="jar Gerber Third Foods (6 oz)"/><measure amount="1.0" grams="170.0" name="jar Heinz Junior-3 (6 oz)"/><nutrient amount="55.0" name="Energy"/><nutrient amount="2.37" name="Protein"/><nutrient amount="1.18" name="Fat"/><nutrient amount="8.79" name="Carbs"/><nutrient amount="0.9" name="Fiber"/><nutrient amount="1.07" name="Sugars"/><nutrient amount="87.25" name="Water"/><nutrient amount="0.41" name="Ash"/><nutrient amount="21.0" name="Calcium"/><nutrient amount="0.03" name="Copper"/><nutrient amount="29.0" name="Fluoride"/><nutrient amount="0.38" name="Iron"/><nutrient amount="7.0" name="Magnesium"/><nutrient amount="0.1" name="Manganese"/><nutrient amount="79.0" name="Phosphorus"/><nutrient amount="39.0" name="Potassium"/><nutrient amount="3.7" name="Selenium"/><nutrient amount="78.0" name="Sodium"/><nutrient amount="0.4" name="Zinc"/><nutrient amount="1729.0" name="Vitamin A"/><nutrient amount="1.0" name="Retinol"/><nutrient amount="392.0" name="Alpha-carotene"/><nutrient amount="840.0" name="Beta-carotene"/><nutrient amount="32.0" name="Lutein+Zeaxanthin"/><nutrient amount="7.0" name="Folate"/><nutrient amount="0.032" name="B1 (Thiamine)"/><nutrient amount="0.04" name="B2 (Riboflavin)"/><nutrient amount="0.703" name="B3 (Niacin)"/><nutrient amount="0.178" name="B5 (Pantothenic Acid)"/><nutrient amount="0.052" name="B6 (Pyridoxine)"/><nutrient amount="0.01" name="B12 (Cyanocobalamin)"/><nutrient amount="0.1" name="Vitamin C"/><nutrient amount="0.15" name="Vitamin E"/><nutrient amount="1.6" name="Vitamin K"/><nutrient amount="0.338" name="Saturated"/><nutrient amount="0.467" name="Monounsaturated"/><nutrient amount="0.272" name="Polyunsaturated"/><nutrient amount="0.021000000000000005" name="Omega-3"/><nutrient amount="0.246" name="Omega-6"/><nutrient amount="9.0" name="Cholesterol"/></food>