<food uid="03077" fcf="9.0" pcf="4.0" name="Babyfood, dinner, pasta with vegetables" ccf="4.0"><measure amount="1.0" name="jar, Gerber (4 oz)" grams="113.0"/><nutrient amount="60.0" name="Energy"/><nutrient amount="1.7" name="Protein"/><nutrient amount="8.4" name="Carbs"/><nutrient amount="1.5" name="Fiber"/><nutrient amount="1.2" name="Sugars"/><nutrient amount="2.1" name="Fat"/><nutrient amount="0.0" name="Alcohol"/><nutrient amount="0.0" name="Caffeine"/><nutrient amount="87.3" name="Water"/><nutrient amount="0.41" name="Ash"/><nutrient amount="14.0" name="Calcium"/><nutrient amount="0.11" name="Copper"/><nutrient amount="0.5" name="Iron"/><nutrient amount="24.0" name="Magnesium"/><nutrient amount="0.39" name="Manganese"/><nutrient amount="50.0" name="Phosphorus"/><nutrient amount="133.0" name="Potassium"/><nutrient amount="6.4" name="Selenium"/><nutrient amount="11.0" name="Sodium"/><nutrient amount="0.4" name="Zinc"/><nutrient amount="555.0" name="Vitamin A"/><nutrient amount="16.0" name="Retinol"/><nutrient amount="39.0" name="Alpha-carotene"/><nutrient amount="282.0" name="Beta-carotene"/><nutrient amount="0.0" name="Beta-cryptoxanthin"/><nutrient amount="290.0" name="Lycopene"/><nutrient amount="341.0" name="Lutein+Zeaxanthin"/><nutrient amount="9.0" name="Folate"/><nutrient amount="0.06" name="B1 (Thiamine)"/><nutrient amount="0.05" name="B2 (Riboflavin)"/><nutrient amount="0.56" name="B3 (Niacin)"/><nutrient amount="0.178" name="B5 (Pantothenic Acid)"/><nutrient amount="0.11" name="B6 (Pyridoxine)"/><nutrient amount="0.0" name="B12 (Cyanocobalamin)"/><nutrient amount="2.9" name="Vitamin C"/><nutrient amount="0.23" name="Vitamin E"/><nutrient amount="2.1" name="Vitamin K"/><nutrient amount="1.23" name="Saturated"/><nutrient amount="0.58" name="Monounsaturated"/><nutrient amount="0.144" name="Polyunsaturated"/><nutrient amount="0.034" name="Omega-3"/><nutrient amount="0.11" name="Omega-6"/><nutrient amount="5.0" name="Cholesterol"/></food>