<food uid="03073" fcf="9.0" pcf="4.0" name="Babyfood, dinner, vegetables chicken, strained" ccf="4.0"><measure amount="1.0" name="cup" grams="256.0"/><measure amount="1.0" name="tbsp" grams="16.0"/><measure amount="1.0" name="oz" grams="28.35"/><measure amount="1.0" name="jar" grams="113.0"/><measure amount="1.0" name="jar Gerber Second Food (4 oz)" grams="113.0"/><measure amount="1.0" name="jar Beech-Nut Stage 2 (4 oz)" grams="113.0"/><measure amount="1.0" name="jar Heinz Strained-2 (4 oz)" grams="113.0"/><nutrient amount="59.0" name="Energy"/><nutrient amount="2.47" name="Protein"/><nutrient amount="8.42" name="Carbs"/><nutrient amount="2.1" name="Fiber"/><nutrient amount="1.58" name="Sugars"/><nutrient amount="1.73" name="Fat"/><nutrient amount="0.0" name="Alcohol"/><nutrient amount="0.0" name="Caffeine"/><nutrient amount="86.9" name="Water"/><nutrient amount="0.49" name="Ash"/><nutrient amount="27.0" name="Calcium"/><nutrient amount="0.07" name="Copper"/><nutrient amount="0.53" name="Iron"/><nutrient amount="14.0" name="Magnesium"/><nutrient amount="0.15" name="Manganese"/><nutrient amount="47.0" name="Phosphorus"/><nutrient amount="158.0" name="Potassium"/><nutrient amount="2.8" name="Selenium"/><nutrient amount="24.0" name="Sodium"/><nutrient amount="0.48" name="Zinc"/><nutrient amount="4132.0" name="Vitamin A"/><nutrient amount="0.0" name="Retinol"/><nutrient amount="938.0" name="Alpha-carotene"/><nutrient amount="2009.0" name="Beta-carotene"/><nutrient amount="0.0" name="Beta-cryptoxanthin"/><nutrient amount="0.0" name="Lycopene"/><nutrient amount="72.0" name="Lutein+Zeaxanthin"/><nutrient amount="5.0" name="Folate"/><nutrient amount="0.032" name="B1 (Thiamine)"/><nutrient amount="0.052" name="B2 (Riboflavin)"/><nutrient amount="0.72" name="B3 (Niacin)"/><nutrient amount="0.107" name="B5 (Pantothenic Acid)"/><nutrient amount="0.072" name="B6 (Pyridoxine)"/><nutrient amount="0.01" name="B12 (Cyanocobalamin)"/><nutrient amount="0.1" name="Vitamin C"/><nutrient amount="0.32" name="Vitamin E"/><nutrient amount="3.4" name="Vitamin K"/><nutrient amount="0.496" name="Saturated"/><nutrient amount="0.712" name="Monounsaturated"/><nutrient amount="0.374" name="Polyunsaturated"/><nutrient amount="0.023" name="Omega-3"/><nutrient amount="0.334" name="Omega-6"/><nutrient amount="11.0" name="Cholesterol"/></food>