<food fcf="9.02" pcf="4.27" uid="03070" name="Babyfood, dinner, chicken soup, strained" ccf="3.84"><measure amount="1.0" grams="229.0" name="cup"/><measure amount="1.0" grams="16.0" name="tbsp"/><measure amount="1.0" grams="28.35" name="oz"/><measure amount="1.0" grams="113.0" name="jar"/><measure amount="1.0" grams="113.0" name="jar Beech-Nut Stage 2 (4 oz)"/><measure amount="1.0" grams="113.0" name="jar Heinz Strained-2 (4 oz)"/><nutrient amount="50.0" name="Energy"/><nutrient amount="1.6" name="Protein"/><nutrient amount="1.7" name="Fat"/><nutrient amount="7.2" name="Carbs"/><nutrient amount="1.1" name="Fiber"/><nutrient amount="1.72" name="Sugars"/><nutrient amount="89.1" name="Water"/><nutrient amount="0.4" name="Ash"/><nutrient amount="37.0" name="Calcium"/><nutrient amount="0.279" name="Copper"/><nutrient amount="0.27" name="Iron"/><nutrient amount="5.0" name="Magnesium"/><nutrient amount="24.0" name="Phosphorus"/><nutrient amount="66.0" name="Potassium"/><nutrient amount="1.4" name="Selenium"/><nutrient amount="16.0" name="Sodium"/><nutrient amount="0.22" name="Zinc"/><nutrient amount="1384.0" name="Vitamin A"/><nutrient amount="313.0" name="Alpha-carotene"/><nutrient amount="674.0" name="Beta-carotene"/><nutrient amount="40.0" name="Lutein+Zeaxanthin"/><nutrient amount="5.0" name="Folate"/><nutrient amount="0.017" name="B1 (Thiamine)"/><nutrient amount="0.032" name="B2 (Riboflavin)"/><nutrient amount="0.293" name="B3 (Niacin)"/><nutrient amount="0.037" name="B6 (Pyridoxine)"/><nutrient amount="0.12" name="B12 (Cyanocobalamin)"/><nutrient amount="1.0" name="Vitamin C"/><nutrient amount="0.51" name="Vitamin E"/><nutrient amount="6.9" name="Vitamin K"/><nutrient amount="0.278" name="Saturated"/><nutrient amount="0.425" name="Monounsaturated"/><nutrient amount="0.9" name="Polyunsaturated"/><nutrient amount="0.104" name="Omega-3"/><nutrient amount="0.794" name="Omega-6"/><nutrient amount="4.0" name="Cholesterol"/></food>