<food uid="03083" fcf="9.0" pcf="4.0" name="Babyfood, dinner, turkey and rice, junior" ccf="4.0"><measure amount="1.0" name="tbsp" grams="16.0"/><measure amount="1.0" name="oz" grams="28.35"/><measure amount="1.0" name="jar" grams="170.0"/><measure amount="1.0" name="jar Beech-Nut Stage 3 (6 oz)" grams="170.0"/><measure amount="1.0" name="jar Gerber Third Foods (6 oz)" grams="170.0"/><measure amount="1.0" name="jar Heinz Junior-3 (6 oz)" grams="170.0"/><nutrient amount="56.0" name="Energy"/><nutrient amount="2.37" name="Protein"/><nutrient amount="9.57" name="Carbs"/><nutrient amount="1.0" name="Fiber"/><nutrient amount="1.25" name="Sugars"/><nutrient amount="0.92" name="Fat"/><nutrient amount="0.0" name="Alcohol"/><nutrient amount="0.0" name="Caffeine"/><nutrient amount="86.64" name="Water"/><nutrient amount="0.5" name="Ash"/><nutrient amount="24.0" name="Calcium"/><nutrient amount="0.03" name="Copper"/><nutrient amount="20.0" name="Fluoride"/><nutrient amount="0.41" name="Iron"/><nutrient amount="9.0" name="Magnesium"/><nutrient amount="0.12" name="Manganese"/><nutrient amount="37.0" name="Phosphorus"/><nutrient amount="86.0" name="Potassium"/><nutrient amount="3.3" name="Selenium"/><nutrient amount="80.0" name="Sodium"/><nutrient amount="0.47" name="Zinc"/><nutrient amount="1886.0" name="Vitamin A"/><nutrient amount="0.0" name="Retinol"/><nutrient amount="410.0" name="Alpha-carotene"/><nutrient amount="927.0" name="Beta-carotene"/><nutrient amount="0.0" name="Beta-cryptoxanthin"/><nutrient amount="1127.0" name="Lycopene"/><nutrient amount="134.0" name="Lutein+Zeaxanthin"/><nutrient amount="8.0" name="Folate"/><nutrient amount="0.033" name="B1 (Thiamine)"/><nutrient amount="0.044" name="B2 (Riboflavin)"/><nutrient amount="0.692" name="B3 (Niacin)"/><nutrient amount="0.2" name="B5 (Pantothenic Acid)"/><nutrient amount="0.052" name="B6 (Pyridoxine)"/><nutrient amount="0.02" name="B12 (Cyanocobalamin)"/><nutrient amount="0.3" name="Vitamin C"/><nutrient amount="0.31" name="Vitamin E"/><nutrient amount="3.0" name="Vitamin K"/><nutrient amount="0.239" name="Saturated"/><nutrient amount="0.304" name="Monounsaturated"/><nutrient amount="0.233" name="Polyunsaturated"/><nutrient amount="0.019" name="Omega-3"/><nutrient amount="0.203" name="Omega-6"/><nutrient amount="4.0" name="Cholesterol"/></food>