<food uid="03089" fcf="9.0" pcf="4.0" name="Babyfood, dinner, macaroni and cheese, strained" ccf="4.0"><measure amount="1.0" name="oz" grams="28.35"/><measure amount="1.0" name="jar" grams="113.0"/><nutrient amount="67.0" name="Energy"/><nutrient amount="3.14" name="Protein"/><nutrient amount="8.95" name="Carbs"/><nutrient amount="0.7" name="Fiber"/><nutrient amount="1.27" name="Sugars"/><nutrient amount="2.11" name="Fat"/><nutrient amount="0.0" name="Alcohol"/><nutrient amount="0.0" name="Caffeine"/><nutrient amount="85.25" name="Water"/><nutrient amount="0.55" name="Ash"/><nutrient amount="66.0" name="Calcium"/><nutrient amount="0.02" name="Copper"/><nutrient amount="0.21" name="Iron"/><nutrient amount="8.0" name="Magnesium"/><nutrient amount="0.09" name="Manganese"/><nutrient amount="86.0" name="Phosphorus"/><nutrient amount="67.0" name="Potassium"/><nutrient amount="3.8" name="Selenium"/><nutrient amount="87.0" name="Sodium"/><nutrient amount="0.4" name="Zinc"/><nutrient amount="86.0" name="Vitamin A"/><nutrient amount="23.0" name="Retinol"/><nutrient amount="0.0" name="Alpha-carotene"/><nutrient amount="5.0" name="Beta-carotene"/><nutrient amount="0.0" name="Beta-cryptoxanthin"/><nutrient amount="0.0" name="Lycopene"/><nutrient amount="1.0" name="Lutein+Zeaxanthin"/><nutrient amount="11.0" name="Folate"/><nutrient amount="0.038" name="B1 (Thiamine)"/><nutrient amount="0.076" name="B2 (Riboflavin)"/><nutrient amount="0.516" name="B3 (Niacin)"/><nutrient amount="0.176" name="B5 (Pantothenic Acid)"/><nutrient amount="0.036" name="B6 (Pyridoxine)"/><nutrient amount="0.13" name="B12 (Cyanocobalamin)"/><nutrient amount="0.1" name="Vitamin C"/><nutrient amount="0.03" name="Vitamin E"/><nutrient amount="0.2" name="Vitamin K"/><nutrient amount="1.291" name="Saturated"/><nutrient amount="0.581" name="Monounsaturated"/><nutrient amount="0.103" name="Polyunsaturated"/><nutrient amount="0.028" name="Omega-3"/><nutrient amount="0.075" name="Omega-6"/><nutrient amount="7.0" name="Cholesterol"/></food>