<food uid="03093" fcf="9.0" pcf="4.0" name="Babyfood, green beans, dices, toddler" ccf="4.0"><nutrient amount="29.0" name="Energy"/><nutrient amount="1.2" name="Protein"/><nutrient amount="5.7" name="Carbs"/><nutrient amount="1.3" name="Fiber"/><nutrient amount="1.06" name="Sugars"/><nutrient amount="0.2" name="Fat"/><nutrient amount="0.0" name="Alcohol"/><nutrient amount="0.0" name="Caffeine"/><nutrient amount="92.6" name="Water"/><nutrient amount="0.4" name="Ash"/><nutrient amount="27.0" name="Calcium"/><nutrient amount="0.03" name="Copper"/><nutrient amount="0.4" name="Iron"/><nutrient amount="19.0" name="Magnesium"/><nutrient amount="0.08" name="Manganese"/><nutrient amount="22.0" name="Phosphorus"/><nutrient amount="116.0" name="Potassium"/><nutrient amount="0.4" name="Selenium"/><nutrient amount="37.0" name="Sodium"/><nutrient amount="0.1" name="Zinc"/><nutrient amount="481.0" name="Vitamin A"/><nutrient amount="0.0" name="Retinol"/><nutrient amount="0.0" name="Alpha-carotene"/><nutrient amount="288.0" name="Beta-carotene"/><nutrient amount="0.0" name="Beta-cryptoxanthin"/><nutrient amount="0.0" name="Lycopene"/><nutrient amount="487.0" name="Lutein+Zeaxanthin"/><nutrient amount="32.0" name="Folate"/><nutrient amount="0.02" name="B1 (Thiamine)"/><nutrient amount="0.04" name="B2 (Riboflavin)"/><nutrient amount="0.23" name="B3 (Niacin)"/><nutrient amount="0.051" name="B5 (Pantothenic Acid)"/><nutrient amount="0.03" name="B6 (Pyridoxine)"/><nutrient amount="0.0" name="B12 (Cyanocobalamin)"/><nutrient amount="1.7" name="Vitamin C"/><nutrient amount="0.31" name="Vitamin E"/><nutrient amount="11.0" name="Vitamin K"/><nutrient amount="0.044" name="Saturated"/><nutrient amount="0.0080" name="Monounsaturated"/><nutrient amount="0.102" name="Polyunsaturated"/><nutrient amount="0.062" name="Omega-3"/><nutrient amount="0.038" name="Omega-6"/><nutrient amount="0.0" name="Cholesterol"/></food>