<food uid="03099" fcf="8.37" pcf="2.78" name="Babyfood, vegetables, carrots, strained" ccf="3.84"><measure amount="1.0" name="cup" grams="224.0"/><measure amount="1.0" name="tbsp" grams="14.0"/><measure amount="1.0" name="oz" grams="28.35"/><measure amount="1.0" name="jar" grams="113.0"/><measure amount="1.0" name="jar Beech-Nut Baby's First (2.5 oz)" grams="71.0"/><measure amount="1.0" name="jar Beech-Nut Stage I (4 oz)" grams="113.0"/><measure amount="1.0" name="jar Gerber First Foods (2.5 oz)" grams="71.0"/><measure amount="1.0" name="jar Earth's Best (4.5 oz)" grams="128.0"/><measure amount="1.0" name="jar Gerber Second Food (4 oz)" grams="113.0"/><measure amount="1.0" name="jar Heinz Strained-2 (4 oz)" grams="113.0"/><measure amount="1.0" name="jar Heinz Beginner-1 (2.5 oz)" grams="71.0"/><nutrient amount="27.0" name="Energy"/><nutrient amount="0.8" name="Protein"/><nutrient amount="6.0" name="Carbs"/><nutrient amount="1.7" name="Fiber"/><nutrient amount="3.64" name="Sugars"/><nutrient amount="0.1" name="Fat"/><nutrient amount="0.0" name="Alcohol"/><nutrient amount="0.0" name="Caffeine"/><nutrient amount="92.3" name="Water"/><nutrient amount="0.8" name="Ash"/><nutrient amount="22.0" name="Calcium"/><nutrient amount="0.041" name="Copper"/><nutrient amount="1.0" name="Fluoride"/><nutrient amount="0.37" name="Iron"/><nutrient amount="9.0" name="Magnesium"/><nutrient amount="20.0" name="Phosphorus"/><nutrient amount="196.0" name="Potassium"/><nutrient amount="0.2" name="Selenium"/><nutrient amount="37.0" name="Sodium"/><nutrient amount="0.15" name="Zinc"/><nutrient amount="11461.0" name="Vitamin A"/><nutrient amount="0.0" name="Retinol"/><nutrient amount="2602.0" name="Alpha-carotene"/><nutrient amount="5575.0" name="Beta-carotene"/><nutrient amount="0.0" name="Beta-cryptoxanthin"/><nutrient amount="0.0" name="Lycopene"/><nutrient amount="0.0" name="Lutein+Zeaxanthin"/><nutrient amount="15.0" name="Folate"/><nutrient amount="0.023" name="B1 (Thiamine)"/><nutrient amount="0.04" name="B2 (Riboflavin)"/><nutrient amount="0.463" name="B3 (Niacin)"/><nutrient amount="0.24" name="B5 (Pantothenic Acid)"/><nutrient amount="0.073" name="B6 (Pyridoxine)"/><nutrient amount="0.0" name="B12 (Cyanocobalamin)"/><nutrient amount="5.7" name="Vitamin C"/><nutrient amount="0.52" name="Vitamin E"/><nutrient amount="14.4" name="Vitamin K"/><nutrient amount="0.018" name="Saturated"/><nutrient amount="0.0040" name="Monounsaturated"/><nutrient amount="0.047" name="Polyunsaturated"/><nutrient amount="0.0060" name="Omega-3"/><nutrient amount="0.04" name="Omega-6"/><nutrient amount="0.0" name="Cholesterol"/><nutrient amount="0.04" name="ALA"/><nutrient amount="0.05" name="ARG"/><nutrient amount="0.123" name="ASP"/><nutrient amount="0.0060" name="CYS"/><nutrient amount="0.218" name="GLU"/><nutrient amount="0.021" name="GLY"/><nutrient amount="0.012" name="HIS"/><nutrient amount="0.024" name="ILE"/><nutrient amount="0.032" name="LEU"/><nutrient amount="0.02" name="LYS"/><nutrient amount="0.0090" name="MET"/><nutrient amount="0.024" name="PHE"/><nutrient amount="0.02" name="PRO"/><nutrient amount="0.024" name="SER"/><nutrient amount="0.022" name="THR"/><nutrient amount="0.011" name="TRP"/><nutrient amount="0.019" name="TYR"/><nutrient amount="0.03" name="VAL"/></food>