<food uid="03098" fcf="8.37" pcf="2.78" name="Babyfood, vegetables, beets, strained" ccf="3.84"><measure amount="1.0" name="cup" grams="224.0"/><measure amount="1.0" name="tbsp" grams="14.0"/><measure amount="1.0" name="oz" grams="28.35"/><measure amount="1.0" name="jar" grams="113.0"/><measure amount="1.0" name="jar Gerber Second Food (4 oz)" grams="113.0"/><measure amount="1.0" name="jar Heinz Strained-2 (4 oz)" grams="113.0"/><nutrient amount="34.0" name="Energy"/><nutrient amount="1.3" name="Protein"/><nutrient amount="7.7" name="Carbs"/><nutrient amount="1.9" name="Fiber"/><nutrient amount="6.09" name="Sugars"/><nutrient amount="0.1" name="Fat"/><nutrient amount="0.0" name="Alcohol"/><nutrient amount="0.0" name="Caffeine"/><nutrient amount="90.1" name="Water"/><nutrient amount="0.9" name="Ash"/><nutrient amount="14.0" name="Calcium"/><nutrient amount="0.07" name="Copper"/><nutrient amount="0.32" name="Iron"/><nutrient amount="14.0" name="Magnesium"/><nutrient amount="14.0" name="Phosphorus"/><nutrient amount="182.0" name="Potassium"/><nutrient amount="0.1" name="Selenium"/><nutrient amount="83.0" name="Sodium"/><nutrient amount="0.12" name="Zinc"/><nutrient amount="27.0" name="Vitamin A"/><nutrient amount="0.0" name="Retinol"/><nutrient amount="0.0" name="Alpha-carotene"/><nutrient amount="16.0" name="Beta-carotene"/><nutrient amount="0.0" name="Beta-cryptoxanthin"/><nutrient amount="0.0" name="Lycopene"/><nutrient amount="0.0" name="Lutein+Zeaxanthin"/><nutrient amount="31.0" name="Folate"/><nutrient amount="0.011" name="B1 (Thiamine)"/><nutrient amount="0.043" name="B2 (Riboflavin)"/><nutrient amount="0.132" name="B3 (Niacin)"/><nutrient amount="0.1" name="B5 (Pantothenic Acid)"/><nutrient amount="0.024" name="B6 (Pyridoxine)"/><nutrient amount="0.0" name="B12 (Cyanocobalamin)"/><nutrient amount="2.4" name="Vitamin C"/><nutrient amount="0.03" name="Vitamin E"/><nutrient amount="0.2" name="Vitamin K"/><nutrient amount="0.016" name="Saturated"/><nutrient amount="0.019" name="Monounsaturated"/><nutrient amount="0.036" name="Polyunsaturated"/><nutrient amount="0.0030" name="Omega-3"/><nutrient amount="0.033" name="Omega-6"/><nutrient amount="0.0" name="Cholesterol"/><nutrient amount="0.054" name="ALA"/><nutrient amount="0.03" name="ARG"/><nutrient amount="0.086" name="ASP"/><nutrient amount="0.0070" name="CYS"/><nutrient amount="0.292" name="GLU"/><nutrient amount="0.027" name="GLY"/><nutrient amount="0.021" name="HIS"/><nutrient amount="0.038" name="ILE"/><nutrient amount="0.046" name="LEU"/><nutrient amount="0.034" name="LYS"/><nutrient amount="0.01" name="MET"/><nutrient amount="0.018" name="PHE"/><nutrient amount="0.027" name="PRO"/><nutrient amount="0.043" name="SER"/><nutrient amount="0.032" name="THR"/><nutrient amount="0.012" name="TRP"/><nutrient amount="0.035" name="TYR"/><nutrient amount="0.045" name="VAL"/></food>