<food uid="03109" fcf="8.37" pcf="2.78" name="Babyfood, vegetables, sweet potatoes, junior" ccf="4.03"><measure amount="1.0" name="cup" grams="224.0"/><measure amount="1.0" name="tbsp" grams="14.0"/><measure amount="1.0" name="oz" grams="28.35"/><measure amount="1.0" name="jar" grams="170.0"/><measure amount="1.0" name="jar Beech-Nut Stage 3 (6 oz)" grams="170.0"/><measure amount="1.0" name="jar Gerber Third Foods (6 oz)" grams="170.0"/><measure amount="1.0" name="jar Heinz Junior-3 (6 oz)" grams="170.0"/><nutrient amount="60.0" name="Energy"/><nutrient amount="1.1" name="Protein"/><nutrient amount="13.9" name="Carbs"/><nutrient amount="1.5" name="Fiber"/><nutrient amount="4.24" name="Sugars"/><nutrient amount="0.1" name="Fat"/><nutrient amount="0.0" name="Alcohol"/><nutrient amount="0.0" name="Caffeine"/><nutrient amount="84.1" name="Water"/><nutrient amount="0.7" name="Ash"/><nutrient amount="16.0" name="Calcium"/><nutrient amount="0.1" name="Copper"/><nutrient amount="10.0" name="Fluoride"/><nutrient amount="0.39" name="Iron"/><nutrient amount="12.0" name="Magnesium"/><nutrient amount="24.0" name="Phosphorus"/><nutrient amount="243.0" name="Potassium"/><nutrient amount="0.7" name="Selenium"/><nutrient amount="22.0" name="Sodium"/><nutrient amount="0.11" name="Zinc"/><nutrient amount="6636.0" name="Vitamin A"/><nutrient amount="0.0" name="Retinol"/><nutrient amount="0.0" name="Alpha-carotene"/><nutrient amount="3982.0" name="Beta-carotene"/><nutrient amount="0.0" name="Beta-cryptoxanthin"/><nutrient amount="0.0" name="Lycopene"/><nutrient amount="0.0" name="Lutein+Zeaxanthin"/><nutrient amount="10.0" name="Folate"/><nutrient amount="0.026" name="B1 (Thiamine)"/><nutrient amount="0.034" name="B2 (Riboflavin)"/><nutrient amount="0.384" name="B3 (Niacin)"/><nutrient amount="0.408" name="B5 (Pantothenic Acid)"/><nutrient amount="0.113" name="B6 (Pyridoxine)"/><nutrient amount="0.0" name="B12 (Cyanocobalamin)"/><nutrient amount="9.6" name="Vitamin C"/><nutrient amount="0.52" name="Vitamin E"/><nutrient amount="1.5" name="Vitamin K"/><nutrient amount="0.021" name="Saturated"/><nutrient amount="0.0040" name="Monounsaturated"/><nutrient amount="0.044" name="Polyunsaturated"/><nutrient amount="0.0070" name="Omega-3"/><nutrient amount="0.037" name="Omega-6"/><nutrient amount="0.0" name="Cholesterol"/><nutrient amount="0.059" name="ALA"/><nutrient amount="0.053" name="ARG"/><nutrient amount="0.195" name="ASP"/><nutrient amount="0.015" name="CYS"/><nutrient amount="0.115" name="GLU"/><nutrient amount="0.049" name="GLY"/><nutrient amount="0.025" name="HIS"/><nutrient amount="0.05" name="ILE"/><nutrient amount="0.076" name="LEU"/><nutrient amount="0.043" name="LYS"/><nutrient amount="0.023" name="MET"/><nutrient amount="0.061" name="PHE"/><nutrient amount="0.054" name="PRO"/><nutrient amount="0.05" name="SER"/><nutrient amount="0.053" name="THR"/><nutrient amount="0.021" name="TRP"/><nutrient amount="0.04" name="TYR"/><nutrient amount="0.071" name="VAL"/></food>