<food fcf="8.37" pcf="3.36" uid="03116" name="Babyfood, fruit, applesauce, strained" ccf="3.6"><measure amount="1.0" grams="16.0" name="tbsp"/><measure amount="1.0" grams="28.35" name="oz"/><measure amount="1.0" grams="113.0" name="jar"/><measure amount="1.0" grams="71.0" name="jar Beech-Nut Baby's First (2.5 oz)"/><measure amount="1.0" grams="113.0" name="jar Beech-Nut Stage I (4 oz)"/><measure amount="1.0" grams="71.0" name="jar Gerber First Foods (2.5 oz)"/><measure amount="1.0" grams="128.0" name="jar Earth's Best (4.5 oz)"/><measure amount="1.0" grams="113.0" name="jar Gerber Second Food (4 oz)"/><measure amount="1.0" grams="113.0" name="jar Heinz Strained-2 (4 oz)"/><measure amount="1.0" grams="71.0" name="jar Heinz Beginner-1 (2.5 oz)"/><nutrient amount="41.0" name="Energy"/><nutrient amount="0.2" name="Protein"/><nutrient amount="0.2" name="Fat"/><nutrient amount="10.8" name="Carbs"/><nutrient amount="1.7" name="Fiber"/><nutrient amount="9.87" name="Sugars"/><nutrient amount="88.6" name="Water"/><nutrient amount="0.2" name="Ash"/><nutrient amount="4.0" name="Calcium"/><nutrient amount="0.038" name="Copper"/><nutrient amount="1.0" name="Fluoride"/><nutrient amount="0.22" name="Iron"/><nutrient amount="3.0" name="Magnesium"/><nutrient amount="7.0" name="Phosphorus"/><nutrient amount="71.0" name="Potassium"/><nutrient amount="0.3" name="Selenium"/><nutrient amount="2.0" name="Sodium"/><nutrient amount="0.02" name="Zinc"/><nutrient amount="17.0" name="Vitamin A"/><nutrient amount="12.0" name="Beta-carotene"/><nutrient amount="9.0" name="Beta-cryptoxanthin"/><nutrient amount="17.0" name="Lutein+Zeaxanthin"/><nutrient amount="2.0" name="Folate"/><nutrient amount="0.012" name="B1 (Thiamine)"/><nutrient amount="0.028" name="B2 (Riboflavin)"/><nutrient amount="0.061" name="B3 (Niacin)"/><nutrient amount="0.11" name="B5 (Pantothenic Acid)"/><nutrient amount="0.031" name="B6 (Pyridoxine)"/><nutrient amount="38.3" name="Vitamin C"/><nutrient amount="0.6" name="Vitamin E"/><nutrient amount="0.5" name="Vitamin K"/><nutrient amount="0.032" name="Saturated"/><nutrient amount="0.0080" name="Monounsaturated"/><nutrient amount="0.056" name="Polyunsaturated"/><nutrient amount="0.012" name="Omega-3"/><nutrient amount="0.048" name="Omega-6"/></food>