<food uid="03114" fcf="9.0" pcf="4.0" name="Babyfood, vegetable, butternut squash and corn" ccf="4.0"><measure amount="1.0" name="jar, Gerber (4 oz)" grams="113.0"/><nutrient amount="50.0" name="Energy"/><nutrient amount="2.0" name="Protein"/><nutrient amount="9.3" name="Carbs"/><nutrient amount="2.0" name="Fiber"/><nutrient amount="2.93" name="Sugars"/><nutrient amount="0.6" name="Fat"/><nutrient amount="0.0" name="Alcohol"/><nutrient amount="0.0" name="Caffeine"/><nutrient amount="87.3" name="Water"/><nutrient amount="0.84" name="Ash"/><nutrient amount="32.0" name="Calcium"/><nutrient amount="0.1" name="Copper"/><nutrient amount="0.4" name="Iron"/><nutrient amount="26.0" name="Magnesium"/><nutrient amount="0.12" name="Manganese"/><nutrient amount="35.0" name="Phosphorus"/><nutrient amount="352.0" name="Potassium"/><nutrient amount="0.6" name="Selenium"/><nutrient amount="5.0" name="Sodium"/><nutrient amount="0.3" name="Zinc"/><nutrient amount="2793.0" name="Vitamin A"/><nutrient amount="0.0" name="Retinol"/><nutrient amount="362.0" name="Alpha-carotene"/><nutrient amount="1476.0" name="Beta-carotene"/><nutrient amount="38.0" name="Beta-cryptoxanthin"/><nutrient amount="0.0" name="Lycopene"/><nutrient amount="970.0" name="Lutein+Zeaxanthin"/><nutrient amount="23.0" name="Folate"/><nutrient amount="0.06" name="B1 (Thiamine)"/><nutrient amount="0.06" name="B2 (Riboflavin)"/><nutrient amount="0.56" name="B3 (Niacin)"/><nutrient amount="0.314" name="B5 (Pantothenic Acid)"/><nutrient amount="0.11" name="B6 (Pyridoxine)"/><nutrient amount="0.0" name="B12 (Cyanocobalamin)"/><nutrient amount="4.9" name="Vitamin C"/><nutrient amount="0.08" name="Vitamin E"/><nutrient amount="2.4" name="Vitamin K"/><nutrient amount="0.095" name="Saturated"/><nutrient amount="0.166" name="Monounsaturated"/><nutrient amount="0.28" name="Polyunsaturated"/><nutrient amount="0.019" name="Omega-3"/><nutrient amount="0.262" name="Omega-6"/><nutrient amount="0.0" name="Cholesterol"/></food>