<food uid="03118" fcf="8.37" pcf="3.36" name="Babyfood, fruit, apricot with tapioca, strained" ccf="3.6"><measure amount="1.0" name="tbsp" grams="15.0"/><measure amount="1.0" name="oz" grams="28.35"/><measure amount="1.0" name="jar" grams="113.0"/><measure amount="1.0" name="jar Gerber Second Food (4 oz)" grams="113.0"/><measure amount="1.0" name="jar Heinz Strained-2 (4.25 oz)" grams="120.0"/><nutrient amount="60.0" name="Energy"/><nutrient amount="0.3" name="Protein"/><nutrient amount="16.3" name="Carbs"/><nutrient amount="1.5" name="Fiber"/><nutrient amount="1.41" name="Sugars"/><nutrient amount="0.0" name="Fat"/><nutrient amount="0.0" name="Alcohol"/><nutrient amount="0.0" name="Caffeine"/><nutrient amount="83.1" name="Water"/><nutrient amount="0.3" name="Ash"/><nutrient amount="9.0" name="Calcium"/><nutrient amount="0.034" name="Copper"/><nutrient amount="0.3" name="Iron"/><nutrient amount="4.0" name="Magnesium"/><nutrient amount="10.0" name="Phosphorus"/><nutrient amount="121.0" name="Potassium"/><nutrient amount="0.3" name="Selenium"/><nutrient amount="8.0" name="Sodium"/><nutrient amount="0.05" name="Zinc"/><nutrient amount="725.0" name="Vitamin A"/><nutrient amount="0.0" name="Retinol"/><nutrient amount="7.0" name="Alpha-carotene"/><nutrient amount="412.0" name="Beta-carotene"/><nutrient amount="39.0" name="Beta-cryptoxanthin"/><nutrient amount="0.0" name="Lycopene"/><nutrient amount="11.0" name="Lutein+Zeaxanthin"/><nutrient amount="2.0" name="Folate"/><nutrient amount="0.0080" name="B1 (Thiamine)"/><nutrient amount="0.013" name="B2 (Riboflavin)"/><nutrient amount="0.195" name="B3 (Niacin)"/><nutrient amount="0.13" name="B5 (Pantothenic Acid)"/><nutrient amount="0.03" name="B6 (Pyridoxine)"/><nutrient amount="0.0" name="B12 (Cyanocobalamin)"/><nutrient amount="21.6" name="Vitamin C"/><nutrient amount="0.1" name="Vitamin E"/><nutrient amount="0.4" name="Vitamin K"/><nutrient amount="0.0" name="Saturated"/><nutrient amount="0.0" name="Monounsaturated"/><nutrient amount="0.0" name="Polyunsaturated"/><nutrient amount="0.0" name="Omega-3"/><nutrient amount="0.0" name="Omega-6"/><nutrient amount="0.0" name="Cholesterol"/></food>