<food uid="03117" fcf="8.37" pcf="3.36" name="Babyfood, fruit, applesauce, junior" ccf="3.6"><measure amount="1.0" name="tbsp" grams="16.0"/><measure amount="1.0" name="oz" grams="28.35"/><measure amount="1.0" name="jar" grams="170.0"/><measure amount="1.0" name="jar Beech-Nut Stage 3 (6 oz)" grams="170.0"/><measure amount="1.0" name="jar Gerber Third Foods (6 oz)" grams="170.0"/><measure amount="1.0" name="jar Heinz Junior-3 (6 oz)" grams="170.0"/><nutrient amount="37.0" name="Energy"/><nutrient amount="0.0" name="Protein"/><nutrient amount="10.3" name="Carbs"/><nutrient amount="1.7" name="Fiber"/><nutrient amount="8.48" name="Sugars"/><nutrient amount="0.0" name="Fat"/><nutrient amount="0.0" name="Alcohol"/><nutrient amount="0.0" name="Caffeine"/><nutrient amount="89.5" name="Water"/><nutrient amount="0.2" name="Ash"/><nutrient amount="5.0" name="Calcium"/><nutrient amount="0.035" name="Copper"/><nutrient amount="2.4" name="Fluoride"/><nutrient amount="0.22" name="Iron"/><nutrient amount="3.0" name="Magnesium"/><nutrient amount="6.0" name="Phosphorus"/><nutrient amount="77.0" name="Potassium"/><nutrient amount="0.3" name="Selenium"/><nutrient amount="2.0" name="Sodium"/><nutrient amount="0.04" name="Zinc"/><nutrient amount="9.0" name="Vitamin A"/><nutrient amount="0.0" name="Retinol"/><nutrient amount="0.0" name="Alpha-carotene"/><nutrient amount="2.0" name="Beta-carotene"/><nutrient amount="2.0" name="Beta-cryptoxanthin"/><nutrient amount="0.0" name="Lycopene"/><nutrient amount="9.0" name="Lutein+Zeaxanthin"/><nutrient amount="2.0" name="Folate"/><nutrient amount="0.012" name="B1 (Thiamine)"/><nutrient amount="0.027" name="B2 (Riboflavin)"/><nutrient amount="0.063" name="B3 (Niacin)"/><nutrient amount="0.1" name="B5 (Pantothenic Acid)"/><nutrient amount="0.03" name="B6 (Pyridoxine)"/><nutrient amount="0.0" name="B12 (Cyanocobalamin)"/><nutrient amount="37.8" name="Vitamin C"/><nutrient amount="0.6" name="Vitamin E"/><nutrient amount="0.3" name="Vitamin K"/><nutrient amount="0.0" name="Saturated"/><nutrient amount="0.0" name="Monounsaturated"/><nutrient amount="0.0" name="Polyunsaturated"/><nutrient amount="0.0" name="Omega-3"/><nutrient amount="0.0" name="Omega-6"/><nutrient amount="0.0" name="Cholesterol"/></food>