<food uid="03121" fcf="8.37" pcf="2.44" name="Babyfood, vegetables, peas, strained" ccf="3.57"><measure amount="1.0" name="cup" grams="240.0"/><measure amount="1.0" name="tbsp" grams="15.0"/><measure amount="1.0" name="oz" grams="28.35"/><measure amount="1.0" name="jar" grams="113.0"/><measure amount="1.0" name="jar Beech-Nut Baby's First (2.5 oz)" grams="71.0"/><measure amount="1.0" name="jar Beech-Nut Stage I (4 oz)" grams="113.0"/><measure amount="1.0" name="jar Gerber First Foods (2.5 oz)" grams="71.0"/><measure amount="1.0" name="jar Gerber Second Food (4 oz)" grams="113.0"/><measure amount="1.0" name="jar Heinz Strained-2 (4 oz)" grams="113.0"/><measure amount="1.0" name="jar Heinz Beginner-1 (2.5 oz)" grams="71.0"/><nutrient amount="40.0" name="Energy"/><nutrient amount="3.5" name="Protein"/><nutrient amount="8.1" name="Carbs"/><nutrient amount="2.1" name="Fiber"/><nutrient amount="3.35" name="Sugars"/><nutrient amount="0.3" name="Fat"/><nutrient amount="0.0" name="Alcohol"/><nutrient amount="0.0" name="Caffeine"/><nutrient amount="87.5" name="Water"/><nutrient amount="0.5" name="Ash"/><nutrient amount="20.0" name="Calcium"/><nutrient amount="0.064" name="Copper"/><nutrient amount="25.0" name="Fluoride"/><nutrient amount="0.96" name="Iron"/><nutrient amount="15.0" name="Magnesium"/><nutrient amount="43.0" name="Phosphorus"/><nutrient amount="112.0" name="Potassium"/><nutrient amount="0.1" name="Selenium"/><nutrient amount="4.0" name="Sodium"/><nutrient amount="0.35" name="Zinc"/><nutrient amount="453.0" name="Vitamin A"/><nutrient amount="0.0" name="Retinol"/><nutrient amount="13.0" name="Alpha-carotene"/><nutrient amount="265.0" name="Beta-carotene"/><nutrient amount="0.0" name="Beta-cryptoxanthin"/><nutrient amount="0.0" name="Lycopene"/><nutrient amount="1465.0" name="Lutein+Zeaxanthin"/><nutrient amount="26.0" name="Folate"/><nutrient amount="0.081" name="B1 (Thiamine)"/><nutrient amount="0.061" name="B2 (Riboflavin)"/><nutrient amount="1.018" name="B3 (Niacin)"/><nutrient amount="0.28" name="B5 (Pantothenic Acid)"/><nutrient amount="0.069" name="B6 (Pyridoxine)"/><nutrient amount="0.0" name="B12 (Cyanocobalamin)"/><nutrient amount="6.9" name="Vitamin C"/><nutrient amount="0.52" name="Vitamin E"/><nutrient amount="14.6" name="Vitamin K"/><nutrient amount="0.054" name="Saturated"/><nutrient amount="0.027" name="Monounsaturated"/><nutrient amount="0.141" name="Polyunsaturated"/><nutrient amount="0.027" name="Omega-3"/><nutrient amount="0.115" name="Omega-6"/><nutrient amount="0.0" name="Cholesterol"/><nutrient amount="0.185" name="ALA"/><nutrient amount="0.389" name="ARG"/><nutrient amount="0.311" name="ASP"/><nutrient amount="0.026" name="CYS"/><nutrient amount="0.507" name="GLU"/><nutrient amount="0.133" name="GLY"/><nutrient amount="0.075" name="HIS"/><nutrient amount="0.151" name="ILE"/><nutrient amount="0.235" name="LEU"/><nutrient amount="0.234" name="LYS"/><nutrient amount="0.04" name="MET"/><nutrient amount="0.143" name="PHE"/><nutrient amount="0.165" name="PRO"/><nutrient amount="0.132" name="SER"/><nutrient amount="0.136" name="THR"/><nutrient amount="0.034" name="TRP"/><nutrient amount="0.119" name="TYR"/><nutrient amount="0.169" name="VAL"/></food>