<food uid="03122" fcf="9.0" pcf="4.0" name="Babyfood, peas, dices, toddler" ccf="4.0"><nutrient amount="64.0" name="Energy"/><nutrient amount="3.9" name="Protein"/><nutrient amount="10.3" name="Carbs"/><nutrient amount="3.9" name="Fiber"/><nutrient amount="4.13" name="Sugars"/><nutrient amount="0.8" name="Fat"/><nutrient amount="0.0" name="Alcohol"/><nutrient amount="0.0" name="Caffeine"/><nutrient amount="84.6" name="Water"/><nutrient amount="0.35" name="Ash"/><nutrient amount="21.0" name="Calcium"/><nutrient amount="0.08" name="Copper"/><nutrient amount="18.0" name="Fluoride"/><nutrient amount="1.0" name="Iron"/><nutrient amount="19.0" name="Magnesium"/><nutrient amount="0.15" name="Manganese"/><nutrient amount="67.0" name="Phosphorus"/><nutrient amount="81.0" name="Potassium"/><nutrient amount="0.1" name="Selenium"/><nutrient amount="48.0" name="Sodium"/><nutrient amount="0.5" name="Zinc"/><nutrient amount="304.0" name="Vitamin A"/><nutrient amount="0.0" name="Retinol"/><nutrient amount="8.0" name="Alpha-carotene"/><nutrient amount="178.0" name="Beta-carotene"/><nutrient amount="0.0" name="Beta-cryptoxanthin"/><nutrient amount="0.0" name="Lycopene"/><nutrient amount="1805.0" name="Lutein+Zeaxanthin"/><nutrient amount="35.0" name="Folate"/><nutrient amount="0.1" name="B1 (Thiamine)"/><nutrient amount="0.06" name="B2 (Riboflavin)"/><nutrient amount="0.85" name="B3 (Niacin)"/><nutrient amount="0.345" name="B5 (Pantothenic Acid)"/><nutrient amount="0.06" name="B6 (Pyridoxine)"/><nutrient amount="0.0" name="B12 (Cyanocobalamin)"/><nutrient amount="6.0" name="Vitamin C"/><nutrient amount="0.45" name="Vitamin E"/><nutrient amount="18.0" name="Vitamin K"/><nutrient amount="0.14" name="Saturated"/><nutrient amount="0.07" name="Monounsaturated"/><nutrient amount="0.37" name="Polyunsaturated"/><nutrient amount="0.071" name="Omega-3"/><nutrient amount="0.301" name="Omega-6"/><nutrient amount="0.0" name="Cholesterol"/></food>