<food fcf="8.37" pcf="2.44" uid="03120" name="Babyfood, vegetables, corn, creamed, junior" ccf="3.57"><measure amount="1.0" grams="240.0" name="cup"/><measure amount="1.0" grams="15.0" name="tbsp"/><measure amount="1.0" grams="28.35" name="oz"/><measure amount="1.0" grams="170.0" name="jar"/><measure amount="1.0" grams="170.0" name="jar Heinz Junior-3 (6 oz)"/><nutrient amount="65.0" name="Energy"/><nutrient amount="1.4" name="Protein"/><nutrient amount="0.4" name="Fat"/><nutrient amount="16.25" name="Carbs"/><nutrient amount="2.1" name="Fiber"/><nutrient amount="1.48" name="Sugars"/><nutrient amount="81.4" name="Water"/><nutrient amount="0.55" name="Ash"/><nutrient amount="4.0" name="Calcium"/><nutrient amount="0.038" name="Copper"/><nutrient amount="0.27" name="Iron"/><nutrient amount="8.0" name="Magnesium"/><nutrient amount="33.0" name="Phosphorus"/><nutrient amount="81.0" name="Potassium"/><nutrient amount="1.3" name="Selenium"/><nutrient amount="52.0" name="Sodium"/><nutrient amount="0.23" name="Zinc"/><nutrient amount="34.0" name="Vitamin A"/><nutrient amount="10.0" name="Alpha-carotene"/><nutrient amount="13.0" name="Beta-carotene"/><nutrient amount="3.0" name="Beta-cryptoxanthin"/><nutrient amount="423.0" name="Lutein+Zeaxanthin"/><nutrient amount="20.0" name="Folate"/><nutrient amount="0.013" name="B1 (Thiamine)"/><nutrient amount="0.048" name="B2 (Riboflavin)"/><nutrient amount="0.504" name="B3 (Niacin)"/><nutrient amount="0.327" name="B5 (Pantothenic Acid)"/><nutrient amount="0.041" name="B6 (Pyridoxine)"/><nutrient amount="0.02" name="B12 (Cyanocobalamin)"/><nutrient amount="2.2" name="Vitamin C"/><nutrient amount="0.04" name="Vitamin E"/><nutrient amount="0.074" name="Saturated"/><nutrient amount="0.116" name="Monounsaturated"/><nutrient amount="0.178" name="Polyunsaturated"/><nutrient amount="0.0060" name="Omega-3"/><nutrient amount="0.173" name="Omega-6"/><nutrient amount="1.0" name="Cholesterol"/><nutrient amount="0.071" name="ALA"/><nutrient amount="0.099" name="ASP"/><nutrient amount="0.06" name="ARG"/><nutrient amount="0.018" name="CYS"/><nutrient amount="0.276" name="GLU"/><nutrient amount="0.036" name="GLY"/><nutrient amount="0.046" name="HIS"/><nutrient amount="0.065" name="ILE"/><nutrient amount="0.141" name="LEU"/><nutrient amount="0.082" name="LYS"/><nutrient amount="0.04" name="MET"/><nutrient amount="0.049" name="PHE"/><nutrient amount="0.161" name="PRO"/><nutrient amount="0.062" name="SER"/><nutrient amount="0.052" name="THR"/><nutrient amount="0.015" name="TRP"/><nutrient amount="0.068" name="TYR"/><nutrient amount="0.078" name="VAL"/></food>