<food uid="03134" fcf="8.37" pcf="3.36" name="Babyfood, fruit, plums with tapioca, without ascorbic acid, strained" ccf="3.6"><measure amount="1.0" name="tbsp" grams="15.0"/><measure amount="1.0" name="oz" grams="28.35"/><measure amount="1.0" name="jar" grams="113.0"/><measure amount="1.0" name="jar Gerber Second Food (4 oz)" grams="113.0"/><measure amount="1.0" name="jar Heinz Strained-2 (4 oz)" grams="113.0"/><nutrient amount="71.0" name="Energy"/><nutrient amount="0.1" name="Protein"/><nutrient amount="19.7" name="Carbs"/><nutrient amount="1.2" name="Fiber"/><nutrient amount="13.34" name="Sugars"/><nutrient amount="0.0" name="Fat"/><nutrient amount="0.0" name="Alcohol"/><nutrient amount="0.0" name="Caffeine"/><nutrient amount="80.0" name="Water"/><nutrient amount="0.24" name="Ash"/><nutrient amount="6.0" name="Calcium"/><nutrient amount="0.037" name="Copper"/><nutrient amount="0.2" name="Iron"/><nutrient amount="4.0" name="Magnesium"/><nutrient amount="6.0" name="Phosphorus"/><nutrient amount="85.0" name="Potassium"/><nutrient amount="0.4" name="Selenium"/><nutrient amount="6.0" name="Sodium"/><nutrient amount="0.08" name="Zinc"/><nutrient amount="142.0" name="Vitamin A"/><nutrient amount="0.0" name="Retinol"/><nutrient amount="0.0" name="Alpha-carotene"/><nutrient amount="78.0" name="Beta-carotene"/><nutrient amount="14.0" name="Beta-cryptoxanthin"/><nutrient amount="0.0" name="Lycopene"/><nutrient amount="30.0" name="Lutein+Zeaxanthin"/><nutrient amount="2.0" name="Folate"/><nutrient amount="0.0080" name="B1 (Thiamine)"/><nutrient amount="0.028" name="B2 (Riboflavin)"/><nutrient amount="0.213" name="B3 (Niacin)"/><nutrient amount="0.11" name="B5 (Pantothenic Acid)"/><nutrient amount="0.024" name="B6 (Pyridoxine)"/><nutrient amount="0.0" name="B12 (Cyanocobalamin)"/><nutrient amount="1.1" name="Vitamin C"/><nutrient amount="0.14" name="Vitamin E"/><nutrient amount="3.5" name="Vitamin K"/><nutrient amount="0.0" name="Saturated"/><nutrient amount="0.0" name="Monounsaturated"/><nutrient amount="0.0" name="Polyunsaturated"/><nutrient amount="0.0" name="Omega-3"/><nutrient amount="0.0" name="Omega-6"/><nutrient amount="0.0" name="Cholesterol"/></food>