<food uid="03137" fcf="8.37" pcf="3.36" name="Babyfood, fruit, prunes with tapioca, without ascorbic acid, junior" ccf="3.6"><measure amount="1.0" name="oz" grams="28.35"/><measure amount="1.0" name="jar" grams="170.0"/><nutrient amount="70.0" name="Energy"/><nutrient amount="0.6" name="Protein"/><nutrient amount="18.7" name="Carbs"/><nutrient amount="2.7" name="Fiber"/><nutrient amount="10.97" name="Sugars"/><nutrient amount="0.1" name="Fat"/><nutrient amount="0.0" name="Alcohol"/><nutrient amount="0.0" name="Caffeine"/><nutrient amount="80.1" name="Water"/><nutrient amount="0.78" name="Ash"/><nutrient amount="15.0" name="Calcium"/><nutrient amount="0.062" name="Copper"/><nutrient amount="0.33" name="Iron"/><nutrient amount="10.0" name="Magnesium"/><nutrient amount="15.0" name="Phosphorus"/><nutrient amount="162.0" name="Potassium"/><nutrient amount="0.5" name="Selenium"/><nutrient amount="2.0" name="Sodium"/><nutrient amount="0.1" name="Zinc"/><nutrient amount="208.0" name="Vitamin A"/><nutrient amount="0.0" name="Retinol"/><nutrient amount="15.0" name="Alpha-carotene"/><nutrient amount="105.0" name="Beta-carotene"/><nutrient amount="25.0" name="Beta-cryptoxanthin"/><nutrient amount="0.0" name="Lycopene"/><nutrient amount="39.0" name="Lutein+Zeaxanthin"/><nutrient amount="1.0" name="Folate"/><nutrient amount="0.022" name="B1 (Thiamine)"/><nutrient amount="0.083" name="B2 (Riboflavin)"/><nutrient amount="0.526" name="B3 (Niacin)"/><nutrient amount="0.141" name="B5 (Pantothenic Acid)"/><nutrient amount="0.086" name="B6 (Pyridoxine)"/><nutrient amount="0.0" name="B12 (Cyanocobalamin)"/><nutrient amount="0.8" name="Vitamin C"/><nutrient amount="0.11" name="Vitamin E"/><nutrient amount="15.8" name="Vitamin K"/><nutrient amount="0.0080" name="Saturated"/><nutrient amount="0.066" name="Monounsaturated"/><nutrient amount="0.022" name="Polyunsaturated"/><nutrient amount="0.0" name="Omega-3"/><nutrient amount="0.022" name="Omega-6"/><nutrient amount="0.0" name="Cholesterol"/></food>