<food uid="03139" fcf="9.0" pcf="4.0" name="Babyfood, prunes, without vitamin c, strained" ccf="4.0"><measure amount="1.0" name="tbsp" grams="15.0"/><measure amount="1.0" name="jar Gerber First Foods (2.5 oz)" grams="71.0"/><nutrient amount="101.0" name="Energy"/><nutrient amount="1.0" name="Protein"/><nutrient amount="23.52" name="Carbs"/><nutrient amount="2.7" name="Fiber"/><nutrient amount="21.21" name="Sugars"/><nutrient amount="0.2" name="Fat"/><nutrient amount="0.0" name="Alcohol"/><nutrient amount="0.0" name="Caffeine"/><nutrient amount="74.3" name="Water"/><nutrient amount="0.98" name="Ash"/><nutrient amount="21.0" name="Calcium"/><nutrient amount="0.164" name="Copper"/><nutrient amount="2.0" name="Fluoride"/><nutrient amount="0.4" name="Iron"/><nutrient amount="17.0" name="Magnesium"/><nutrient amount="30.0" name="Phosphorus"/><nutrient amount="306.0" name="Potassium"/><nutrient amount="0.8" name="Selenium"/><nutrient amount="6.0" name="Sodium"/><nutrient amount="0.2" name="Zinc"/><nutrient amount="60.0" name="Vitamin A"/><nutrient amount="0.0" name="Retinol"/><nutrient amount="4.0" name="Alpha-carotene"/><nutrient amount="30.0" name="Beta-carotene"/><nutrient amount="7.0" name="Beta-cryptoxanthin"/><nutrient amount="0.0" name="Lycopene"/><nutrient amount="55.0" name="Lutein+Zeaxanthin"/><nutrient amount="1.0" name="Folate"/><nutrient amount="0.02" name="B1 (Thiamine)"/><nutrient amount="0.21" name="B2 (Riboflavin)"/><nutrient amount="0.72" name="B3 (Niacin)"/><nutrient amount="0.11" name="B6 (Pyridoxine)"/><nutrient amount="0.0" name="B12 (Cyanocobalamin)"/><nutrient amount="1.3" name="Vitamin C"/><nutrient amount="0.55" name="Vitamin E"/><nutrient amount="22.1" name="Vitamin K"/><nutrient amount="0.02" name="Saturated"/><nutrient amount="0.13" name="Monounsaturated"/><nutrient amount="0.04" name="Polyunsaturated"/><nutrient amount="0.0" name="Omega-3"/><nutrient amount="0.044" name="Omega-6"/><nutrient amount="0.0" name="Cholesterol"/></food>