<food fcf="8.37" pcf="3.36" uid="03134" name="Babyfood, fruit, plums with tapioca, without ascorbic acid, strained" ccf="3.6"><measure amount="1.0" grams="15.0" name="tbsp"/><measure amount="1.0" grams="28.35" name="oz"/><measure amount="1.0" grams="113.0" name="jar"/><measure amount="1.0" grams="113.0" name="jar Gerber Second Food (4 oz)"/><measure amount="1.0" grams="113.0" name="jar Heinz Strained-2 (4 oz)"/><nutrient amount="71.0" name="Energy"/><nutrient amount="0.1" name="Protein"/><nutrient amount="19.7" name="Carbs"/><nutrient amount="1.2" name="Fiber"/><nutrient amount="13.34" name="Sugars"/><nutrient amount="80.0" name="Water"/><nutrient amount="0.24" name="Ash"/><nutrient amount="6.0" name="Calcium"/><nutrient amount="0.037" name="Copper"/><nutrient amount="0.2" name="Iron"/><nutrient amount="4.0" name="Magnesium"/><nutrient amount="6.0" name="Phosphorus"/><nutrient amount="85.0" name="Potassium"/><nutrient amount="0.4" name="Selenium"/><nutrient amount="6.0" name="Sodium"/><nutrient amount="0.08" name="Zinc"/><nutrient amount="142.0" name="Vitamin A"/><nutrient amount="78.0" name="Beta-carotene"/><nutrient amount="14.0" name="Beta-cryptoxanthin"/><nutrient amount="30.0" name="Lutein+Zeaxanthin"/><nutrient amount="2.0" name="Folate"/><nutrient amount="0.0080" name="B1 (Thiamine)"/><nutrient amount="0.028" name="B2 (Riboflavin)"/><nutrient amount="0.213" name="B3 (Niacin)"/><nutrient amount="0.11" name="B5 (Pantothenic Acid)"/><nutrient amount="0.024" name="B6 (Pyridoxine)"/><nutrient amount="1.1" name="Vitamin C"/><nutrient amount="0.14" name="Vitamin E"/><nutrient amount="3.5" name="Vitamin K"/></food>