<food uid="03135" fcf="8.37" pcf="3.36" name="Babyfood, fruit, plums with tapioca, without ascorbic acid, junior" ccf="3.6"><measure amount="1.0" name="tbsp" grams="15.0"/><measure amount="1.0" name="oz" grams="28.35"/><measure amount="1.0" name="jar" grams="170.0"/><measure amount="1.0" name="jar Gerber Third Foods (6 oz)" grams="170.0"/><nutrient amount="74.0" name="Energy"/><nutrient amount="0.1" name="Protein"/><nutrient amount="20.5" name="Carbs"/><nutrient amount="1.2" name="Fiber"/><nutrient amount="13.64" name="Sugars"/><nutrient amount="0.0" name="Fat"/><nutrient amount="0.0" name="Alcohol"/><nutrient amount="0.0" name="Caffeine"/><nutrient amount="79.2" name="Water"/><nutrient amount="0.2" name="Ash"/><nutrient amount="6.0" name="Calcium"/><nutrient amount="0.038" name="Copper"/><nutrient amount="34.4" name="Fluoride"/><nutrient amount="0.22" name="Iron"/><nutrient amount="4.0" name="Magnesium"/><nutrient amount="6.0" name="Phosphorus"/><nutrient amount="83.0" name="Potassium"/><nutrient amount="0.4" name="Selenium"/><nutrient amount="8.0" name="Sodium"/><nutrient amount="0.08" name="Zinc"/><nutrient amount="94.0" name="Vitamin A"/><nutrient amount="0.0" name="Retinol"/><nutrient amount="0.0" name="Alpha-carotene"/><nutrient amount="52.0" name="Beta-carotene"/><nutrient amount="10.0" name="Beta-cryptoxanthin"/><nutrient amount="0.0" name="Lycopene"/><nutrient amount="29.0" name="Lutein+Zeaxanthin"/><nutrient amount="1.0" name="Folate"/><nutrient amount="0.0060" name="B1 (Thiamine)"/><nutrient amount="0.03" name="B2 (Riboflavin)"/><nutrient amount="0.206" name="B3 (Niacin)"/><nutrient amount="0.114" name="B5 (Pantothenic Acid)"/><nutrient amount="0.029" name="B6 (Pyridoxine)"/><nutrient amount="0.0" name="B12 (Cyanocobalamin)"/><nutrient amount="0.8" name="Vitamin C"/><nutrient amount="0.6" name="Vitamin E"/><nutrient amount="3.4" name="Vitamin K"/><nutrient amount="0.0" name="Saturated"/><nutrient amount="0.0" name="Monounsaturated"/><nutrient amount="0.0" name="Polyunsaturated"/><nutrient amount="0.0" name="Omega-3"/><nutrient amount="0.0" name="Omega-6"/><nutrient amount="0.0" name="Cholesterol"/></food>