<food fcf="8.37" pcf="2.44" uid="03130" name="Babyfood, fruit, peaches, strained" ccf="3.57"><measure amount="1.0" grams="16.0" name="tbsp"/><measure amount="1.0" grams="28.35" name="oz"/><measure amount="1.0" grams="113.0" name="jar"/><measure amount="1.0" grams="71.0" name="jar Beech-Nut Baby's First (2.5 oz)"/><measure amount="1.0" grams="113.0" name="jar Beech-Nut Stage I (4 oz)"/><measure amount="1.0" grams="71.0" name="jar Gerber First Foods (2.5 oz)"/><measure amount="1.0" grams="113.0" name="jar Gerber Second Food (4 oz)"/><measure amount="1.0" grams="113.0" name="jar Heinz Strained-2 (4 oz)"/><measure amount="1.0" grams="71.0" name="jar Heinz Beginner-1 (2.5 oz)"/><nutrient amount="56.0" name="Energy"/><nutrient amount="0.2" name="Protein"/><nutrient amount="0.2" name="Fat"/><nutrient amount="15.0" name="Carbs"/><nutrient amount="1.5" name="Fiber"/><nutrient amount="12.0" name="Sugars"/><nutrient amount="84.0" name="Water"/><nutrient amount="0.3" name="Ash"/><nutrient amount="6.0" name="Calcium"/><nutrient amount="0.053" name="Copper"/><nutrient amount="0.24" name="Iron"/><nutrient amount="6.0" name="Magnesium"/><nutrient amount="12.0" name="Phosphorus"/><nutrient amount="162.0" name="Potassium"/><nutrient amount="0.4" name="Selenium"/><nutrient amount="6.0" name="Sodium"/><nutrient amount="0.09" name="Zinc"/><nutrient amount="161.0" name="Vitamin A"/><nutrient amount="80.0" name="Beta-carotene"/><nutrient amount="33.0" name="Beta-cryptoxanthin"/><nutrient amount="163.0" name="Lutein+Zeaxanthin"/><nutrient amount="4.0" name="Folate"/><nutrient amount="0.011" name="B1 (Thiamine)"/><nutrient amount="0.033" name="B2 (Riboflavin)"/><nutrient amount="0.609" name="B3 (Niacin)"/><nutrient amount="0.13" name="B5 (Pantothenic Acid)"/><nutrient amount="0.015" name="B6 (Pyridoxine)"/><nutrient amount="31.4" name="Vitamin C"/><nutrient amount="0.6" name="Vitamin E"/><nutrient amount="4.6" name="Vitamin K"/><nutrient amount="0.02" name="Saturated"/><nutrient amount="0.07" name="Monounsaturated"/><nutrient amount="0.094" name="Polyunsaturated"/><nutrient amount="0.0020" name="Omega-3"/><nutrient amount="0.092" name="Omega-6"/></food>