<food fcf="8.37" pcf="3.36" uid="03136" name="Babyfood, fruit, prunes with tapioca, without ascorbic acid, strained" ccf="3.6"><measure amount="1.0" grams="15.0" name="tbsp"/><measure amount="1.0" grams="28.35" name="oz"/><measure amount="1.0" grams="113.0" name="jar"/><measure amount="1.0" grams="113.0" name="jar Gerber Second Food (4 oz)"/><measure amount="1.0" grams="120.0" name="jar Heinz Strained-2 (4.25 oz)"/><nutrient amount="69.0" name="Energy"/><nutrient amount="0.6" name="Protein"/><nutrient amount="0.1" name="Fat"/><nutrient amount="18.5" name="Carbs"/><nutrient amount="2.7" name="Fiber"/><nutrient amount="10.97" name="Sugars"/><nutrient amount="80.3" name="Water"/><nutrient amount="0.5" name="Ash"/><nutrient amount="15.0" name="Calcium"/><nutrient amount="0.061" name="Copper"/><nutrient amount="0.35" name="Iron"/><nutrient amount="10.0" name="Magnesium"/><nutrient amount="15.0" name="Phosphorus"/><nutrient amount="177.0" name="Potassium"/><nutrient amount="0.5" name="Selenium"/><nutrient amount="5.0" name="Sodium"/><nutrient amount="0.09" name="Zinc"/><nutrient amount="453.0" name="Vitamin A"/><nutrient amount="33.0" name="Alpha-carotene"/><nutrient amount="228.0" name="Beta-carotene"/><nutrient amount="54.0" name="Beta-cryptoxanthin"/><nutrient amount="39.0" name="Lutein+Zeaxanthin"/><nutrient amount="0.022" name="B1 (Thiamine)"/><nutrient amount="0.075" name="B2 (Riboflavin)"/><nutrient amount="0.525" name="B3 (Niacin)"/><nutrient amount="0.14" name="B5 (Pantothenic Acid)"/><nutrient amount="0.081" name="B6 (Pyridoxine)"/><nutrient amount="0.8" name="Vitamin C"/><nutrient amount="0.6" name="Vitamin E"/><nutrient amount="0.01" name="Gamma Tocopherol"/><nutrient amount="15.6" name="Vitamin K"/><nutrient amount="0.0080" name="Saturated"/><nutrient amount="0.066" name="Monounsaturated"/><nutrient amount="0.022" name="Polyunsaturated"/><nutrient amount="0.022" name="Omega-6"/></food>