<food uid="03142" fcf="8.37" pcf="3.36" name="Babyfood, fruit, applesauce and apricots, strained" ccf="3.6"><measure amount="1.0" name="tbsp" grams="16.0"/><measure amount="1.0" name="oz" grams="28.35"/><measure amount="1.0" name="jar" grams="113.0"/><measure amount="1.0" name="jar Earth's Best (4.5 oz)" grams="128.0"/><measure amount="1.0" name="jar Gerber Second Food (4 oz)" grams="113.0"/><measure amount="1.0" name="jar Beech-Nut Stage 2 (4 oz)" grams="113.0"/><measure amount="1.0" name="jar Heinz Strained-2 (4 oz)" grams="113.0"/><nutrient amount="44.0" name="Energy"/><nutrient amount="0.2" name="Protein"/><nutrient amount="11.64" name="Carbs"/><nutrient amount="1.8" name="Fiber"/><nutrient amount="9.25" name="Sugars"/><nutrient amount="0.2" name="Fat"/><nutrient amount="0.0" name="Alcohol"/><nutrient amount="0.0" name="Caffeine"/><nutrient amount="87.7" name="Water"/><nutrient amount="0.26" name="Ash"/><nutrient amount="6.0" name="Calcium"/><nutrient amount="0.041" name="Copper"/><nutrient amount="0.25" name="Iron"/><nutrient amount="4.0" name="Magnesium"/><nutrient amount="9.0" name="Phosphorus"/><nutrient amount="120.0" name="Potassium"/><nutrient amount="0.3" name="Selenium"/><nutrient amount="3.0" name="Sodium"/><nutrient amount="0.04" name="Zinc"/><nutrient amount="339.0" name="Vitamin A"/><nutrient amount="0.0" name="Retinol"/><nutrient amount="3.0" name="Alpha-carotene"/><nutrient amount="189.0" name="Beta-carotene"/><nutrient amount="26.0" name="Beta-cryptoxanthin"/><nutrient amount="0.0" name="Lycopene"/><nutrient amount="28.0" name="Lutein+Zeaxanthin"/><nutrient amount="2.0" name="Folate"/><nutrient amount="0.014" name="B1 (Thiamine)"/><nutrient amount="0.029" name="B2 (Riboflavin)"/><nutrient amount="0.14" name="B3 (Niacin)"/><nutrient amount="0.119" name="B5 (Pantothenic Acid)"/><nutrient amount="0.03" name="B6 (Pyridoxine)"/><nutrient amount="0.0" name="B12 (Cyanocobalamin)"/><nutrient amount="18.9" name="Vitamin C"/><nutrient amount="0.18" name="Vitamin E"/><nutrient amount="1.0" name="Vitamin K"/><nutrient amount="0.024" name="Saturated"/><nutrient amount="0.037" name="Monounsaturated"/><nutrient amount="0.045" name="Polyunsaturated"/><nutrient amount="0.0070" name="Omega-3"/><nutrient amount="0.041" name="Omega-6"/><nutrient amount="0.0" name="Cholesterol"/></food>