<food fcf="9.0" pcf="4.0" uid="03147" name="Babyfood, fruit, applesauce with banana, junior" ccf="4.0"><measure amount="1.0" grams="16.0" name="tbsp"/><measure amount="1.0" grams="170.0" name="jar NFS"/><measure amount="1.0" grams="170.0" name="jar Beech-Nut Stage 3 (6 oz)"/><nutrient amount="66.0" name="Energy"/><nutrient amount="0.37" name="Protein"/><nutrient amount="0.1" name="Fat"/><nutrient amount="16.16" name="Carbs"/><nutrient amount="1.6" name="Fiber"/><nutrient amount="4.35" name="Sugars"/><nutrient amount="83.14" name="Water"/><nutrient amount="0.26" name="Ash"/><nutrient amount="5.0" name="Calcium"/><nutrient amount="0.04" name="Copper"/><nutrient amount="0.24" name="Iron"/><nutrient amount="9.0" name="Magnesium"/><nutrient amount="0.1" name="Manganese"/><nutrient amount="12.0" name="Phosphorus"/><nutrient amount="131.0" name="Potassium"/><nutrient amount="0.4" name="Selenium"/><nutrient amount="3.0" name="Sodium"/><nutrient amount="0.05" name="Zinc"/><nutrient amount="6.0" name="Vitamin A"/><nutrient amount="3.0" name="Beta-carotene"/><nutrient amount="2.0" name="Beta-cryptoxanthin"/><nutrient amount="8.0" name="Lutein+Zeaxanthin"/><nutrient amount="3.0" name="Folate"/><nutrient amount="0.01" name="B1 (Thiamine)"/><nutrient amount="0.031" name="B2 (Riboflavin)"/><nutrient amount="0.163" name="B3 (Niacin)"/><nutrient amount="0.135" name="B5 (Pantothenic Acid)"/><nutrient amount="0.1" name="B6 (Pyridoxine)"/><nutrient amount="17.3" name="Vitamin C"/><nutrient amount="0.02" name="Vitamin E"/><nutrient amount="0.3" name="Vitamin K"/><nutrient amount="0.04" name="Saturated"/><nutrient amount="0.01" name="Monounsaturated"/><nutrient amount="0.05" name="Polyunsaturated"/><nutrient amount="0.011" name="Omega-3"/><nutrient amount="0.04" name="Omega-6"/></food>