<food uid="03145" fcf="8.37" pcf="3.36" name="Babyfood, fruit, applesauce and cherries, junior" ccf="3.6"><measure amount="1.0" name="oz" grams="28.35"/><measure amount="1.0" name="jar" grams="170.0"/><nutrient amount="51.0" name="Energy"/><nutrient amount="0.0" name="Protein"/><nutrient amount="14.1" name="Carbs"/><nutrient amount="1.1" name="Fiber"/><nutrient amount="10.61" name="Sugars"/><nutrient amount="0.0" name="Fat"/><nutrient amount="0.0" name="Alcohol"/><nutrient amount="0.0" name="Caffeine"/><nutrient amount="85.6" name="Water"/><nutrient amount="0.3" name="Ash"/><nutrient amount="1.0" name="Calcium"/><nutrient amount="0.046" name="Copper"/><nutrient amount="0.3" name="Iron"/><nutrient amount="4.0" name="Magnesium"/><nutrient amount="8.0" name="Phosphorus"/><nutrient amount="132.0" name="Potassium"/><nutrient amount="0.3" name="Selenium"/><nutrient amount="1.0" name="Sodium"/><nutrient amount="0.03" name="Zinc"/><nutrient amount="45.0" name="Vitamin A"/><nutrient amount="0.0" name="Retinol"/><nutrient amount="0.0" name="Alpha-carotene"/><nutrient amount="24.0" name="Beta-carotene"/><nutrient amount="6.0" name="Beta-cryptoxanthin"/><nutrient amount="0.0" name="Lycopene"/><nutrient amount="47.0" name="Lutein+Zeaxanthin"/><nutrient amount="0.0" name="Folate"/><nutrient amount="0.01" name="B1 (Thiamine)"/><nutrient amount="0.03" name="B2 (Riboflavin)"/><nutrient amount="0.14" name="B3 (Niacin)"/><nutrient amount="0.13" name="B5 (Pantothenic Acid)"/><nutrient amount="0.039" name="B6 (Pyridoxine)"/><nutrient amount="0.0" name="B12 (Cyanocobalamin)"/><nutrient amount="42.8" name="Vitamin C"/><nutrient amount="0.06" name="Vitamin E"/><nutrient amount="1.2" name="Vitamin K"/><nutrient amount="0.0" name="Saturated"/><nutrient amount="0.0" name="Monounsaturated"/><nutrient amount="0.0" name="Polyunsaturated"/><nutrient amount="0.0" name="Omega-3"/><nutrient amount="0.0" name="Omega-6"/><nutrient amount="0.0" name="Cholesterol"/></food>