<food fcf="8.37" pcf="3.36" uid="03140" name="Babyfood, fruit, mango with tapioca, strained" ccf="3.6"><measure amount="1.0" grams="15.0" name="tbsp"/><measure amount="1.0" grams="28.35" name="oz"/><measure amount="1.0" grams="113.0" name="jar, Gerber (4 oz)"/><measure amount="1.0" grams="113.0" name="jar"/><nutrient amount="80.0" name="Energy"/><nutrient amount="0.3" name="Protein"/><nutrient amount="0.2" name="Fat"/><nutrient amount="21.6" name="Carbs"/><nutrient amount="1.0" name="Fiber"/><nutrient amount="12.6" name="Sugars"/><nutrient amount="77.7" name="Water"/><nutrient amount="0.44" name="Ash"/><nutrient amount="4.0" name="Calcium"/><nutrient amount="0.027" name="Copper"/><nutrient amount="12.0" name="Fluoride"/><nutrient amount="0.1" name="Iron"/><nutrient amount="4.0" name="Magnesium"/><nutrient amount="6.0" name="Phosphorus"/><nutrient amount="59.0" name="Potassium"/><nutrient amount="0.5" name="Selenium"/><nutrient amount="4.0" name="Sodium"/><nutrient amount="0.06" name="Zinc"/><nutrient amount="3299.0" name="Vitamin A"/><nutrient amount="73.0" name="Alpha-carotene"/><nutrient amount="1919.0" name="Beta-carotene"/><nutrient amount="47.0" name="Beta-cryptoxanthin"/><nutrient amount="12.0" name="Folate"/><nutrient amount="0.023" name="B1 (Thiamine)"/><nutrient amount="0.027" name="B2 (Riboflavin)"/><nutrient amount="0.253" name="B3 (Niacin)"/><nutrient amount="0.195" name="B5 (Pantothenic Acid)"/><nutrient amount="0.117" name="B6 (Pyridoxine)"/><nutrient amount="124.4" name="Vitamin C"/><nutrient amount="0.95" name="Vitamin E"/><nutrient amount="0.049" name="Saturated"/><nutrient amount="0.074" name="Monounsaturated"/><nutrient amount="0.038" name="Polyunsaturated"/><nutrient amount="0.027" name="Omega-3"/><nutrient amount="0.011" name="Omega-6"/></food>