<food fcf="8.37" pcf="3.36" uid="03144" name="Babyfood, fruit, applesauce and cherries, strained" ccf="3.6"><measure amount="1.0" grams="28.35" name="oz"/><measure amount="1.0" grams="113.0" name="jar"/><nutrient amount="51.0" name="Energy"/><nutrient amount="14.1" name="Carbs"/><nutrient amount="1.1" name="Fiber"/><nutrient amount="10.81" name="Sugars"/><nutrient amount="85.63" name="Water"/><nutrient amount="0.25" name="Ash"/><nutrient amount="1.0" name="Calcium"/><nutrient amount="0.045" name="Copper"/><nutrient amount="0.3" name="Iron"/><nutrient amount="4.0" name="Magnesium"/><nutrient amount="8.0" name="Phosphorus"/><nutrient amount="132.0" name="Potassium"/><nutrient amount="0.3" name="Selenium"/><nutrient amount="1.0" name="Sodium"/><nutrient amount="0.03" name="Zinc"/><nutrient amount="45.0" name="Vitamin A"/><nutrient amount="25.0" name="Beta-carotene"/><nutrient amount="4.0" name="Beta-cryptoxanthin"/><nutrient amount="56.0" name="Lutein+Zeaxanthin"/><nutrient amount="0.01" name="B1 (Thiamine)"/><nutrient amount="0.03" name="B2 (Riboflavin)"/><nutrient amount="0.14" name="B3 (Niacin)"/><nutrient amount="0.131" name="B5 (Pantothenic Acid)"/><nutrient amount="0.037" name="B6 (Pyridoxine)"/><nutrient amount="42.8" name="Vitamin C"/><nutrient amount="0.12" name="Vitamin E"/><nutrient amount="2.0" name="Vitamin K"/></food>