<food fcf="9.0" pcf="4.0" uid="03141" name="Babyfood, pears, dices, toddler" ccf="4.0"><nutrient amount="57.0" name="Energy"/><nutrient amount="0.3" name="Protein"/><nutrient amount="0.1" name="Fat"/><nutrient amount="13.6" name="Carbs"/><nutrient amount="1.2" name="Fiber"/><nutrient amount="8.66" name="Sugars"/><nutrient amount="85.6" name="Water"/><nutrient amount="0.2" name="Ash"/><nutrient amount="10.0" name="Calcium"/><nutrient amount="0.04" name="Copper"/><nutrient amount="0.2" name="Iron"/><nutrient amount="7.0" name="Magnesium"/><nutrient amount="0.03" name="Manganese"/><nutrient amount="13.0" name="Phosphorus"/><nutrient amount="51.0" name="Potassium"/><nutrient amount="0.4" name="Selenium"/><nutrient amount="6.0" name="Sodium"/><nutrient amount="0.09" name="Zinc"/><nutrient amount="21.0" name="Vitamin A"/><nutrient amount="12.0" name="Beta-carotene"/><nutrient amount="2.0" name="Beta-cryptoxanthin"/><nutrient amount="44.0" name="Lutein+Zeaxanthin"/><nutrient amount="1.0" name="Folate"/><nutrient amount="0.01" name="B1 (Thiamine)"/><nutrient amount="0.02" name="B2 (Riboflavin)"/><nutrient amount="0.13" name="B3 (Niacin)"/><nutrient amount="0.04" name="B6 (Pyridoxine)"/><nutrient amount="31.3" name="Vitamin C"/><nutrient amount="0.11" name="Vitamin E"/><nutrient amount="4.0" name="Vitamin K"/><nutrient amount="0.01" name="Saturated"/><nutrient amount="0.043" name="Monounsaturated"/><nutrient amount="0.046" name="Polyunsaturated"/><nutrient amount="0.046" name="Omega-6"/></food>