<food uid="03152" fcf="8.37" pcf="3.36" name="Babyfood, fruit, apple and raspberry, strained" ccf="3.6"><measure amount="1.0" name="oz" grams="28.35"/><measure amount="1.0" name="jar" grams="113.0"/><nutrient amount="58.0" name="Energy"/><nutrient amount="0.2" name="Protein"/><nutrient amount="15.6" name="Carbs"/><nutrient amount="2.1" name="Fiber"/><nutrient amount="12.96" name="Sugars"/><nutrient amount="0.2" name="Fat"/><nutrient amount="0.0" name="Alcohol"/><nutrient amount="0.0" name="Caffeine"/><nutrient amount="83.8" name="Water"/><nutrient amount="0.2" name="Ash"/><nutrient amount="5.0" name="Calcium"/><nutrient amount="0.054" name="Copper"/><nutrient amount="0.22" name="Iron"/><nutrient amount="4.0" name="Magnesium"/><nutrient amount="8.0" name="Phosphorus"/><nutrient amount="80.0" name="Potassium"/><nutrient amount="0.3" name="Selenium"/><nutrient amount="2.0" name="Sodium"/><nutrient amount="0.03" name="Zinc"/><nutrient amount="22.0" name="Vitamin A"/><nutrient amount="0.0" name="Retinol"/><nutrient amount="0.0" name="Alpha-carotene"/><nutrient amount="10.0" name="Beta-carotene"/><nutrient amount="7.0" name="Beta-cryptoxanthin"/><nutrient amount="0.0" name="Lycopene"/><nutrient amount="21.0" name="Lutein+Zeaxanthin"/><nutrient amount="1.0" name="Folate"/><nutrient amount="0.014" name="B1 (Thiamine)"/><nutrient amount="0.028" name="B2 (Riboflavin)"/><nutrient amount="0.106" name="B3 (Niacin)"/><nutrient amount="0.09" name="B5 (Pantothenic Acid)"/><nutrient amount="0.034" name="B6 (Pyridoxine)"/><nutrient amount="0.0" name="B12 (Cyanocobalamin)"/><nutrient amount="26.8" name="Vitamin C"/><nutrient amount="0.21" name="Vitamin E"/><nutrient amount="0.8" name="Vitamin K"/><nutrient amount="0.033" name="Saturated"/><nutrient amount="0.0080" name="Monounsaturated"/><nutrient amount="0.062" name="Polyunsaturated"/><nutrient amount="0.011" name="Omega-3"/><nutrient amount="0.051" name="Omega-6"/><nutrient amount="0.0" name="Cholesterol"/></food>