<food uid="03154" fcf="9.0" pcf="4.0" name="Babyfood, fruit and vegetable,apple &amp; sweet potato" ccf="4.0"><measure amount="1.0" name="jar, Gerber (4 oz)" grams="113.0"/><nutrient amount="63.0" name="Energy"/><nutrient amount="0.3" name="Protein"/><nutrient amount="15.3" name="Carbs"/><nutrient amount="1.4" name="Fiber"/><nutrient amount="11.6" name="Sugars"/><nutrient amount="0.22" name="Fat"/><nutrient amount="0.0" name="Alcohol"/><nutrient amount="0.0" name="Caffeine"/><nutrient amount="84.0" name="Water"/><nutrient amount="0.3" name="Ash"/><nutrient amount="8.0" name="Calcium"/><nutrient amount="0.09" name="Copper"/><nutrient amount="0.2" name="Iron"/><nutrient amount="6.0" name="Magnesium"/><nutrient amount="0.06" name="Manganese"/><nutrient amount="17.0" name="Phosphorus"/><nutrient amount="149.0" name="Potassium"/><nutrient amount="0.3" name="Selenium"/><nutrient amount="2.0" name="Sodium"/><nutrient amount="0.1" name="Zinc"/><nutrient amount="2050.0" name="Vitamin A"/><nutrient amount="0.0" name="Retinol"/><nutrient amount="0.0" name="Alpha-carotene"/><nutrient amount="1225.0" name="Beta-carotene"/><nutrient amount="9.0" name="Beta-cryptoxanthin"/><nutrient amount="0.0" name="Lycopene"/><nutrient amount="13.0" name="Lutein+Zeaxanthin"/><nutrient amount="2.0" name="Folate"/><nutrient amount="0.01" name="B1 (Thiamine)"/><nutrient amount="0.02" name="B2 (Riboflavin)"/><nutrient amount="0.1" name="B3 (Niacin)"/><nutrient amount="0.103" name="B5 (Pantothenic Acid)"/><nutrient amount="0.05" name="B6 (Pyridoxine)"/><nutrient amount="0.0" name="B12 (Cyanocobalamin)"/><nutrient amount="6.4" name="Vitamin C"/><nutrient amount="0.16" name="Vitamin E"/><nutrient amount="0.8" name="Vitamin K"/><nutrient amount="0.041" name="Saturated"/><nutrient amount="0.0080" name="Monounsaturated"/><nutrient amount="0.079" name="Polyunsaturated"/><nutrient amount="0.013" name="Omega-3"/><nutrient amount="0.066" name="Omega-6"/><nutrient amount="0.0" name="Cholesterol"/></food>