<food uid="03169" fcf="9.0" pcf="4.0" name="Babyfood, apple-cranberry juice" ccf="4.0"><nutrient amount="46.0" name="Energy"/><nutrient amount="0.0" name="Protein"/><nutrient amount="11.49" name="Carbs"/><nutrient amount="0.0" name="Fiber"/><nutrient amount="6.88" name="Sugars"/><nutrient amount="0.02" name="Fat"/><nutrient amount="0.0" name="Alcohol"/><nutrient amount="0.0" name="Caffeine"/><nutrient amount="88.3" name="Water"/><nutrient amount="0.19" name="Ash"/><nutrient amount="6.0" name="Calcium"/><nutrient amount="0.01" name="Copper"/><nutrient amount="10.0" name="Fluoride"/><nutrient amount="0.22" name="Iron"/><nutrient amount="3.0" name="Magnesium"/><nutrient amount="0.16" name="Manganese"/><nutrient amount="7.0" name="Phosphorus"/><nutrient amount="97.0" name="Potassium"/><nutrient amount="0.1" name="Selenium"/><nutrient amount="5.0" name="Sodium"/><nutrient amount="0.05" name="Zinc"/><nutrient amount="28.0" name="Vitamin A"/><nutrient amount="0.0" name="Retinol"/><nutrient amount="0.0" name="Alpha-carotene"/><nutrient amount="17.0" name="Beta-carotene"/><nutrient amount="0.0" name="Beta-cryptoxanthin"/><nutrient amount="0.0" name="Lycopene"/><nutrient amount="49.0" name="Lutein+Zeaxanthin"/><nutrient amount="0.0" name="Folate"/><nutrient amount="0.0" name="B1 (Thiamine)"/><nutrient amount="0.02" name="B2 (Riboflavin)"/><nutrient amount="0.07" name="B3 (Niacin)"/><nutrient amount="0.03" name="B6 (Pyridoxine)"/><nutrient amount="0.0" name="B12 (Cyanocobalamin)"/><nutrient amount="27.9" name="Vitamin C"/><nutrient amount="0.56" name="Vitamin E"/><nutrient amount="2.4" name="Vitamin K"/><nutrient amount="0.0070" name="Saturated"/><nutrient amount="0.0010" name="Monounsaturated"/><nutrient amount="0.012" name="Polyunsaturated"/><nutrient amount="0.0020" name="Omega-3"/><nutrient amount="0.01" name="Omega-6"/><nutrient amount="0.0" name="Cholesterol"/></food>