<food fcf="8.37" pcf="3.36" uid="03162" name="Babyfood, fruit, papaya and applesauce with tapioca, strained" ccf="3.6"><measure amount="1.0" grams="28.35" name="oz"/><measure amount="1.0" grams="113.0" name="jar"/><nutrient amount="70.0" name="Energy"/><nutrient amount="0.2" name="Protein"/><nutrient amount="0.1" name="Fat"/><nutrient amount="18.9" name="Carbs"/><nutrient amount="1.4" name="Fiber"/><nutrient amount="80.6" name="Water"/><nutrient amount="0.2" name="Ash"/><nutrient amount="7.0" name="Calcium"/><nutrient amount="0.044" name="Copper"/><nutrient amount="0.44" name="Iron"/><nutrient amount="5.0" name="Magnesium"/><nutrient amount="5.0" name="Phosphorus"/><nutrient amount="79.0" name="Potassium"/><nutrient amount="0.4" name="Selenium"/><nutrient amount="5.0" name="Sodium"/><nutrient amount="0.03" name="Zinc"/><nutrient amount="76.0" name="Vitamin A"/><nutrient amount="2.0" name="Folate"/><nutrient amount="0.01" name="B1 (Thiamine)"/><nutrient amount="0.028" name="B2 (Riboflavin)"/><nutrient amount="0.108" name="B3 (Niacin)"/><nutrient amount="0.28" name="B5 (Pantothenic Acid)"/><nutrient amount="0.023" name="B6 (Pyridoxine)"/><nutrient amount="113.1" name="Vitamin C"/></food>