<food fcf="8.37" pcf="3.36" uid="03166" name="Babyfood, juice, apple" ccf="3.92"><measure amount="1.0" grams="31.7" name="fl oz"/><measure amount="1.0" grams="127.0" name="jar"/><measure amount="1.0" grams="131.0" name="bottle Earth's Best (4.2 fl oz)"/><measure amount="1.0" grams="125.0" name="bottle Heinz Strained (4 fl oz)"/><measure amount="1.0" grams="125.0" name="bottle Gerber First Food (4 fl oz)"/><measure amount="1.0" grams="125.0" name="bottle Beech-Nut Stage I (4 fl oz)"/><nutrient amount="47.0" name="Energy"/><nutrient amount="0.1" name="Fat"/><nutrient amount="11.7" name="Carbs"/><nutrient amount="0.1" name="Fiber"/><nutrient amount="10.7" name="Sugars"/><nutrient amount="88.0" name="Water"/><nutrient amount="0.2" name="Ash"/><nutrient amount="4.0" name="Calcium"/><nutrient amount="0.04" name="Copper"/><nutrient amount="0.57" name="Iron"/><nutrient amount="3.0" name="Magnesium"/><nutrient amount="5.0" name="Phosphorus"/><nutrient amount="91.0" name="Potassium"/><nutrient amount="0.1" name="Selenium"/><nutrient amount="3.0" name="Sodium"/><nutrient amount="0.03" name="Zinc"/><nutrient amount="18.0" name="Vitamin A"/><nutrient amount="8.0" name="Beta-carotene"/><nutrient amount="6.0" name="Beta-cryptoxanthin"/><nutrient amount="16.0" name="Lutein+Zeaxanthin"/><nutrient amount="0.0070" name="B1 (Thiamine)"/><nutrient amount="0.016" name="B2 (Riboflavin)"/><nutrient amount="0.083" name="B3 (Niacin)"/><nutrient amount="0.116" name="B5 (Pantothenic Acid)"/><nutrient amount="0.029" name="B6 (Pyridoxine)"/><nutrient amount="57.9" name="Vitamin C"/><nutrient amount="0.6" name="Vitamin E"/><nutrient amount="0.018" name="Saturated"/><nutrient amount="0.0020" name="Monounsaturated"/><nutrient amount="0.031" name="Polyunsaturated"/><nutrient amount="0.0040" name="Omega-3"/><nutrient amount="0.027" name="Omega-6"/></food>