<food fcf="9.0" pcf="4.0" uid="03161" name="Babyfood, peaches, dices, toddler" ccf="4.0"><nutrient amount="51.0" name="Energy"/><nutrient amount="0.5" name="Protein"/><nutrient amount="0.2" name="Fat"/><nutrient amount="11.8" name="Carbs"/><nutrient amount="0.8" name="Fiber"/><nutrient amount="9.49" name="Sugars"/><nutrient amount="87.4" name="Water"/><nutrient amount="0.2" name="Ash"/><nutrient amount="6.0" name="Calcium"/><nutrient amount="0.03" name="Copper"/><nutrient amount="0.2" name="Iron"/><nutrient amount="8.0" name="Magnesium"/><nutrient amount="0.05" name="Manganese"/><nutrient amount="17.0" name="Phosphorus"/><nutrient amount="83.0" name="Potassium"/><nutrient amount="0.4" name="Selenium"/><nutrient amount="5.0" name="Sodium"/><nutrient amount="0.12" name="Zinc"/><nutrient amount="138.0" name="Vitamin A"/><nutrient amount="69.0" name="Beta-carotene"/><nutrient amount="28.0" name="Beta-cryptoxanthin"/><nutrient amount="103.0" name="Lutein+Zeaxanthin"/><nutrient amount="5.0" name="Folate"/><nutrient amount="0.01" name="B1 (Thiamine)"/><nutrient amount="0.02" name="B2 (Riboflavin)"/><nutrient amount="0.47" name="B3 (Niacin)"/><nutrient amount="0.17" name="B5 (Pantothenic Acid)"/><nutrient amount="0.04" name="B6 (Pyridoxine)"/><nutrient amount="31.3" name="Vitamin C"/><nutrient amount="0.83" name="Vitamin E"/><nutrient amount="2.9" name="Vitamin K"/><nutrient amount="0.016" name="Saturated"/><nutrient amount="0.046" name="Monounsaturated"/><nutrient amount="0.078" name="Polyunsaturated"/><nutrient amount="0.0050" name="Omega-3"/><nutrient amount="0.068" name="Omega-6"/></food>