<food uid="03173" fcf="8.37" pcf="3.36" name="Babyfood, juice, orange and apple" ccf="3.92"><measure amount="1.0" name="fl oz" grams="31.2"/><measure amount="1.0" name="jar" grams="127.0"/><nutrient amount="43.0" name="Energy"/><nutrient amount="0.4" name="Protein"/><nutrient amount="10.1" name="Carbs"/><nutrient amount="0.2" name="Fat"/><nutrient amount="88.9" name="Water"/><nutrient amount="0.4" name="Ash"/><nutrient amount="10.0" name="Calcium"/><nutrient amount="0.04" name="Copper"/><nutrient amount="0.2" name="Iron"/><nutrient amount="5.0" name="Magnesium"/><nutrient amount="7.0" name="Phosphorus"/><nutrient amount="138.0" name="Potassium"/><nutrient amount="0.1" name="Selenium"/><nutrient amount="3.0" name="Sodium"/><nutrient amount="0.03" name="Zinc"/><nutrient amount="73.0" name="Vitamin A"/><nutrient amount="0.0" name="Retinol"/><nutrient amount="12.0" name="Folate"/><nutrient amount="0.038" name="B1 (Thiamine)"/><nutrient amount="0.028" name="B2 (Riboflavin)"/><nutrient amount="0.185" name="B3 (Niacin)"/><nutrient amount="0.12" name="B5 (Pantothenic Acid)"/><nutrient amount="0.038" name="B6 (Pyridoxine)"/><nutrient amount="0.0" name="B12 (Cyanocobalamin)"/><nutrient amount="76.9" name="Vitamin C"/></food>