<food uid="03170" fcf="8.37" pcf="3.36" name="Babyfood, juice, apple and plum" ccf="3.92"><measure amount="1.0" name="fl oz" grams="31.2"/><measure amount="1.0" name="jar" grams="127.0"/><nutrient amount="49.0" name="Energy"/><nutrient amount="0.1" name="Protein"/><nutrient amount="12.3" name="Carbs"/><nutrient amount="0.1" name="Fiber"/><nutrient amount="11.54" name="Sugars"/><nutrient amount="0.0" name="Fat"/><nutrient amount="0.0" name="Alcohol"/><nutrient amount="0.0" name="Caffeine"/><nutrient amount="87.3" name="Water"/><nutrient amount="0.3" name="Ash"/><nutrient amount="5.0" name="Calcium"/><nutrient amount="0.042" name="Copper"/><nutrient amount="0.62" name="Iron"/><nutrient amount="3.0" name="Magnesium"/><nutrient amount="3.0" name="Phosphorus"/><nutrient amount="101.0" name="Potassium"/><nutrient amount="0.3" name="Selenium"/><nutrient amount="1.0" name="Sodium"/><nutrient amount="0.03" name="Zinc"/><nutrient amount="43.0" name="Vitamin A"/><nutrient amount="0.0" name="Retinol"/><nutrient amount="0.0" name="Alpha-carotene"/><nutrient amount="24.0" name="Beta-carotene"/><nutrient amount="5.0" name="Beta-cryptoxanthin"/><nutrient amount="0.0" name="Lycopene"/><nutrient amount="21.0" name="Lutein+Zeaxanthin"/><nutrient amount="0.0" name="Folate"/><nutrient amount="0.02" name="B1 (Thiamine)"/><nutrient amount="0.017" name="B2 (Riboflavin)"/><nutrient amount="0.195" name="B3 (Niacin)"/><nutrient amount="0.123" name="B5 (Pantothenic Acid)"/><nutrient amount="0.028" name="B6 (Pyridoxine)"/><nutrient amount="0.0" name="B12 (Cyanocobalamin)"/><nutrient amount="58.2" name="Vitamin C"/><nutrient amount="0.04" name="Vitamin E"/><nutrient amount="0.8" name="Vitamin K"/><nutrient amount="0.0" name="Saturated"/><nutrient amount="0.0" name="Monounsaturated"/><nutrient amount="0.0" name="Polyunsaturated"/><nutrient amount="0.0" name="Omega-3"/><nutrient amount="0.0" name="Omega-6"/><nutrient amount="0.0" name="Cholesterol"/></food>