<food fcf="8.37" pcf="3.36" uid="03170" name="Babyfood, juice, apple and plum" ccf="3.92"><measure amount="1.0" grams="31.2" name="fl oz"/><measure amount="1.0" grams="127.0" name="jar"/><nutrient amount="49.0" name="Energy"/><nutrient amount="0.1" name="Protein"/><nutrient amount="12.3" name="Carbs"/><nutrient amount="0.1" name="Fiber"/><nutrient amount="11.54" name="Sugars"/><nutrient amount="87.3" name="Water"/><nutrient amount="0.3" name="Ash"/><nutrient amount="5.0" name="Calcium"/><nutrient amount="0.042" name="Copper"/><nutrient amount="0.62" name="Iron"/><nutrient amount="3.0" name="Magnesium"/><nutrient amount="3.0" name="Phosphorus"/><nutrient amount="101.0" name="Potassium"/><nutrient amount="0.3" name="Selenium"/><nutrient amount="1.0" name="Sodium"/><nutrient amount="0.03" name="Zinc"/><nutrient amount="43.0" name="Vitamin A"/><nutrient amount="24.0" name="Beta-carotene"/><nutrient amount="5.0" name="Beta-cryptoxanthin"/><nutrient amount="21.0" name="Lutein+Zeaxanthin"/><nutrient amount="0.02" name="B1 (Thiamine)"/><nutrient amount="0.017" name="B2 (Riboflavin)"/><nutrient amount="0.195" name="B3 (Niacin)"/><nutrient amount="0.123" name="B5 (Pantothenic Acid)"/><nutrient amount="0.028" name="B6 (Pyridoxine)"/><nutrient amount="58.2" name="Vitamin C"/><nutrient amount="0.04" name="Vitamin E"/><nutrient amount="0.8" name="Vitamin K"/></food>