<food fcf="8.37" pcf="3.36" uid="03171" name="Babyfood, juice, apple and prune" ccf="3.92"><measure amount="1.0" grams="31.2" name="fl oz"/><measure amount="1.0" grams="127.0" name="jar"/><measure amount="1.0" grams="125.0" name="bottle (4 fl oz)"/><nutrient amount="73.0" name="Energy"/><nutrient amount="0.2" name="Protein"/><nutrient amount="0.1" name="Fat"/><nutrient amount="18.0" name="Carbs"/><nutrient amount="0.1" name="Fiber"/><nutrient amount="10.58" name="Sugars"/><nutrient amount="81.3" name="Water"/><nutrient amount="0.3" name="Ash"/><nutrient amount="9.0" name="Calcium"/><nutrient amount="0.062" name="Copper"/><nutrient amount="13.0" name="Fluoride"/><nutrient amount="0.95" name="Iron"/><nutrient amount="7.0" name="Magnesium"/><nutrient amount="15.0" name="Phosphorus"/><nutrient amount="148.0" name="Potassium"/><nutrient amount="0.3" name="Selenium"/><nutrient amount="5.0" name="Sodium"/><nutrient amount="0.05" name="Zinc"/><nutrient amount="16.0" name="Vitamin A"/><nutrient amount="1.0" name="Alpha-carotene"/><nutrient amount="8.0" name="Beta-carotene"/><nutrient amount="2.0" name="Beta-cryptoxanthin"/><nutrient amount="22.0" name="Lutein+Zeaxanthin"/><nutrient amount="0.0050" name="B1 (Thiamine)"/><nutrient amount="0.0020" name="B2 (Riboflavin)"/><nutrient amount="0.301" name="B3 (Niacin)"/><nutrient amount="0.181" name="B5 (Pantothenic Acid)"/><nutrient amount="0.035" name="B6 (Pyridoxine)"/><nutrient amount="67.5" name="Vitamin C"/><nutrient amount="0.05" name="Vitamin E"/><nutrient amount="1.3" name="Vitamin K"/><nutrient amount="0.018" name="Saturated"/><nutrient amount="0.0060" name="Monounsaturated"/><nutrient amount="0.031" name="Polyunsaturated"/><nutrient amount="0.0040" name="Omega-3"/><nutrient amount="0.027" name="Omega-6"/></food>