<food uid="03177" fcf="8.37" pcf="3.36" name="Babyfood, juice, orange and pineapple" ccf="3.92"><measure amount="1.0" name="fl oz" grams="31.2"/><measure amount="1.0" name="jar" grams="127.0"/><nutrient amount="48.0" name="Energy"/><nutrient amount="0.5" name="Protein"/><nutrient amount="11.7" name="Carbs"/><nutrient amount="0.1" name="Fiber"/><nutrient amount="0.1" name="Fat"/><nutrient amount="0.0" name="Alcohol"/><nutrient amount="87.3" name="Water"/><nutrient amount="0.4" name="Ash"/><nutrient amount="8.0" name="Calcium"/><nutrient amount="0.044" name="Copper"/><nutrient amount="0.42" name="Iron"/><nutrient amount="9.0" name="Magnesium"/><nutrient amount="9.0" name="Phosphorus"/><nutrient amount="141.0" name="Potassium"/><nutrient amount="0.1" name="Selenium"/><nutrient amount="2.0" name="Sodium"/><nutrient amount="0.04" name="Zinc"/><nutrient amount="31.0" name="Vitamin A"/><nutrient amount="0.0" name="Retinol"/><nutrient amount="19.0" name="Folate"/><nutrient amount="0.05" name="B1 (Thiamine)"/><nutrient amount="0.023" name="B2 (Riboflavin)"/><nutrient amount="0.194" name="B3 (Niacin)"/><nutrient amount="0.059" name="B5 (Pantothenic Acid)"/><nutrient amount="0.062" name="B6 (Pyridoxine)"/><nutrient amount="0.0" name="B12 (Cyanocobalamin)"/><nutrient amount="53.4" name="Vitamin C"/><nutrient amount="0.6" name="Vitamin E"/><nutrient amount="0.01" name="Saturated"/><nutrient amount="0.014" name="Monounsaturated"/><nutrient amount="0.024" name="Polyunsaturated"/><nutrient amount="0.0080" name="Omega-3"/><nutrient amount="0.017" name="Omega-6"/><nutrient amount="0.0" name="Cholesterol"/></food>