<food fcf="8.37" pcf="3.36" uid="03172" name="Babyfood, juice, orange" ccf="3.92"><measure amount="1.0" grams="31.2" name="fl oz"/><measure amount="1.0" grams="127.0" name="jar"/><measure amount="1.0" grams="125.0" name="bottle Heinz Strained (4 fl oz)"/><measure amount="1.0" grams="125.0" name="bottle Gerber Second Foods (4 fl oz)"/><measure amount="1.0" grams="125.0" name="bottle Beech-Nut Stage 3 (4 fl oz)"/><nutrient amount="44.0" name="Energy"/><nutrient amount="0.6" name="Protein"/><nutrient amount="0.3" name="Fat"/><nutrient amount="10.2" name="Carbs"/><nutrient amount="0.1" name="Fiber"/><nutrient amount="8.26" name="Sugars"/><nutrient amount="88.5" name="Water"/><nutrient amount="0.4" name="Ash"/><nutrient amount="12.0" name="Calcium"/><nutrient amount="0.046" name="Copper"/><nutrient amount="0.17" name="Iron"/><nutrient amount="9.0" name="Magnesium"/><nutrient amount="11.0" name="Phosphorus"/><nutrient amount="184.0" name="Potassium"/><nutrient amount="0.1" name="Selenium"/><nutrient amount="1.0" name="Sodium"/><nutrient amount="0.06" name="Zinc"/><nutrient amount="55.0" name="Vitamin A"/><nutrient amount="2.0" name="Alpha-carotene"/><nutrient amount="9.0" name="Beta-carotene"/><nutrient amount="47.0" name="Beta-cryptoxanthin"/><nutrient amount="113.0" name="Lutein+Zeaxanthin"/><nutrient amount="26.0" name="Folate"/><nutrient amount="0.045" name="B1 (Thiamine)"/><nutrient amount="0.028" name="B2 (Riboflavin)"/><nutrient amount="0.239" name="B3 (Niacin)"/><nutrient amount="0.137" name="B5 (Pantothenic Acid)"/><nutrient amount="0.054" name="B6 (Pyridoxine)"/><nutrient amount="62.5" name="Vitamin C"/><nutrient amount="0.04" name="Vitamin E"/><nutrient amount="0.1" name="Vitamin K"/><nutrient amount="0.035" name="Saturated"/><nutrient amount="0.05" name="Monounsaturated"/><nutrient amount="0.06" name="Polyunsaturated"/><nutrient amount="0.015" name="Omega-3"/><nutrient amount="0.045" name="Omega-6"/></food>