<food fcf="8.37" pcf="3.36" uid="03178" name="Babyfood, juice, prune and orange" ccf="3.92"><measure amount="1.0" grams="31.2" name="fl oz"/><measure amount="1.0" grams="127.0" name="jar"/><nutrient amount="70.0" name="Energy"/><nutrient amount="0.6" name="Protein"/><nutrient amount="0.3" name="Fat"/><nutrient amount="16.8" name="Carbs"/><nutrient amount="81.9" name="Water"/><nutrient amount="0.4" name="Ash"/><nutrient amount="12.0" name="Calcium"/><nutrient amount="0.046" name="Copper"/><nutrient amount="0.87" name="Iron"/><nutrient amount="8.0" name="Magnesium"/><nutrient amount="10.0" name="Phosphorus"/><nutrient amount="181.0" name="Potassium"/><nutrient amount="0.1" name="Selenium"/><nutrient amount="2.0" name="Sodium"/><nutrient amount="0.04" name="Zinc"/><nutrient amount="131.0" name="Vitamin A"/><nutrient amount="13.0" name="Folate"/><nutrient amount="0.044" name="B1 (Thiamine)"/><nutrient amount="0.12" name="B2 (Riboflavin)"/><nutrient amount="0.396" name="B3 (Niacin)"/><nutrient amount="0.137" name="B5 (Pantothenic Acid)"/><nutrient amount="0.061" name="B6 (Pyridoxine)"/><nutrient amount="63.8" name="Vitamin C"/></food>