<food uid="03187" fcf="8.4" pcf="3.4" name="Babyfood, cereal, mixed, with applesauce and bananas, strained" ccf="4.1"><measure amount="1.0" name="oz" grams="28.35"/><measure amount="1.0" name="jar" grams="113.0"/><nutrient amount="82.0" name="Energy"/><nutrient amount="1.2" name="Protein"/><nutrient amount="17.9" name="Carbs"/><nutrient amount="1.2" name="Fiber"/><nutrient amount="7.79" name="Sugars"/><nutrient amount="0.5" name="Fat"/><nutrient amount="0.0" name="Alcohol"/><nutrient amount="0.0" name="Caffeine"/><nutrient amount="80.0" name="Water"/><nutrient amount="0.3" name="Ash"/><nutrient amount="6.0" name="Calcium"/><nutrient amount="0.054" name="Copper"/><nutrient amount="1.1" name="Fluoride"/><nutrient amount="6.62" name="Iron"/><nutrient amount="8.0" name="Magnesium"/><nutrient amount="23.0" name="Phosphorus"/><nutrient amount="41.0" name="Potassium"/><nutrient amount="2.6" name="Selenium"/><nutrient amount="2.0" name="Sodium"/><nutrient amount="0.19" name="Zinc"/><nutrient amount="18.0" name="Vitamin A"/><nutrient amount="0.0" name="Retinol"/><nutrient amount="1.0" name="Alpha-carotene"/><nutrient amount="8.0" name="Beta-carotene"/><nutrient amount="5.0" name="Beta-cryptoxanthin"/><nutrient amount="0.0" name="Lycopene"/><nutrient amount="10.0" name="Lutein+Zeaxanthin"/><nutrient amount="4.0" name="Folate"/><nutrient amount="0.28" name="B1 (Thiamine)"/><nutrient amount="0.35" name="B2 (Riboflavin)"/><nutrient amount="3.963" name="B3 (Niacin)"/><nutrient amount="0.195" name="B5 (Pantothenic Acid)"/><nutrient amount="0.137" name="B6 (Pyridoxine)"/><nutrient amount="0.0" name="B12 (Cyanocobalamin)"/><nutrient amount="25.5" name="Vitamin C"/><nutrient amount="0.03" name="Vitamin E"/><nutrient amount="0.3" name="Vitamin K"/><nutrient amount="0.09" name="Saturated"/><nutrient amount="0.135" name="Monounsaturated"/><nutrient amount="0.191" name="Polyunsaturated"/><nutrient amount="0.0050" name="Omega-3"/><nutrient amount="0.181" name="Omega-6"/><nutrient amount="0.0" name="Cholesterol"/><nutrient amount="0.047" name="ALA"/><nutrient amount="0.067" name="ARG"/><nutrient amount="0.083" name="ASP"/><nutrient amount="0.027" name="CYS"/><nutrient amount="0.31" name="GLU"/><nutrient amount="0.052" name="GLY"/><nutrient amount="0.028" name="HIS"/><nutrient amount="0.044" name="ILE"/><nutrient amount="0.088" name="LEU"/><nutrient amount="0.036" name="LYS"/><nutrient amount="0.025" name="MET"/><nutrient amount="0.063" name="PHE"/><nutrient amount="0.086" name="PRO"/><nutrient amount="0.051" name="SER"/><nutrient amount="0.035" name="THR"/><nutrient amount="0.013" name="TRP"/><nutrient amount="0.044" name="TYR"/><nutrient amount="0.059" name="VAL"/></food>