<food uid="03188" fcf="8.4" pcf="3.4" name="Babyfood, cereal, mixed, with applesauce and bananas, junior" ccf="4.1"><measure amount="1.0" name="oz" grams="28.35"/><measure amount="1.0" name="jar" grams="170.0"/><nutrient amount="83.0" name="Energy"/><nutrient amount="1.2" name="Protein"/><nutrient amount="18.4" name="Carbs"/><nutrient amount="1.2" name="Fiber"/><nutrient amount="7.79" name="Sugars"/><nutrient amount="0.4" name="Fat"/><nutrient amount="0.0" name="Alcohol"/><nutrient amount="0.0" name="Caffeine"/><nutrient amount="79.6" name="Water"/><nutrient amount="0.4" name="Ash"/><nutrient amount="4.0" name="Calcium"/><nutrient amount="0.055" name="Copper"/><nutrient amount="1.0" name="Fluoride"/><nutrient amount="5.61" name="Iron"/><nutrient amount="7.0" name="Magnesium"/><nutrient amount="29.0" name="Phosphorus"/><nutrient amount="32.0" name="Potassium"/><nutrient amount="2.6" name="Selenium"/><nutrient amount="36.0" name="Sodium"/><nutrient amount="0.22" name="Zinc"/><nutrient amount="19.0" name="Vitamin A"/><nutrient amount="0.0" name="Retinol"/><nutrient amount="1.0" name="Alpha-carotene"/><nutrient amount="8.0" name="Beta-carotene"/><nutrient amount="6.0" name="Beta-cryptoxanthin"/><nutrient amount="0.0" name="Lycopene"/><nutrient amount="10.0" name="Lutein+Zeaxanthin"/><nutrient amount="4.0" name="Folate"/><nutrient amount="0.285" name="B1 (Thiamine)"/><nutrient amount="0.356" name="B2 (Riboflavin)"/><nutrient amount="4.039" name="B3 (Niacin)"/><nutrient amount="0.195" name="B5 (Pantothenic Acid)"/><nutrient amount="0.139" name="B6 (Pyridoxine)"/><nutrient amount="0.0" name="B12 (Cyanocobalamin)"/><nutrient amount="9.1" name="Vitamin C"/><nutrient amount="0.03" name="Vitamin E"/><nutrient amount="0.3" name="Vitamin K"/><nutrient amount="0.072" name="Saturated"/><nutrient amount="0.108" name="Monounsaturated"/><nutrient amount="0.152" name="Polyunsaturated"/><nutrient amount="0.0040" name="Omega-3"/><nutrient amount="0.145" name="Omega-6"/><nutrient amount="0.0" name="Cholesterol"/><nutrient amount="0.046" name="ALA"/><nutrient amount="0.065" name="ARG"/><nutrient amount="0.081" name="ASP"/><nutrient amount="0.026" name="CYS"/><nutrient amount="0.302" name="GLU"/><nutrient amount="0.051" name="GLY"/><nutrient amount="0.027" name="HIS"/><nutrient amount="0.043" name="ILE"/><nutrient amount="0.086" name="LEU"/><nutrient amount="0.035" name="LYS"/><nutrient amount="0.024" name="MET"/><nutrient amount="0.062" name="PHE"/><nutrient amount="0.084" name="PRO"/><nutrient amount="0.05" name="SER"/><nutrient amount="0.034" name="THR"/><nutrient amount="0.013" name="TRP"/><nutrient amount="0.043" name="TYR"/><nutrient amount="0.058" name="VAL"/></food>