<food uid="03190" fcf="8.4" pcf="3.5" name="Babyfood, cereal, oatmeal, with bananas, dry" ccf="4.1"><measure amount="1.0" name="tbsp" grams="2.5"/><measure amount="0.5" name="oz" grams="15.0"/><nutrient amount="393.0" name="Energy"/><nutrient amount="12.0" name="Protein"/><nutrient amount="73.4" name="Carbs"/><nutrient amount="5.2" name="Fiber"/><nutrient amount="13.75" name="Sugars"/><nutrient amount="6.0" name="Fat"/><nutrient amount="0.0" name="Alcohol"/><nutrient amount="0.0" name="Caffeine"/><nutrient amount="4.7" name="Water"/><nutrient amount="3.9" name="Ash"/><nutrient amount="651.0" name="Calcium"/><nutrient amount="0.391" name="Copper"/><nutrient amount="47.5" name="Iron"/><nutrient amount="118.0" name="Magnesium"/><nutrient amount="444.0" name="Phosphorus"/><nutrient amount="731.0" name="Potassium"/><nutrient amount="20.5" name="Selenium"/><nutrient amount="119.0" name="Sodium"/><nutrient amount="1.9" name="Zinc"/><nutrient amount="69.0" name="Vitamin A"/><nutrient amount="0.0" name="Retinol"/><nutrient amount="27.0" name="Alpha-carotene"/><nutrient amount="28.0" name="Beta-carotene"/><nutrient amount="0.0" name="Beta-cryptoxanthin"/><nutrient amount="0.0" name="Lycopene"/><nutrient amount="157.0" name="Lutein+Zeaxanthin"/><nutrient amount="19.0" name="Folate"/><nutrient amount="3.6" name="B1 (Thiamine)"/><nutrient amount="3.71" name="B2 (Riboflavin)"/><nutrient amount="20.11" name="B3 (Niacin)"/><nutrient amount="0.423" name="B6 (Pyridoxine)"/><nutrient amount="0.22" name="B12 (Cyanocobalamin)"/><nutrient amount="4.7" name="Vitamin C"/><nutrient amount="5.0" name="Vitamin E"/><nutrient amount="3.0" name="Vitamin K"/><nutrient amount="1.267" name="Saturated"/><nutrient amount="1.429" name="Monounsaturated"/><nutrient amount="2.186" name="Polyunsaturated"/><nutrient amount="0.166" name="Omega-3"/><nutrient amount="1.97" name="Omega-6"/><nutrient amount="0.0" name="Cholesterol"/><nutrient amount="0.491" name="ALA"/><nutrient amount="0.711" name="ARG"/><nutrient amount="0.986" name="ASP"/><nutrient amount="0.272" name="CYS"/><nutrient amount="2.603" name="GLU"/><nutrient amount="0.505" name="GLY"/><nutrient amount="0.362" name="HIS"/><nutrient amount="0.501" name="ILE"/><nutrient amount="0.978" name="LEU"/><nutrient amount="0.558" name="LYS"/><nutrient amount="0.266" name="MET"/><nutrient amount="0.624" name="PHE"/><nutrient amount="0.807" name="PRO"/><nutrient amount="0.582" name="SER"/><nutrient amount="0.417" name="THR"/><nutrient amount="0.157" name="TRP"/><nutrient amount="0.497" name="TYR"/><nutrient amount="0.699" name="VAL"/></food>