<food uid="03191" fcf="8.4" pcf="3.5" name="Babyfood, cereal, oatmeal, with applesauce and bananas, strained" ccf="4.1"><measure amount="1.0" name="oz" grams="28.35"/><measure amount="1.0" name="jar" grams="113.0"/><nutrient amount="73.0" name="Energy"/><nutrient amount="1.3" name="Protein"/><nutrient amount="15.4" name="Carbs"/><nutrient amount="0.8" name="Fiber"/><nutrient amount="10.49" name="Sugars"/><nutrient amount="0.7" name="Fat"/><nutrient amount="0.0" name="Alcohol"/><nutrient amount="0.0" name="Caffeine"/><nutrient amount="82.2" name="Water"/><nutrient amount="0.4" name="Ash"/><nutrient amount="9.0" name="Calcium"/><nutrient amount="0.073" name="Copper"/><nutrient amount="5.65" name="Iron"/><nutrient amount="11.0" name="Magnesium"/><nutrient amount="41.0" name="Phosphorus"/><nutrient amount="47.0" name="Potassium"/><nutrient amount="3.0" name="Selenium"/><nutrient amount="2.0" name="Sodium"/><nutrient amount="0.35" name="Zinc"/><nutrient amount="30.0" name="Vitamin A"/><nutrient amount="0.0" name="Retinol"/><nutrient amount="2.0" name="Alpha-carotene"/><nutrient amount="13.0" name="Beta-carotene"/><nutrient amount="8.0" name="Beta-cryptoxanthin"/><nutrient amount="0.0" name="Lycopene"/><nutrient amount="90.0" name="Lutein+Zeaxanthin"/><nutrient amount="4.0" name="Folate"/><nutrient amount="0.42" name="B1 (Thiamine)"/><nutrient amount="0.365" name="B2 (Riboflavin)"/><nutrient amount="5.042" name="B3 (Niacin)"/><nutrient amount="0.227" name="B5 (Pantothenic Acid)"/><nutrient amount="0.2" name="B6 (Pyridoxine)"/><nutrient amount="0.0" name="B12 (Cyanocobalamin)"/><nutrient amount="21.8" name="Vitamin C"/><nutrient amount="0.16" name="Vitamin E"/><nutrient amount="2.2" name="Vitamin K"/><nutrient amount="0.125" name="Saturated"/><nutrient amount="0.216" name="Monounsaturated"/><nutrient amount="0.253" name="Polyunsaturated"/><nutrient amount="0.0020" name="Omega-3"/><nutrient amount="0.242" name="Omega-6"/><nutrient amount="0.0" name="Cholesterol"/><nutrient amount="0.059" name="ALA"/><nutrient amount="0.093" name="ARG"/><nutrient amount="0.111" name="ASP"/><nutrient amount="0.029" name="CYS"/><nutrient amount="0.287" name="GLU"/><nutrient amount="0.07" name="GLY"/><nutrient amount="0.034" name="HIS"/><nutrient amount="0.049" name="ILE"/><nutrient amount="0.099" name="LEU"/><nutrient amount="0.053" name="LYS"/><nutrient amount="0.03" name="MET"/><nutrient amount="0.066" name="PHE"/><nutrient amount="0.064" name="PRO"/><nutrient amount="0.062" name="SER"/><nutrient amount="0.046" name="THR"/><nutrient amount="0.017" name="TRP"/><nutrient amount="0.052" name="TYR"/><nutrient amount="0.068" name="VAL"/></food>