<food uid="03193" fcf="8.4" pcf="3.5" name="Babyfood, cereal, oatmeal, with honey, dry" ccf="4.1"><measure amount="1.0" name="tbsp" grams="2.4"/><measure amount="0.5" name="oz" grams="14.2"/><nutrient amount="391.0" name="Energy"/><nutrient amount="13.5" name="Protein"/><nutrient amount="69.3" name="Carbs"/><nutrient amount="7.0" name="Fat"/><nutrient amount="5.8" name="Water"/><nutrient amount="4.4" name="Ash"/><nutrient amount="1154.0" name="Calcium"/><nutrient amount="0.529" name="Copper"/><nutrient amount="67.23" name="Iron"/><nutrient amount="146.0" name="Magnesium"/><nutrient amount="733.0" name="Phosphorus"/><nutrient amount="259.0" name="Potassium"/><nutrient amount="36.4" name="Selenium"/><nutrient amount="47.0" name="Sodium"/><nutrient amount="3.7" name="Zinc"/><nutrient amount="23.0" name="Vitamin A"/><nutrient amount="0.0" name="Retinol"/><nutrient amount="35.0" name="Folate"/><nutrient amount="2.771" name="B1 (Thiamine)"/><nutrient amount="2.842" name="B2 (Riboflavin)"/><nutrient amount="36.292" name="B3 (Niacin)"/><nutrient amount="1.54" name="B5 (Pantothenic Acid)"/><nutrient amount="0.154" name="B6 (Pyridoxine)"/><nutrient amount="0.0" name="B12 (Cyanocobalamin)"/><nutrient amount="0.0" name="Vitamin C"/></food>