<food fcf="8.4" pcf="3.8" uid="03195" name="Babyfood, cereal, rice, with applesauce and bananas, strained" ccf="4.2"><measure amount="1.0" grams="16.0" name="tbsp"/><measure amount="1.0" grams="28.35" name="oz"/><measure amount="1.0" grams="113.0" name="jar"/><measure amount="1.0" grams="113.0" name="jar Gerber Second Food (4 oz)"/><measure amount="1.0" grams="120.0" name="jar Heinz Strained-2 (4.25 oz)"/><nutrient amount="79.0" name="Energy"/><nutrient amount="1.2" name="Protein"/><nutrient amount="0.4" name="Fat"/><nutrient amount="17.1" name="Carbs"/><nutrient amount="1.0" name="Fiber"/><nutrient amount="2.24" name="Sugars"/><nutrient amount="81.0" name="Water"/><nutrient amount="0.3" name="Ash"/><nutrient amount="17.0" name="Calcium"/><nutrient amount="0.051" name="Copper"/><nutrient amount="16.1" name="Fluoride"/><nutrient amount="6.73" name="Iron"/><nutrient amount="3.0" name="Magnesium"/><nutrient amount="12.0" name="Phosphorus"/><nutrient amount="28.0" name="Potassium"/><nutrient amount="2.1" name="Selenium"/><nutrient amount="28.0" name="Sodium"/><nutrient amount="0.08" name="Zinc"/><nutrient amount="21.0" name="Vitamin A"/><nutrient amount="9.0" name="Beta-carotene"/><nutrient amount="7.0" name="Beta-cryptoxanthin"/><nutrient amount="4.0" name="Lutein+Zeaxanthin"/><nutrient amount="3.0" name="Folate"/><nutrient amount="0.26" name="B1 (Thiamine)"/><nutrient amount="0.422" name="B2 (Riboflavin)"/><nutrient amount="4.017" name="B3 (Niacin)"/><nutrient amount="0.234" name="B6 (Pyridoxine)"/><nutrient amount="31.6" name="Vitamin C"/><nutrient amount="0.04" name="Vitamin E"/><nutrient amount="0.2" name="Vitamin K"/><nutrient amount="0.114" name="Saturated"/><nutrient amount="0.104" name="Monounsaturated"/><nutrient amount="0.102" name="Polyunsaturated"/><nutrient amount="0.021" name="Omega-3"/><nutrient amount="0.082" name="Omega-6"/><nutrient amount="0.056" name="ALA"/><nutrient amount="0.076" name="ASP"/><nutrient amount="0.04" name="ARG"/><nutrient amount="0.014" name="CYS"/><nutrient amount="0.236" name="GLU"/><nutrient amount="0.028" name="GLY"/><nutrient amount="0.032" name="HIS"/><nutrient amount="0.048" name="ILE"/><nutrient amount="0.116" name="LEU"/><nutrient amount="0.068" name="LYS"/><nutrient amount="0.02" name="MET"/><nutrient amount="0.058" name="PHE"/><nutrient amount="0.104" name="PRO"/><nutrient amount="0.052" name="SER"/><nutrient amount="0.04" name="THR"/><nutrient amount="0.012" name="TRP"/><nutrient amount="0.056" name="TYR"/><nutrient amount="0.068" name="VAL"/></food>