<food fcf="8.8" pcf="4.2" uid="03201" name="Babyfood, cereal, egg yolks and bacon, junior" ccf="3.9"><measure amount="1.0" grams="28.35" name="oz"/><measure amount="1.0" grams="170.0" name="jar"/><nutrient amount="79.0" name="Energy"/><nutrient amount="2.5" name="Protein"/><nutrient amount="5.0" name="Fat"/><nutrient amount="6.2" name="Carbs"/><nutrient amount="0.9" name="Fiber"/><nutrient amount="85.9" name="Water"/><nutrient amount="0.4" name="Ash"/><nutrient amount="28.0" name="Calcium"/><nutrient amount="0.02" name="Copper"/><nutrient amount="0.47" name="Iron"/><nutrient amount="5.0" name="Magnesium"/><nutrient amount="50.0" name="Phosphorus"/><nutrient amount="35.0" name="Potassium"/><nutrient amount="48.0" name="Sodium"/><nutrient amount="0.27" name="Zinc"/><nutrient amount="94.0" name="Vitamin A"/><nutrient amount="28.0" name="Retinol"/><nutrient amount="4.0" name="Folate"/><nutrient amount="0.05" name="B1 (Thiamine)"/><nutrient amount="0.077" name="B2 (Riboflavin)"/><nutrient amount="0.266" name="B3 (Niacin)"/><nutrient amount="1.105" name="B5 (Pantothenic Acid)"/><nutrient amount="0.026" name="B6 (Pyridoxine)"/><nutrient amount="0.09" name="B12 (Cyanocobalamin)"/><nutrient amount="0.9" name="Vitamin C"/><nutrient amount="1.64" name="Saturated"/><nutrient amount="2.207" name="Monounsaturated"/><nutrient amount="0.641" name="Polyunsaturated"/><nutrient amount="0.051" name="Omega-3"/><nutrient amount="0.5710000000000001" name="Omega-6"/><nutrient amount="94.0" name="Cholesterol"/></food>