<food fcf="8.4" pcf="4.0" uid="03216" name="Babyfood, teething biscuits" ccf="4.1"><measure amount="1.0" grams="28.35" name="oz"/><measure amount="1.0" grams="11.0" name="biscuit"/><nutrient amount="398.0" name="Energy"/><nutrient amount="9.0" name="Protein"/><nutrient amount="5.0" name="Fat"/><nutrient amount="78.03" name="Carbs"/><nutrient amount="1.9" name="Fiber"/><nutrient amount="28.5" name="Sugars"/><nutrient amount="6.4" name="Water"/><nutrient amount="1.57" name="Ash"/><nutrient amount="100.0" name="Calcium"/><nutrient amount="0.142" name="Copper"/><nutrient amount="3.55" name="Iron"/><nutrient amount="35.0" name="Magnesium"/><nutrient amount="164.0" name="Phosphorus"/><nutrient amount="323.0" name="Potassium"/><nutrient amount="23.5" name="Selenium"/><nutrient amount="258.0" name="Sodium"/><nutrient amount="0.93" name="Zinc"/><nutrient amount="116.0" name="Vitamin A"/><nutrient amount="27.0" name="Retinol"/><nutrient amount="6.0" name="Alpha-carotene"/><nutrient amount="13.0" name="Beta-carotene"/><nutrient amount="169.0" name="Lutein+Zeaxanthin"/><nutrient amount="49.0" name="Folate"/><nutrient amount="0.233" name="B1 (Thiamine)"/><nutrient amount="0.537" name="B2 (Riboflavin)"/><nutrient amount="4.33" name="B3 (Niacin)"/><nutrient amount="0.526" name="B5 (Pantothenic Acid)"/><nutrient amount="0.111" name="B6 (Pyridoxine)"/><nutrient amount="0.07" name="B12 (Cyanocobalamin)"/><nutrient amount="9.1" name="Vitamin C"/><nutrient amount="0.23" name="Vitamin E"/><nutrient amount="0.6" name="Vitamin K"/><nutrient amount="1.534" name="Saturated"/><nutrient amount="1.425" name="Monounsaturated"/><nutrient amount="0.863" name="Polyunsaturated"/><nutrient amount="0.058" name="Omega-3"/><nutrient amount="0.805" name="Omega-6"/><nutrient amount="0.367" name="ALA"/><nutrient amount="0.628" name="ASP"/><nutrient amount="0.343" name="ARG"/><nutrient amount="0.146" name="CYS"/><nutrient amount="2.204" name="GLU"/><nutrient amount="0.256" name="GLY"/><nutrient amount="0.222" name="HIS"/><nutrient amount="0.446" name="ILE"/><nutrient amount="0.822" name="LEU"/><nutrient amount="0.51" name="LYS"/><nutrient amount="0.193" name="MET"/><nutrient amount="0.419" name="PHE"/><nutrient amount="0.869" name="PRO"/><nutrient amount="0.467" name="SER"/><nutrient amount="0.385" name="THR"/><nutrient amount="0.12" name="TRP"/><nutrient amount="0.346" name="TYR"/><nutrient amount="0.496" name="VAL"/></food>