<food fcf="8.4" pcf="3.8" uid="03212" name="Babyfood, cereal, rice, with bananas, dry" ccf="4.2"><measure amount="1.0" grams="2.5" name="tbsp"/><measure amount="0.5" grams="15.0" name="oz"/><nutrient amount="404.0" name="Energy"/><nutrient amount="8.7" name="Protein"/><nutrient amount="4.2" name="Fat"/><nutrient amount="79.9" name="Carbs"/><nutrient amount="1.0" name="Fiber"/><nutrient amount="16.7" name="Sugars"/><nutrient amount="4.7" name="Water"/><nutrient amount="2.5" name="Ash"/><nutrient amount="691.0" name="Calcium"/><nutrient amount="0.254" name="Copper"/><nutrient amount="47.5" name="Iron"/><nutrient amount="141.0" name="Magnesium"/><nutrient amount="410.0" name="Phosphorus"/><nutrient amount="769.0" name="Potassium"/><nutrient amount="11.6" name="Selenium"/><nutrient amount="96.0" name="Sodium"/><nutrient amount="1.5" name="Zinc"/><nutrient amount="29.0" name="Vitamin A"/><nutrient amount="11.0" name="Alpha-carotene"/><nutrient amount="12.0" name="Beta-carotene"/><nutrient amount="39.0" name="Lutein+Zeaxanthin"/><nutrient amount="12.0" name="Folate"/><nutrient amount="3.97" name="B1 (Thiamine)"/><nutrient amount="3.8" name="B2 (Riboflavin)"/><nutrient amount="23.32" name="B3 (Niacin)"/><nutrient amount="0.686" name="B6 (Pyridoxine)"/><nutrient amount="0.21" name="B12 (Cyanocobalamin)"/><nutrient amount="2.0" name="Vitamin C"/><nutrient amount="0.37" name="Vitamin E"/><nutrient amount="3.8" name="Vitamin K"/><nutrient amount="0.978" name="Saturated"/><nutrient amount="0.986" name="Monounsaturated"/><nutrient amount="1.503" name="Polyunsaturated"/><nutrient amount="0.214" name="Omega-3"/><nutrient amount="1.288" name="Omega-6"/><nutrient amount="0.496" name="ALA"/><nutrient amount="0.857" name="ASP"/><nutrient amount="0.603" name="ARG"/><nutrient amount="0.184" name="CYS"/><nutrient amount="1.523" name="GLU"/><nutrient amount="0.364" name="GLY"/><nutrient amount="0.273" name="HIS"/><nutrient amount="0.464" name="ILE"/><nutrient amount="0.821" name="LEU"/><nutrient amount="0.452" name="LYS"/><nutrient amount="0.229" name="MET"/><nutrient amount="0.4" name="PHE"/><nutrient amount="0.418" name="PRO"/><nutrient amount="0.467" name="SER"/><nutrient amount="0.444" name="THR"/><nutrient amount="0.154" name="TRP"/><nutrient amount="0.368" name="TYR"/><nutrient amount="0.547" name="VAL"/></food>