<food uid="03215" fcf="8.4" pcf="4.0" name="Babyfood, pretzels" ccf="4.1"><measure amount="1.0" name="oz" grams="28.35"/><measure amount="1.0" name="pretzel" grams="6.0"/><nutrient amount="397.0" name="Energy"/><nutrient amount="10.8" name="Protein"/><nutrient amount="82.2" name="Carbs"/><nutrient amount="2.3" name="Fiber"/><nutrient amount="3.08" name="Sugars"/><nutrient amount="2.0" name="Fat"/><nutrient amount="0.0" name="Alcohol"/><nutrient amount="0.0" name="Caffeine"/><nutrient amount="4.0" name="Water"/><nutrient amount="1.0" name="Ash"/><nutrient amount="25.0" name="Calcium"/><nutrient amount="0.145" name="Copper"/><nutrient amount="3.77" name="Iron"/><nutrient amount="28.0" name="Magnesium"/><nutrient amount="110.0" name="Phosphorus"/><nutrient amount="137.0" name="Potassium"/><nutrient amount="7.6" name="Selenium"/><nutrient amount="269.0" name="Sodium"/><nutrient amount="0.78" name="Zinc"/><nutrient amount="8.0" name="Vitamin A"/><nutrient amount="0.0" name="Retinol"/><nutrient amount="1.0" name="Alpha-carotene"/><nutrient amount="4.0" name="Beta-carotene"/><nutrient amount="1.0" name="Beta-cryptoxanthin"/><nutrient amount="0.0" name="Lycopene"/><nutrient amount="72.0" name="Lutein+Zeaxanthin"/><nutrient amount="85.0" name="Folate"/><nutrient amount="0.463" name="B1 (Thiamine)"/><nutrient amount="0.357" name="B2 (Riboflavin)"/><nutrient amount="3.56" name="B3 (Niacin)"/><nutrient amount="0.54" name="B5 (Pantothenic Acid)"/><nutrient amount="0.083" name="B6 (Pyridoxine)"/><nutrient amount="0.0" name="B12 (Cyanocobalamin)"/><nutrient amount="3.8" name="Vitamin C"/><nutrient amount="0.28" name="Vitamin E"/><nutrient amount="0.5" name="Vitamin K"/><nutrient amount="0.316" name="Saturated"/><nutrient amount="0.188" name="Monounsaturated"/><nutrient amount="0.833" name="Polyunsaturated"/><nutrient amount="0.044" name="Omega-3"/><nutrient amount="0.789" name="Omega-6"/><nutrient amount="0.0" name="Cholesterol"/></food>