<food fcf="8.4" pcf="3.8" uid="03210" name="Babyfood, cereal, rice, with mixed fruit, junior" ccf="4.2"><measure amount="1.0" grams="15.0" name="tbsp"/><measure amount="1.0" grams="28.35" name="oz"/><measure amount="1.0" grams="170.0" name="jar"/><measure amount="1.0" grams="170.0" name="jar Gerber Third Foods (6 oz)"/><nutrient amount="79.0" name="Energy"/><nutrient amount="0.9" name="Protein"/><nutrient amount="0.2" name="Fat"/><nutrient amount="18.3" name="Carbs"/><nutrient amount="0.6" name="Fiber"/><nutrient amount="10.5" name="Sugars"/><nutrient amount="80.4" name="Water"/><nutrient amount="0.4" name="Ash"/><nutrient amount="16.0" name="Calcium"/><nutrient amount="0.025" name="Copper"/><nutrient amount="3.0" name="Fluoride"/><nutrient amount="2.6" name="Iron"/><nutrient amount="5.0" name="Magnesium"/><nutrient amount="21.0" name="Phosphorus"/><nutrient amount="50.0" name="Potassium"/><nutrient amount="2.1" name="Selenium"/><nutrient amount="10.0" name="Sodium"/><nutrient amount="0.14" name="Zinc"/><nutrient amount="15.0" name="Vitamin A"/><nutrient amount="7.0" name="Beta-carotene"/><nutrient amount="5.0" name="Beta-cryptoxanthin"/><nutrient amount="4.0" name="Lutein+Zeaxanthin"/><nutrient amount="1.0" name="Folate"/><nutrient amount="0.13" name="B1 (Thiamine)"/><nutrient amount="0.16" name="B2 (Riboflavin)"/><nutrient amount="2.12" name="B3 (Niacin)"/><nutrient amount="0.272" name="B5 (Pantothenic Acid)"/><nutrient amount="0.11" name="B6 (Pyridoxine)"/><nutrient amount="0.02" name="B12 (Cyanocobalamin)"/><nutrient amount="9.3" name="Vitamin C"/><nutrient amount="0.04" name="Vitamin E"/><nutrient amount="0.2" name="Vitamin K"/><nutrient amount="0.06" name="Saturated"/><nutrient amount="0.04" name="Monounsaturated"/><nutrient amount="0.05" name="Polyunsaturated"/><nutrient amount="0.0090" name="Omega-3"/><nutrient amount="0.042" name="Omega-6"/><nutrient amount="0.063" name="ALA"/><nutrient amount="0.111" name="ASP"/><nutrient amount="0.097" name="ARG"/><nutrient amount="0.021" name="CYS"/><nutrient amount="0.209" name="GLU"/><nutrient amount="0.052" name="GLY"/><nutrient amount="0.028" name="HIS"/><nutrient amount="0.047" name="ILE"/><nutrient amount="0.094" name="LEU"/><nutrient amount="0.042" name="LYS"/><nutrient amount="0.027" name="MET"/><nutrient amount="0.06" name="PHE"/><nutrient amount="0.053" name="PRO"/><nutrient amount="0.06" name="SER"/><nutrient amount="0.041" name="THR"/><nutrient amount="0.014" name="TRP"/><nutrient amount="0.059" name="TYR"/><nutrient amount="0.067" name="VAL"/></food>