<food fcf="8.4" pcf="4.0" uid="03217" name="Zwieback" ccf="4.1"><measure amount="1.0" grams="28.35" name="oz"/><measure amount="1.0" grams="7.0" name="piece"/><measure amount="1.0" grams="10.0" name="rusk"/><measure amount="1.0" grams="7.0" name="toast, Gerber Zwieback"/><nutrient amount="426.0" name="Energy"/><nutrient amount="10.1" name="Protein"/><nutrient amount="9.7" name="Fat"/><nutrient amount="74.2" name="Carbs"/><nutrient amount="2.5" name="Fiber"/><nutrient amount="12.4" name="Sugars"/><nutrient amount="4.5" name="Water"/><nutrient amount="1.5" name="Ash"/><nutrient amount="20.0" name="Calcium"/><nutrient amount="0.145" name="Copper"/><nutrient amount="0.6" name="Iron"/><nutrient amount="14.0" name="Magnesium"/><nutrient amount="55.0" name="Phosphorus"/><nutrient amount="305.0" name="Potassium"/><nutrient amount="28.7" name="Selenium"/><nutrient amount="232.0" name="Sodium"/><nutrient amount="0.54" name="Zinc"/><nutrient amount="58.0" name="Vitamin A"/><nutrient amount="15.0" name="Retinol"/><nutrient amount="4.0" name="Beta-carotene"/><nutrient amount="1.0" name="Beta-cryptoxanthin"/><nutrient amount="16.0" name="Lutein+Zeaxanthin"/><nutrient amount="87.0" name="Folate"/><nutrient amount="0.208" name="B1 (Thiamine)"/><nutrient amount="0.239" name="B2 (Riboflavin)"/><nutrient amount="1.319" name="B3 (Niacin)"/><nutrient amount="0.537" name="B5 (Pantothenic Acid)"/><nutrient amount="0.082" name="B6 (Pyridoxine)"/><nutrient amount="5.3" name="Vitamin C"/><nutrient amount="0.18" name="Vitamin E"/><nutrient amount="3.0" name="Vitamin K"/><nutrient amount="3.95" name="Saturated"/><nutrient amount="3.84" name="Monounsaturated"/><nutrient amount="1.29" name="Polyunsaturated"/><nutrient amount="0.11" name="Omega-3"/><nutrient amount="1.17" name="Omega-6"/><nutrient amount="21.0" name="Cholesterol"/><nutrient amount="31.0" name="Phytosterol"/></food>