<food fcf="9.0" pcf="4.0" uid="03221" name="Babyfood, dessert, dutch apple, junior" ccf="4.0"><measure amount="1.0" grams="28.35" name="oz"/><measure amount="1.0" grams="170.0" name="jar"/><nutrient amount="79.0" name="Energy"/><nutrient amount="0.2" name="Protein"/><nutrient amount="0.16" name="Fat"/><nutrient amount="19.29" name="Carbs"/><nutrient amount="1.4" name="Fiber"/><nutrient amount="17.89" name="Sugars"/><nutrient amount="80.32" name="Water"/><nutrient amount="0.14" name="Ash"/><nutrient amount="3.0" name="Calcium"/><nutrient amount="0.03" name="Copper"/><nutrient amount="2.0" name="Fluoride"/><nutrient amount="0.11" name="Iron"/><nutrient amount="4.0" name="Magnesium"/><nutrient amount="0.02" name="Manganese"/><nutrient amount="7.0" name="Phosphorus"/><nutrient amount="67.0" name="Potassium"/><nutrient amount="0.2" name="Selenium"/><nutrient amount="3.0" name="Sodium"/><nutrient amount="0.03" name="Zinc"/><nutrient amount="18.0" name="Vitamin A"/><nutrient amount="8.0" name="Beta-carotene"/><nutrient amount="6.0" name="Beta-cryptoxanthin"/><nutrient amount="11.0" name="Lutein+Zeaxanthin"/><nutrient amount="0.01" name="B1 (Thiamine)"/><nutrient amount="0.012" name="B2 (Riboflavin)"/><nutrient amount="0.048" name="B3 (Niacin)"/><nutrient amount="0.017" name="B5 (Pantothenic Acid)"/><nutrient amount="0.017" name="B6 (Pyridoxine)"/><nutrient amount="18.0" name="Vitamin C"/><nutrient amount="0.04" name="Vitamin E"/><nutrient amount="0.5" name="Vitamin K"/><nutrient amount="0.025" name="Saturated"/><nutrient amount="0.0060" name="Monounsaturated"/><nutrient amount="0.045" name="Polyunsaturated"/><nutrient amount="0.0080" name="Omega-3"/><nutrient amount="0.038" name="Omega-6"/><nutrient amount="0.0070" name="ALA"/><nutrient amount="0.035" name="ASP"/><nutrient amount="0.0060" name="ARG"/><nutrient amount="0.0030" name="CYS"/><nutrient amount="0.021" name="GLU"/><nutrient amount="0.0080" name="GLY"/><nutrient amount="0.0030" name="HIS"/><nutrient amount="0.0080" name="ILE"/><nutrient amount="0.012" name="LEU"/><nutrient amount="0.013" name="LYS"/><nutrient amount="0.0020" name="MET"/><nutrient amount="0.0060" name="PHE"/><nutrient amount="0.0070" name="PRO"/><nutrient amount="0.0080" name="SER"/><nutrient amount="0.0070" name="THR"/><nutrient amount="0.0020" name="TRP"/><nutrient amount="0.0040" name="TYR"/><nutrient amount="0.0090" name="VAL"/></food>