<food fcf="8.9" pcf="4.3" uid="03226" name="Babyfood, dessert, fruit pudding, orange, strained" ccf="3.8"><measure amount="1.0" grams="28.35" name="oz"/><measure amount="1.0" grams="113.0" name="jar"/><nutrient amount="80.0" name="Energy"/><nutrient amount="1.1" name="Protein"/><nutrient amount="0.9" name="Fat"/><nutrient amount="17.7" name="Carbs"/><nutrient amount="0.6" name="Fiber"/><nutrient amount="79.8" name="Water"/><nutrient amount="0.6" name="Ash"/><nutrient amount="32.0" name="Calcium"/><nutrient amount="0.05" name="Copper"/><nutrient amount="0.1" name="Iron"/><nutrient amount="5.0" name="Magnesium"/><nutrient amount="28.0" name="Phosphorus"/><nutrient amount="86.0" name="Potassium"/><nutrient amount="0.6" name="Selenium"/><nutrient amount="20.0" name="Sodium"/><nutrient amount="0.17" name="Zinc"/><nutrient amount="115.0" name="Vitamin A"/><nutrient amount="8.0" name="Folate"/><nutrient amount="0.04" name="B1 (Thiamine)"/><nutrient amount="0.057" name="B2 (Riboflavin)"/><nutrient amount="0.119" name="B3 (Niacin)"/><nutrient amount="0.251" name="B5 (Pantothenic Acid)"/><nutrient amount="0.027" name="B6 (Pyridoxine)"/><nutrient amount="0.01" name="B12 (Cyanocobalamin)"/><nutrient amount="9.1" name="Vitamin C"/><nutrient amount="0.545" name="Saturated"/><nutrient amount="0.257" name="Monounsaturated"/><nutrient amount="0.038" name="Polyunsaturated"/><nutrient amount="0.014" name="Omega-3"/><nutrient amount="0.027" name="Omega-6"/><nutrient amount="3.0" name="Cholesterol"/><nutrient amount="0.044" name="ALA"/><nutrient amount="0.132" name="ASP"/><nutrient amount="0.085" name="ARG"/><nutrient amount="0.225" name="GLU"/><nutrient amount="0.027" name="GLY"/><nutrient amount="0.031" name="HIS"/><nutrient amount="0.057" name="ILE"/><nutrient amount="0.113" name="LEU"/><nutrient amount="0.09" name="LYS"/><nutrient amount="0.015" name="MET"/><nutrient amount="0.042" name="PHE"/><nutrient amount="0.118" name="PRO"/><nutrient amount="0.062" name="SER"/><nutrient amount="0.045" name="THR"/><nutrient amount="0.045" name="TYR"/><nutrient amount="0.07" name="VAL"/></food>