<food fcf="8.4" pcf="3.4" uid="03227" name="Babyfood, dessert, peach cobbler, strained" ccf="3.6"><measure amount="1.0" grams="15.0" name="tbsp"/><measure amount="1.0" grams="28.35" name="oz"/><measure amount="1.0" grams="113.0" name="jar"/><measure amount="1.0" grams="113.0" name="jar Gerber Second Food (4 oz)"/><measure amount="1.0" grams="113.0" name="jar Heinz Strained-2 (4 oz)"/><nutrient amount="65.0" name="Energy"/><nutrient amount="0.3" name="Protein"/><nutrient amount="17.8" name="Carbs"/><nutrient amount="0.7" name="Fiber"/><nutrient amount="10.62" name="Sugars"/><nutrient amount="81.8" name="Water"/><nutrient amount="0.24" name="Ash"/><nutrient amount="4.0" name="Calcium"/><nutrient amount="0.19" name="Copper"/><nutrient amount="0.1" name="Iron"/><nutrient amount="2.0" name="Magnesium"/><nutrient amount="5.0" name="Phosphorus"/><nutrient amount="54.0" name="Potassium"/><nutrient amount="1.0" name="Selenium"/><nutrient amount="7.0" name="Sodium"/><nutrient amount="0.3" name="Zinc"/><nutrient amount="138.0" name="Vitamin A"/><nutrient amount="69.0" name="Beta-carotene"/><nutrient amount="28.0" name="Beta-cryptoxanthin"/><nutrient amount="39.0" name="Lutein+Zeaxanthin"/><nutrient amount="2.0" name="Folate"/><nutrient amount="0.0090" name="B1 (Thiamine)"/><nutrient amount="0.014" name="B2 (Riboflavin)"/><nutrient amount="0.259" name="B3 (Niacin)"/><nutrient amount="0.0070" name="B6 (Pyridoxine)"/><nutrient amount="20.5" name="Vitamin C"/><nutrient amount="0.31" name="Vitamin E"/><nutrient amount="1.1" name="Vitamin K"/></food>