<food uid="03220" fcf="8.4" pcf="3.4" name="Babyfood, dessert, dutch apple, strained" ccf="3.6"><measure amount="1.0" name="oz" grams="28.35"/><measure amount="1.0" name="jar" grams="113.0"/><nutrient amount="75.0" name="Energy"/><nutrient amount="0.2" name="Protein"/><nutrient amount="19.74" name="Carbs"/><nutrient amount="1.4" name="Fiber"/><nutrient amount="17.89" name="Sugars"/><nutrient amount="0.4" name="Fat"/><nutrient amount="0.0" name="Alcohol"/><nutrient amount="0.0" name="Caffeine"/><nutrient amount="79.5" name="Water"/><nutrient amount="0.16" name="Ash"/><nutrient amount="5.0" name="Calcium"/><nutrient amount="0.059" name="Copper"/><nutrient amount="0.2" name="Iron"/><nutrient amount="2.0" name="Magnesium"/><nutrient amount="3.0" name="Phosphorus"/><nutrient amount="33.0" name="Potassium"/><nutrient amount="0.2" name="Selenium"/><nutrient amount="16.0" name="Sodium"/><nutrient amount="0.01" name="Zinc"/><nutrient amount="49.0" name="Vitamin A"/><nutrient amount="0.0" name="Retinol"/><nutrient amount="0.0" name="Alpha-carotene"/><nutrient amount="21.0" name="Beta-carotene"/><nutrient amount="16.0" name="Beta-cryptoxanthin"/><nutrient amount="0.0" name="Lycopene"/><nutrient amount="15.0" name="Lutein+Zeaxanthin"/><nutrient amount="1.0" name="Folate"/><nutrient amount="0.011" name="B1 (Thiamine)"/><nutrient amount="0.013" name="B2 (Riboflavin)"/><nutrient amount="0.048" name="B3 (Niacin)"/><nutrient amount="0.011" name="B6 (Pyridoxine)"/><nutrient amount="0.0" name="B12 (Cyanocobalamin)"/><nutrient amount="21.4" name="Vitamin C"/><nutrient amount="0.04" name="Vitamin E"/><nutrient amount="0.5" name="Vitamin K"/><nutrient amount="0.19" name="Saturated"/><nutrient amount="0.08" name="Monounsaturated"/><nutrient amount="0.01" name="Polyunsaturated"/><nutrient amount="0.0030" name="Omega-3"/><nutrient amount="0.0070" name="Omega-6"/><nutrient amount="0.0" name="Cholesterol"/></food>