<food fcf="8.9" pcf="4.3" uid="03225" name="Babyfood, dessert, cherry vanilla pudding, junior" ccf="3.6"><measure amount="1.0" grams="28.35" name="oz"/><measure amount="1.0" grams="170.0" name="jar"/><nutrient amount="69.0" name="Energy"/><nutrient amount="0.2" name="Protein"/><nutrient amount="0.2" name="Fat"/><nutrient amount="18.4" name="Carbs"/><nutrient amount="0.3" name="Fiber"/><nutrient amount="16.98" name="Sugars"/><nutrient amount="81.0" name="Water"/><nutrient amount="0.2" name="Ash"/><nutrient amount="5.0" name="Calcium"/><nutrient amount="0.051" name="Copper"/><nutrient amount="0.17" name="Iron"/><nutrient amount="2.0" name="Magnesium"/><nutrient amount="7.0" name="Phosphorus"/><nutrient amount="33.0" name="Potassium"/><nutrient amount="0.6" name="Selenium"/><nutrient amount="15.0" name="Sodium"/><nutrient amount="0.03" name="Zinc"/><nutrient amount="261.0" name="Vitamin A"/><nutrient amount="6.0" name="Retinol"/><nutrient amount="145.0" name="Beta-carotene"/><nutrient amount="9.0" name="Lutein+Zeaxanthin"/><nutrient amount="0.0070" name="B1 (Thiamine)"/><nutrient amount="0.011" name="B2 (Riboflavin)"/><nutrient amount="0.038" name="B3 (Niacin)"/><nutrient amount="0.012" name="B6 (Pyridoxine)"/><nutrient amount="0.01" name="B12 (Cyanocobalamin)"/><nutrient amount="1.1" name="Vitamin C"/><nutrient amount="0.01" name="Vitamin E"/><nutrient amount="0.2" name="Vitamin K"/><nutrient amount="0.058" name="Saturated"/><nutrient amount="0.07" name="Monounsaturated"/><nutrient amount="0.036" name="Polyunsaturated"/><nutrient amount="0.009000000000000001" name="Omega-3"/><nutrient amount="0.027000000000000003" name="Omega-6"/><nutrient amount="10.0" name="Cholesterol"/></food>