<food uid="03228" fcf="8.4" pcf="3.4" name="Babyfood, dessert, peach cobbler, junior" ccf="3.6"><measure amount="1.0" name="tbsp" grams="15.0"/><measure amount="1.0" name="oz" grams="28.35"/><measure amount="1.0" name="jar" grams="220.0"/><measure amount="1.0" name="jar Gerber Third Foods (6 oz)" grams="170.0"/><nutrient amount="67.0" name="Energy"/><nutrient amount="0.3" name="Protein"/><nutrient amount="18.3" name="Carbs"/><nutrient amount="0.7" name="Fiber"/><nutrient amount="11.89" name="Sugars"/><nutrient amount="0.0" name="Fat"/><nutrient amount="0.0" name="Alcohol"/><nutrient amount="0.0" name="Caffeine"/><nutrient amount="81.2" name="Water"/><nutrient amount="0.24" name="Ash"/><nutrient amount="4.0" name="Calcium"/><nutrient amount="0.196" name="Copper"/><nutrient amount="8.0" name="Fluoride"/><nutrient amount="0.1" name="Iron"/><nutrient amount="2.0" name="Magnesium"/><nutrient amount="6.0" name="Phosphorus"/><nutrient amount="56.0" name="Potassium"/><nutrient amount="1.0" name="Selenium"/><nutrient amount="9.0" name="Sodium"/><nutrient amount="0.03" name="Zinc"/><nutrient amount="138.0" name="Vitamin A"/><nutrient amount="0.0" name="Retinol"/><nutrient amount="0.0" name="Alpha-carotene"/><nutrient amount="68.0" name="Beta-carotene"/><nutrient amount="28.0" name="Beta-cryptoxanthin"/><nutrient amount="0.0" name="Lycopene"/><nutrient amount="39.0" name="Lutein+Zeaxanthin"/><nutrient amount="3.0" name="Folate"/><nutrient amount="0.01" name="B1 (Thiamine)"/><nutrient amount="0.015" name="B2 (Riboflavin)"/><nutrient amount="0.259" name="B3 (Niacin)"/><nutrient amount="0.0070" name="B6 (Pyridoxine)"/><nutrient amount="0.0" name="B12 (Cyanocobalamin)"/><nutrient amount="20.5" name="Vitamin C"/><nutrient amount="0.31" name="Vitamin E"/><nutrient amount="1.1" name="Vitamin K"/><nutrient amount="0.0" name="Saturated"/><nutrient amount="0.0" name="Monounsaturated"/><nutrient amount="0.0" name="Polyunsaturated"/><nutrient amount="0.0" name="Omega-3"/><nutrient amount="0.0" name="Omega-6"/><nutrient amount="0.0" name="Cholesterol"/></food>