<food fcf="8.9" pcf="4.3" uid="03233" name="Babyfood, dessert, fruit pudding, pineapple, strained" ccf="3.6"><measure amount="1.0" grams="15.0" name="tbsp"/><measure amount="1.0" grams="28.35" name="oz"/><measure amount="1.0" grams="113.0" name="jar"/><measure amount="1.0" grams="113.0" name="jar Gerber Second Food (4 oz)"/><nutrient amount="81.0" name="Energy"/><nutrient amount="1.3" name="Protein"/><nutrient amount="0.3" name="Fat"/><nutrient amount="20.3" name="Carbs"/><nutrient amount="0.7" name="Fiber"/><nutrient amount="10.28" name="Sugars"/><nutrient amount="77.6" name="Water"/><nutrient amount="0.5" name="Ash"/><nutrient amount="31.0" name="Calcium"/><nutrient amount="0.023" name="Copper"/><nutrient amount="0.18" name="Iron"/><nutrient amount="9.0" name="Magnesium"/><nutrient amount="31.0" name="Phosphorus"/><nutrient amount="81.0" name="Potassium"/><nutrient amount="1.2" name="Selenium"/><nutrient amount="19.0" name="Sodium"/><nutrient amount="0.2" name="Zinc"/><nutrient amount="40.0" name="Vitamin A"/><nutrient amount="11.0" name="Retinol"/><nutrient amount="5.0" name="Folate"/><nutrient amount="0.038" name="B1 (Thiamine)"/><nutrient amount="0.046" name="B2 (Riboflavin)"/><nutrient amount="0.107" name="B3 (Niacin)"/><nutrient amount="0.192" name="B5 (Pantothenic Acid)"/><nutrient amount="0.04" name="B6 (Pyridoxine)"/><nutrient amount="0.06" name="B12 (Cyanocobalamin)"/><nutrient amount="27.2" name="Vitamin C"/><nutrient amount="0.099" name="Saturated"/><nutrient amount="0.109" name="Monounsaturated"/><nutrient amount="0.041" name="Polyunsaturated"/><nutrient amount="0.0040" name="Omega-3"/><nutrient amount="0.037000000000000005" name="Omega-6"/></food>