<food fcf="9.0" pcf="4.0" uid="03246" name="Babyfood, dessert, custard pudding, vanilla, junior" ccf="4.0"><measure amount="1.0" grams="229.0" name="cup"/><measure amount="1.0" grams="14.0" name="tbsp"/><measure amount="1.0" grams="28.35" name="oz"/><measure amount="1.0" grams="170.0" name="jar"/><measure amount="1.0" grams="170.0" name="jar Beech-Nut Stage 3 (6 oz)"/><measure amount="1.0" grams="170.0" name="jar Gerber Third Foods (6 oz)"/><measure amount="1.0" grams="170.0" name="jar Heinz Junior-3 (6 oz)"/><nutrient amount="86.0" name="Energy"/><nutrient amount="1.76" name="Protein"/><nutrient amount="0.98" name="Fat"/><nutrient amount="17.58" name="Carbs"/><nutrient amount="0.2" name="Fiber"/><nutrient amount="12.2" name="Sugars"/><nutrient amount="79.31" name="Water"/><nutrient amount="0.37" name="Ash"/><nutrient amount="54.0" name="Calcium"/><nutrient amount="0.01" name="Copper"/><nutrient amount="4.0" name="Fluoride"/><nutrient amount="0.22" name="Iron"/><nutrient amount="5.0" name="Magnesium"/><nutrient amount="0.01" name="Manganese"/><nutrient amount="55.0" name="Phosphorus"/><nutrient amount="68.0" name="Potassium"/><nutrient amount="2.4" name="Selenium"/><nutrient amount="26.0" name="Sodium"/><nutrient amount="0.3" name="Zinc"/><nutrient amount="47.0" name="Vitamin A"/><nutrient amount="13.0" name="Retinol"/><nutrient amount="1.0" name="Alpha-carotene"/><nutrient amount="1.0" name="Beta-carotene"/><nutrient amount="1.0" name="Beta-cryptoxanthin"/><nutrient amount="39.0" name="Lutein+Zeaxanthin"/><nutrient amount="6.0" name="Folate"/><nutrient amount="0.012" name="B1 (Thiamine)"/><nutrient amount="0.054" name="B2 (Riboflavin)"/><nutrient amount="0.076" name="B3 (Niacin)"/><nutrient amount="0.232" name="B5 (Pantothenic Acid)"/><nutrient amount="0.03" name="B6 (Pyridoxine)"/><nutrient amount="0.23" name="B12 (Cyanocobalamin)"/><nutrient amount="0.4" name="Vitamin C"/><nutrient amount="0.09" name="Vitamin E"/><nutrient amount="0.325" name="Saturated"/><nutrient amount="0.364" name="Monounsaturated"/><nutrient amount="0.128" name="Polyunsaturated"/><nutrient amount="0.0070" name="Omega-3"/><nutrient amount="0.121" name="Omega-6"/><nutrient amount="38.0" name="Cholesterol"/></food>