<food uid="03269" fcf="9.0" pcf="4.0" name="Babyfood, juice, apple, with calcium" ccf="4.0"><measure amount="1.0" name="serving" grams="189.0"/><nutrient amount="45.0" name="Energy"/><nutrient amount="0.06" name="Protein"/><nutrient amount="11.1" name="Carbs"/><nutrient amount="0.4" name="Fiber"/><nutrient amount="9.0" name="Sugars"/><nutrient amount="0.1" name="Fat"/><nutrient amount="0.0" name="Alcohol"/><nutrient amount="0.0" name="Caffeine"/><nutrient amount="88.3" name="Water"/><nutrient amount="0.48" name="Ash"/><nutrient amount="127.0" name="Calcium"/><nutrient amount="0.01" name="Copper"/><nutrient amount="0.2" name="Iron"/><nutrient amount="6.0" name="Magnesium"/><nutrient amount="0.29" name="Manganese"/><nutrient amount="8.0" name="Phosphorus"/><nutrient amount="92.0" name="Potassium"/><nutrient amount="0.1" name="Selenium"/><nutrient amount="3.0" name="Sodium"/><nutrient amount="0.03" name="Zinc"/><nutrient amount="0.0" name="Vitamin A"/><nutrient amount="0.0" name="Retinol"/><nutrient amount="0.0" name="Alpha-carotene"/><nutrient amount="0.0" name="Beta-carotene"/><nutrient amount="0.0" name="Beta-cryptoxanthin"/><nutrient amount="0.0" name="Lycopene"/><nutrient amount="0.0" name="Lutein+Zeaxanthin"/><nutrient amount="0.0" name="Folate"/><nutrient amount="0.02" name="B1 (Thiamine)"/><nutrient amount="0.02" name="B2 (Riboflavin)"/><nutrient amount="0.08" name="B3 (Niacin)"/><nutrient amount="0.06" name="B5 (Pantothenic Acid)"/><nutrient amount="0.03" name="B6 (Pyridoxine)"/><nutrient amount="0.0" name="B12 (Cyanocobalamin)"/><nutrient amount="21.2" name="Vitamin C"/><nutrient amount="0.0" name="Vitamin E"/><nutrient amount="0.0" name="Vitamin K"/><nutrient amount="0.018" name="Saturated"/><nutrient amount="0.0050" name="Monounsaturated"/><nutrient amount="0.032" name="Polyunsaturated"/><nutrient amount="0.0060" name="Omega-3"/><nutrient amount="0.027" name="Omega-6"/><nutrient amount="0.0" name="Cholesterol"/></food>