<food fcf="9.0" pcf="4.0" uid="03267" name="Babyfood, juice, fruit punch, with calcium" ccf="4.0"><nutrient amount="52.0" name="Energy"/><nutrient amount="0.2" name="Protein"/><nutrient amount="0.1" name="Fat"/><nutrient amount="12.7" name="Carbs"/><nutrient amount="0.4" name="Fiber"/><nutrient amount="10.6" name="Sugars"/><nutrient amount="86.5" name="Water"/><nutrient amount="0.52" name="Ash"/><nutrient amount="64.0" name="Calcium"/><nutrient amount="0.02" name="Copper"/><nutrient amount="0.3" name="Iron"/><nutrient amount="7.0" name="Magnesium"/><nutrient amount="0.09" name="Manganese"/><nutrient amount="11.0" name="Phosphorus"/><nutrient amount="86.0" name="Potassium"/><nutrient amount="0.1" name="Selenium"/><nutrient amount="4.0" name="Sodium"/><nutrient amount="0.04" name="Zinc"/><nutrient amount="3.0" name="Vitamin A"/><nutrient amount="2.0" name="Beta-carotene"/><nutrient amount="21.0" name="Lutein+Zeaxanthin"/><nutrient amount="1.0" name="Folate"/><nutrient amount="0.01" name="B1 (Thiamine)"/><nutrient amount="0.02" name="B2 (Riboflavin)"/><nutrient amount="0.1" name="B3 (Niacin)"/><nutrient amount="0.056" name="B5 (Pantothenic Acid)"/><nutrient amount="0.05" name="B6 (Pyridoxine)"/><nutrient amount="21.2" name="Vitamin C"/><nutrient amount="0.01" name="Vitamin E"/><nutrient amount="0.1" name="Vitamin K"/><nutrient amount="0.02" name="Saturated"/><nutrient amount="0.0040" name="Monounsaturated"/><nutrient amount="0.029" name="Polyunsaturated"/><nutrient amount="0.0060" name="Omega-3"/><nutrient amount="0.025" name="Omega-6"/></food>