<food fcf="8.4" pcf="3.0" uid="03278" name="Babyfood, dinner, mixed vegetable, strained" ccf="3.8"><measure amount="1.0" grams="28.35" name="oz"/><measure amount="1.0" grams="113.0" name="jar"/><nutrient amount="41.0" name="Energy"/><nutrient amount="1.2" name="Protein"/><nutrient amount="0.1" name="Fat"/><nutrient amount="9.5" name="Carbs"/><nutrient amount="88.7" name="Water"/><nutrient amount="0.5" name="Ash"/><nutrient amount="22.0" name="Calcium"/><nutrient amount="0.044" name="Copper"/><nutrient amount="0.33" name="Iron"/><nutrient amount="11.0" name="Magnesium"/><nutrient amount="24.0" name="Phosphorus"/><nutrient amount="121.0" name="Potassium"/><nutrient amount="0.7" name="Selenium"/><nutrient amount="8.0" name="Sodium"/><nutrient amount="0.16" name="Zinc"/><nutrient amount="2728.0" name="Vitamin A"/><nutrient amount="8.0" name="Folate"/><nutrient amount="0.015" name="B1 (Thiamine)"/><nutrient amount="0.031" name="B2 (Riboflavin)"/><nutrient amount="0.502" name="B3 (Niacin)"/><nutrient amount="0.277" name="B5 (Pantothenic Acid)"/><nutrient amount="0.075" name="B6 (Pyridoxine)"/><nutrient amount="2.8" name="Vitamin C"/></food>