<food fcf="8.37" pcf="3.36" uid="03280" name="Babyfood, fruit, bananas with tapioca, junior" ccf="3.6"><measure amount="1.0" grams="15.0" name="tbsp"/><measure amount="1.0" grams="28.35" name="oz"/><measure amount="1.0" grams="170.0" name="jar"/><measure amount="1.0" grams="170.0" name="jar Gerber Third Foods (6 oz)"/><measure amount="1.0" grams="170.0" name="jar Heinz Junior-3 (6 oz)"/><nutrient amount="67.0" name="Energy"/><nutrient amount="0.4" name="Protein"/><nutrient amount="0.2" name="Fat"/><nutrient amount="17.8" name="Carbs"/><nutrient amount="1.6" name="Fiber"/><nutrient amount="7.1" name="Sugars"/><nutrient amount="81.5" name="Water"/><nutrient amount="0.2" name="Ash"/><nutrient amount="8.0" name="Calcium"/><nutrient amount="0.046" name="Copper"/><nutrient amount="0.3" name="Iron"/><nutrient amount="12.0" name="Magnesium"/><nutrient amount="9.0" name="Phosphorus"/><nutrient amount="108.0" name="Potassium"/><nutrient amount="0.6" name="Selenium"/><nutrient amount="9.0" name="Sodium"/><nutrient amount="0.07" name="Zinc"/><nutrient amount="44.0" name="Vitamin A"/><nutrient amount="17.0" name="Alpha-carotene"/><nutrient amount="18.0" name="Beta-carotene"/><nutrient amount="6.0" name="Lutein+Zeaxanthin"/><nutrient amount="6.0" name="Folate"/><nutrient amount="0.015" name="B1 (Thiamine)"/><nutrient amount="0.02" name="B2 (Riboflavin)"/><nutrient amount="0.218" name="B3 (Niacin)"/><nutrient amount="0.173" name="B5 (Pantothenic Acid)"/><nutrient amount="0.139" name="B6 (Pyridoxine)"/><nutrient amount="25.7" name="Vitamin C"/><nutrient amount="0.6" name="Vitamin E"/><nutrient amount="0.2" name="Vitamin K"/><nutrient amount="0.076" name="Saturated"/><nutrient amount="0.018" name="Monounsaturated"/><nutrient amount="0.037" name="Polyunsaturated"/><nutrient amount="0.014" name="Omega-3"/><nutrient amount="0.024" name="Omega-6"/></food>