<food fcf="8.37" pcf="2.44" uid="03282" name="Babyfood, vegetables, mix vegetables junior" ccf="3.57"><measure amount="1.0" grams="240.0" name="cup"/><measure amount="1.0" grams="15.0" name="tbsp"/><measure amount="1.0" grams="28.35" name="oz"/><measure amount="1.0" grams="216.0" name="jar (7.5 oz-7.75 oz)"/><measure amount="1.0" grams="170.0" name="jar"/><nutrient amount="36.0" name="Energy"/><nutrient amount="1.4" name="Protein"/><nutrient amount="0.4" name="Fat"/><nutrient amount="8.2" name="Carbs"/><nutrient amount="1.5" name="Fiber"/><nutrient amount="1.78" name="Sugars"/><nutrient amount="89.4" name="Water"/><nutrient amount="0.6" name="Ash"/><nutrient amount="11.0" name="Calcium"/><nutrient amount="0.041" name="Copper"/><nutrient amount="0.41" name="Iron"/><nutrient amount="11.0" name="Magnesium"/><nutrient amount="25.0" name="Phosphorus"/><nutrient amount="170.0" name="Potassium"/><nutrient amount="0.7" name="Selenium"/><nutrient amount="36.0" name="Sodium"/><nutrient amount="0.27" name="Zinc"/><nutrient amount="4195.0" name="Vitamin A"/><nutrient amount="915.0" name="Alpha-carotene"/><nutrient amount="2060.0" name="Beta-carotene"/><nutrient amount="497.0" name="Lutein+Zeaxanthin"/><nutrient amount="4.0" name="Folate"/><nutrient amount="0.029" name="B1 (Thiamine)"/><nutrient amount="0.032" name="B2 (Riboflavin)"/><nutrient amount="0.665" name="B3 (Niacin)"/><nutrient amount="0.259" name="B5 (Pantothenic Acid)"/><nutrient amount="0.081" name="B6 (Pyridoxine)"/><nutrient amount="2.5" name="Vitamin C"/><nutrient amount="0.52" name="Vitamin E"/><nutrient amount="7.4" name="Vitamin K"/><nutrient amount="0.079" name="Saturated"/><nutrient amount="0.025" name="Monounsaturated"/><nutrient amount="0.186" name="Polyunsaturated"/><nutrient amount="0.031" name="Omega-3"/><nutrient amount="0.153" name="Omega-6"/><nutrient amount="0.062" name="ALA"/><nutrient amount="0.165" name="ASP"/><nutrient amount="0.093" name="ARG"/><nutrient amount="0.028" name="CYS"/><nutrient amount="0.369" name="GLU"/><nutrient amount="0.054" name="GLY"/><nutrient amount="0.031" name="HIS"/><nutrient amount="0.056" name="ILE"/><nutrient amount="0.091" name="LEU"/><nutrient amount="0.047" name="LYS"/><nutrient amount="0.021" name="MET"/><nutrient amount="0.055" name="PHE"/><nutrient amount="0.11" name="PRO"/><nutrient amount="0.054" name="SER"/><nutrient amount="0.045" name="THR"/><nutrient amount="0.015" name="TRP"/><nutrient amount="0.052" name="TYR"/><nutrient amount="0.069" name="VAL"/></food>