<food uid="03290" fcf="9.0" pcf="4.0" name="Babyfood, carrots and beef, strained" ccf="4.0"><measure amount="1.0" name="tbsp" grams="15.0"/><measure amount="1.0" name="jar NFS" grams="113.0"/><measure amount="1.0" name="jar Gerber Second Food (4 oz)" grams="113.0"/><nutrient amount="59.0" name="Energy"/><nutrient amount="3.4" name="Protein"/><nutrient amount="5.7" name="Carbs"/><nutrient amount="2.6" name="Fiber"/><nutrient amount="2.04" name="Sugars"/><nutrient amount="2.5" name="Fat"/><nutrient amount="0.0" name="Alcohol"/><nutrient amount="0.0" name="Caffeine"/><nutrient amount="87.3" name="Water"/><nutrient amount="0.7" name="Ash"/><nutrient amount="22.0" name="Calcium"/><nutrient amount="0.054" name="Copper"/><nutrient amount="0.5" name="Iron"/><nutrient amount="13.0" name="Magnesium"/><nutrient amount="0.14" name="Manganese"/><nutrient amount="45.0" name="Phosphorus"/><nutrient amount="226.0" name="Potassium"/><nutrient amount="2.8" name="Selenium"/><nutrient amount="58.0" name="Sodium"/><nutrient amount="0.8" name="Zinc"/><nutrient amount="14452.0" name="Vitamin A"/><nutrient amount="0.0" name="Retinol"/><nutrient amount="3716.0" name="Alpha-carotene"/><nutrient amount="6813.0" name="Beta-carotene"/><nutrient amount="0.0" name="Beta-cryptoxanthin"/><nutrient amount="1.0" name="Lycopene"/><nutrient amount="139.0" name="Lutein+Zeaxanthin"/><nutrient amount="17.0" name="Folate"/><nutrient amount="0.02" name="B1 (Thiamine)"/><nutrient amount="0.06" name="B2 (Riboflavin)"/><nutrient amount="0.93" name="B3 (Niacin)"/><nutrient amount="0.1" name="B6 (Pyridoxine)"/><nutrient amount="0.3" name="B12 (Cyanocobalamin)"/><nutrient amount="0.8" name="Vitamin C"/><nutrient amount="0.65" name="Vitamin E"/><nutrient amount="7.4" name="Vitamin K"/><nutrient amount="0.96" name="Saturated"/><nutrient amount="1.06" name="Monounsaturated"/><nutrient amount="0.13" name="Polyunsaturated"/><nutrient amount="0.01" name="Omega-3"/><nutrient amount="0.067" name="Omega-6"/><nutrient amount="8.0" name="Cholesterol"/></food>