<food fcf="9.0" pcf="4.0" uid="03296" name="Babyfood, dinner, turkey, rice, and vegetables, toddler" ccf="4.0"><nutrient amount="59.0" name="Energy"/><nutrient amount="3.8" name="Protein"/><nutrient amount="1.6" name="Fat"/><nutrient amount="7.5" name="Carbs"/><nutrient amount="0.8" name="Fiber"/><nutrient amount="0.66" name="Sugars"/><nutrient amount="86.3" name="Water"/><nutrient amount="0.8" name="Ash"/><nutrient amount="11.0" name="Calcium"/><nutrient amount="0.1" name="Copper"/><nutrient amount="0.4" name="Iron"/><nutrient amount="14.0" name="Magnesium"/><nutrient amount="0.23" name="Manganese"/><nutrient amount="63.0" name="Phosphorus"/><nutrient amount="107.0" name="Potassium"/><nutrient amount="3.3" name="Selenium"/><nutrient amount="183.0" name="Sodium"/><nutrient amount="0.61" name="Zinc"/><nutrient amount="2268.0" name="Vitamin A"/><nutrient amount="489.0" name="Alpha-carotene"/><nutrient amount="1116.0" name="Beta-carotene"/><nutrient amount="65.0" name="Lycopene"/><nutrient amount="153.0" name="Lutein+Zeaxanthin"/><nutrient amount="3.0" name="Folate"/><nutrient amount="0.07" name="B1 (Thiamine)"/><nutrient amount="0.07" name="B2 (Riboflavin)"/><nutrient amount="2.11" name="B3 (Niacin)"/><nutrient amount="0.264" name="B5 (Pantothenic Acid)"/><nutrient amount="0.13" name="B6 (Pyridoxine)"/><nutrient amount="0.1" name="B12 (Cyanocobalamin)"/><nutrient amount="0.3" name="Vitamin C"/><nutrient amount="0.15" name="Vitamin E"/><nutrient amount="3.9" name="Vitamin K"/><nutrient amount="0.5" name="Saturated"/><nutrient amount="0.555" name="Monounsaturated"/><nutrient amount="0.309" name="Polyunsaturated"/><nutrient amount="0.01" name="Omega-3"/><nutrient amount="0.299" name="Omega-6"/><nutrient amount="7.0" name="Cholesterol"/></food>