<food fcf="9.0" pcf="4.0" uid="03293" name="Babyfood, plums, bananas and rice, strained" ccf="4.0"><nutrient amount="57.0" name="Energy"/><nutrient amount="1.1" name="Protein"/><nutrient amount="0.3" name="Fat"/><nutrient amount="12.7" name="Carbs"/><nutrient amount="1.3" name="Fiber"/><nutrient amount="9.3" name="Sugars"/><nutrient amount="85.6" name="Water"/><nutrient amount="0.43" name="Ash"/><nutrient amount="3.0" name="Calcium"/><nutrient amount="0.054" name="Copper"/><nutrient amount="11.0" name="Magnesium"/><nutrient amount="32.0" name="Phosphorus"/><nutrient amount="265.0" name="Potassium"/><nutrient amount="2.4" name="Selenium"/><nutrient amount="1.0" name="Sodium"/><nutrient amount="0.13" name="Zinc"/><nutrient amount="133.0" name="Vitamin A"/><nutrient amount="73.0" name="Beta-carotene"/><nutrient amount="13.0" name="Beta-cryptoxanthin"/><nutrient amount="65.0" name="Lutein+Zeaxanthin"/><nutrient amount="6.0" name="Folate"/><nutrient amount="0.04" name="B1 (Thiamine)"/><nutrient amount="0.05" name="B2 (Riboflavin)"/><nutrient amount="0.8" name="B3 (Niacin)"/><nutrient amount="0.13" name="B6 (Pyridoxine)"/><nutrient amount="12.3" name="Vitamin C"/><nutrient amount="0.24" name="Vitamin E"/><nutrient amount="0.07" name="Gamma Tocopherol"/><nutrient amount="5.7" name="Vitamin K"/><nutrient amount="0.06" name="Saturated"/><nutrient amount="0.12" name="Monounsaturated"/><nutrient amount="0.07" name="Polyunsaturated"/><nutrient amount="0.0080" name="Omega-3"/><nutrient amount="0.058" name="Omega-6"/></food>