<food uid="03303" fcf="9.0" pcf="4.0" name="Babyfood, dinner, sweet potatoes and chicken, strained" ccf="4.0"><measure amount="1.0" name="tbsp" grams="16.0"/><measure amount="1.0" name="jar Beech-Nut Stage 2 (4 oz)" grams="113.0"/><nutrient amount="74.0" name="Energy"/><nutrient amount="2.51" name="Protein"/><nutrient amount="11.04" name="Carbs"/><nutrient amount="1.3" name="Fiber"/><nutrient amount="5.37" name="Sugars"/><nutrient amount="2.17" name="Fat"/><nutrient amount="0.0" name="Alcohol"/><nutrient amount="0.0" name="Caffeine"/><nutrient amount="83.7" name="Water"/><nutrient amount="0.58" name="Ash"/><nutrient amount="30.0" name="Calcium"/><nutrient amount="0.081" name="Copper"/><nutrient amount="0.45" name="Iron"/><nutrient amount="13.0" name="Magnesium"/><nutrient amount="0.153" name="Manganese"/><nutrient amount="25.0" name="Phosphorus"/><nutrient amount="200.0" name="Potassium"/><nutrient amount="1.7" name="Selenium"/><nutrient amount="22.0" name="Sodium"/><nutrient amount="0.37" name="Zinc"/><nutrient amount="4318.0" name="Vitamin A"/><nutrient amount="1.0" name="Retinol"/><nutrient amount="0.0" name="Alpha-carotene"/><nutrient amount="2590.0" name="Beta-carotene"/><nutrient amount="0.0" name="Beta-cryptoxanthin"/><nutrient amount="0.0" name="Lycopene"/><nutrient amount="0.0" name="Lutein+Zeaxanthin"/><nutrient amount="6.0" name="Folate"/><nutrient amount="0.02" name="B1 (Thiamine)"/><nutrient amount="0.04" name="B2 (Riboflavin)"/><nutrient amount="1.04" name="B3 (Niacin)"/><nutrient amount="0.329" name="B5 (Pantothenic Acid)"/><nutrient amount="0.137" name="B6 (Pyridoxine)"/><nutrient amount="0.05" name="B12 (Cyanocobalamin)"/><nutrient amount="0.0" name="Vitamin C"/><nutrient amount="0.58" name="Vitamin E"/><nutrient amount="1.3" name="Vitamin K"/><nutrient amount="0.572" name="Saturated"/><nutrient amount="0.98" name="Monounsaturated"/><nutrient amount="0.48" name="Polyunsaturated"/><nutrient amount="0.024" name="Omega-3"/><nutrient amount="0.487" name="Omega-6"/><nutrient amount="11.0" name="Cholesterol"/><nutrient amount="0.0" name="Phytosterol"/></food>