<food uid="03681" fcf="9.0" pcf="4.0" name="Babyfood, cereal, barley, prepared with whole milk" ccf="4.0"><measure amount="1.0" name="oz" grams="28.35"/><nutrient amount="111.0" name="Energy"/><nutrient amount="4.6" name="Protein"/><nutrient amount="16.3" name="Carbs"/><nutrient amount="3.3" name="Fat"/><nutrient amount="74.7" name="Water"/><nutrient amount="1.2" name="Ash"/><nutrient amount="230.0" name="Calcium"/><nutrient amount="0.084" name="Copper"/><nutrient amount="12.34" name="Iron"/><nutrient amount="30.0" name="Magnesium"/><nutrient amount="150.0" name="Phosphorus"/><nutrient amount="192.0" name="Potassium"/><nutrient amount="49.0" name="Sodium"/><nutrient amount="0.83" name="Zinc"/><nutrient amount="105.0" name="Vitamin A"/><nutrient amount="9.0" name="Folate"/><nutrient amount="0.481" name="B1 (Thiamine)"/><nutrient amount="0.578" name="B2 (Riboflavin)"/><nutrient amount="5.984" name="B3 (Niacin)"/><nutrient amount="0.348" name="B5 (Pantothenic Acid)"/><nutrient amount="0.096" name="B6 (Pyridoxine)"/><nutrient amount="0.3" name="B12 (Cyanocobalamin)"/><nutrient amount="0.163" name="ALA"/><nutrient amount="0.192" name="ARG"/><nutrient amount="0.314" name="ASP"/><nutrient amount="0.068" name="CYS"/><nutrient amount="1.099" name="GLU"/><nutrient amount="0.127" name="GLY"/><nutrient amount="0.115" name="HIS"/><nutrient amount="0.235" name="ILE"/><nutrient amount="0.402" name="LEU"/><nutrient amount="0.278" name="LYS"/><nutrient amount="0.103" name="MET"/><nutrient amount="0.24" name="PHE"/><nutrient amount="0.504" name="PRO"/><nutrient amount="0.228" name="SER"/><nutrient amount="0.186" name="THR"/><nutrient amount="0.06" name="TRP"/><nutrient amount="0.2" name="TYR"/><nutrient amount="0.281" name="VAL"/></food>