<food uid="03685" fcf="9.0" pcf="4.0" name="Babyfood, cereal, mixed, prepared with whole milk" ccf="4.0"><measure amount="1.0" name="oz" grams="28.35"/><nutrient amount="113.0" name="Energy"/><nutrient amount="4.8" name="Protein"/><nutrient amount="15.9" name="Carbs"/><nutrient amount="1.3" name="Fiber"/><nutrient amount="3.5" name="Fat"/><nutrient amount="74.6" name="Water"/><nutrient amount="1.1" name="Ash"/><nutrient amount="220.0" name="Calcium"/><nutrient amount="0.063" name="Copper"/><nutrient amount="10.43" name="Iron"/><nutrient amount="27.0" name="Magnesium"/><nutrient amount="142.0" name="Phosphorus"/><nutrient amount="199.0" name="Potassium"/><nutrient amount="47.0" name="Sodium"/><nutrient amount="0.71" name="Zinc"/><nutrient amount="105.0" name="Vitamin A"/><nutrient amount="23.0" name="Retinol"/><nutrient amount="11.0" name="Folate"/><nutrient amount="0.432" name="B1 (Thiamine)"/><nutrient amount="0.581" name="B2 (Riboflavin)"/><nutrient amount="5.775" name="B3 (Niacin)"/><nutrient amount="0.438" name="B5 (Pantothenic Acid)"/><nutrient amount="0.066" name="B6 (Pyridoxine)"/><nutrient amount="0.3" name="B12 (Cyanocobalamin)"/><nutrient amount="1.2" name="Vitamin C"/><nutrient amount="1.927" name="Saturated"/><nutrient amount="11.0" name="Cholesterol"/><nutrient amount="0.19" name="ALA"/><nutrient amount="0.214" name="ARG"/><nutrient amount="0.328" name="ASP"/><nutrient amount="0.081" name="CYS"/><nutrient amount="1.099" name="GLU"/><nutrient amount="0.149" name="GLY"/><nutrient amount="0.121" name="HIS"/><nutrient amount="0.244" name="ILE"/><nutrient amount="0.44" name="LEU"/><nutrient amount="0.284" name="LYS"/><nutrient amount="0.108" name="MET"/><nutrient amount="0.243" name="PHE"/><nutrient amount="0.438" name="PRO"/><nutrient amount="0.243" name="SER"/><nutrient amount="0.19" name="THR"/><nutrient amount="0.064" name="TRP"/><nutrient amount="0.213" name="TYR"/><nutrient amount="0.291" name="VAL"/></food>