<food uid="03686" fcf="9.0" pcf="4.0" name="Babyfood, cereal, mixed, with bananas, prepared with whole milk" ccf="4.0"><measure amount="1.0" name="oz" grams="28.35"/><nutrient amount="115.0" name="Energy"/><nutrient amount="4.5" name="Protein"/><nutrient amount="16.6" name="Carbs"/><nutrient amount="1.3" name="Fiber"/><nutrient amount="3.6" name="Fat"/><nutrient amount="74.3" name="Water"/><nutrient amount="1.1" name="Ash"/><nutrient amount="214.0" name="Calcium"/><nutrient amount="0.05" name="Copper"/><nutrient amount="11.15" name="Iron"/><nutrient amount="26.0" name="Magnesium"/><nutrient amount="138.0" name="Phosphorus"/><nutrient amount="237.0" name="Potassium"/><nutrient amount="60.0" name="Sodium"/><nutrient amount="0.55" name="Zinc"/><nutrient amount="108.0" name="Vitamin A"/><nutrient amount="20.0" name="Retinol"/><nutrient amount="7.0" name="Folate"/><nutrient amount="0.653" name="B1 (Thiamine)"/><nutrient amount="0.72" name="B2 (Riboflavin)"/><nutrient amount="3.449" name="B3 (Niacin)"/><nutrient amount="0.102" name="B6 (Pyridoxine)"/><nutrient amount="0.34" name="B12 (Cyanocobalamin)"/><nutrient amount="1.4" name="Vitamin C"/><nutrient amount="1.982" name="Saturated"/><nutrient amount="11.0" name="Cholesterol"/><nutrient amount="0.166" name="ALA"/><nutrient amount="0.182" name="ARG"/><nutrient amount="0.337" name="ASP"/><nutrient amount="0.058" name="CYS"/><nutrient amount="0.983" name="GLU"/><nutrient amount="0.119" name="GLY"/><nutrient amount="0.126" name="HIS"/><nutrient amount="0.236" name="ILE"/><nutrient amount="0.426" name="LEU"/><nutrient amount="0.293" name="LYS"/><nutrient amount="0.105" name="MET"/><nutrient amount="0.222" name="PHE"/><nutrient amount="0.408" name="PRO"/><nutrient amount="0.232" name="SER"/><nutrient amount="0.184" name="THR"/><nutrient amount="0.059" name="TRP"/><nutrient amount="0.205" name="TYR"/><nutrient amount="0.283" name="VAL"/></food>