<food fcf="9.0" pcf="4.0" uid="03682" name="Babyfood, cereal, high protein, prepared with whole milk" ccf="4.0"><measure amount="1.0" grams="28.35" name="oz"/><nutrient amount="111.0" name="Energy"/><nutrient amount="8.7" name="Protein"/><nutrient amount="3.8" name="Fat"/><nutrient amount="11.6" name="Carbs"/><nutrient amount="74.5" name="Water"/><nutrient amount="1.5" name="Ash"/><nutrient amount="218.0" name="Calcium"/><nutrient amount="0.217" name="Copper"/><nutrient amount="12.14" name="Iron"/><nutrient amount="48.0" name="Magnesium"/><nutrient amount="177.0" name="Phosphorus"/><nutrient amount="349.0" name="Potassium"/><nutrient amount="49.0" name="Sodium"/><nutrient amount="1.04" name="Zinc"/><nutrient amount="105.0" name="Vitamin A"/><nutrient amount="35.0" name="Folate"/><nutrient amount="0.47" name="B1 (Thiamine)"/><nutrient amount="0.579" name="B2 (Riboflavin)"/><nutrient amount="5.668" name="B3 (Niacin)"/><nutrient amount="0.465" name="B5 (Pantothenic Acid)"/><nutrient amount="0.113" name="B6 (Pyridoxine)"/><nutrient amount="0.3" name="B12 (Cyanocobalamin)"/><nutrient amount="0.364" name="ALA"/><nutrient amount="0.934" name="ASP"/><nutrient amount="0.558" name="ARG"/><nutrient amount="0.144" name="CYS"/><nutrient amount="1.791" name="GLU"/><nutrient amount="0.333" name="GLY"/><nutrient amount="0.241" name="HIS"/><nutrient amount="0.454" name="ILE"/><nutrient amount="0.752" name="LEU"/><nutrient amount="0.607" name="LYS"/><nutrient amount="0.169" name="MET"/><nutrient amount="0.443" name="PHE"/><nutrient amount="0.608" name="PRO"/><nutrient amount="0.465" name="SER"/><nutrient amount="0.364" name="THR"/><nutrient amount="0.129" name="TRP"/><nutrient amount="0.363" name="TYR"/><nutrient amount="0.488" name="VAL"/></food>