<food uid="03694" fcf="9.0" pcf="4.0" name="Babyfood, cereal, rice, prepared with whole milk" ccf="4.0"><measure amount="1.0" name="oz" grams="28.35"/><nutrient amount="115.0" name="Energy"/><nutrient amount="3.9" name="Protein"/><nutrient amount="16.7" name="Carbs"/><nutrient amount="0.1" name="Fiber"/><nutrient amount="3.6" name="Fat"/><nutrient amount="74.6" name="Water"/><nutrient amount="1.2" name="Ash"/><nutrient amount="239.0" name="Calcium"/><nutrient amount="0.062" name="Copper"/><nutrient amount="12.19" name="Iron"/><nutrient amount="45.0" name="Magnesium"/><nutrient amount="175.0" name="Phosphorus"/><nutrient amount="190.0" name="Potassium"/><nutrient amount="46.0" name="Sodium"/><nutrient amount="0.64" name="Zinc"/><nutrient amount="105.0" name="Vitamin A"/><nutrient amount="19.0" name="Retinol"/><nutrient amount="8.0" name="Folate"/><nutrient amount="0.466" name="B1 (Thiamine)"/><nutrient amount="0.5" name="B2 (Riboflavin)"/><nutrient amount="5.205" name="B3 (Niacin)"/><nutrient amount="0.113" name="B6 (Pyridoxine)"/><nutrient amount="0.3" name="B12 (Cyanocobalamin)"/><nutrient amount="1.2" name="Vitamin C"/><nutrient amount="2.325" name="Saturated"/><nutrient amount="11.0" name="Cholesterol"/><nutrient amount="0.164" name="ALA"/><nutrient amount="0.205" name="ARG"/><nutrient amount="0.323" name="ASP"/><nutrient amount="0.052" name="CYS"/><nutrient amount="0.787" name="GLU"/><nutrient amount="0.118" name="GLY"/><nutrient amount="0.106" name="HIS"/><nutrient amount="0.213" name="ILE"/><nutrient amount="0.36" name="LEU"/><nutrient amount="0.268" name="LYS"/><nutrient amount="0.099" name="MET"/><nutrient amount="0.192" name="PHE"/><nutrient amount="0.318" name="PRO"/><nutrient amount="0.205" name="SER"/><nutrient amount="0.176" name="THR"/><nutrient amount="0.053" name="TRP"/><nutrient amount="0.186" name="TYR"/><nutrient amount="0.257" name="VAL"/></food>