<food fcf="9.0" pcf="4.0" uid="03696" name="Babyfood, cereal, rice, with honey, prepared with whole milk" ccf="4.0"><measure amount="1.0" grams="28.35" name="oz"/><nutrient amount="115.0" name="Energy"/><nutrient amount="3.9" name="Protein"/><nutrient amount="3.3" name="Fat"/><nutrient amount="17.1" name="Carbs"/><nutrient amount="74.4" name="Water"/><nutrient amount="1.3" name="Ash"/><nutrient amount="291.0" name="Calcium"/><nutrient amount="0.063" name="Copper"/><nutrient amount="10.81" name="Iron"/><nutrient amount="45.0" name="Magnesium"/><nutrient amount="181.0" name="Phosphorus"/><nutrient amount="141.0" name="Potassium"/><nutrient amount="49.0" name="Sodium"/><nutrient amount="0.65" name="Zinc"/><nutrient amount="108.0" name="Vitamin A"/><nutrient amount="19.0" name="Retinol"/><nutrient amount="27.0" name="Beta-carotene"/><nutrient amount="8.0" name="Folate"/><nutrient amount="0.476" name="B1 (Thiamine)"/><nutrient amount="0.608" name="B2 (Riboflavin)"/><nutrient amount="6.083" name="B3 (Niacin)"/><nutrient amount="0.115" name="B6 (Pyridoxine)"/><nutrient amount="0.3" name="B12 (Cyanocobalamin)"/></food>