<food fcf="9.0" pcf="4.0" uid="03712" name="Babyfood, cereal, rice, with bananas, prepared with whole milk" ccf="4.0"><measure amount="1.0" grams="28.35" name="oz"/><nutrient amount="117.0" name="Energy"/><nutrient amount="4.2" name="Protein"/><nutrient amount="3.5" name="Fat"/><nutrient amount="17.0" name="Carbs"/><nutrient amount="0.2" name="Fiber"/><nutrient amount="74.3" name="Water"/><nutrient amount="1.0" name="Ash"/><nutrient amount="213.0" name="Calcium"/><nutrient amount="0.05" name="Copper"/><nutrient amount="11.04" name="Iron"/><nutrient amount="34.0" name="Magnesium"/><nutrient amount="145.0" name="Phosphorus"/><nutrient amount="253.0" name="Potassium"/><nutrient amount="57.0" name="Sodium"/><nutrient amount="0.56" name="Zinc"/><nutrient amount="100.0" name="Vitamin A"/><nutrient amount="21.0" name="Retinol"/><nutrient amount="18.0" name="Beta-carotene"/><nutrient amount="6.0" name="Folate"/><nutrient amount="0.684" name="B1 (Thiamine)"/><nutrient amount="0.759" name="B2 (Riboflavin)"/><nutrient amount="3.902" name="B3 (Niacin)"/><nutrient amount="0.147" name="B6 (Pyridoxine)"/><nutrient amount="0.33" name="B12 (Cyanocobalamin)"/><nutrient amount="1.1" name="Vitamin C"/><nutrient amount="2.261" name="Saturated"/><nutrient amount="11.0" name="Cholesterol"/><nutrient amount="0.175" name="ALA"/><nutrient amount="0.349" name="ASP"/><nutrient amount="0.198" name="ARG"/><nutrient amount="0.055" name="CYS"/><nutrient amount="0.826" name="GLU"/><nutrient amount="0.118" name="GLY"/><nutrient amount="0.119" name="HIS"/><nutrient amount="0.242" name="ILE"/><nutrient amount="0.404" name="LEU"/><nutrient amount="0.292" name="LYS"/><nutrient amount="0.106" name="MET"/><nutrient amount="0.198" name="PHE"/><nutrient amount="0.335" name="PRO"/><nutrient amount="0.226" name="SER"/><nutrient amount="0.197" name="THR"/><nutrient amount="0.063" name="TRP"/><nutrient amount="0.193" name="TYR"/><nutrient amount="0.273" name="VAL"/></food>