<food uid="03804" fcf="9.0" pcf="4.0" name="Infant formula, MEAD JOHNSON, ENFAMIL, with iron, liquid concentrate, not reconstituted" ccf="4.0"><measure amount="1.0" name="fl oz" grams="31.4"/><nutrient amount="128.0" name="Energy"/><nutrient amount="2.68" name="Protein"/><nutrient amount="13.92" name="Carbs"/><nutrient amount="0.0" name="Fiber"/><nutrient amount="13.96" name="Sugars"/><nutrient amount="7.31" name="Fat"/><nutrient amount="0.0" name="Alcohol"/><nutrient amount="0.0" name="Caffeine"/><nutrient amount="75.47" name="Water"/><nutrient amount="0.62" name="Ash"/><nutrient amount="100.0" name="Calcium"/><nutrient amount="0.096" name="Copper"/><nutrient amount="2.3" name="Iron"/><nutrient amount="10.0" name="Magnesium"/><nutrient amount="0.019" name="Manganese"/><nutrient amount="68.0" name="Phosphorus"/><nutrient amount="138.0" name="Potassium"/><nutrient amount="3.6" name="Selenium"/><nutrient amount="35.0" name="Sodium"/><nutrient amount="1.28" name="Zinc"/><nutrient amount="377.0" name="Vitamin A"/><nutrient amount="113.0" name="Retinol"/><nutrient amount="0.0" name="Alpha-carotene"/><nutrient amount="0.0" name="Beta-carotene"/><nutrient amount="0.0" name="Beta-cryptoxanthin"/><nutrient amount="0.0" name="Lycopene"/><nutrient amount="0.0" name="Lutein+Zeaxanthin"/><nutrient amount="20.0" name="Folate"/><nutrient amount="0.102" name="B1 (Thiamine)"/><nutrient amount="0.179" name="B2 (Riboflavin)"/><nutrient amount="1.283" name="B3 (Niacin)"/><nutrient amount="0.077" name="B6 (Pyridoxine)"/><nutrient amount="0.38" name="B12 (Cyanocobalamin)"/><nutrient amount="15.3" name="Vitamin C"/><nutrient amount="77.0" name="Vitamin D"/><nutrient amount="1.7" name="Vitamin E"/><nutrient amount="10.2" name="Vitamin K"/><nutrient amount="3.093" name="Saturated"/><nutrient amount="2.8" name="Monounsaturated"/><nutrient amount="1.41" name="Polyunsaturated"/><nutrient amount="0.122" name="Omega-3"/><nutrient amount="1.288" name="Omega-6"/><nutrient amount="1.0" name="Cholesterol"/></food>