<food uid="03802" fcf="9.0" pcf="4.0" name="Infant formula, NESTLE, GOOD START SUPREME, with iron, powder" ccf="4.0"><measure amount="1.0" name="scoop" grams="8.7"/><nutrient amount="509.0" name="Energy"/><nutrient amount="11.3" name="Protein"/><nutrient amount="57.32" name="Carbs"/><nutrient amount="0.0" name="Fiber"/><nutrient amount="39.3" name="Sugars"/><nutrient amount="26.1" name="Fat"/><nutrient amount="0.0" name="Alcohol"/><nutrient amount="0.0" name="Caffeine"/><nutrient amount="2.5" name="Water"/><nutrient amount="2.78" name="Ash"/><nutrient amount="328.0" name="Calcium"/><nutrient amount="0.41" name="Copper"/><nutrient amount="7.7" name="Iron"/><nutrient amount="36.0" name="Magnesium"/><nutrient amount="184.0" name="Phosphorus"/><nutrient amount="553.0" name="Potassium"/><nutrient amount="10.2" name="Selenium"/><nutrient amount="138.0" name="Sodium"/><nutrient amount="4.1" name="Zinc"/><nutrient amount="1537.0" name="Vitamin A"/><nutrient amount="461.0" name="Retinol"/><nutrient amount="0.0" name="Alpha-carotene"/><nutrient amount="0.0" name="Beta-carotene"/><nutrient amount="0.0" name="Beta-cryptoxanthin"/><nutrient amount="0.0" name="Lycopene"/><nutrient amount="0.0" name="Lutein+Zeaxanthin"/><nutrient amount="77.0" name="Folate"/><nutrient amount="0.512" name="B1 (Thiamine)"/><nutrient amount="0.717" name="B2 (Riboflavin)"/><nutrient amount="5.38" name="B3 (Niacin)"/><nutrient amount="0.384" name="B6 (Pyridoxine)"/><nutrient amount="1.1" name="B12 (Cyanocobalamin)"/><nutrient amount="46.1" name="Vitamin C"/><nutrient amount="7.7" name="Vitamin E"/><nutrient amount="41.0" name="Vitamin K"/><nutrient amount="11.66" name="Saturated"/><nutrient amount="8.5" name="Monounsaturated"/><nutrient amount="5.88" name="Polyunsaturated"/><nutrient amount="0.51" name="Omega-3"/><nutrient amount="5.37" name="Omega-6"/><nutrient amount="32.0" name="Cholesterol"/></food>