<food fcf="9.0" pcf="4.0" uid="03800" name="Infant formula, NESTLE, GOOD START SUPREME, with iron, ready-to-feed" ccf="4.0"><measure amount="1.0" grams="30.5" name="fl oz"/><nutrient amount="66.0" name="Energy"/><nutrient amount="1.45" name="Protein"/><nutrient amount="3.37" name="Fat"/><nutrient amount="7.39" name="Carbs"/><nutrient amount="5.0" name="Sugars"/><nutrient amount="87.5" name="Water"/><nutrient amount="0.29" name="Ash"/><nutrient amount="42.0" name="Calcium"/><nutrient amount="0.053" name="Copper"/><nutrient amount="0.99" name="Iron"/><nutrient amount="5.0" name="Magnesium"/><nutrient amount="24.0" name="Phosphorus"/><nutrient amount="71.0" name="Potassium"/><nutrient amount="1.3" name="Selenium"/><nutrient amount="18.0" name="Sodium"/><nutrient amount="0.53" name="Zinc"/><nutrient amount="198.0" name="Vitamin A"/><nutrient amount="60.0" name="Retinol"/><nutrient amount="10.0" name="Folate"/><nutrient amount="0.066" name="B1 (Thiamine)"/><nutrient amount="0.092" name="B2 (Riboflavin)"/><nutrient amount="0.693" name="B3 (Niacin)"/><nutrient amount="0.05" name="B6 (Pyridoxine)"/><nutrient amount="0.22" name="B12 (Cyanocobalamin)"/><nutrient amount="5.9" name="Vitamin C"/><nutrient amount="0.99" name="Vitamin E"/><nutrient amount="5.3" name="Vitamin K"/><nutrient amount="1.47" name="Saturated"/><nutrient amount="1.08" name="Monounsaturated"/><nutrient amount="0.74" name="Polyunsaturated"/><nutrient amount="0.06" name="Omega-3"/><nutrient amount="0.68" name="Omega-6"/><nutrient amount="4.0" name="Cholesterol"/></food>