<food fcf="9.0" pcf="4.0" uid="03807" name="Infant formula, MEAD JOHNSON, ENFAMIL, low iron, liquid concentrate, not reconstituted" ccf="4.0"><measure amount="1.0" grams="31.4" name="fl oz"/><nutrient amount="131.0" name="Energy"/><nutrient amount="2.76" name="Protein"/><nutrient amount="7.25" name="Fat"/><nutrient amount="14.31" name="Carbs"/><nutrient amount="14.0" name="Sugars"/><nutrient amount="75.34" name="Water"/><nutrient amount="0.6" name="Ash"/><nutrient amount="102.0" name="Calcium"/><nutrient amount="0.098" name="Copper"/><nutrient amount="0.92" name="Iron"/><nutrient amount="11.0" name="Magnesium"/><nutrient amount="70.0" name="Phosphorus"/><nutrient amount="142.0" name="Potassium"/><nutrient amount="3.6" name="Selenium"/><nutrient amount="35.0" name="Sodium"/><nutrient amount="1.31" name="Zinc"/><nutrient amount="394.0" name="Vitamin A"/><nutrient amount="118.0" name="Retinol"/><nutrient amount="21.0" name="Folate"/><nutrient amount="0.105" name="B1 (Thiamine)"/><nutrient amount="0.184" name="B2 (Riboflavin)"/><nutrient amount="1.313" name="B3 (Niacin)"/><nutrient amount="0.079" name="B6 (Pyridoxine)"/><nutrient amount="0.39" name="B12 (Cyanocobalamin)"/><nutrient amount="15.8" name="Vitamin C"/><nutrient amount="78.0" name="Vitamin D"/><nutrient amount="1.22" name="Vitamin E"/><nutrient amount="10.3" name="Vitamin K"/><nutrient amount="3.084" name="Saturated"/><nutrient amount="2.693" name="Monounsaturated"/><nutrient amount="1.437" name="Polyunsaturated"/><nutrient amount="0.121" name="Omega-3"/><nutrient amount="1.256" name="Omega-6"/><nutrient amount="1.0" name="Cholesterol"/></food>