<food uid="03818" fcf="9.0" pcf="4.0" name="Infant formula, MEAD JOHNSON, ENFAMIL, LIPIL, low iron, liquid concentrate, with ARA and DHA" ccf="4.0"><nutrient amount="131.0" name="Energy"/><nutrient amount="2.76" name="Protein"/><nutrient amount="14.24" name="Carbs"/><nutrient amount="0.0" name="Fiber"/><nutrient amount="7.16" name="Fat"/><nutrient amount="0.0" name="Alcohol"/><nutrient amount="75.32" name="Water"/><nutrient amount="0.72" name="Ash"/><nutrient amount="102.0" name="Calcium"/><nutrient amount="0.098" name="Copper"/><nutrient amount="0.92" name="Iron"/><nutrient amount="11.0" name="Magnesium"/><nutrient amount="70.0" name="Phosphorus"/><nutrient amount="142.0" name="Potassium"/><nutrient amount="3.6" name="Selenium"/><nutrient amount="39.0" name="Sodium"/><nutrient amount="1.31" name="Zinc"/><nutrient amount="394.0" name="Vitamin A"/><nutrient amount="118.0" name="Retinol"/><nutrient amount="21.0" name="Folate"/><nutrient amount="0.105" name="B1 (Thiamine)"/><nutrient amount="0.184" name="B2 (Riboflavin)"/><nutrient amount="1.313" name="B3 (Niacin)"/><nutrient amount="0.079" name="B6 (Pyridoxine)"/><nutrient amount="0.39" name="B12 (Cyanocobalamin)"/><nutrient amount="15.8" name="Vitamin C"/><nutrient amount="1.22" name="Vitamin E"/><nutrient amount="3.078" name="Saturated"/><nutrient amount="2.659" name="Monounsaturated"/><nutrient amount="1.419" name="Polyunsaturated"/><nutrient amount="0.13999999999999999" name="Omega-3"/><nutrient amount="1.239" name="Omega-6"/><nutrient amount="2.0" name="Cholesterol"/></food>