<food fcf="9.0" pcf="4.0" uid="03810" name="Infant formula, MEAD JOHNSON, LOFENALAC, with iron, powder, not reconstituted" ccf="4.0">
<measure amount="1.0" grams="9.6" name="scoop"/>
<nutrient amount="462.0" name="Energy"/>
<nutrient amount="15.0" name="Protein"/>
<nutrient amount="60.0" name="Carbs"/>
<nutrient amount="9.6" name="Starch"/>
<nutrient amount="50.4" name="Sugars"/>
<nutrient amount="18.0" name="Fat"/>
<nutrient amount="3.4" name="Water"/>
<nutrient amount="3.6" name="Ash"/>
<nutrient amount="430.0" name="Calcium"/>
<nutrient amount="0.43" name="Copper"/>
<nutrient amount="8.6" name="Iron"/>
<nutrient amount="50.0" name="Magnesium"/>
<nutrient amount="320.0" name="Phosphorus"/>
<nutrient amount="470.0" name="Potassium"/>
<nutrient amount="10.6" name="Selenium"/>
<nutrient amount="220.0" name="Sodium"/>
<nutrient amount="3.6" name="Zinc"/>
<nutrient amount="1430.0" name="Vitamin A"/>
<nutrient amount="429.0" name="Retinol"/>
<nutrient amount="72.0" name="Folate"/>
<nutrient amount="0.36" name="B1 (Thiamine)"/>
<nutrient amount="0.43" name="B2 (Riboflavin)"/>
<nutrient amount="5.8" name="B3 (Niacin)"/>
<nutrient amount="0.29" name="B6 (Pyridoxine)"/>
<nutrient amount="1.43" name="B12 (Cyanocobalamin)"/>
<nutrient amount="37.0" name="Vitamin C"/>
<nutrient amount="290.0" name="Vitamin D"/>
<nutrient amount="10.6" name="Vitamin E"/>
<nutrient amount="72.0" name="Vitamin K"/>
<nutrient amount="2.36" name="Saturated"/>
<nutrient amount="4.64" name="Monounsaturated"/>
<nutrient amount="10.92" name="Polyunsaturated"/>
<nutrient amount="0.22" name="Omega-3"/>
<nutrient amount="10.7" name="Omega-6"/>
</food>
