<food uid="03811" fcf="9.0" pcf="4.0" name="Infant formula, MEAD JOHNSON, LOFENALAC, with iron, prepared from powder" ccf="4.0"><measure amount="1.0" name="fl oz" grams="30.8"/><nutrient amount="65.0" name="Energy"/><nutrient amount="2.14" name="Protein"/><nutrient amount="7.71" name="Carbs"/><nutrient amount="0.0" name="Fiber"/><nutrient amount="1.3" name="Starch"/><nutrient amount="7.1" name="Sugars"/><nutrient amount="2.54" name="Fat"/><nutrient amount="0.0" name="Alcohol"/><nutrient amount="0.0" name="Caffeine"/><nutrient amount="87.1" name="Water"/><nutrient amount="0.51" name="Ash"/><nutrient amount="61.0" name="Calcium"/><nutrient amount="0.061" name="Copper"/><nutrient amount="1.22" name="Iron"/><nutrient amount="7.0" name="Magnesium"/><nutrient amount="46.0" name="Phosphorus"/><nutrient amount="66.0" name="Potassium"/><nutrient amount="1.8" name="Selenium"/><nutrient amount="31.0" name="Sodium"/><nutrient amount="0.51" name="Zinc"/><nutrient amount="200.0" name="Vitamin A"/><nutrient amount="60.0" name="Retinol"/><nutrient amount="0.0" name="Alpha-carotene"/><nutrient amount="0.0" name="Beta-carotene"/><nutrient amount="0.0" name="Beta-cryptoxanthin"/><nutrient amount="0.0" name="Lycopene"/><nutrient amount="0.0" name="Lutein+Zeaxanthin"/><nutrient amount="10.0" name="Folate"/><nutrient amount="0.051" name="B1 (Thiamine)"/><nutrient amount="0.061" name="B2 (Riboflavin)"/><nutrient amount="0.813" name="B3 (Niacin)"/><nutrient amount="0.041" name="B6 (Pyridoxine)"/><nutrient amount="0.2" name="B12 (Cyanocobalamin)"/><nutrient amount="5.3" name="Vitamin C"/><nutrient amount="39.0" name="Vitamin D"/><nutrient amount="1.5" name="Vitamin E"/><nutrient amount="9.7" name="Vitamin K"/><nutrient amount="0.332" name="Saturated"/><nutrient amount="0.65" name="Monounsaturated"/><nutrient amount="1.528" name="Polyunsaturated"/><nutrient amount="0.033" name="Omega-3"/><nutrient amount="1.495" name="Omega-6"/><nutrient amount="0.0" name="Cholesterol"/></food>