<food uid="03812" fcf="9.0" pcf="4.0" name="Infant formula, MEAD JOHNSON, ENFAMIL, LIPIL, with Iron, liquid concentrate, with ARA and DHA" ccf="4.0"><nutrient amount="131.0" name="Energy"/><nutrient amount="2.76" name="Protein"/><nutrient amount="14.34" name="Carbs"/><nutrient amount="0.0" name="Fiber"/><nutrient amount="14.0" name="Sugars"/><nutrient amount="6.96" name="Fat"/><nutrient amount="0.0" name="Alcohol"/><nutrient amount="0.0" name="Caffeine"/><nutrient amount="75.34" name="Water"/><nutrient amount="0.6" name="Ash"/><nutrient amount="102.0" name="Calcium"/><nutrient amount="0.098" name="Copper"/><nutrient amount="2.36" name="Iron"/><nutrient amount="11.0" name="Magnesium"/><nutrient amount="70.0" name="Phosphorus"/><nutrient amount="142.0" name="Potassium"/><nutrient amount="3.6" name="Selenium"/><nutrient amount="35.0" name="Sodium"/><nutrient amount="1.31" name="Zinc"/><nutrient amount="394.0" name="Vitamin A"/><nutrient amount="118.0" name="Retinol"/><nutrient amount="0.0" name="Alpha-carotene"/><nutrient amount="0.0" name="Beta-carotene"/><nutrient amount="0.0" name="Beta-cryptoxanthin"/><nutrient amount="0.0" name="Lycopene"/><nutrient amount="0.0" name="Lutein+Zeaxanthin"/><nutrient amount="21.0" name="Folate"/><nutrient amount="0.105" name="B1 (Thiamine)"/><nutrient amount="0.184" name="B2 (Riboflavin)"/><nutrient amount="1.313" name="B3 (Niacin)"/><nutrient amount="0.079" name="B6 (Pyridoxine)"/><nutrient amount="0.39" name="B12 (Cyanocobalamin)"/><nutrient amount="15.8" name="Vitamin C"/><nutrient amount="78.0" name="Vitamin D"/><nutrient amount="1.22" name="Vitamin E"/><nutrient amount="10.3" name="Vitamin K"/><nutrient amount="3.08" name="Saturated"/><nutrient amount="2.656" name="Monounsaturated"/><nutrient amount="1.418" name="Polyunsaturated"/><nutrient amount="0.13999999999999999" name="Omega-3"/><nutrient amount="1.238" name="Omega-6"/><nutrient amount="1.0" name="Cholesterol"/></food>