<food fcf="9.0" pcf="4.0" uid="03814" name="Infant formula, MEAD JOHNSON, ENFAMIL, NUTRAMIGEN, with iron, powder, not reconstituted" ccf="4.0">
<measure amount="1.0" grams="9.6" name="scoop"/>
<nutrient amount="500.0" name="Energy"/>
<nutrient amount="13.9" name="Protein"/>
<nutrient amount="54.2" name="Carbs"/>
<nutrient amount="6.7" name="Starch"/>
<nutrient amount="44.3" name="Sugars"/>
<nutrient amount="26.0" name="Fat"/>
<nutrient amount="3.0" name="Water"/>
<nutrient amount="2.9" name="Ash"/>
<nutrient amount="470.0" name="Calcium"/>
<nutrient amount="0.37" name="Copper"/>
<nutrient amount="8.9" name="Iron"/>
<nutrient amount="55.0" name="Magnesium"/>
<nutrient amount="0.124" name="Manganese"/>
<nutrient amount="310.0" name="Phosphorus"/>
<nutrient amount="550.0" name="Potassium"/>
<nutrient amount="13.9" name="Selenium"/>
<nutrient amount="230.0" name="Sodium"/>
<nutrient amount="5.0" name="Zinc"/>
<nutrient amount="1490.0" name="Vitamin A"/>
<nutrient amount="450.0" name="Retinol"/>
<nutrient amount="79.0" name="Folate"/>
<nutrient amount="0.4" name="B1 (Thiamine)"/>
<nutrient amount="0.45" name="B2 (Riboflavin)"/>
<nutrient amount="5.0" name="B3 (Niacin)"/>
<nutrient amount="0.3" name="B6 (Pyridoxine)"/>
<nutrient amount="1.49" name="B12 (Cyanocobalamin)"/>
<nutrient amount="60.0" name="Vitamin C"/>
<nutrient amount="250.0" name="Vitamin D"/>
<nutrient amount="6.6" name="Vitamin E"/>
<nutrient amount="40.0" name="Vitamin K"/>
<nutrient amount="11.2" name="Saturated"/>
<nutrient amount="9.6" name="Monounsaturated"/>
<nutrient amount="5.2" name="Polyunsaturated"/>
<nutrient amount="0.43" name="Omega-3"/>
<nutrient amount="4.5" name="Omega-6"/>
</food>
