<food fcf="9.0" pcf="4.0" uid="03826" name="Infant formula, MEAD JOHNSON, ENFAMIL, PROSOBEE, with iron, powder, not reconstituted" ccf="4.0"><measure amount="1.0" grams="8.8" name="scoop"/><nutrient amount="510.0" name="Energy"/><nutrient amount="12.5" name="Protein"/><nutrient amount="27.0" name="Fat"/><nutrient amount="54.3" name="Carbs"/><nutrient amount="53.0" name="Sugars"/><nutrient amount="3.0" name="Water"/><nutrient amount="3.2" name="Ash"/><nutrient amount="530.0" name="Calcium"/><nutrient amount="0.38" name="Copper"/><nutrient amount="9.0" name="Iron"/><nutrient amount="55.0" name="Magnesium"/><nutrient amount="420.0" name="Phosphorus"/><nutrient amount="600.0" name="Potassium"/><nutrient amount="14.0" name="Selenium"/><nutrient amount="180.0" name="Sodium"/><nutrient amount="6.0" name="Zinc"/><nutrient amount="1500.0" name="Vitamin A"/><nutrient amount="450.0" name="Retinol"/><nutrient amount="80.0" name="Folate"/><nutrient amount="0.4" name="B1 (Thiamine)"/><nutrient amount="0.45" name="B2 (Riboflavin)"/><nutrient amount="5.0" name="B3 (Niacin)"/><nutrient amount="0.3" name="B6 (Pyridoxine)"/><nutrient amount="1.5" name="B12 (Cyanocobalamin)"/><nutrient amount="60.0" name="Vitamin C"/><nutrient amount="300.0" name="Vitamin D"/><nutrient amount="6.7" name="Vitamin E"/><nutrient amount="40.0" name="Vitamin K"/><nutrient amount="11.37" name="Saturated"/><nutrient amount="10.32" name="Monounsaturated"/><nutrient amount="5.2" name="Polyunsaturated"/><nutrient amount="0.45" name="Omega-3"/><nutrient amount="4.7" name="Omega-6"/></food>