<food uid="03821" fcf="9.0" pcf="4.0" name="Infant formula, MEAD JOHNSON, PREGESTIMIL, with iron, powder, not reconstituted" ccf="4.0"><measure amount="1.0" name="scoop" grams="8.8"/><nutrient amount="500.0" name="Energy"/><nutrient amount="14.0" name="Protein"/><nutrient amount="52.8" name="Carbs"/><nutrient amount="0.0" name="Fiber"/><nutrient amount="51.0" name="Sugars"/><nutrient amount="28.0" name="Fat"/><nutrient amount="0.0" name="Alcohol"/><nutrient amount="0.0" name="Caffeine"/><nutrient amount="2.0" name="Water"/><nutrient amount="3.2" name="Ash"/><nutrient amount="580.0" name="Calcium"/><nutrient amount="0.38" name="Copper"/><nutrient amount="9.4" name="Iron"/><nutrient amount="55.0" name="Magnesium"/><nutrient amount="380.0" name="Phosphorus"/><nutrient amount="550.0" name="Potassium"/><nutrient amount="14.0" name="Selenium"/><nutrient amount="240.0" name="Sodium"/><nutrient amount="5.0" name="Zinc"/><nutrient amount="1900.0" name="Vitamin A"/><nutrient amount="570.0" name="Retinol"/><nutrient amount="0.0" name="Alpha-carotene"/><nutrient amount="0.0" name="Beta-carotene"/><nutrient amount="0.0" name="Beta-cryptoxanthin"/><nutrient amount="0.0" name="Lycopene"/><nutrient amount="0.0" name="Lutein+Zeaxanthin"/><nutrient amount="80.0" name="Folate"/><nutrient amount="0.4" name="B1 (Thiamine)"/><nutrient amount="0.45" name="B2 (Riboflavin)"/><nutrient amount="5.0" name="B3 (Niacin)"/><nutrient amount="0.3" name="B6 (Pyridoxine)"/><nutrient amount="1.5" name="B12 (Cyanocobalamin)"/><nutrient amount="60.0" name="Vitamin C"/><nutrient amount="13.4" name="Vitamin E"/><nutrient amount="60.0" name="Vitamin K"/><nutrient amount="16.8" name="Saturated"/><nutrient amount="4.6" name="Monounsaturated"/><nutrient amount="6.5" name="Polyunsaturated"/><nutrient amount="0.59" name="Omega-3"/><nutrient amount="5.9" name="Omega-6"/><nutrient amount="2.0" name="Cholesterol"/></food>