<food fcf="9.0" pcf="4.0" uid="03835" name="Infant formula, MEAD JOHNSON,  low iron, powder, not reconstituted" ccf="4.0">
<measure amount="1.0" grams="8.5" name="scoop"/>
<nutrient amount="520.0" name="Energy"/>
<nutrient amount="10.9" name="Protein"/>
<nutrient amount="57.0" name="Carbs"/>
<nutrient amount="28.0" name="Fat"/>
<nutrient amount="2.1" name="Water"/>
<nutrient amount="2.8" name="Ash"/>
<nutrient amount="410.0" name="Calcium"/>
<nutrient amount="0.39" name="Copper"/>
<nutrient amount="3.6" name="Iron"/>
<nutrient amount="42.0" name="Magnesium"/>
<nutrient amount="280.0" name="Phosphorus"/>
<nutrient amount="560.0" name="Potassium"/>
<nutrient amount="14.6" name="Selenium"/>
<nutrient amount="156.0" name="Sodium"/>
<nutrient amount="5.2" name="Zinc"/>
<nutrient amount="1560.0" name="Vitamin A"/>
<nutrient amount="468.0" name="Retinol"/>
<nutrient amount="83.0" name="Folate"/>
<nutrient amount="0.42" name="B1 (Thiamine)"/>
<nutrient amount="0.73" name="B2 (Riboflavin)"/>
<nutrient amount="5.2" name="B3 (Niacin)"/>
<nutrient amount="0.31" name="B6 (Pyridoxine)"/>
<nutrient amount="1.56" name="B12 (Cyanocobalamin)"/>
<nutrient amount="62.0" name="Vitamin C"/>
<nutrient amount="11.97" name="Saturated"/>
<nutrient amount="10.63" name="Monounsaturated"/>
<nutrient amount="5.3" name="Polyunsaturated"/>
<nutrient amount="0.5" name="Omega-3"/>
<nutrient amount="4.8" name="Omega-6"/>
<nutrient amount="5.0" name="Cholesterol"/>
</food>
