<food uid="03832" fcf="9.0" pcf="4.0" name="Infant formula, MEAD JOHNSON, ENFAMIL, LIPIL, ready-to-feed, with ARA and DHA" ccf="4.0"><measure amount="1.0" name="serving 100 mL" grams="106.0"/><measure amount="1.0" name="oz" grams="30.0"/><nutrient amount="66.0" name="Energy"/><nutrient amount="1.38" name="Protein"/><nutrient amount="6.44" name="Carbs"/><nutrient amount="0.0" name="Fiber"/><nutrient amount="6.44" name="Sugars"/><nutrient amount="3.5" name="Fat"/><nutrient amount="0.0" name="Alcohol"/><nutrient amount="0.0" name="Caffeine"/><nutrient amount="88.35" name="Water"/><nutrient amount="0.33" name="Ash"/><nutrient amount="54.0" name="Calcium"/><nutrient amount="0.05" name="Copper"/><nutrient amount="1.18" name="Iron"/><nutrient amount="5.0" name="Magnesium"/><nutrient amount="36.0" name="Phosphorus"/><nutrient amount="72.0" name="Potassium"/><nutrient amount="1.8" name="Selenium"/><nutrient amount="19.0" name="Sodium"/><nutrient amount="0.66" name="Zinc"/><nutrient amount="194.0" name="Vitamin A"/><nutrient amount="58.0" name="Retinol"/><nutrient amount="0.0" name="Alpha-carotene"/><nutrient amount="0.0" name="Beta-carotene"/><nutrient amount="0.0" name="Beta-cryptoxanthin"/><nutrient amount="0.0" name="Lycopene"/><nutrient amount="0.0" name="Lutein+Zeaxanthin"/><nutrient amount="11.0" name="Folate"/><nutrient amount="0.052" name="B1 (Thiamine)"/><nutrient amount="0.092" name="B2 (Riboflavin)"/><nutrient amount="0.66" name="B3 (Niacin)"/><nutrient amount="0.04" name="B6 (Pyridoxine)"/><nutrient amount="0.19" name="B12 (Cyanocobalamin)"/><nutrient amount="7.9" name="Vitamin C"/><nutrient amount="40.0" name="Vitamin D"/><nutrient amount="0.87" name="Vitamin E"/><nutrient amount="5.2" name="Vitamin K"/><nutrient amount="1.453" name="Saturated"/><nutrient amount="1.255" name="Monounsaturated"/><nutrient amount="0.67" name="Polyunsaturated"/><nutrient amount="0.066" name="Omega-3"/><nutrient amount="0.585" name="Omega-6"/><nutrient amount="1.0" name="Cholesterol"/></food>