<food fcf="9.0" pcf="4.0" uid="03837" name="Infant formula, ROSS, SIMILAC PM 60/40, powder, not reconstituted" ccf="4.0"><measure amount="1.0" grams="8.7" name="scoop"/><nutrient amount="524.0" name="Energy"/><nutrient amount="11.4" name="Protein"/><nutrient amount="28.71" name="Fat"/><nutrient amount="54.94" name="Carbs"/><nutrient amount="52.38" name="Sugars"/><nutrient amount="2.25" name="Water"/><nutrient amount="2.7" name="Ash"/><nutrient amount="288.0" name="Calcium"/><nutrient amount="0.462" name="Copper"/><nutrient amount="1.13" name="Iron"/><nutrient amount="31.0" name="Magnesium"/><nutrient amount="0.026" name="Manganese"/><nutrient amount="144.0" name="Phosphorus"/><nutrient amount="411.0" name="Potassium"/><nutrient amount="9.8" name="Selenium"/><nutrient amount="123.0" name="Sodium"/><nutrient amount="3.85" name="Zinc"/><nutrient amount="1541.0" name="Vitamin A"/><nutrient amount="462.0" name="Retinol"/><nutrient amount="77.0" name="Folate"/><nutrient amount="0.514" name="B1 (Thiamine)"/><nutrient amount="0.77" name="B2 (Riboflavin)"/><nutrient amount="5.392" name="B3 (Niacin)"/><nutrient amount="2.311" name="B5 (Pantothenic Acid)"/><nutrient amount="0.308" name="B6 (Pyridoxine)"/><nutrient amount="1.28" name="B12 (Cyanocobalamin)"/><nutrient amount="46.2" name="Vitamin C"/><nutrient amount="308.0" name="Vitamin D"/><nutrient amount="8.61" name="Vitamin E"/><nutrient amount="41.1" name="Vitamin K"/><nutrient amount="61.6" name="Choline"/><nutrient amount="12.214" name="Saturated"/><nutrient amount="5.242" name="Monounsaturated"/><nutrient amount="10.835" name="Polyunsaturated"/><nutrient amount="0.379" name="Omega-3"/><nutrient amount="10.456" name="Omega-6"/><nutrient amount="17.0" name="Cholesterol"/></food>