<food fcf="9.0" pcf="4.0" uid="03846" name="Infant formula, ROSS, SIMILAC, ALIMENTUM, with iron, ready-to-feed" ccf="4.0"><measure amount="1.0" grams="30.5" name="fl oz"/><nutrient amount="66.0" name="Energy"/><nutrient amount="1.8" name="Protein"/><nutrient amount="3.63" name="Fat"/><nutrient amount="6.77" name="Carbs"/><nutrient amount="2.2" name="Starch"/><nutrient amount="4.4" name="Sugars"/><nutrient amount="87.32" name="Water"/><nutrient amount="0.48" name="Ash"/><nutrient amount="69.0" name="Calcium"/><nutrient amount="0.049" name="Copper"/><nutrient amount="1.18" name="Iron"/><nutrient amount="5.0" name="Magnesium"/><nutrient amount="0.0060" name="Manganese"/><nutrient amount="49.0" name="Phosphorus"/><nutrient amount="77.0" name="Potassium"/><nutrient amount="1.2" name="Selenium"/><nutrient amount="29.0" name="Sodium"/><nutrient amount="0.49" name="Zinc"/><nutrient amount="197.0" name="Vitamin A"/><nutrient amount="59.0" name="Retinol"/><nutrient amount="10.0" name="Folate"/><nutrient amount="0.039" name="B1 (Thiamine)"/><nutrient amount="0.059" name="B2 (Riboflavin)"/><nutrient amount="0.885" name="B3 (Niacin)"/><nutrient amount="0.491" name="B5 (Pantothenic Acid)"/><nutrient amount="0.039" name="B6 (Pyridoxine)"/><nutrient amount="0.3" name="B12 (Cyanocobalamin)"/><nutrient amount="5.9" name="Vitamin C"/><nutrient amount="29.0" name="Vitamin D"/><nutrient amount="1.32" name="Vitamin E"/><nutrient amount="9.8" name="Vitamin K"/><nutrient amount="1.838" name="Saturated"/><nutrient amount="0.294" name="Monounsaturated"/><nutrient amount="1.113" name="Polyunsaturated"/><nutrient amount="0.059" name="Omega-3"/><nutrient amount="1.055" name="Omega-6"/><nutrient amount="1.0" name="Cholesterol"/></food>