<food fcf="9.0" pcf="4.0" uid="03842" name="Infant formula, ROSS, SIMILAC, ISOMIL, with iron, liquid concentrate" ccf="4.0"><measure amount="1.0" grams="31.4" name="fl oz"/><nutrient amount="128.0" name="Energy"/><nutrient amount="3.13" name="Protein"/><nutrient amount="6.98" name="Fat"/><nutrient amount="13.21" name="Carbs"/><nutrient amount="13.1" name="Sugars"/><nutrient amount="75.81" name="Water"/><nutrient amount="0.88" name="Ash"/><nutrient amount="134.0" name="Calcium"/><nutrient amount="0.096" name="Copper"/><nutrient amount="2.3" name="Iron"/><nutrient amount="10.0" name="Magnesium"/><nutrient amount="0.032" name="Manganese"/><nutrient amount="96.0" name="Phosphorus"/><nutrient amount="138.0" name="Potassium"/><nutrient amount="2.7" name="Selenium"/><nutrient amount="56.0" name="Sodium"/><nutrient amount="0.96" name="Zinc"/><nutrient amount="380.0" name="Vitamin A"/><nutrient amount="114.0" name="Retinol"/><nutrient amount="19.0" name="Folate"/><nutrient amount="0.077" name="B1 (Thiamine)"/><nutrient amount="0.115" name="B2 (Riboflavin)"/><nutrient amount="1.725" name="B3 (Niacin)"/><nutrient amount="0.958" name="B5 (Pantothenic Acid)"/><nutrient amount="0.077" name="B6 (Pyridoxine)"/><nutrient amount="0.58" name="B12 (Cyanocobalamin)"/><nutrient amount="11.5" name="Vitamin C"/><nutrient amount="77.0" name="Vitamin D"/><nutrient amount="1.2" name="Vitamin E"/><nutrient amount="14.1" name="Vitamin K"/><nutrient amount="2.262" name="Saturated"/><nutrient amount="2.66" name="Monounsaturated"/><nutrient amount="1.625" name="Polyunsaturated"/><nutrient amount="0.166" name="Omega-3"/><nutrient amount="1.458" name="Omega-6"/></food>