<food fcf="9.0" pcf="4.0" uid="03843" name="Infant formula, ROSS, ISOMIL, with iron, powder, not reconstituted" ccf="4.0"><measure amount="1.0" grams="8.7" name="scoop"/><nutrient amount="517.0" name="Energy"/><nutrient amount="12.6" name="Protein"/><nutrient amount="28.09" name="Fat"/><nutrient amount="53.57" name="Carbs"/><nutrient amount="52.97" name="Sugars"/><nutrient amount="2.5" name="Water"/><nutrient amount="3.24" name="Ash"/><nutrient amount="540.0" name="Calcium"/><nutrient amount="0.386" name="Copper"/><nutrient amount="9.26" name="Iron"/><nutrient amount="39.0" name="Magnesium"/><nutrient amount="0.129" name="Manganese"/><nutrient amount="386.0" name="Phosphorus"/><nutrient amount="555.0" name="Potassium"/><nutrient amount="10.8" name="Selenium"/><nutrient amount="226.0" name="Sodium"/><nutrient amount="3.86" name="Zinc"/><nutrient amount="1543.0" name="Vitamin A"/><nutrient amount="463.0" name="Retinol"/><nutrient amount="77.0" name="Folate"/><nutrient amount="0.309" name="B1 (Thiamine)"/><nutrient amount="0.463" name="B2 (Riboflavin)"/><nutrient amount="6.943" name="B3 (Niacin)"/><nutrient amount="3.857" name="B5 (Pantothenic Acid)"/><nutrient amount="0.309" name="B6 (Pyridoxine)"/><nutrient amount="2.31" name="B12 (Cyanocobalamin)"/><nutrient amount="46.3" name="Vitamin C"/><nutrient amount="309.0" name="Vitamin D"/><nutrient amount="5.1" name="Vitamin E"/><nutrient amount="56.6" name="Vitamin K"/><nutrient amount="9.167" name="Saturated"/><nutrient amount="10.778" name="Monounsaturated"/><nutrient amount="6.584" name="Polyunsaturated"/><nutrient amount="0.674" name="Omega-3"/><nutrient amount="5.91" name="Omega-6"/></food>