<food uid="03841" fcf="9.0" pcf="4.0" name="Infant formula, ROSS, SIMILAC, ISOMIL, with iron, ready-to-feed" ccf="4.0"><measure amount="1.0" name="fl oz" grams="30.5"/><nutrient amount="66.0" name="Energy"/><nutrient amount="1.61" name="Protein"/><nutrient amount="6.6" name="Carbs"/><nutrient amount="0.0" name="Fiber"/><nutrient amount="6.7" name="Sugars"/><nutrient amount="3.59" name="Fat"/><nutrient amount="0.0" name="Alcohol"/><nutrient amount="0.0" name="Caffeine"/><nutrient amount="87.54" name="Water"/><nutrient amount="0.66" name="Ash"/><nutrient amount="69.0" name="Calcium"/><nutrient amount="0.049" name="Copper"/><nutrient amount="1.18" name="Iron"/><nutrient amount="5.0" name="Magnesium"/><nutrient amount="0.016" name="Manganese"/><nutrient amount="49.0" name="Phosphorus"/><nutrient amount="71.0" name="Potassium"/><nutrient amount="1.4" name="Selenium"/><nutrient amount="29.0" name="Sodium"/><nutrient amount="0.49" name="Zinc"/><nutrient amount="197.0" name="Vitamin A"/><nutrient amount="59.0" name="Retinol"/><nutrient amount="0.0" name="Alpha-carotene"/><nutrient amount="0.0" name="Beta-carotene"/><nutrient amount="0.0" name="Beta-cryptoxanthin"/><nutrient amount="0.0" name="Lycopene"/><nutrient amount="0.0" name="Lutein+Zeaxanthin"/><nutrient amount="10.0" name="Folate"/><nutrient amount="0.039" name="B1 (Thiamine)"/><nutrient amount="0.059" name="B2 (Riboflavin)"/><nutrient amount="0.887" name="B3 (Niacin)"/><nutrient amount="0.493" name="B5 (Pantothenic Acid)"/><nutrient amount="0.039" name="B6 (Pyridoxine)"/><nutrient amount="0.3" name="B12 (Cyanocobalamin)"/><nutrient amount="5.9" name="Vitamin C"/><nutrient amount="39.0" name="Vitamin D"/><nutrient amount="1.32" name="Vitamin E"/><nutrient amount="7.2" name="Vitamin K"/><nutrient amount="1.166" name="Saturated"/><nutrient amount="1.371" name="Monounsaturated"/><nutrient amount="0.838" name="Polyunsaturated"/><nutrient amount="0.086" name="Omega-3"/><nutrient amount="0.752" name="Omega-6"/><nutrient amount="0.0" name="Cholesterol"/></food>