<food fcf="9.0" pcf="4.0" uid="03852" name="Infant formula, MEAD JOHNSON, ENFAMIL, PROSOBEE LIPIL, with iron, powder, not reconstituted, with ARA and DHA" ccf="4.0"><nutrient amount="510.0" name="Energy"/><nutrient amount="12.5" name="Protein"/><nutrient amount="27.0" name="Fat"/><nutrient amount="53.0" name="Carbs"/><nutrient amount="53.0" name="Sugars"/><nutrient amount="3.0" name="Water"/><nutrient amount="3.3" name="Ash"/><nutrient amount="530.0" name="Calcium"/><nutrient amount="0.38" name="Copper"/><nutrient amount="9.5" name="Iron"/><nutrient amount="55.0" name="Magnesium"/><nutrient amount="0.125" name="Manganese"/><nutrient amount="420.0" name="Phosphorus"/><nutrient amount="600.0" name="Potassium"/><nutrient amount="13.3" name="Selenium"/><nutrient amount="171.0" name="Sodium"/><nutrient amount="6.0" name="Zinc"/><nutrient amount="1420.0" name="Vitamin A"/><nutrient amount="430.0" name="Retinol"/><nutrient amount="80.0" name="Folate"/><nutrient amount="0.4" name="B1 (Thiamine)"/><nutrient amount="0.45" name="B2 (Riboflavin)"/><nutrient amount="5.0" name="B3 (Niacin)"/><nutrient amount="0.3" name="B6 (Pyridoxine)"/><nutrient amount="1.42" name="B12 (Cyanocobalamin)"/><nutrient amount="60.0" name="Vitamin C"/><nutrient amount="300.0" name="Vitamin D"/><nutrient amount="6.4" name="Vitamin E"/><nutrient amount="40.0" name="Vitamin K"/><nutrient amount="11.37" name="Saturated"/><nutrient amount="10.32" name="Monounsaturated"/><nutrient amount="5.2" name="Polyunsaturated"/><nutrient amount="0.42500000000000004" name="Omega-3"/><nutrient amount="4.87" name="Omega-6"/></food>