<food fcf="9.0" pcf="4.0" uid="03856" name="Infant formula, ROSS, SIMILAC, low iron, liquid concentrate, not reconstituted" ccf="4.0"><measure amount="1.0" grams="31.4" name="fl oz"/><nutrient amount="127.0" name="Energy"/><nutrient amount="2.64" name="Protein"/><nutrient amount="6.89" name="Fat"/><nutrient amount="13.52" name="Carbs"/><nutrient amount="13.76" name="Sugars"/><nutrient amount="76.16" name="Water"/><nutrient amount="0.79" name="Ash"/><nutrient amount="99.0" name="Calcium"/><nutrient amount="0.115" name="Copper"/><nutrient amount="0.89" name="Iron"/><nutrient amount="8.0" name="Magnesium"/><nutrient amount="0.0060" name="Manganese"/><nutrient amount="54.0" name="Phosphorus"/><nutrient amount="134.0" name="Potassium"/><nutrient amount="2.8" name="Selenium"/><nutrient amount="31.0" name="Sodium"/><nutrient amount="0.96" name="Zinc"/><nutrient amount="382.0" name="Vitamin A"/><nutrient amount="114.0" name="Retinol"/><nutrient amount="19.0" name="Folate"/><nutrient amount="0.127" name="B1 (Thiamine)"/><nutrient amount="0.191" name="B2 (Riboflavin)"/><nutrient amount="1.339" name="B3 (Niacin)"/><nutrient amount="0.579" name="B5 (Pantothenic Acid)"/><nutrient amount="0.076" name="B6 (Pyridoxine)"/><nutrient amount="0.32" name="B12 (Cyanocobalamin)"/><nutrient amount="11.5" name="Vitamin C"/><nutrient amount="76.0" name="Vitamin D"/><nutrient amount="1.28" name="Vitamin E"/><nutrient amount="10.2" name="Vitamin K"/><nutrient amount="2.401" name="Saturated"/><nutrient amount="2.551" name="Monounsaturated"/><nutrient amount="1.555" name="Polyunsaturated"/><nutrient amount="0.15" name="Omega-3"/><nutrient amount="1.405" name="Omega-6"/><nutrient amount="3.0" name="Cholesterol"/></food>