<food uid="03853" fcf="9.0" pcf="4.0" name="Infant formula, ROSS, SIMILAC, with iron, powder, not reconstituted" ccf="4.0"><measure amount="1.0" name="scoop" grams="8.5"/><nutrient amount="526.0" name="Energy"/><nutrient amount="10.89" name="Protein"/><nutrient amount="54.73" name="Carbs"/><nutrient amount="0.0" name="Fiber"/><nutrient amount="54.73" name="Sugars"/><nutrient amount="28.87" name="Fat"/><nutrient amount="0.0" name="Alcohol"/><nutrient amount="0.0" name="Caffeine"/><nutrient amount="2.25" name="Water"/><nutrient amount="3.26" name="Ash"/><nutrient amount="410.0" name="Calcium"/><nutrient amount="0.473" name="Copper"/><nutrient amount="9.47" name="Iron"/><nutrient amount="32.0" name="Magnesium"/><nutrient amount="0.026" name="Manganese"/><nutrient amount="221.0" name="Phosphorus"/><nutrient amount="552.0" name="Potassium"/><nutrient amount="11.6" name="Selenium"/><nutrient amount="126.0" name="Sodium"/><nutrient amount="3.94" name="Zinc"/><nutrient amount="1578.0" name="Vitamin A"/><nutrient amount="473.0" name="Retinol"/><nutrient amount="0.0" name="Alpha-carotene"/><nutrient amount="0.0" name="Beta-carotene"/><nutrient amount="0.0" name="Beta-cryptoxanthin"/><nutrient amount="0.0" name="Lycopene"/><nutrient amount="0.0" name="Lutein+Zeaxanthin"/><nutrient amount="79.0" name="Folate"/><nutrient amount="0.526" name="B1 (Thiamine)"/><nutrient amount="0.789" name="B2 (Riboflavin)"/><nutrient amount="5.522" name="B3 (Niacin)"/><nutrient amount="2.367" name="B5 (Pantothenic Acid)"/><nutrient amount="0.316" name="B6 (Pyridoxine)"/><nutrient amount="1.32" name="B12 (Cyanocobalamin)"/><nutrient amount="47.3" name="Vitamin C"/><nutrient amount="316.0" name="Vitamin D"/><nutrient amount="5.29" name="Vitamin E"/><nutrient amount="42.1" name="Vitamin K"/><nutrient amount="9.873" name="Saturated"/><nutrient amount="10.491" name="Monounsaturated"/><nutrient amount="6.396" name="Polyunsaturated"/><nutrient amount="0.618" name="Omega-3"/><nutrient amount="5.778" name="Omega-6"/><nutrient amount="14.0" name="Cholesterol"/></food>