<food fcf="9.0" pcf="4.0" uid="03854" name="Infant formula, MEAD JOHNSON, ENFAMIL, PROSOBEE LIPIL, Liquid Concentrate, with ARA and DHA" ccf="4.0"><nutrient amount="131.0" name="Energy"/><nutrient amount="3.19" name="Protein"/><nutrient amount="7.11" name="Fat"/><nutrient amount="13.58" name="Carbs"/><nutrient amount="13.58" name="Sugars"/><nutrient amount="75.47" name="Water"/><nutrient amount="0.77" name="Ash"/><nutrient amount="134.0" name="Calcium"/><nutrient amount="0.096" name="Copper"/><nutrient amount="2.3" name="Iron"/><nutrient amount="14.0" name="Magnesium"/><nutrient amount="106.0" name="Phosphorus"/><nutrient amount="153.0" name="Potassium"/><nutrient amount="3.6" name="Selenium"/><nutrient amount="45.0" name="Sodium"/><nutrient amount="1.53" name="Zinc"/><nutrient amount="377.0" name="Vitamin A"/><nutrient amount="113.0" name="Retinol"/><nutrient amount="20.0" name="Folate"/><nutrient amount="0.102" name="B1 (Thiamine)"/><nutrient amount="0.115" name="B2 (Riboflavin)"/><nutrient amount="1.283" name="B3 (Niacin)"/><nutrient amount="0.077" name="B6 (Pyridoxine)"/><nutrient amount="0.38" name="B12 (Cyanocobalamin)"/><nutrient amount="15.3" name="Vitamin C"/><nutrient amount="77.0" name="Vitamin D"/><nutrient amount="1.16" name="Vitamin E"/><nutrient amount="10.2" name="Vitamin K"/><nutrient amount="3.059" name="Saturated"/><nutrient amount="2.642" name="Monounsaturated"/><nutrient amount="1.411" name="Polyunsaturated"/><nutrient amount="0.13899999999999998" name="Omega-3"/><nutrient amount="1.272" name="Omega-6"/></food>