<food fcf="9.0" pcf="4.0" uid="03860" name="Child formula, ROSS, PEDIASURE, ready-to-feed" ccf="4.0"><measure amount="1.0" grams="31.0" name="fl oz"/><nutrient amount="99.0" name="Energy"/><nutrient amount="2.86" name="Protein"/><nutrient amount="4.77" name="Fat"/><nutrient amount="11.15" name="Carbs"/><nutrient amount="10.5" name="Sugars"/><nutrient amount="80.47" name="Water"/><nutrient amount="0.75" name="Ash"/><nutrient amount="93.0" name="Calcium"/><nutrient amount="0.095" name="Copper"/><nutrient amount="1.34" name="Iron"/><nutrient amount="19.0" name="Magnesium"/><nutrient amount="0.239" name="Manganese"/><nutrient amount="76.0" name="Phosphorus"/><nutrient amount="125.0" name="Potassium"/><nutrient amount="2.2" name="Selenium"/><nutrient amount="36.0" name="Sodium"/><nutrient amount="1.15" name="Zinc"/><nutrient amount="246.0" name="Vitamin A"/><nutrient amount="74.0" name="Retinol"/><nutrient amount="35.0" name="Folate"/><nutrient amount="0.258" name="B1 (Thiamine)"/><nutrient amount="0.201" name="B2 (Riboflavin)"/><nutrient amount="1.614" name="B3 (Niacin)"/><nutrient amount="0.955" name="B5 (Pantothenic Acid)"/><nutrient amount="0.248" name="B6 (Pyridoxine)"/><nutrient amount="0.57" name="B12 (Cyanocobalamin)"/><nutrient amount="9.5" name="Vitamin C"/><nutrient amount="48.0" name="Vitamin D"/><nutrient amount="1.46" name="Vitamin E"/><nutrient amount="3.6" name="Vitamin K"/><nutrient amount="1.256" name="Saturated"/><nutrient amount="1.936" name="Monounsaturated"/><nutrient amount="1.068" name="Polyunsaturated"/><nutrient amount="0.092" name="Omega-3"/><nutrient amount="0.975" name="Omega-6"/><nutrient amount="2.0" name="Cholesterol"/></food>