<food fcf="9.0" pcf="4.0" uid="03861" name="Infant formula, MEAD JOHNSON, NEXT STEP,  PROSOBEE LIPIL, powder, with ARA and DHA" ccf="4.0"><nutrient amount="480.0" name="Energy"/><nutrient amount="15.6" name="Protein"/><nutrient amount="21.0" name="Fat"/><nutrient amount="57.1" name="Carbs"/><nutrient amount="56.0" name="Sugars"/><nutrient amount="3.0" name="Water"/><nutrient amount="3.3" name="Ash"/><nutrient amount="920.0" name="Calcium"/><nutrient amount="0.36" name="Copper"/><nutrient amount="9.5" name="Iron"/><nutrient amount="52.0" name="Magnesium"/><nutrient amount="0.24" name="Manganese"/><nutrient amount="620.0" name="Phosphorus"/><nutrient amount="570.0" name="Potassium"/><nutrient amount="13.3" name="Selenium"/><nutrient amount="171.0" name="Sodium"/><nutrient amount="5.7" name="Zinc"/><nutrient amount="1420.0" name="Vitamin A"/><nutrient amount="430.0" name="Retinol"/><nutrient amount="76.0" name="Folate"/><nutrient amount="0.38" name="B1 (Thiamine)"/><nutrient amount="0.43" name="B2 (Riboflavin)"/><nutrient amount="4.7" name="B3 (Niacin)"/><nutrient amount="0.28" name="B6 (Pyridoxine)"/><nutrient amount="1.42" name="B12 (Cyanocobalamin)"/><nutrient amount="57.0" name="Vitamin C"/><nutrient amount="6.4" name="Vitamin E"/><nutrient amount="38.0" name="Vitamin K"/><nutrient amount="8.905" name="Saturated"/><nutrient amount="7.8" name="Monounsaturated"/><nutrient amount="4.2" name="Polyunsaturated"/><nutrient amount="0.454" name="Omega-3"/><nutrient amount="3.761" name="Omega-6"/></food>