<food uid="03871" fcf="9.0" pcf="4.0" name="Infant formula, MEAD JOHNSON, ENFAMIL, LACTOFREE, with iron, liquid concentrate, not reconstituted" ccf="4.0"><nutrient amount="130.0" name="Energy"/><nutrient amount="2.68" name="Protein"/><nutrient amount="14.42" name="Carbs"/><nutrient amount="0.0" name="Fiber"/><nutrient amount="13.96" name="Sugars"/><nutrient amount="6.79" name="Fat"/><nutrient amount="0.0" name="Alcohol"/><nutrient amount="0.0" name="Caffeine"/><nutrient amount="75.47" name="Water"/><nutrient amount="0.64" name="Ash"/><nutrient amount="104.0" name="Calcium"/><nutrient amount="0.096" name="Copper"/><nutrient amount="2.3" name="Iron"/><nutrient amount="10.0" name="Magnesium"/><nutrient amount="70.0" name="Phosphorus"/><nutrient amount="140.0" name="Potassium"/><nutrient amount="3.6" name="Selenium"/><nutrient amount="38.0" name="Sodium"/><nutrient amount="1.28" name="Zinc"/><nutrient amount="377.0" name="Vitamin A"/><nutrient amount="113.0" name="Retinol"/><nutrient amount="0.0" name="Alpha-carotene"/><nutrient amount="0.0" name="Beta-carotene"/><nutrient amount="0.0" name="Beta-cryptoxanthin"/><nutrient amount="0.0" name="Lycopene"/><nutrient amount="0.0" name="Lutein+Zeaxanthin"/><nutrient amount="20.0" name="Folate"/><nutrient amount="0.102" name="B1 (Thiamine)"/><nutrient amount="0.118" name="B2 (Riboflavin)"/><nutrient amount="1.283" name="B3 (Niacin)"/><nutrient amount="0.077" name="B6 (Pyridoxine)"/><nutrient amount="0.38" name="B12 (Cyanocobalamin)"/><nutrient amount="15.3" name="Vitamin C"/><nutrient amount="77.0" name="Vitamin D"/><nutrient amount="1.7" name="Vitamin E"/><nutrient amount="10.2" name="Vitamin K"/><nutrient amount="2.906" name="Saturated"/><nutrient amount="2.509" name="Monounsaturated"/><nutrient amount="1.283" name="Polyunsaturated"/><nutrient amount="0.113" name="Omega-3"/><nutrient amount="1.17" name="Omega-6"/><nutrient amount="2.0" name="Cholesterol"/></food>