<food uid="03883" fcf="9.0" pcf="4.0" name="Infant formula, WYETH-AYERST, store brand, with iron, powder, not reconstituted" ccf="4.0"><measure amount="1.0" name="scoop" grams="8.4"/><nutrient amount="524.0" name="Energy"/><nutrient amount="12.0" name="Protein"/><nutrient amount="56.0" name="Carbs"/><nutrient amount="0.0" name="Fiber"/><nutrient amount="56.0" name="Sugars"/><nutrient amount="28.0" name="Fat"/><nutrient amount="0.0" name="Alcohol"/><nutrient amount="0.0" name="Caffeine"/><nutrient amount="2.0" name="Water"/><nutrient amount="2.0" name="Ash"/><nutrient amount="331.0" name="Calcium"/><nutrient amount="0.37" name="Copper"/><nutrient amount="9.5" name="Iron"/><nutrient amount="36.0" name="Magnesium"/><nutrient amount="221.0" name="Phosphorus"/><nutrient amount="441.0" name="Potassium"/><nutrient amount="11.0" name="Selenium"/><nutrient amount="118.0" name="Sodium"/><nutrient amount="3.9" name="Zinc"/><nutrient amount="1577.0" name="Vitamin A"/><nutrient amount="473.0" name="Retinol"/><nutrient amount="0.0" name="Alpha-carotene"/><nutrient amount="0.0" name="Beta-carotene"/><nutrient amount="0.0" name="Beta-cryptoxanthin"/><nutrient amount="0.0" name="Lycopene"/><nutrient amount="0.0" name="Lutein+Zeaxanthin"/><nutrient amount="39.0" name="Folate"/><nutrient amount="0.53" name="B1 (Thiamine)"/><nutrient amount="0.79" name="B2 (Riboflavin)"/><nutrient amount="3.94" name="B3 (Niacin)"/><nutrient amount="0.33" name="B6 (Pyridoxine)"/><nutrient amount="1.02" name="B12 (Cyanocobalamin)"/><nutrient amount="43.3" name="Vitamin C"/><nutrient amount="3.38" name="Vitamin E"/><nutrient amount="43.0" name="Vitamin K"/><nutrient amount="12.761" name="Saturated"/><nutrient amount="11.131" name="Monounsaturated"/><nutrient amount="3.951" name="Polyunsaturated"/><nutrient amount="0.365" name="Omega-3"/><nutrient amount="3.585" name="Omega-6"/><nutrient amount="32.0" name="Cholesterol"/></food>