<food fcf="9.0" pcf="4.0" uid="03881" name="Infant formula, WYETH-AYERST, store brand, with iron, liquid concentrate, not reconstituted" ccf="4.0"><measure amount="1.0" grams="31.4" name="fl oz"/><nutrient amount="129.0" name="Energy"/><nutrient amount="2.9" name="Protein"/><nutrient amount="7.0" name="Fat"/><nutrient amount="13.9" name="Carbs"/><nutrient amount="13.9" name="Sugars"/><nutrient amount="76.0" name="Water"/><nutrient amount="0.61" name="Ash"/><nutrient amount="83.0" name="Calcium"/><nutrient amount="0.092" name="Copper"/><nutrient amount="2.36" name="Iron"/><nutrient amount="9.0" name="Magnesium"/><nutrient amount="55.0" name="Phosphorus"/><nutrient amount="109.0" name="Potassium"/><nutrient amount="2.6" name="Selenium"/><nutrient amount="29.0" name="Sodium"/><nutrient amount="1.06" name="Zinc"/><nutrient amount="393.0" name="Vitamin A"/><nutrient amount="118.0" name="Retinol"/><nutrient amount="10.0" name="Folate"/><nutrient amount="0.13" name="B1 (Thiamine)"/><nutrient amount="0.2" name="B2 (Riboflavin)"/><nutrient amount="0.99" name="B3 (Niacin)"/><nutrient amount="0.08" name="B6 (Pyridoxine)"/><nutrient amount="0.26" name="B12 (Cyanocobalamin)"/><nutrient amount="11.2" name="Vitamin C"/><nutrient amount="0.83" name="Vitamin E"/><nutrient amount="10.6" name="Vitamin K"/><nutrient amount="3.2" name="Saturated"/><nutrient amount="2.8" name="Monounsaturated"/><nutrient amount="1.0" name="Polyunsaturated"/><nutrient amount="0.1" name="Omega-3"/><nutrient amount="0.9" name="Omega-6"/><nutrient amount="8.0" name="Cholesterol"/></food>