<food fcf="9.0" pcf="4.0" uid="03890" name="Infant formula, WYETH-AYERST, store brand soy, with iron, ready-to-feed" ccf="4.0"><measure amount="1.0" grams="30.4" name="fl oz"/><nutrient amount="63.0" name="Energy"/><nutrient amount="1.8" name="Protein"/><nutrient amount="3.5" name="Fat"/><nutrient amount="6.09" name="Carbs"/><nutrient amount="6.1" name="Sugars"/><nutrient amount="88.0" name="Water"/><nutrient amount="0.61" name="Ash"/><nutrient amount="59.0" name="Calcium"/><nutrient amount="0.046" name="Copper"/><nutrient amount="1.18" name="Iron"/><nutrient amount="7.0" name="Magnesium"/><nutrient amount="41.0" name="Phosphorus"/><nutrient amount="69.0" name="Potassium"/><nutrient amount="1.4" name="Selenium"/><nutrient amount="18.0" name="Sodium"/><nutrient amount="0.53" name="Zinc"/><nutrient amount="247.0" name="Vitamin A"/><nutrient amount="56.0" name="Retinol"/><nutrient amount="37.0" name="Beta-carotene"/><nutrient amount="5.0" name="Folate"/><nutrient amount="0.07" name="B1 (Thiamine)"/><nutrient amount="0.1" name="B2 (Riboflavin)"/><nutrient amount="0.49" name="B3 (Niacin)"/><nutrient amount="0.04" name="B6 (Pyridoxine)"/><nutrient amount="0.2" name="B12 (Cyanocobalamin)"/><nutrient amount="5.4" name="Vitamin C"/><nutrient amount="0.42" name="Vitamin E"/><nutrient amount="5.1" name="Vitamin K"/><nutrient amount="1.6" name="Saturated"/><nutrient amount="1.4" name="Monounsaturated"/><nutrient amount="0.5" name="Polyunsaturated"/><nutrient amount="0.05" name="Omega-3"/><nutrient amount="0.45" name="Omega-6"/></food>