<food uid="04589" fcf="9.02" pcf="4.0" name="Fish oil, cod liver" ccf="4.0"><measure amount="1.0" name="cup" grams="218.0"/><measure amount="1.0" name="tbsp" grams="13.6"/><measure amount="1.0" name="tsp" grams="4.5"/><nutrient amount="902.0" name="Energy"/><nutrient amount="0.0" name="Protein"/><nutrient amount="0.0" name="Carbs"/><nutrient amount="0.0" name="Fiber"/><nutrient amount="100.0" name="Fat"/><nutrient amount="0.0" name="Water"/><nutrient amount="0.0" name="Ash"/><nutrient amount="0.0" name="Calcium"/><nutrient amount="0.0" name="Copper"/><nutrient amount="0.0" name="Iron"/><nutrient amount="0.0" name="Magnesium"/><nutrient amount="0.0" name="Manganese"/><nutrient amount="0.0" name="Phosphorus"/><nutrient amount="0.0" name="Potassium"/><nutrient amount="0.0" name="Selenium"/><nutrient amount="0.0" name="Sodium"/><nutrient amount="0.0" name="Zinc"/><nutrient amount="100000.0" name="Vitamin A"/><nutrient amount="30000.0" name="Retinol"/><nutrient amount="0.0" name="Folate"/><nutrient amount="0.0" name="B2 (Riboflavin)"/><nutrient amount="0.0" name="B3 (Niacin)"/><nutrient amount="0.0" name="B5 (Pantothenic Acid)"/><nutrient amount="0.0" name="B6 (Pyridoxine)"/><nutrient amount="0.0" name="B12 (Cyanocobalamin)"/><nutrient amount="0.0" name="Vitamin C"/><nutrient amount="10000.0" name="Vitamin D"/><nutrient amount="22.608" name="Saturated"/><nutrient amount="46.711" name="Monounsaturated"/><nutrient amount="22.541" name="Polyunsaturated"/><nutrient amount="19.736" name="Omega-3"/><nutrient amount="1.87" name="Omega-6"/><nutrient amount="570.0" name="Cholesterol"/></food>