<food uid="04585" fcf="8.84" pcf="4.27" name="Margarine-butter blend, soybean oil and butter" ccf="3.87"><measure amount="1.0" name="tbsp" grams="14.1"/><measure amount="1.0" name="stick" grams="111.0"/><measure amount="1.0" name="serving (1 NLEA serving, approx weight of 1 tbsp)" grams="14.0"/><nutrient amount="714.0" name="Energy"/><nutrient amount="0.31" name="Protein"/><nutrient amount="0.77" name="Carbs"/><nutrient amount="0.0" name="Fiber"/><nutrient amount="0.0" name="Sugars"/><nutrient amount="80.32" name="Fat"/><nutrient amount="0.0" name="Alcohol"/><nutrient amount="0.0" name="Caffeine"/><nutrient amount="17.07" name="Water"/><nutrient amount="1.53" name="Ash"/><nutrient amount="10.0" name="Calcium"/><nutrient amount="0.01" name="Copper"/><nutrient amount="0.04" name="Iron"/><nutrient amount="1.0" name="Magnesium"/><nutrient amount="0.0060" name="Manganese"/><nutrient amount="10.0" name="Phosphorus"/><nutrient amount="22.0" name="Potassium"/><nutrient amount="0.4" name="Selenium"/><nutrient amount="633.0" name="Sodium"/><nutrient amount="0.03" name="Zinc"/><nutrient amount="3571.0" name="Vitamin A"/><nutrient amount="768.0" name="Retinol"/><nutrient amount="0.0" name="Alpha-carotene"/><nutrient amount="610.0" name="Beta-carotene"/><nutrient amount="0.0" name="Beta-cryptoxanthin"/><nutrient amount="0.0" name="Lycopene"/><nutrient amount="0.0" name="Lutein+Zeaxanthin"/><nutrient amount="2.0" name="Folate"/><nutrient amount="0.0090" name="B1 (Thiamine)"/><nutrient amount="0.023" name="B2 (Riboflavin)"/><nutrient amount="0.022" name="B3 (Niacin)"/><nutrient amount="0.041" name="B5 (Pantothenic Acid)"/><nutrient amount="0.0090" name="B6 (Pyridoxine)"/><nutrient amount="0.0" name="B12 (Cyanocobalamin)"/><nutrient amount="0.1" name="Vitamin C"/><nutrient amount="3.88" name="Vitamin E"/><nutrient amount="0.4" name="Beta Tocopherol"/><nutrient amount="14.45" name="Delta Tocopherol"/><nutrient amount="36.88" name="Gamma Tocopherol"/><nutrient amount="103.6" name="Vitamin K"/><nutrient amount="14.198" name="Saturated"/><nutrient amount="30.292" name="Monounsaturated"/><nutrient amount="24.17" name="Polyunsaturated"/><nutrient amount="5.276" name="Omega-3"/><nutrient amount="42.394000000000005" name="Omega-6"/><nutrient amount="14.95" name="Trans-Fats"/><nutrient amount="12.0" name="Cholesterol"/></food>