<food uid="04602" fcf="9.0" pcf="4.0" name="Butter, light, stick, without salt" ccf="4.0"><nutrient amount="499.0" name="Energy"/><nutrient amount="3.3" name="Protein"/><nutrient amount="0.0" name="Carbs"/><nutrient amount="0.0" name="Fiber"/><nutrient amount="0.0" name="Sugars"/><nutrient amount="55.1" name="Fat"/><nutrient amount="0.0" name="Alcohol"/><nutrient amount="0.0" name="Caffeine"/><nutrient amount="43.2" name="Water"/><nutrient amount="0.5" name="Ash"/><nutrient amount="48.0" name="Calcium"/><nutrient amount="0.0" name="Copper"/><nutrient amount="1.09" name="Iron"/><nutrient amount="5.0" name="Magnesium"/><nutrient amount="34.0" name="Phosphorus"/><nutrient amount="71.0" name="Potassium"/><nutrient amount="1.0" name="Selenium"/><nutrient amount="36.0" name="Sodium"/><nutrient amount="0.26" name="Zinc"/><nutrient amount="1698.0" name="Vitamin A"/><nutrient amount="456.0" name="Retinol"/><nutrient amount="0.0" name="Alpha-carotene"/><nutrient amount="107.0" name="Beta-carotene"/><nutrient amount="0.0" name="Beta-cryptoxanthin"/><nutrient amount="0.0" name="Lycopene"/><nutrient amount="0.0" name="Lutein+Zeaxanthin"/><nutrient amount="1.0" name="Folate"/><nutrient amount="0.01" name="B1 (Thiamine)"/><nutrient amount="0.07" name="B2 (Riboflavin)"/><nutrient amount="0.02" name="B3 (Niacin)"/><nutrient amount="0.01" name="B6 (Pyridoxine)"/><nutrient amount="0.13" name="B12 (Cyanocobalamin)"/><nutrient amount="0.0" name="Vitamin C"/><nutrient amount="1.58" name="Vitamin E"/><nutrient amount="4.8" name="Vitamin K"/><nutrient amount="34.321" name="Saturated"/><nutrient amount="15.927" name="Monounsaturated"/><nutrient amount="2.046" name="Polyunsaturated"/><nutrient amount="0.802" name="Omega-3"/><nutrient amount="1.244" name="Omega-6"/><nutrient amount="106.0" name="Cholesterol"/></food>