<food uid="04606" fcf="9.0" pcf="4.0" name="Meat drippings (lard, beef tallow, mutton tallow)" ccf="4.0"><nutrient amount="889.0" name="Energy"/><nutrient amount="0.0" name="Protein"/><nutrient amount="0.0" name="Carbs"/><nutrient amount="0.0" name="Fiber"/><nutrient amount="0.0" name="Sugars"/><nutrient amount="98.59" name="Fat"/><nutrient amount="0.0" name="Alcohol"/><nutrient amount="0.0" name="Caffeine"/><nutrient amount="0.0" name="Water"/><nutrient amount="1.4" name="Ash"/><nutrient amount="0.0" name="Calcium"/><nutrient amount="0.0" name="Copper"/><nutrient amount="0.0" name="Iron"/><nutrient amount="0.0" name="Magnesium"/><nutrient amount="0.0" name="Phosphorus"/><nutrient amount="0.0" name="Potassium"/><nutrient amount="0.0" name="Selenium"/><nutrient amount="545.0" name="Sodium"/><nutrient amount="0.0" name="Zinc"/><nutrient amount="0.0" name="Vitamin A"/><nutrient amount="0.0" name="Retinol"/><nutrient amount="0.0" name="Alpha-carotene"/><nutrient amount="0.0" name="Beta-carotene"/><nutrient amount="0.0" name="Beta-cryptoxanthin"/><nutrient amount="0.0" name="Lycopene"/><nutrient amount="0.0" name="Lutein+Zeaxanthin"/><nutrient amount="0.0" name="Folate"/><nutrient amount="0.0" name="B1 (Thiamine)"/><nutrient amount="0.0" name="B2 (Riboflavin)"/><nutrient amount="0.0" name="B3 (Niacin)"/><nutrient amount="0.0" name="B6 (Pyridoxine)"/><nutrient amount="0.0" name="B12 (Cyanocobalamin)"/><nutrient amount="0.0" name="Vitamin C"/><nutrient amount="0.59" name="Vitamin E"/><nutrient amount="0.0" name="Vitamin K"/><nutrient amount="44.79" name="Saturated"/><nutrient amount="41.77" name="Monounsaturated"/><nutrient amount="7.56" name="Polyunsaturated"/><nutrient amount="1.282" name="Omega-3"/><nutrient amount="6.179" name="Omega-6"/><nutrient amount="101.0" name="Cholesterol"/></food>