<food uid="04600" fcf="9.0" pcf="4.0" name="Vegetable oil-butter spread, tub, salted" ccf="4.0"><measure amount="1.0" name="tablespoon" grams="14.0"/><nutrient amount="362.0" name="Energy"/><nutrient amount="1.0" name="Protein"/><nutrient amount="1.0" name="Carbs"/><nutrient amount="0.0" name="Fiber"/><nutrient amount="0.0" name="Sugars"/><nutrient amount="40.0" name="Fat"/><nutrient amount="0.0" name="Alcohol"/><nutrient amount="0.0" name="Caffeine"/><nutrient amount="56.0" name="Water"/><nutrient amount="2.0" name="Ash"/><nutrient amount="24.0" name="Calcium"/><nutrient amount="0.0020" name="Copper"/><nutrient amount="0.04" name="Iron"/><nutrient amount="2.0" name="Magnesium"/><nutrient amount="20.0" name="Phosphorus"/><nutrient amount="36.0" name="Potassium"/><nutrient amount="0.5" name="Selenium"/><nutrient amount="786.0" name="Sodium"/><nutrient amount="0.01" name="Zinc"/><nutrient amount="3571.0" name="Vitamin A"/><nutrient amount="768.0" name="Retinol"/><nutrient amount="0.0" name="Alpha-carotene"/><nutrient amount="610.0" name="Beta-carotene"/><nutrient amount="0.0" name="Beta-cryptoxanthin"/><nutrient amount="0.0" name="Lycopene"/><nutrient amount="0.0" name="Lutein+Zeaxanthin"/><nutrient amount="1.0" name="Folate"/><nutrient amount="0.01" name="B1 (Thiamine)"/><nutrient amount="0.03" name="B2 (Riboflavin)"/><nutrient amount="0.02" name="B3 (Niacin)"/><nutrient amount="0.01" name="B6 (Pyridoxine)"/><nutrient amount="0.09" name="B12 (Cyanocobalamin)"/><nutrient amount="0.1" name="Vitamin C"/><nutrient amount="4.47" name="Vitamin E"/><nutrient amount="46.1" name="Vitamin K"/><nutrient amount="7.238" name="Saturated"/><nutrient amount="18.438" name="Monounsaturated"/><nutrient amount="12.573" name="Polyunsaturated"/><nutrient amount="0.549" name="Omega-3"/><nutrient amount="12.025" name="Omega-6"/><nutrient amount="0.0" name="Cholesterol"/></food>