<food uid="04617" fcf="9.0" pcf="4.0" name="Margarine, regular, stick, unsalted, composite, 80% fat" ccf="4.0"><measure amount="1.0" name="cup" grams="227.0"/><measure amount="1.0" name="tbsp" grams="14.2"/><measure amount="1.0" name="pat (1&quot; sq, 1/3&quot; high)" grams="5.0"/><measure amount="1.0" name="stick" grams="113.0"/><nutrient amount="719.0" name="Energy"/><nutrient amount="0.9" name="Protein"/><nutrient amount="0.9" name="Carbs"/><nutrient amount="0.0" name="Fiber"/><nutrient amount="0.0" name="Sugars"/><nutrient amount="80.5" name="Fat"/><nutrient amount="0.0" name="Alcohol"/><nutrient amount="0.0" name="Caffeine"/><nutrient amount="17.5" name="Water"/><nutrient amount="0.2" name="Ash"/><nutrient amount="17.0" name="Calcium"/><nutrient amount="0.0" name="Copper"/><nutrient amount="0.0" name="Iron"/><nutrient amount="2.0" name="Magnesium"/><nutrient amount="13.0" name="Phosphorus"/><nutrient amount="25.0" name="Potassium"/><nutrient amount="0.0" name="Selenium"/><nutrient amount="2.0" name="Sodium"/><nutrient amount="0.0" name="Zinc"/><nutrient amount="3577.0" name="Vitamin A"/><nutrient amount="768.0" name="Retinol"/><nutrient amount="0.0" name="Alpha-carotene"/><nutrient amount="610.0" name="Beta-carotene"/><nutrient amount="0.0" name="Beta-cryptoxanthin"/><nutrient amount="0.0" name="Lycopene"/><nutrient amount="0.0" name="Lutein+Zeaxanthin"/><nutrient amount="1.0" name="Folate"/><nutrient amount="0.0060" name="B1 (Thiamine)"/><nutrient amount="0.021" name="B2 (Riboflavin)"/><nutrient amount="0.013" name="B3 (Niacin)"/><nutrient amount="0.0050" name="B6 (Pyridoxine)"/><nutrient amount="0.06" name="B12 (Cyanocobalamin)"/><nutrient amount="0.1" name="Vitamin C"/><nutrient amount="5.0" name="Vitamin E"/><nutrient amount="93.0" name="Vitamin K"/><nutrient amount="15.52" name="Saturated"/><nutrient amount="39.02" name="Monounsaturated"/><nutrient amount="22.34" name="Polyunsaturated"/><nutrient amount="1.76" name="Omega-3"/><nutrient amount="20.56" name="Omega-6"/><nutrient amount="0.0" name="Cholesterol"/></food>