<food uid="04611" fcf="8.84" pcf="4.27" name="Margarine, regular, tub, composite, 80% fat, with salt" ccf="3.87"><measure amount="1.0" name="cup" grams="227.0"/><measure amount="1.0" name="tbsp" grams="14.2"/><nutrient amount="716.0" name="Energy"/><nutrient amount="0.8" name="Protein"/><nutrient amount="0.6" name="Carbs"/><nutrient amount="0.0" name="Fiber"/><nutrient amount="0.0" name="Sugars"/><nutrient amount="80.4" name="Fat"/><nutrient amount="0.0" name="Alcohol"/><nutrient amount="0.0" name="Caffeine"/><nutrient amount="16.2" name="Water"/><nutrient amount="2.0" name="Ash"/><nutrient amount="26.0" name="Calcium"/><nutrient amount="0.0" name="Copper"/><nutrient amount="0.0" name="Iron"/><nutrient amount="2.0" name="Magnesium"/><nutrient amount="20.0" name="Phosphorus"/><nutrient amount="38.0" name="Potassium"/><nutrient amount="0.0" name="Selenium"/><nutrient amount="1079.0" name="Sodium"/><nutrient amount="0.0" name="Zinc"/><nutrient amount="3577.0" name="Vitamin A"/><nutrient amount="768.0" name="Retinol"/><nutrient amount="0.0" name="Alpha-carotene"/><nutrient amount="610.0" name="Beta-carotene"/><nutrient amount="0.0" name="Beta-cryptoxanthin"/><nutrient amount="0.0" name="Lycopene"/><nutrient amount="0.0" name="Lutein+Zeaxanthin"/><nutrient amount="1.0" name="Folate"/><nutrient amount="0.0090" name="B1 (Thiamine)"/><nutrient amount="0.032" name="B2 (Riboflavin)"/><nutrient amount="0.02" name="B3 (Niacin)"/><nutrient amount="0.0080" name="B6 (Pyridoxine)"/><nutrient amount="0.08" name="B12 (Cyanocobalamin)"/><nutrient amount="0.1" name="Vitamin C"/><nutrient amount="5.0" name="Vitamin E"/><nutrient amount="93.0" name="Vitamin K"/><nutrient amount="12.97" name="Saturated"/><nutrient amount="36.06" name="Monounsaturated"/><nutrient amount="27.85" name="Polyunsaturated"/><nutrient amount="1.33" name="Omega-3"/><nutrient amount="26.5" name="Omega-6"/><nutrient amount="0.0" name="Cholesterol"/></food>