<food uid="04610" fcf="8.84" pcf="4.27" name="Margarine, regular, stick, composite, 80% fat, with salt" ccf="3.87"><measure amount="1.0" name="tbsp" grams="14.0"/><measure amount="1.0" name="cup" grams="227.0"/><measure amount="1.0" name="tsp" grams="4.7"/><measure amount="1.0" name="pat (1&quot; sq, 1/3&quot; high)" grams="5.0"/><measure amount="1.0" name="stick" grams="113.0"/><nutrient amount="705.0" name="Energy"/><nutrient amount="0.18" name="Protein"/><nutrient amount="1.94" name="Carbs"/><nutrient amount="0.0" name="Fiber"/><nutrient amount="0.0" name="Sugars"/><nutrient amount="78.77" name="Fat"/><nutrient amount="0.0" name="Alcohol"/><nutrient amount="0.0" name="Caffeine"/><nutrient amount="17.17" name="Water"/><nutrient amount="1.94" name="Ash"/><nutrient amount="3.0" name="Calcium"/><nutrient amount="0.0" name="Copper"/><nutrient amount="0.12" name="Iron"/><nutrient amount="1.0" name="Magnesium"/><nutrient amount="5.0" name="Phosphorus"/><nutrient amount="18.0" name="Potassium"/><nutrient amount="0.0" name="Selenium"/><nutrient amount="654.0" name="Sodium"/><nutrient amount="0.11" name="Zinc"/><nutrient amount="3577.0" name="Vitamin A"/><nutrient amount="768.0" name="Retinol"/><nutrient amount="0.0" name="Alpha-carotene"/><nutrient amount="610.0" name="Beta-carotene"/><nutrient amount="0.0" name="Beta-cryptoxanthin"/><nutrient amount="0.0" name="Lycopene"/><nutrient amount="0.0" name="Lutein+Zeaxanthin"/><nutrient amount="1.0" name="Folate"/><nutrient amount="0.012" name="B1 (Thiamine)"/><nutrient amount="0.0" name="B2 (Riboflavin)"/><nutrient amount="0.0030" name="B3 (Niacin)"/><nutrient amount="0.0" name="B5 (Pantothenic Acid)"/><nutrient amount="0.0" name="B6 (Pyridoxine)"/><nutrient amount="0.1" name="B12 (Cyanocobalamin)"/><nutrient amount="0.0" name="Vitamin C"/><nutrient amount="6.23" name="Vitamin E"/><nutrient amount="93.0" name="Vitamin K"/><nutrient amount="14.787" name="Saturated"/><nutrient amount="37.201" name="Monounsaturated"/><nutrient amount="23.097" name="Polyunsaturated"/><nutrient amount="4.44" name="Omega-3"/><nutrient amount="20.877" name="Omega-6"/><nutrient amount="19.686" name="Trans-Fats"/><nutrient amount="0.0" name="Cholesterol"/></food>