<food uid="04616" fcf="9.0" pcf="4.0" name="Shortening, institutional, composite" ccf="4.0"><measure amount="1.0" name="tbsp" grams="12.8"/><measure amount="1.0" name="cup" grams="205.0"/><nutrient amount="894.0" name="Energy"/><nutrient amount="0.0" name="Protein"/><nutrient amount="0.0" name="Carbs"/><nutrient amount="0.0" name="Fiber"/><nutrient amount="0.0" name="Sugars"/><nutrient amount="100.0" name="Fat"/><nutrient amount="0.0" name="Alcohol"/><nutrient amount="0.0" name="Caffeine"/><nutrient amount="0.0" name="Water"/><nutrient amount="0.0" name="Ash"/><nutrient amount="0.0" name="Calcium"/><nutrient amount="0.0" name="Copper"/><nutrient amount="0.0" name="Iron"/><nutrient amount="0.0" name="Magnesium"/><nutrient amount="0.0" name="Phosphorus"/><nutrient amount="0.0" name="Potassium"/><nutrient amount="0.0" name="Selenium"/><nutrient amount="0.0" name="Sodium"/><nutrient amount="0.0" name="Zinc"/><nutrient amount="0.0" name="Vitamin A"/><nutrient amount="0.0" name="Retinol"/><nutrient amount="0.0" name="Alpha-carotene"/><nutrient amount="0.0" name="Beta-carotene"/><nutrient amount="0.0" name="Beta-cryptoxanthin"/><nutrient amount="0.0" name="Lycopene"/><nutrient amount="0.0" name="Lutein+Zeaxanthin"/><nutrient amount="0.0" name="Folate"/><nutrient amount="0.0" name="B1 (Thiamine)"/><nutrient amount="0.0" name="B2 (Riboflavin)"/><nutrient amount="0.0" name="B3 (Niacin)"/><nutrient amount="0.0" name="B6 (Pyridoxine)"/><nutrient amount="0.0" name="B12 (Cyanocobalamin)"/><nutrient amount="0.0" name="Vitamin C"/><nutrient amount="0.8" name="Vitamin E"/><nutrient amount="0.0" name="Beta Tocopherol"/><nutrient amount="16.68" name="Delta Tocopherol"/><nutrient amount="29.44" name="Gamma Tocopherol"/><nutrient amount="43.0" name="Vitamin K"/><nutrient amount="23.95" name="Saturated"/><nutrient amount="59.56" name="Monounsaturated"/><nutrient amount="12.09" name="Polyunsaturated"/><nutrient amount="0.14" name="Omega-3"/><nutrient amount="11.95" name="Omega-6"/><nutrient amount="0.0" name="Cholesterol"/></food>