<food uid="04619" fcf="8.84" pcf="3.87" name="Margarine, vegetable oil spread, 60% fat, stick, no salt" ccf="4.27"><nutrient amount="519.0" name="Energy"/><nutrient amount="0.6" name="Protein"/><nutrient amount="0.14" name="Carbs"/><nutrient amount="0.0" name="Fiber"/><nutrient amount="0.0" name="Sugars"/><nutrient amount="58.34" name="Fat"/><nutrient amount="0.0" name="Alcohol"/><nutrient amount="0.0" name="Caffeine"/><nutrient amount="39.23" name="Water"/><nutrient amount="1.7" name="Ash"/><nutrient amount="21.0" name="Calcium"/><nutrient amount="0.0" name="Copper"/><nutrient amount="0.0" name="Iron"/><nutrient amount="2.0" name="Magnesium"/><nutrient amount="16.0" name="Phosphorus"/><nutrient amount="30.0" name="Potassium"/><nutrient amount="0.0" name="Selenium"/><nutrient amount="2.0" name="Sodium"/><nutrient amount="0.0" name="Zinc"/><nutrient amount="3571.0" name="Vitamin A"/><nutrient amount="768.0" name="Retinol"/><nutrient amount="0.0" name="Alpha-carotene"/><nutrient amount="610.0" name="Beta-carotene"/><nutrient amount="0.0" name="Beta-cryptoxanthin"/><nutrient amount="0.0" name="Lycopene"/><nutrient amount="0.0" name="Lutein+Zeaxanthin"/><nutrient amount="1.0" name="Folate"/><nutrient amount="0.0070" name="B1 (Thiamine)"/><nutrient amount="0.026" name="B2 (Riboflavin)"/><nutrient amount="0.016" name="B3 (Niacin)"/><nutrient amount="0.059" name="B5 (Pantothenic Acid)"/><nutrient amount="0.0060" name="B6 (Pyridoxine)"/><nutrient amount="0.07" name="B12 (Cyanocobalamin)"/><nutrient amount="0.1" name="Vitamin C"/><nutrient amount="5.0" name="Vitamin E"/><nutrient amount="101.3" name="Vitamin K"/><nutrient amount="10.399" name="Saturated"/><nutrient amount="27.429" name="Monounsaturated"/><nutrient amount="15.348" name="Polyunsaturated"/><nutrient amount="3.05" name="Omega-3"/><nutrient amount="26.762999999999998" name="Omega-6"/><nutrient amount="13.587" name="Trans-Fats"/><nutrient amount="0.0" name="Cholesterol"/></food>