<food uid="04624" fcf="8.84" pcf="4.27" name="Margarine-like spread, fat free, liquid, salted" ccf="3.87"><measure amount="1.0" name="tbsp" grams="15.0"/><nutrient amount="43.0" name="Energy"/><nutrient amount="1.5" name="Protein"/><nutrient amount="2.5" name="Carbs"/><nutrient amount="0.0" name="Fiber"/><nutrient amount="0.0" name="Sugars"/><nutrient amount="3.0" name="Fat"/><nutrient amount="0.0" name="Alcohol"/><nutrient amount="0.0" name="Caffeine"/><nutrient amount="91.0" name="Water"/><nutrient amount="2.0" name="Ash"/><nutrient amount="38.0" name="Calcium"/><nutrient amount="0.0080" name="Copper"/><nutrient amount="0.03" name="Iron"/><nutrient amount="4.0" name="Magnesium"/><nutrient amount="30.0" name="Phosphorus"/><nutrient amount="50.0" name="Potassium"/><nutrient amount="0.0" name="Selenium"/><nutrient amount="833.0" name="Sodium"/><nutrient amount="0.14" name="Zinc"/><nutrient amount="3571.0" name="Vitamin A"/><nutrient amount="768.0" name="Retinol"/><nutrient amount="0.0" name="Alpha-carotene"/><nutrient amount="610.0" name="Beta-carotene"/><nutrient amount="0.0" name="Beta-cryptoxanthin"/><nutrient amount="0.0" name="Lycopene"/><nutrient amount="0.0" name="Lutein+Zeaxanthin"/><nutrient amount="2.0" name="Folate"/><nutrient amount="0.01" name="B1 (Thiamine)"/><nutrient amount="0.04" name="B2 (Riboflavin)"/><nutrient amount="0.03" name="B3 (Niacin)"/><nutrient amount="0.01" name="B6 (Pyridoxine)"/><nutrient amount="0.11" name="B12 (Cyanocobalamin)"/><nutrient amount="0.3" name="Vitamin C"/><nutrient amount="5.0" name="Vitamin E"/><nutrient amount="0.3" name="Vitamin K"/><nutrient amount="0.416" name="Saturated"/><nutrient amount="0.74" name="Monounsaturated"/><nutrient amount="1.764" name="Polyunsaturated"/><nutrient amount="0.0010" name="Omega-3"/><nutrient amount="1.742" name="Omega-6"/><nutrient amount="1.0" name="Cholesterol"/></food>