<food uid="04627" fcf="9.0" pcf="4.0" name="Margarine-like spread, reduced calorie, about 40% fat, made with yogurt, tub, salted" ccf="4.0"><measure amount="1.0" name="tablespoon" grams="14.0"/><nutrient amount="330.0" name="Energy"/><nutrient amount="2.0" name="Protein"/><nutrient amount="2.0" name="Carbs"/><nutrient amount="0.0" name="Fiber"/><nutrient amount="0.0" name="Sugars"/><nutrient amount="35.0" name="Fat"/><nutrient amount="0.0" name="Alcohol"/><nutrient amount="0.0" name="Caffeine"/><nutrient amount="59.0" name="Water"/><nutrient amount="2.0" name="Ash"/><nutrient amount="50.0" name="Calcium"/><nutrient amount="0.0040" name="Copper"/><nutrient amount="0.02" name="Iron"/><nutrient amount="5.0" name="Magnesium"/><nutrient amount="39.0" name="Phosphorus"/><nutrient amount="64.0" name="Potassium"/><nutrient amount="1.0" name="Selenium"/><nutrient amount="630.0" name="Sodium"/><nutrient amount="0.24" name="Zinc"/><nutrient amount="3577.0" name="Vitamin A"/><nutrient amount="768.0" name="Retinol"/><nutrient amount="0.0" name="Alpha-carotene"/><nutrient amount="610.0" name="Beta-carotene"/><nutrient amount="0.0" name="Beta-cryptoxanthin"/><nutrient amount="0.0" name="Lycopene"/><nutrient amount="0.0" name="Lutein+Zeaxanthin"/><nutrient amount="3.0" name="Folate"/><nutrient amount="0.01" name="B1 (Thiamine)"/><nutrient amount="0.06" name="B2 (Riboflavin)"/><nutrient amount="0.03" name="B3 (Niacin)"/><nutrient amount="0.01" name="B6 (Pyridoxine)"/><nutrient amount="0.15" name="B12 (Cyanocobalamin)"/><nutrient amount="0.2" name="Vitamin C"/><nutrient amount="5.0" name="Vitamin E"/><nutrient amount="93.0" name="Vitamin K"/><nutrient amount="7.0" name="Saturated"/><nutrient amount="9.8" name="Monounsaturated"/><nutrient amount="16.8" name="Polyunsaturated"/><nutrient amount="1.75" name="Omega-3"/><nutrient amount="15.04" name="Omega-6"/><nutrient amount="0.0" name="Cholesterol"/></food>