<food uid="04626" fcf="9.0" pcf="4.0" name="Margarine-like spread, made with yogurt, stick, salted" ccf="4.0"><nutrient amount="630.0" name="Energy"/><nutrient amount="0.3" name="Protein"/><nutrient amount="0.5" name="Carbs"/><nutrient amount="0.0" name="Fiber"/><nutrient amount="0.0" name="Sugars"/><nutrient amount="70.0" name="Fat"/><nutrient amount="0.0" name="Alcohol"/><nutrient amount="0.0" name="Caffeine"/><nutrient amount="28.0" name="Water"/><nutrient amount="2.0" name="Ash"/><nutrient amount="20.0" name="Calcium"/><nutrient amount="0.0020" name="Copper"/><nutrient amount="0.01" name="Iron"/><nutrient amount="2.0" name="Magnesium"/><nutrient amount="16.0" name="Phosphorus"/><nutrient amount="25.0" name="Potassium"/><nutrient amount="0.0" name="Selenium"/><nutrient amount="590.0" name="Sodium"/><nutrient amount="0.1" name="Zinc"/><nutrient amount="3577.0" name="Vitamin A"/><nutrient amount="768.0" name="Retinol"/><nutrient amount="0.0" name="Alpha-carotene"/><nutrient amount="610.0" name="Beta-carotene"/><nutrient amount="0.0" name="Beta-cryptoxanthin"/><nutrient amount="0.0" name="Lycopene"/><nutrient amount="0.0" name="Lutein+Zeaxanthin"/><nutrient amount="1.0" name="Folate"/><nutrient amount="0.0050" name="B1 (Thiamine)"/><nutrient amount="0.02" name="B2 (Riboflavin)"/><nutrient amount="0.01" name="B3 (Niacin)"/><nutrient amount="0.05" name="B6 (Pyridoxine)"/><nutrient amount="0.06" name="B12 (Cyanocobalamin)"/><nutrient amount="0.1" name="Vitamin C"/><nutrient amount="5.0" name="Vitamin E"/><nutrient amount="93.0" name="Vitamin K"/><nutrient amount="13.3" name="Saturated"/><nutrient amount="39.9" name="Monounsaturated"/><nutrient amount="14.0" name="Polyunsaturated"/><nutrient amount="1.4" name="Omega-3"/><nutrient amount="12.6" name="Omega-6"/><nutrient amount="0.0" name="Cholesterol"/></food>