<food uid="04629" fcf="8.84" pcf="4.27" name="Margarine, 70% vegetable oil spread, soybean and soybean(hydrogenated)" ccf="3.87"><measure amount="1.0" name="tbsp" grams="14.0"/><nutrient amount="619.0" name="Energy"/><nutrient amount="0.21" name="Protein"/><nutrient amount="1.13" name="Carbs"/><nutrient amount="69.4" name="Fat"/><nutrient amount="27.41" name="Water"/><nutrient amount="1.85" name="Ash"/><nutrient amount="7.0" name="Calcium"/><nutrient amount="0.12" name="Iron"/><nutrient amount="2.0" name="Magnesium"/><nutrient amount="0.014" name="Manganese"/><nutrient amount="10.0" name="Phosphorus"/><nutrient amount="46.0" name="Potassium"/><nutrient amount="700.0" name="Sodium"/><nutrient amount="0.06" name="Zinc"/><nutrient amount="1.0" name="Folate"/><nutrient amount="0.052" name="B1 (Thiamine)"/><nutrient amount="0.025" name="B2 (Riboflavin)"/><nutrient amount="0.0010" name="B5 (Pantothenic Acid)"/><nutrient amount="0.0030" name="B6 (Pyridoxine)"/><nutrient amount="12.623" name="Saturated"/><nutrient amount="36.733" name="Monounsaturated"/><nutrient amount="16.299" name="Polyunsaturated"/><nutrient amount="3.15" name="Omega-3"/><nutrient amount="28.379" name="Omega-6"/><nutrient amount="19.227" name="Trans-Fats"/><nutrient amount="0.0" name="Cholesterol"/></food>