<food uid="04631" fcf="8.84" pcf="4.27" name="Margarine spread, fat-free, tub" ccf="3.87"><measure amount="1.0" name="cup" grams="233.0"/><measure amount="1.0" name="tbsp" grams="14.6"/><nutrient amount="44.0" name="Energy"/><nutrient amount="0.1" name="Protein"/><nutrient amount="4.34" name="Carbs"/><nutrient amount="0.0" name="Fiber"/><nutrient amount="0.0" name="Sugars"/><nutrient amount="3.04" name="Fat"/><nutrient amount="0.0" name="Alcohol"/><nutrient amount="0.0" name="Caffeine"/><nutrient amount="90.69" name="Water"/><nutrient amount="1.83" name="Ash"/><nutrient amount="8.0" name="Calcium"/><nutrient amount="0.0" name="Copper"/><nutrient amount="0.08" name="Iron"/><nutrient amount="1.0" name="Magnesium"/><nutrient amount="0.0" name="Manganese"/><nutrient amount="2.0" name="Phosphorus"/><nutrient amount="36.0" name="Potassium"/><nutrient amount="0.0" name="Selenium"/><nutrient amount="580.0" name="Sodium"/><nutrient amount="0.07" name="Zinc"/><nutrient amount="3307.0" name="Vitamin A"/><nutrient amount="993.0" name="Retinol"/><nutrient amount="0.0" name="Alpha-carotene"/><nutrient amount="0.0" name="Beta-carotene"/><nutrient amount="0.0" name="Beta-cryptoxanthin"/><nutrient amount="0.0" name="Lycopene"/><nutrient amount="0.0" name="Lutein+Zeaxanthin"/><nutrient amount="0.0" name="Folate"/><nutrient amount="1.011" name="B1 (Thiamine)"/><nutrient amount="0.0" name="B2 (Riboflavin)"/><nutrient amount="0.883" name="B3 (Niacin)"/><nutrient amount="0.271" name="B5 (Pantothenic Acid)"/><nutrient amount="0.0010" name="B6 (Pyridoxine)"/><nutrient amount="0.0" name="B12 (Cyanocobalamin)"/><nutrient amount="0.0" name="Vitamin C"/><nutrient amount="0.52" name="Vitamin E"/><nutrient amount="0.1" name="Vitamin K"/><nutrient amount="2.128" name="Saturated"/><nutrient amount="0.356" name="Monounsaturated"/><nutrient amount="0.422" name="Polyunsaturated"/><nutrient amount="0.092" name="Omega-3"/><nutrient amount="0.752" name="Omega-6"/><nutrient amount="0.168" name="Trans-Fats"/><nutrient amount="0.0" name="Cholesterol"/></food>