<food uid="04633" fcf="9.02" pcf="4.0" name="Margarine, vegetable oil spread, 20% fat" ccf="4.0"><measure amount="1.0" name="cup" grams="240.0"/><measure amount="1.0" name="tbsp" grams="15.0"/><nutrient amount="175.0" name="Energy"/><nutrient amount="0.0" name="Protein"/><nutrient amount="0.4" name="Carbs"/><nutrient amount="0.0" name="Fiber"/><nutrient amount="0.0" name="Sugars"/><nutrient amount="19.5" name="Fat"/><nutrient amount="0.0" name="Alcohol"/><nutrient amount="0.0" name="Caffeine"/><nutrient amount="78.8" name="Water"/><nutrient amount="1.3" name="Ash"/><nutrient amount="0.0" name="Calcium"/><nutrient amount="0.0" name="Copper"/><nutrient amount="0.0" name="Iron"/><nutrient amount="1.0" name="Magnesium"/><nutrient amount="14.0" name="Phosphorus"/><nutrient amount="25.0" name="Potassium"/><nutrient amount="0.0" name="Selenium"/><nutrient amount="733.0" name="Sodium"/><nutrient amount="0.0" name="Zinc"/><nutrient amount="3577.0" name="Vitamin A"/><nutrient amount="768.0" name="Retinol"/><nutrient amount="0.0" name="Alpha-carotene"/><nutrient amount="610.0" name="Beta-carotene"/><nutrient amount="0.0" name="Beta-cryptoxanthin"/><nutrient amount="0.0" name="Lycopene"/><nutrient amount="0.0" name="Lutein+Zeaxanthin"/><nutrient amount="0.0" name="Folate"/><nutrient amount="0.0" name="B1 (Thiamine)"/><nutrient amount="0.0" name="B2 (Riboflavin)"/><nutrient amount="0.0" name="B3 (Niacin)"/><nutrient amount="0.0" name="B6 (Pyridoxine)"/><nutrient amount="0.0" name="B12 (Cyanocobalamin)"/><nutrient amount="0.0" name="Vitamin C"/><nutrient amount="4.5" name="Vitamin E"/><nutrient amount="70.9" name="Vitamin K"/><nutrient amount="2.87" name="Saturated"/><nutrient amount="7.48" name="Monounsaturated"/><nutrient amount="8.04" name="Polyunsaturated"/><nutrient amount="0.16" name="Omega-3"/><nutrient amount="7.84" name="Omega-6"/><nutrient amount="0.0" name="Cholesterol"/></food>