<food uid="04635" fcf="9.0" pcf="4.0" name="Salad dressing, thousand island dressing, fat-free" ccf="4.0"><measure amount="1.0" name="tbsp" grams="16.0"/><measure amount="1.0" name="cup" grams="256.0"/><nutrient amount="132.0" name="Energy"/><nutrient amount="0.55" name="Protein"/><nutrient amount="29.27" name="Carbs"/><nutrient amount="3.3" name="Fiber"/><nutrient amount="11.75" name="Starch"/><nutrient amount="16.83" name="Sugars"/><nutrient amount="1.45" name="Fat"/><nutrient amount="0.0" name="Alcohol"/><nutrient amount="0.0" name="Caffeine"/><nutrient amount="66.14" name="Water"/><nutrient amount="2.59" name="Ash"/><nutrient amount="11.0" name="Calcium"/><nutrient amount="0.178" name="Copper"/><nutrient amount="0.28" name="Iron"/><nutrient amount="4.0" name="Magnesium"/><nutrient amount="0.021" name="Manganese"/><nutrient amount="1.0" name="Phosphorus"/><nutrient amount="122.0" name="Potassium"/><nutrient amount="2.0" name="Selenium"/><nutrient amount="729.0" name="Sodium"/><nutrient amount="0.09" name="Zinc"/><nutrient amount="11.0" name="Vitamin A"/><nutrient amount="0.0" name="Retinol"/><nutrient amount="0.0" name="Alpha-carotene"/><nutrient amount="0.0" name="Beta-carotene"/><nutrient amount="13.0" name="Beta-cryptoxanthin"/><nutrient amount="1587.0" name="Lycopene"/><nutrient amount="0.0" name="Lutein+Zeaxanthin"/><nutrient amount="12.0" name="Folate"/><nutrient amount="0.236" name="B1 (Thiamine)"/><nutrient amount="0.049" name="B2 (Riboflavin)"/><nutrient amount="0.261" name="B3 (Niacin)"/><nutrient amount="0.0" name="B5 (Pantothenic Acid)"/><nutrient amount="0.0" name="B6 (Pyridoxine)"/><nutrient amount="0.0" name="B12 (Cyanocobalamin)"/><nutrient amount="0.0" name="Vitamin C"/><nutrient amount="0.75" name="Vitamin E"/><nutrient amount="3.7" name="Vitamin K"/><nutrient amount="0.198" name="Saturated"/><nutrient amount="0.342" name="Monounsaturated"/><nutrient amount="0.63" name="Polyunsaturated"/><nutrient amount="0.088" name="Omega-3"/><nutrient amount="0.542" name="Omega-6"/><nutrient amount="5.0" name="Cholesterol"/></food>