<food uid="04638" fcf="8.84" pcf="4.36" name="Salad dressing, ranch dressing, fat-free" ccf="3.8"><measure amount="1.0" name="tablespoon" grams="14.0"/><nutrient amount="119.0" name="Energy"/><nutrient amount="0.25" name="Protein"/><nutrient amount="26.51" name="Carbs"/><nutrient amount="0.1" name="Fiber"/><nutrient amount="4.99" name="Starch"/><nutrient amount="5.35" name="Sugars"/><nutrient amount="1.92" name="Fat"/><nutrient amount="0.0" name="Alcohol"/><nutrient amount="0.0" name="Caffeine"/><nutrient amount="68.33" name="Water"/><nutrient amount="3.0" name="Ash"/><nutrient amount="50.0" name="Calcium"/><nutrient amount="0.195" name="Copper"/><nutrient amount="1.05" name="Iron"/><nutrient amount="8.0" name="Magnesium"/><nutrient amount="0.111" name="Manganese"/><nutrient amount="113.0" name="Phosphorus"/><nutrient amount="111.0" name="Potassium"/><nutrient amount="0.8" name="Selenium"/><nutrient amount="755.0" name="Sodium"/><nutrient amount="0.4" name="Zinc"/><nutrient amount="3.0" name="Vitamin A"/><nutrient amount="1.0" name="Retinol"/><nutrient amount="0.0" name="Alpha-carotene"/><nutrient amount="0.0" name="Beta-carotene"/><nutrient amount="0.0" name="Beta-cryptoxanthin"/><nutrient amount="0.0" name="Lycopene"/><nutrient amount="4.0" name="Lutein+Zeaxanthin"/><nutrient amount="6.0" name="Folate"/><nutrient amount="0.03" name="B1 (Thiamine)"/><nutrient amount="0.025" name="B2 (Riboflavin)"/><nutrient amount="0.0070" name="B3 (Niacin)"/><nutrient amount="0.771" name="B5 (Pantothenic Acid)"/><nutrient amount="0.024" name="B6 (Pyridoxine)"/><nutrient amount="0.0" name="B12 (Cyanocobalamin)"/><nutrient amount="0.0" name="Vitamin C"/><nutrient amount="0.18" name="Vitamin E"/><nutrient amount="2.3" name="Vitamin K"/><nutrient amount="0.129" name="Omega-3"/><nutrient amount="1.055" name="Omega-6"/><nutrient amount="7.0" name="Cholesterol"/></food>