<food uid="04639" fcf="8.84" pcf="4.36" name="Salad dressing, ranch dressing, commercial, regular" ccf="3.8"><measure amount="1.0" name="tablespoon" grams="15.0"/><nutrient amount="484.0" name="Energy"/><nutrient amount="1.03" name="Protein"/><nutrient amount="6.69" name="Carbs"/><nutrient amount="0.7" name="Fiber"/><nutrient amount="1.77" name="Starch"/><nutrient amount="2.45" name="Sugars"/><nutrient amount="51.39" name="Fat"/><nutrient amount="0.0" name="Alcohol"/><nutrient amount="0.0" name="Caffeine"/><nutrient amount="38.18" name="Water"/><nutrient amount="2.71" name="Ash"/><nutrient amount="31.0" name="Calcium"/><nutrient amount="0.043" name="Copper"/><nutrient amount="0.62" name="Iron"/><nutrient amount="5.0" name="Magnesium"/><nutrient amount="0.042" name="Manganese"/><nutrient amount="161.0" name="Phosphorus"/><nutrient amount="62.0" name="Potassium"/><nutrient amount="2.4" name="Selenium"/><nutrient amount="816.0" name="Sodium"/><nutrient amount="0.4" name="Zinc"/><nutrient amount="38.0" name="Vitamin A"/><nutrient amount="10.0" name="Retinol"/><nutrient amount="1.0" name="Alpha-carotene"/><nutrient amount="2.0" name="Beta-carotene"/><nutrient amount="1.0" name="Beta-cryptoxanthin"/><nutrient amount="0.0" name="Lycopene"/><nutrient amount="29.0" name="Lutein+Zeaxanthin"/><nutrient amount="4.0" name="Folate"/><nutrient amount="0.096" name="B1 (Thiamine)"/><nutrient amount="0.055" name="B2 (Riboflavin)"/><nutrient amount="0.0070" name="B3 (Niacin)"/><nutrient amount="0.798" name="B5 (Pantothenic Acid)"/><nutrient amount="0.023" name="B6 (Pyridoxine)"/><nutrient amount="0.33" name="B12 (Cyanocobalamin)"/><nutrient amount="3.4" name="Vitamin C"/><nutrient amount="4.73" name="Vitamin E"/><nutrient amount="125.2" name="Vitamin K"/><nutrient amount="3.063" name="Omega-3"/><nutrient amount="25.267" name="Omega-6"/><nutrient amount="33.0" name="Cholesterol"/></food>