<food uid="04636" fcf="9.0" pcf="4.0" name="Salad dressing, italian dressing, fat-free" ccf="4.0"><measure amount="1.0" name="tbsp" grams="14.0"/><measure amount="1.0" name="cup" grams="231.0"/><nutrient amount="47.0" name="Energy"/><nutrient amount="0.97" name="Protein"/><nutrient amount="8.75" name="Carbs"/><nutrient amount="0.6" name="Fiber"/><nutrient amount="2.58" name="Starch"/><nutrient amount="8.85" name="Sugars"/><nutrient amount="0.87" name="Fat"/><nutrient amount="0.0" name="Alcohol"/><nutrient amount="0.0" name="Caffeine"/><nutrient amount="85.95" name="Water"/><nutrient amount="3.47" name="Ash"/><nutrient amount="30.0" name="Calcium"/><nutrient amount="0.116" name="Copper"/><nutrient amount="0.4" name="Iron"/><nutrient amount="5.0" name="Magnesium"/><nutrient amount="0.032" name="Manganese"/><nutrient amount="109.0" name="Phosphorus"/><nutrient amount="102.0" name="Potassium"/><nutrient amount="2.0" name="Selenium"/><nutrient amount="1129.0" name="Sodium"/><nutrient amount="0.36" name="Zinc"/><nutrient amount="77.0" name="Vitamin A"/><nutrient amount="0.0" name="Retinol"/><nutrient amount="0.0" name="Alpha-carotene"/><nutrient amount="40.0" name="Beta-carotene"/><nutrient amount="11.0" name="Beta-cryptoxanthin"/><nutrient amount="5.0" name="Lycopene"/><nutrient amount="0.0" name="Lutein+Zeaxanthin"/><nutrient amount="12.0" name="Folate"/><nutrient amount="0.031" name="B1 (Thiamine)"/><nutrient amount="0.053" name="B2 (Riboflavin)"/><nutrient amount="0.135" name="B3 (Niacin)"/><nutrient amount="0.0" name="B5 (Pantothenic Acid)"/><nutrient amount="0.0" name="B6 (Pyridoxine)"/><nutrient amount="0.31" name="B12 (Cyanocobalamin)"/><nutrient amount="0.4" name="Vitamin C"/><nutrient amount="0.76" name="Vitamin E"/><nutrient amount="1.6" name="Vitamin K"/><nutrient amount="0.295" name="Saturated"/><nutrient amount="0.235" name="Monounsaturated"/><nutrient amount="0.192" name="Polyunsaturated"/><nutrient amount="0.027" name="Omega-3"/><nutrient amount="0.163" name="Omega-6"/><nutrient amount="2.0" name="Cholesterol"/></food>