<food uid="04630" fcf="8.84" pcf="4.27" name="Margarine Spread, approximately 48% fat, tub" ccf="3.87"><nutrient amount="424.0" name="Energy"/><nutrient amount="0.2" name="Protein"/><nutrient amount="0.86" name="Carbs"/><nutrient amount="0.0" name="Fiber"/><nutrient amount="47.53" name="Fat"/><nutrient amount="49.66" name="Water"/><nutrient amount="1.75" name="Ash"/><nutrient amount="4.0" name="Calcium"/><nutrient amount="0.0080" name="Copper"/><nutrient amount="0.21" name="Iron"/><nutrient amount="1.0" name="Magnesium"/><nutrient amount="0.0" name="Manganese"/><nutrient amount="4.0" name="Phosphorus"/><nutrient amount="36.0" name="Potassium"/><nutrient amount="0.0" name="Selenium"/><nutrient amount="646.0" name="Sodium"/><nutrient amount="0.06" name="Zinc"/><nutrient amount="2.0" name="Folate"/><nutrient amount="0.0" name="B1 (Thiamine)"/><nutrient amount="0.019" name="B2 (Riboflavin)"/><nutrient amount="0.0" name="B3 (Niacin)"/><nutrient amount="0.0010" name="B5 (Pantothenic Acid)"/><nutrient amount="0.0010" name="B6 (Pyridoxine)"/><nutrient amount="0.0" name="Vitamin C"/><nutrient amount="3.94" name="Vitamin E"/><nutrient amount="101.3" name="Vitamin K"/><nutrient amount="8.792" name="Saturated"/><nutrient amount="16.416" name="Monounsaturated"/><nutrient amount="20.235" name="Polyunsaturated"/><nutrient amount="4.242" name="Omega-3"/><nutrient amount="35.469" name="Omega-6"/><nutrient amount="4.422" name="Trans-Fats"/><nutrient amount="1.0" name="Cholesterol"/></food>