<food uid="04640" fcf="8.84" pcf="4.36" name="Salad dressing, ranch dressing, reduced fat" ccf="3.8"><measure amount="1.0" name="tablespoon" grams="15.0"/><nutrient amount="219.0" name="Energy"/><nutrient amount="1.03" name="Protein"/><nutrient amount="16.2" name="Carbs"/><nutrient amount="0.9" name="Fiber"/><nutrient amount="6.13" name="Starch"/><nutrient amount="3.28" name="Sugars"/><nutrient amount="17.3" name="Fat"/><nutrient amount="0.0" name="Alcohol"/><nutrient amount="0.0" name="Caffeine"/><nutrient amount="62.5" name="Water"/><nutrient amount="2.97" name="Ash"/><nutrient amount="125.0" name="Calcium"/><nutrient amount="0.162" name="Copper"/><nutrient amount="0.87" name="Iron"/><nutrient amount="6.0" name="Magnesium"/><nutrient amount="0.053" name="Manganese"/><nutrient amount="193.0" name="Phosphorus"/><nutrient amount="132.0" name="Potassium"/><nutrient amount="2.9" name="Selenium"/><nutrient amount="932.0" name="Sodium"/><nutrient amount="0.62" name="Zinc"/><nutrient amount="67.0" name="Vitamin A"/><nutrient amount="17.0" name="Retinol"/><nutrient amount="2.0" name="Alpha-carotene"/><nutrient amount="4.0" name="Beta-carotene"/><nutrient amount="2.0" name="Beta-cryptoxanthin"/><nutrient amount="0.0" name="Lycopene"/><nutrient amount="49.0" name="Lutein+Zeaxanthin"/><nutrient amount="4.0" name="Folate"/><nutrient amount="0.022" name="B1 (Thiamine)"/><nutrient amount="0.027" name="B2 (Riboflavin)"/><nutrient amount="0.0070" name="B3 (Niacin)"/><nutrient amount="0.861" name="B5 (Pantothenic Acid)"/><nutrient amount="0.029" name="B6 (Pyridoxine)"/><nutrient amount="0.0" name="B12 (Cyanocobalamin)"/><nutrient amount="0.7" name="Vitamin C"/><nutrient amount="1.6" name="Vitamin E"/><nutrient amount="34.8" name="Vitamin K"/><nutrient amount="1.328" name="Saturated"/><nutrient amount="5.422" name="Monounsaturated"/><nutrient amount="4.334" name="Polyunsaturated"/><nutrient amount="1.316" name="Omega-3"/><nutrient amount="7.263" name="Omega-6"/><nutrient amount="0.089" name="Trans-Fats"/><nutrient amount="21.0" name="Cholesterol"/><nutrient amount="0.034" name="ALA"/><nutrient amount="0.063" name="ARG"/><nutrient amount="0.078" name="ASP"/><nutrient amount="0.0" name="CYS"/><nutrient amount="0.326" name="GLU"/><nutrient amount="0.021" name="GLY"/><nutrient amount="0.027" name="HIS"/><nutrient amount="0.041" name="ILE"/><nutrient amount="0.08" name="LEU"/><nutrient amount="0.084" name="LYS"/><nutrient amount="0.031" name="MET"/><nutrient amount="0.067" name="PHE"/><nutrient amount="0.08" name="PRO"/><nutrient amount="0.044" name="SER"/><nutrient amount="0.046" name="THR"/><nutrient amount="0.0" name="TRP"/><nutrient amount="0.038" name="VAL"/></food>