<food uid="04645" fcf="9.0" pcf="4.0" name="Oil, vegetable, industrial, canola (partially hydrogenated) oil for deep fat frying" ccf="4.0"><measure amount="1.0" name="tablespoon" grams="13.6"/><measure amount="1.0" name="cup" grams="218.0"/><measure amount="1.0" name="teaspoon" grams="4.5"/><nutrient amount="884.0" name="Energy"/><nutrient amount="0.0" name="Protein"/><nutrient amount="0.0" name="Carbs"/><nutrient amount="0.0" name="Fiber"/><nutrient amount="0.0" name="Sugars"/><nutrient amount="100.0" name="Fat"/><nutrient amount="0.0" name="Water"/><nutrient amount="0.0" name="Ash"/><nutrient amount="0.0" name="Calcium"/><nutrient amount="0.0" name="Copper"/><nutrient amount="0.0" name="Iron"/><nutrient amount="0.0" name="Magnesium"/><nutrient amount="0.0" name="Manganese"/><nutrient amount="0.0" name="Phosphorus"/><nutrient amount="0.0" name="Potassium"/><nutrient amount="0.0" name="Selenium"/><nutrient amount="0.0" name="Sodium"/><nutrient amount="0.0" name="Zinc"/><nutrient amount="0.0" name="Vitamin A"/><nutrient amount="0.0" name="Retinol"/><nutrient amount="0.0" name="Folate"/><nutrient amount="0.0" name="B1 (Thiamine)"/><nutrient amount="0.0" name="B2 (Riboflavin)"/><nutrient amount="0.0" name="B3 (Niacin)"/><nutrient amount="0.0" name="B5 (Pantothenic Acid)"/><nutrient amount="0.0" name="B6 (Pyridoxine)"/><nutrient amount="0.0" name="B12 (Cyanocobalamin)"/><nutrient amount="0.0" name="Vitamin C"/><nutrient amount="17.1" name="Vitamin E"/><nutrient amount="122.0" name="Vitamin K"/><nutrient amount="10.117" name="Saturated"/><nutrient amount="71.075" name="Monounsaturated"/><nutrient amount="14.038" name="Polyunsaturated"/><nutrient amount="2.056" name="Omega-3"/><nutrient amount="21.323999999999998" name="Omega-6"/><nutrient amount="27.017" name="Trans-Fats"/></food>