<food uid="04641" fcf="8.84" pcf="4.36" name="Salad dressing, mayonnaise, light" ccf="3.38"><measure amount="1.0" name="tablespoon" grams="15.0"/><nutrient amount="324.0" name="Energy"/><nutrient amount="0.88" name="Protein"/><nutrient amount="8.2" name="Carbs"/><nutrient amount="0.0" name="Fiber"/><nutrient amount="3.01" name="Starch"/><nutrient amount="4.34" name="Sugars"/><nutrient amount="33.09" name="Fat"/><nutrient amount="0.0" name="Alcohol"/><nutrient amount="0.0" name="Caffeine"/><nutrient amount="55.91" name="Water"/><nutrient amount="1.91" name="Ash"/><nutrient amount="8.0" name="Calcium"/><nutrient amount="0.112" name="Copper"/><nutrient amount="0.32" name="Iron"/><nutrient amount="2.0" name="Magnesium"/><nutrient amount="0.0060" name="Manganese"/><nutrient amount="35.0" name="Phosphorus"/><nutrient amount="40.0" name="Potassium"/><nutrient amount="2.6" name="Selenium"/><nutrient amount="673.0" name="Sodium"/><nutrient amount="0.18" name="Zinc"/><nutrient amount="220.0" name="Vitamin A"/><nutrient amount="12.0" name="Retinol"/><nutrient amount="1.0" name="Alpha-carotene"/><nutrient amount="94.0" name="Beta-carotene"/><nutrient amount="27.0" name="Beta-cryptoxanthin"/><nutrient amount="0.0" name="Lycopene"/><nutrient amount="87.0" name="Lutein+Zeaxanthin"/><nutrient amount="4.0" name="Folate"/><nutrient amount="0.018" name="B1 (Thiamine)"/><nutrient amount="0.0" name="B2 (Riboflavin)"/><nutrient amount="0.0" name="B3 (Niacin)"/><nutrient amount="0.066" name="B5 (Pantothenic Acid)"/><nutrient amount="0.0" name="B6 (Pyridoxine)"/><nutrient amount="0.0" name="B12 (Cyanocobalamin)"/><nutrient amount="0.0" name="Vitamin C"/><nutrient amount="3.07" name="Vitamin E"/><nutrient amount="0.28" name="Beta Tocopherol"/><nutrient amount="6.79" name="Delta Tocopherol"/><nutrient amount="23.04" name="Gamma Tocopherol"/><nutrient amount="24.7" name="Vitamin K"/><nutrient amount="5.209" name="Saturated"/><nutrient amount="8.135" name="Monounsaturated"/><nutrient amount="17.953" name="Polyunsaturated"/><nutrient amount="3.836" name="Omega-3"/><nutrient amount="31.826" name="Omega-6"/><nutrient amount="0.107" name="Trans-Fats"/><nutrient amount="35.0" name="Cholesterol"/></food>