<food uid="04642" fcf="8.84" pcf="4.0" name="Oil, vegetable, industrial, mid-oleic, sunflower, principal uses frying and salad dressings" ccf="4.0"><measure amount="1.0" name="tablespoon" grams="13.6"/><measure amount="1.0" name="teaspoon" grams="4.5"/><measure amount="1.0" name="cup" grams="218.0"/><nutrient amount="884.0" name="Energy"/><nutrient amount="0.0" name="Protein"/><nutrient amount="0.0" name="Carbs"/><nutrient amount="0.0" name="Fiber"/><nutrient amount="0.0" name="Sugars"/><nutrient amount="100.0" name="Fat"/><nutrient amount="0.0" name="Alcohol"/><nutrient amount="0.0" name="Caffeine"/><nutrient amount="0.0" name="Water"/><nutrient amount="0.0" name="Ash"/><nutrient amount="0.0" name="Calcium"/><nutrient amount="0.03" name="Iron"/><nutrient amount="0.0" name="Magnesium"/><nutrient amount="0.0" name="Phosphorus"/><nutrient amount="0.0" name="Potassium"/><nutrient amount="0.0" name="Selenium"/><nutrient amount="0.0" name="Sodium"/><nutrient amount="0.0" name="Zinc"/><nutrient amount="0.0" name="Vitamin A"/><nutrient amount="0.0" name="Retinol"/><nutrient amount="0.0" name="Alpha-carotene"/><nutrient amount="0.0" name="Beta-carotene"/><nutrient amount="0.0" name="Beta-cryptoxanthin"/><nutrient amount="0.0" name="Lycopene"/><nutrient amount="0.0" name="Lutein+Zeaxanthin"/><nutrient amount="0.0" name="Folate"/><nutrient amount="0.0" name="B1 (Thiamine)"/><nutrient amount="0.0" name="B2 (Riboflavin)"/><nutrient amount="0.0" name="B3 (Niacin)"/><nutrient amount="0.0" name="B5 (Pantothenic Acid)"/><nutrient amount="0.0" name="B6 (Pyridoxine)"/><nutrient amount="0.0" name="B12 (Cyanocobalamin)"/><nutrient amount="0.0" name="Vitamin C"/><nutrient amount="41.08" name="Vitamin E"/><nutrient amount="5.4" name="Vitamin K"/><nutrient amount="9.009" name="Saturated"/><nutrient amount="57.334" name="Monounsaturated"/><nutrient amount="28.962" name="Polyunsaturated"/><nutrient amount="0.074" name="Omega-3"/><nutrient amount="57.629" name="Omega-6"/><nutrient amount="0.219" name="Trans-Fats"/><nutrient amount="0.0" name="Cholesterol"/></food>