<food uid="04668" fcf="9.0" pcf="4.0" name="Margarine, industrial, soy and partially hydrogenated soy oil, use for baking, sauces and candy" ccf="4.0"><measure amount="1.0" name="cup" grams="227.0"/><measure amount="1.0" name="tsp" grams="4.7"/><nutrient amount="714.0" name="Energy"/><nutrient amount="0.18" name="Protein"/><nutrient amount="0.71" name="Carbs"/><nutrient amount="0.0" name="Fiber"/><nutrient amount="0.0" name="Sugars"/><nutrient amount="80.0" name="Fat"/><nutrient amount="17.17" name="Water"/><nutrient amount="1.94" name="Ash"/><nutrient amount="3.0" name="Calcium"/><nutrient amount="0.12" name="Iron"/><nutrient amount="1.0" name="Magnesium"/><nutrient amount="5.0" name="Phosphorus"/><nutrient amount="18.0" name="Potassium"/><nutrient amount="886.0" name="Sodium"/><nutrient amount="0.11" name="Zinc"/><nutrient amount="3571.0" name="Vitamin A"/><nutrient amount="1.0" name="Folate"/><nutrient amount="0.012" name="B1 (Thiamine)"/><nutrient amount="0.0" name="B2 (Riboflavin)"/><nutrient amount="0.0030" name="B3 (Niacin)"/><nutrient amount="0.0" name="B5 (Pantothenic Acid)"/><nutrient amount="0.0" name="B6 (Pyridoxine)"/><nutrient amount="0.21" name="B12 (Cyanocobalamin)"/><nutrient amount="6.23" name="Vitamin E"/><nutrient amount="75.0" name="Vitamin K"/><nutrient amount="2.414" name="Omega-3"/><nutrient amount="19.665" name="Omega-6"/><nutrient amount="0.0" name="Cholesterol"/></food>