<food uid="04665" fcf="9.0" pcf="4.0" name="Margarine, industrial, non-dairy, cottonseed, soy oil (partially hydrogenated ), for flaky pastries" ccf="4.0"><measure amount="1.0" name="tbsp" grams="14.0"/><nutrient amount="714.0" name="Energy"/><nutrient amount="1.9" name="Protein"/><nutrient amount="0.0" name="Carbs"/><nutrient amount="0.0" name="Fiber"/><nutrient amount="0.0" name="Sugars"/><nutrient amount="80.2" name="Fat"/><nutrient amount="0.0" name="Alcohol"/><nutrient amount="0.0" name="Caffeine"/><nutrient amount="15.8" name="Water"/><nutrient amount="2.0" name="Ash"/><nutrient amount="66.0" name="Calcium"/><nutrient amount="0.0" name="Copper"/><nutrient amount="0.0" name="Iron"/><nutrient amount="6.0" name="Magnesium"/><nutrient amount="51.0" name="Phosphorus"/><nutrient amount="94.0" name="Potassium"/><nutrient amount="0.0" name="Selenium"/><nutrient amount="879.0" name="Sodium"/><nutrient amount="0.0" name="Zinc"/><nutrient amount="4286.0" name="Vitamin A"/><nutrient amount="981.0" name="Retinol"/><nutrient amount="0.0" name="Alpha-carotene"/><nutrient amount="610.0" name="Beta-carotene"/><nutrient amount="0.0" name="Beta-cryptoxanthin"/><nutrient amount="0.0" name="Lycopene"/><nutrient amount="3.0" name="Folate"/><nutrient amount="0.022" name="B1 (Thiamine)"/><nutrient amount="0.081" name="B2 (Riboflavin)"/><nutrient amount="0.05" name="B3 (Niacin)"/><nutrient amount="0.187" name="B5 (Pantothenic Acid)"/><nutrient amount="0.019" name="B6 (Pyridoxine)"/><nutrient amount="0.21" name="B12 (Cyanocobalamin)"/><nutrient amount="0.4" name="Vitamin C"/><nutrient amount="4.6" name="Vitamin E"/><nutrient amount="106.2" name="Vitamin K"/><nutrient amount="20.442" name="Saturated"/><nutrient amount="46.692" name="Monounsaturated"/><nutrient amount="9.265" name="Polyunsaturated"/><nutrient amount="1.099" name="Omega-3"/><nutrient amount="14.237" name="Omega-6"/><nutrient amount="24.747" name="Trans-Fats"/><nutrient amount="0.0" name="Cholesterol"/></food>