<food uid="04674" fcf="9.0" pcf="4.0" name="Margarine-like spread, SMART BALANCE Light Buttery Spread" ccf="4.0"><measure amount="1.0" name="tablespoon" grams="14.0"/><nutrient amount="337.0" name="Energy"/><nutrient amount="0.0" name="Protein"/><nutrient amount="0.0" name="Carbs"/><nutrient amount="0.0" name="Fiber"/><nutrient amount="0.0" name="Sugars"/><nutrient amount="37.2" name="Fat"/><nutrient amount="60.8" name="Water"/><nutrient amount="1.68" name="Ash"/><nutrient amount="1.0" name="Phosphorus"/><nutrient amount="26.0" name="Potassium"/><nutrient amount="640.0" name="Sodium"/><nutrient amount="5161.0" name="Vitamin A"/><nutrient amount="9.6" name="Vitamin E"/><nutrient amount="30.7" name="Vitamin K"/><nutrient amount="10.82" name="Saturated"/><nutrient amount="14.22" name="Monounsaturated"/><nutrient amount="9.95" name="Polyunsaturated"/><nutrient amount="0.39" name="Trans-Fats"/><nutrient amount="0.0" name="Cholesterol"/></food>