<food uid="04673" fcf="9.0" pcf="4.0" name="Margarine-like spread, SMART BALANCE Regular Buttery Spread" ccf="4.0"><measure amount="1.0" name="tablespoon" grams="14.0"/><nutrient amount="605.0" name="Energy"/><nutrient amount="0.0" name="Protein"/><nutrient amount="0.0" name="Carbs"/><nutrient amount="0.0" name="Fiber"/><nutrient amount="0.0" name="Sugars"/><nutrient amount="66.9" name="Fat"/><nutrient amount="30.8" name="Water"/><nutrient amount="1.29" name="Ash"/><nutrient amount="4.0" name="Phosphorus"/><nutrient amount="28.0" name="Potassium"/><nutrient amount="646.0" name="Sodium"/><nutrient amount="3819.0" name="Vitamin A"/><nutrient amount="11.1" name="Vitamin E"/><nutrient amount="55.5" name="Vitamin K"/><nutrient amount="19.51" name="Saturated"/><nutrient amount="25.64" name="Monounsaturated"/><nutrient amount="17.7" name="Polyunsaturated"/><nutrient amount="0.71" name="Trans-Fats"/><nutrient amount="0.0" name="Cholesterol"/></food>