<food uid="04678" fcf="8.84" pcf="4.0" name="Oil, vegetable, Natreon canola, high stability, non trans, high oleic (70%)" ccf="4.0"><measure amount="1.0" name="tbsp" grams="14.0"/><nutrient amount="884.0" name="Energy"/><nutrient amount="0.0" name="Protein"/><nutrient amount="0.0" name="Carbs"/><nutrient amount="0.0" name="Fiber"/><nutrient amount="0.0" name="Sugars"/><nutrient amount="100.0" name="Fat"/><nutrient amount="0.0" name="Water"/><nutrient amount="0.0" name="Ash"/><nutrient amount="0.0" name="Sodium"/><nutrient amount="0.0" name="Vitamin A"/><nutrient amount="0.0" name="B1 (Thiamine)"/><nutrient amount="0.0" name="B2 (Riboflavin)"/><nutrient amount="0.0" name="B3 (Niacin)"/><nutrient amount="0.0" name="Vitamin C"/><nutrient amount="0.0" name="Vitamin D"/><nutrient amount="21.8" name="Vitamin E"/><nutrient amount="21.8" name="Gamma Tocopherol"/><nutrient amount="6.511" name="Saturated"/><nutrient amount="71.991" name="Monounsaturated"/><nutrient amount="17.098" name="Polyunsaturated"/><nutrient amount="4.667" name="Omega-3"/><nutrient amount="28.84" name="Omega-6"/><nutrient amount="0.767" name="Trans-Fats"/><nutrient amount="0.0" name="Cholesterol"/></food>