<food uid="04679" fcf="9.0" pcf="4.0" name="Oil, PAM cooking spray, original" ccf="4.0"><measure amount="1.0" name="spray , about 1/3 second (1 NLEA serving)" grams="0.3"/><nutrient amount="792.0" name="Energy"/><nutrient amount="0.26" name="Protein"/><nutrient amount="20.69" name="Carbs"/><nutrient amount="0.0" name="Fiber"/><nutrient amount="0.0" name="Sugars"/><nutrient amount="78.69" name="Fat"/><nutrient amount="0.11" name="Water"/><nutrient amount="0.25" name="Ash"/><nutrient amount="0.0" name="Calcium"/><nutrient amount="0.0" name="Iron"/><nutrient amount="59.0" name="Sodium"/><nutrient amount="0.0" name="Vitamin A"/><nutrient amount="0.0" name="Vitamin C"/><nutrient amount="11.6" name="Saturated"/><nutrient amount="55.79" name="Monounsaturated"/><nutrient amount="9.82" name="Polyunsaturated"/><nutrient amount="0.0" name="Trans-Fats"/><nutrient amount="0.0" name="Cholesterol"/></food>