<food uid="04675" fcf="9.0" pcf="4.0" name="Margarine-like spread, SMART BEAT Super Light without saturated fat" ccf="4.0"><measure amount="1.0" name="tablespoon" grams="14.0"/><nutrient amount="158.0" name="Energy"/><nutrient amount="0.0" name="Protein"/><nutrient amount="0.0" name="Carbs"/><nutrient amount="0.0" name="Fiber"/><nutrient amount="0.0" name="Sugars"/><nutrient amount="17.1" name="Fat"/><nutrient amount="80.83" name="Water"/><nutrient amount="1.91" name="Ash"/><nutrient amount="0.0" name="Phosphorus"/><nutrient amount="12.0" name="Potassium"/><nutrient amount="755.0" name="Sodium"/><nutrient amount="4489.0" name="Vitamin A"/><nutrient amount="1.7" name="Vitamin E"/><nutrient amount="12.3" name="Vitamin K"/><nutrient amount="2.22" name="Saturated"/><nutrient amount="7.6" name="Monounsaturated"/><nutrient amount="3.98" name="Polyunsaturated"/><nutrient amount="2.45" name="Trans-Fats"/><nutrient amount="0.0" name="Cholesterol"/></food>