<food uid="04676" fcf="9.0" pcf="4.0" name="Margarine-like spread, SMART BEAT Smart Squeeze" ccf="4.0"><measure amount="1.0" name="tablespoon" grams="14.0"/><nutrient amount="47.0" name="Energy"/><nutrient amount="0.0" name="Protein"/><nutrient amount="7.1" name="Carbs"/><nutrient amount="0.0" name="Fiber"/><nutrient amount="1.0" name="Sugars"/><nutrient amount="2.1" name="Fat"/><nutrient amount="87.91" name="Water"/><nutrient amount="2.45" name="Ash"/><nutrient amount="0.0" name="Phosphorus"/><nutrient amount="26.0" name="Potassium"/><nutrient amount="829.0" name="Sodium"/><nutrient amount="5772.0" name="Vitamin A"/><nutrient amount="0.2" name="Vitamin E"/><nutrient amount="4.2" name="Vitamin K"/><nutrient amount="0.31" name="Saturated"/><nutrient amount="0.47" name="Monounsaturated"/><nutrient amount="1.18" name="Polyunsaturated"/><nutrient amount="0.04" name="Trans-Fats"/><nutrient amount="0.0" name="Cholesterol"/></food>