<food uid="04677" fcf="9.0" pcf="4.0" name="Margarine-like spread, SMART BALANCE Omega Plus Spread (with plant sterols &amp; fish oil)" ccf="4.0"><measure amount="1.0" name="tablespoon" grams="14.0"/><nutrient amount="605.0" name="Energy"/><nutrient amount="0.0" name="Protein"/><nutrient amount="0.0" name="Carbs"/><nutrient amount="0.0" name="Fiber"/><nutrient amount="0.0" name="Sugars"/><nutrient amount="66.8" name="Fat"/><nutrient amount="27.1" name="Water"/><nutrient amount="1.96" name="Ash"/><nutrient amount="23.0" name="Phosphorus"/><nutrient amount="71.0" name="Potassium"/><nutrient amount="729.0" name="Sodium"/><nutrient amount="5407.0" name="Vitamin A"/><nutrient amount="10.0" name="Vitamin E"/><nutrient amount="52.5" name="Vitamin K"/><nutrient amount="19.35" name="Saturated"/><nutrient amount="25.31" name="Monounsaturated"/><nutrient amount="18.14" name="Polyunsaturated"/><nutrient amount="0.67" name="Trans-Fats"/><nutrient amount="0.0" name="Cholesterol"/><nutrient amount="3.0" name="Phytosterol"/></food>