<food uid="04681" fcf="8.84" pcf="4.0" name="Shortening, CRISCO 0 Grams Trans Fat Per Serving All-Vegetable, sticks" ccf="4.0"><measure amount="1.0" name="tablespoon (1 NLEA serving)" grams="12.0"/><measure amount="1.0" name="stick" grams="185.0"/><nutrient amount="884.0" name="Energy"/><nutrient amount="0.0" name="Protein"/><nutrient amount="0.0" name="Carbs"/><nutrient amount="0.0" name="Fiber"/><nutrient amount="0.0" name="Sugars"/><nutrient amount="99.96" name="Fat"/><nutrient amount="0.0" name="Water"/><nutrient amount="0.36" name="Ash"/><nutrient amount="1.0" name="Calcium"/><nutrient amount="0.0" name="Copper"/><nutrient amount="0.07" name="Iron"/><nutrient amount="0.0" name="Magnesium"/><nutrient amount="0.0" name="Phosphorus"/><nutrient amount="0.0" name="Potassium"/><nutrient amount="0.0" name="Selenium"/><nutrient amount="0.0" name="Zinc"/><nutrient amount="0.0" name="Vitamin A"/><nutrient amount="0.0" name="Retinol"/><nutrient amount="0.0" name="Folate"/><nutrient amount="0.02" name="B1 (Thiamine)"/><nutrient amount="0.0" name="B2 (Riboflavin)"/><nutrient amount="0.0" name="B3 (Niacin)"/><nutrient amount="0.0010" name="B6 (Pyridoxine)"/><nutrient amount="0.0" name="B12 (Cyanocobalamin)"/><nutrient amount="0.0" name="Vitamin C"/><nutrient amount="23.278" name="Saturated"/><nutrient amount="36.747" name="Monounsaturated"/><nutrient amount="34.275" name="Polyunsaturated"/><nutrient amount="4.842" name="Omega-3"/><nutrient amount="63.650999999999996" name="Omega-6"/><nutrient amount="0.596" name="Trans-Fats"/><nutrient amount="0.0" name="Cholesterol"/></food>