<food uid="04680" fcf="8.84" pcf="4.0" name="Shortening, CRISCO 0 Grams Trans Fat Per Serving All-Vegetable, can" ccf="4.0"><measure amount="1.0" name="tablespoon (1 NLEA serving)" grams="12.0"/><measure amount="1.0" name="cup" grams="154.0"/><nutrient amount="884.0" name="Energy"/><nutrient amount="0.0" name="Protein"/><nutrient amount="0.0" name="Carbs"/><nutrient amount="0.0" name="Fiber"/><nutrient amount="0.0" name="Sugars"/><nutrient amount="99.96" name="Fat"/><nutrient amount="0.0" name="Alcohol"/><nutrient amount="0.0" name="Water"/><nutrient amount="0.04" name="Ash"/><nutrient amount="1.0" name="Calcium"/><nutrient amount="0.0" name="Copper"/><nutrient amount="0.07" name="Iron"/><nutrient amount="0.0" name="Magnesium"/><nutrient amount="0.0" name="Phosphorus"/><nutrient amount="0.0" name="Potassium"/><nutrient amount="0.0" name="Zinc"/><nutrient amount="0.0" name="Vitamin A"/><nutrient amount="0.0" name="Retinol"/><nutrient amount="0.0" name="Folate"/><nutrient amount="0.02" name="B1 (Thiamine)"/><nutrient amount="0.0" name="B2 (Riboflavin)"/><nutrient amount="0.0" name="B3 (Niacin)"/><nutrient amount="0.0010" name="B6 (Pyridoxine)"/><nutrient amount="0.0" name="B12 (Cyanocobalamin)"/><nutrient amount="0.0" name="Vitamin C"/><nutrient amount="22.926" name="Saturated"/><nutrient amount="37.008" name="Monounsaturated"/><nutrient amount="34.328" name="Polyunsaturated"/><nutrient amount="4.842" name="Omega-3"/><nutrient amount="63.748000000000005" name="Omega-6"/><nutrient amount="0.605" name="Trans-Fats"/><nutrient amount="0.0" name="Cholesterol"/></food>