<food uid="05300" fcf="9.02" pcf="4.27" name="Turkey sticks, breaded, battered, fried" ccf="3.87"><measure amount="1.0" name="stick (2.25 oz)" grams="64.0"/><nutrient amount="279.0" name="Energy"/><nutrient amount="14.2" name="Protein"/><nutrient amount="17.0" name="Carbs"/><nutrient amount="16.9" name="Fat"/><nutrient amount="49.4" name="Water"/><nutrient amount="2.5" name="Ash"/><nutrient amount="14.0" name="Calcium"/><nutrient amount="0.073" name="Copper"/><nutrient amount="2.2" name="Iron"/><nutrient amount="15.0" name="Magnesium"/><nutrient amount="0.083" name="Manganese"/><nutrient amount="234.0" name="Phosphorus"/><nutrient amount="260.0" name="Potassium"/><nutrient amount="20.7" name="Selenium"/><nutrient amount="838.0" name="Sodium"/><nutrient amount="1.46" name="Zinc"/><nutrient amount="40.0" name="Vitamin A"/><nutrient amount="12.0" name="Retinol"/><nutrient amount="29.0" name="Folate"/><nutrient amount="0.1" name="B1 (Thiamine)"/><nutrient amount="0.18" name="B2 (Riboflavin)"/><nutrient amount="2.1" name="B3 (Niacin)"/><nutrient amount="0.533" name="B5 (Pantothenic Acid)"/><nutrient amount="0.2" name="B6 (Pyridoxine)"/><nutrient amount="0.23" name="B12 (Cyanocobalamin)"/><nutrient amount="0.0" name="Vitamin C"/><nutrient amount="4.38" name="Saturated"/><nutrient amount="6.92" name="Monounsaturated"/><nutrient amount="4.39" name="Polyunsaturated"/><nutrient amount="0.24" name="Omega-3"/><nutrient amount="4.1" name="Omega-6"/><nutrient amount="64.0" name="Cholesterol"/><nutrient amount="0.808" name="ALA"/><nutrient amount="0.923" name="ARG"/><nutrient amount="1.256" name="ASP"/><nutrient amount="0.178" name="CYS"/><nutrient amount="2.831" name="GLU"/><nutrient amount="0.668" name="GLY"/><nutrient amount="0.421" name="HIS"/><nutrient amount="0.726" name="ILE"/><nutrient amount="1.134" name="LEU"/><nutrient amount="1.168" name="LYS"/><nutrient amount="0.387" name="MET"/><nutrient amount="0.604" name="PHE"/><nutrient amount="0.798" name="PRO"/><nutrient amount="0.679" name="SER"/><nutrient amount="0.606" name="THR"/><nutrient amount="0.17" name="TRP"/><nutrient amount="0.549" name="TYR"/><nutrient amount="0.751" name="VAL"/></food>