<food uid="05306" fcf="9.02" pcf="4.27" name="Poultry food products, ground turkey, cooked" ccf="3.87"><measure amount="1.0" name="patty (4 oz, raw) (yield after cooking)" grams="82.0"/><measure amount="1.0" name="unit, yield from 1 lb raw" grams="330.0"/><nutrient amount="235.0" name="Energy"/><nutrient amount="27.36" name="Protein"/><nutrient amount="0.0" name="Carbs"/><nutrient amount="0.0" name="Fiber"/><nutrient amount="0.0" name="Sugars"/><nutrient amount="13.15" name="Fat"/><nutrient amount="0.0" name="Alcohol"/><nutrient amount="0.0" name="Caffeine"/><nutrient amount="59.42" name="Water"/><nutrient amount="1.19" name="Ash"/><nutrient amount="25.0" name="Calcium"/><nutrient amount="0.09" name="Copper"/><nutrient amount="1.93" name="Iron"/><nutrient amount="24.0" name="Magnesium"/><nutrient amount="0.02" name="Manganese"/><nutrient amount="196.0" name="Phosphorus"/><nutrient amount="270.0" name="Potassium"/><nutrient amount="37.2" name="Selenium"/><nutrient amount="107.0" name="Sodium"/><nutrient amount="2.86" name="Zinc"/><nutrient amount="0.0" name="Vitamin A"/><nutrient amount="0.0" name="Retinol"/><nutrient amount="0.0" name="Alpha-carotene"/><nutrient amount="0.0" name="Beta-carotene"/><nutrient amount="0.0" name="Beta-cryptoxanthin"/><nutrient amount="0.0" name="Lycopene"/><nutrient amount="0.0" name="Lutein+Zeaxanthin"/><nutrient amount="7.0" name="Folate"/><nutrient amount="0.054" name="B1 (Thiamine)"/><nutrient amount="0.168" name="B2 (Riboflavin)"/><nutrient amount="4.819" name="B3 (Niacin)"/><nutrient amount="0.813" name="B5 (Pantothenic Acid)"/><nutrient amount="0.39" name="B6 (Pyridoxine)"/><nutrient amount="0.33" name="B12 (Cyanocobalamin)"/><nutrient amount="0.0" name="Vitamin C"/><nutrient amount="0.34" name="Vitamin E"/><nutrient amount="0.9" name="Vitamin K"/><nutrient amount="3.39" name="Saturated"/><nutrient amount="4.89" name="Monounsaturated"/><nutrient amount="3.23" name="Polyunsaturated"/><nutrient amount="0.19999999999999998" name="Omega-3"/><nutrient amount="3.0300000000000002" name="Omega-6"/><nutrient amount="102.0" name="Cholesterol"/><nutrient amount="1.672" name="ALA"/><nutrient amount="1.887" name="ARG"/><nutrient amount="2.627" name="ASP"/><nutrient amount="0.28" name="CYS"/><nutrient amount="4.413" name="GLU"/><nutrient amount="1.34" name="GLY"/><nutrient amount="0.845" name="HIS"/><nutrient amount="1.405" name="ILE"/><nutrient amount="2.154" name="LEU"/><nutrient amount="2.548" name="LYS"/><nutrient amount="0.784" name="MET"/><nutrient amount="1.073" name="PHE"/><nutrient amount="1.125" name="PRO"/><nutrient amount="1.204" name="SER"/><nutrient amount="1.204" name="THR"/><nutrient amount="0.306" name="TRP"/><nutrient amount="1.068" name="TYR"/><nutrient amount="1.436" name="VAL"/></food>