<food uid="05302" fcf="9.02" pcf="4.27" name="Poultry, mechanically deboned, from backs and necks without skin, raw" ccf="3.87"><measure amount="0.5" name="lb" grams="227.0"/><nutrient amount="199.0" name="Energy"/><nutrient amount="13.79" name="Protein"/><nutrient amount="0.0" name="Carbs"/><nutrient amount="0.0" name="Fiber"/><nutrient amount="15.48" name="Fat"/><nutrient amount="69.29" name="Water"/><nutrient amount="1.0" name="Ash"/><nutrient amount="123.0" name="Calcium"/><nutrient amount="0.069" name="Copper"/><nutrient amount="1.73" name="Iron"/><nutrient amount="13.0" name="Magnesium"/><nutrient amount="0.02" name="Manganese"/><nutrient amount="154.0" name="Phosphorus"/><nutrient amount="128.0" name="Potassium"/><nutrient amount="14.4" name="Selenium"/><nutrient amount="51.0" name="Sodium"/><nutrient amount="1.82" name="Zinc"/><nutrient amount="107.0" name="Vitamin A"/><nutrient amount="32.0" name="Retinol"/><nutrient amount="9.0" name="Folate"/><nutrient amount="0.071" name="B1 (Thiamine)"/><nutrient amount="0.175" name="B2 (Riboflavin)"/><nutrient amount="6.246" name="B3 (Niacin)"/><nutrient amount="1.202" name="B5 (Pantothenic Acid)"/><nutrient amount="0.32" name="B6 (Pyridoxine)"/><nutrient amount="0.35" name="B12 (Cyanocobalamin)"/><nutrient amount="3.0" name="Vitamin C"/><nutrient amount="4.71" name="Saturated"/><nutrient amount="7.41" name="Monounsaturated"/><nutrient amount="2.28" name="Polyunsaturated"/><nutrient amount="0.21" name="Omega-3"/><nutrient amount="2.07" name="Omega-6"/><nutrient amount="104.0" name="Cholesterol"/><nutrient amount="0.94" name="ALA"/><nutrient amount="0.918" name="ARG"/><nutrient amount="1.426" name="ASP"/><nutrient amount="0.093" name="CYS"/><nutrient amount="2.282" name="GLU"/><nutrient amount="0.931" name="GLY"/><nutrient amount="0.362" name="HIS"/><nutrient amount="0.499" name="ILE"/><nutrient amount="1.132" name="LEU"/><nutrient amount="1.194" name="LYS"/><nutrient amount="0.389" name="MET"/><nutrient amount="0.545" name="PHE"/><nutrient amount="0.715" name="PRO"/><nutrient amount="0.671" name="SER"/><nutrient amount="0.642" name="THR"/><nutrient amount="0.11" name="TRP"/><nutrient amount="0.485" name="TYR"/><nutrient amount="0.565" name="VAL"/></food>