<food uid="05305" fcf="9.02" pcf="4.27" name="Poultry food products, ground turkey, raw" ccf="3.87"><measure amount="1.0" name="lb" grams="453.6"/><measure amount="1.0" name="patty, 4 oz" grams="114.0"/><nutrient amount="149.0" name="Energy"/><nutrient amount="17.46" name="Protein"/><nutrient amount="0.0" name="Carbs"/><nutrient amount="0.0" name="Fiber"/><nutrient amount="0.0" name="Sugars"/><nutrient amount="8.26" name="Fat"/><nutrient amount="0.0" name="Alcohol"/><nutrient amount="0.0" name="Caffeine"/><nutrient amount="71.97" name="Water"/><nutrient amount="0.87" name="Ash"/><nutrient amount="13.0" name="Calcium"/><nutrient amount="0.09" name="Copper"/><nutrient amount="1.25" name="Iron"/><nutrient amount="19.0" name="Magnesium"/><nutrient amount="0.018" name="Manganese"/><nutrient amount="156.0" name="Phosphorus"/><nutrient amount="233.0" name="Potassium"/><nutrient amount="18.9" name="Selenium"/><nutrient amount="94.0" name="Sodium"/><nutrient amount="1.93" name="Zinc"/><nutrient amount="5.0" name="Vitamin A"/><nutrient amount="2.0" name="Retinol"/><nutrient amount="0.0" name="Alpha-carotene"/><nutrient amount="0.0" name="Beta-carotene"/><nutrient amount="0.0" name="Beta-cryptoxanthin"/><nutrient amount="0.0" name="Lycopene"/><nutrient amount="0.0" name="Lutein+Zeaxanthin"/><nutrient amount="7.0" name="Folate"/><nutrient amount="0.055" name="B1 (Thiamine)"/><nutrient amount="0.133" name="B2 (Riboflavin)"/><nutrient amount="3.493" name="B3 (Niacin)"/><nutrient amount="0.69" name="B5 (Pantothenic Acid)"/><nutrient amount="0.35" name="B6 (Pyridoxine)"/><nutrient amount="0.34" name="B12 (Cyanocobalamin)"/><nutrient amount="0.0" name="Vitamin C"/><nutrient amount="0.35" name="Vitamin E"/><nutrient amount="0.6" name="Vitamin K"/><nutrient amount="2.25" name="Saturated"/><nutrient amount="3.1" name="Monounsaturated"/><nutrient amount="2.0" name="Polyunsaturated"/><nutrient amount="0.10999999999999999" name="Omega-3"/><nutrient amount="1.8900000000000001" name="Omega-6"/><nutrient amount="0.274" name="Trans-Fats"/><nutrient amount="79.0" name="Cholesterol"/><nutrient amount="1.067" name="ALA"/><nutrient amount="1.204" name="ARG"/><nutrient amount="1.676" name="ASP"/><nutrient amount="0.179" name="CYS"/><nutrient amount="2.816" name="GLU"/><nutrient amount="0.855" name="GLY"/><nutrient amount="0.539" name="HIS"/><nutrient amount="0.897" name="ILE"/><nutrient amount="1.375" name="LEU"/><nutrient amount="1.626" name="LYS"/><nutrient amount="0.5" name="MET"/><nutrient amount="0.685" name="PHE"/><nutrient amount="0.718" name="PRO"/><nutrient amount="0.768" name="SER"/><nutrient amount="0.768" name="THR"/><nutrient amount="0.196" name="TRP"/><nutrient amount="0.682" name="TYR"/><nutrient amount="0.916" name="VAL"/></food>