<food uid="05301" fcf="9.02" pcf="4.27" name="Poultry, mechanically deboned, from backs and necks with skin, raw" ccf="3.87"><measure amount="0.5" name="lb" grams="227.0"/><nutrient amount="272.0" name="Energy"/><nutrient amount="11.39" name="Protein"/><nutrient amount="0.0" name="Carbs"/><nutrient amount="0.0" name="Fiber"/><nutrient amount="24.73" name="Fat"/><nutrient amount="62.66" name="Water"/><nutrient amount="0.96" name="Ash"/><nutrient amount="138.0" name="Calcium"/><nutrient amount="0.065" name="Copper"/><nutrient amount="1.57" name="Iron"/><nutrient amount="12.0" name="Magnesium"/><nutrient amount="0.019" name="Manganese"/><nutrient amount="132.0" name="Phosphorus"/><nutrient amount="104.0" name="Potassium"/><nutrient amount="10.7" name="Selenium"/><nutrient amount="40.0" name="Sodium"/><nutrient amount="1.29" name="Zinc"/><nutrient amount="245.0" name="Vitamin A"/><nutrient amount="74.0" name="Retinol"/><nutrient amount="6.0" name="Folate"/><nutrient amount="0.05" name="B1 (Thiamine)"/><nutrient amount="0.129" name="B2 (Riboflavin)"/><nutrient amount="4.63" name="B3 (Niacin)"/><nutrient amount="0.824" name="B5 (Pantothenic Acid)"/><nutrient amount="0.19" name="B6 (Pyridoxine)"/><nutrient amount="0.25" name="B12 (Cyanocobalamin)"/><nutrient amount="1.5" name="Vitamin C"/><nutrient amount="7.45" name="Saturated"/><nutrient amount="10.44" name="Monounsaturated"/><nutrient amount="4.96" name="Polyunsaturated"/><nutrient amount="0.38000000000000006" name="Omega-3"/><nutrient amount="4.58" name="Omega-6"/><nutrient amount="130.0" name="Cholesterol"/><nutrient amount="0.795" name="ALA"/><nutrient amount="0.786" name="ARG"/><nutrient amount="1.165" name="ASP"/><nutrient amount="0.115" name="CYS"/><nutrient amount="1.818" name="GLU"/><nutrient amount="0.903" name="GLY"/><nutrient amount="0.319" name="HIS"/><nutrient amount="0.403" name="ILE"/><nutrient amount="0.903" name="LEU"/><nutrient amount="0.965" name="LYS"/><nutrient amount="0.303" name="MET"/><nutrient amount="0.452" name="PHE"/><nutrient amount="0.609" name="PRO"/><nutrient amount="0.536" name="SER"/><nutrient amount="0.509" name="THR"/><nutrient amount="0.091" name="TRP"/><nutrient amount="0.344" name="TYR"/><nutrient amount="0.472" name="VAL"/></food>