<food uid="05304" fcf="9.02" pcf="4.27" name="Turkey, mechanically deboned, from turkey frames, raw" ccf="3.87"><measure amount="0.5" name="lb" grams="227.0"/><nutrient amount="201.0" name="Energy"/><nutrient amount="13.29" name="Protein"/><nutrient amount="0.0" name="Carbs"/><nutrient amount="0.0" name="Fiber"/><nutrient amount="15.96" name="Fat"/><nutrient amount="69.09" name="Water"/><nutrient amount="1.1" name="Ash"/><nutrient amount="145.0" name="Calcium"/><nutrient amount="0.093" name="Copper"/><nutrient amount="1.61" name="Iron"/><nutrient amount="13.0" name="Magnesium"/><nutrient amount="0.015" name="Manganese"/><nutrient amount="115.0" name="Phosphorus"/><nutrient amount="173.0" name="Potassium"/><nutrient amount="26.5" name="Selenium"/><nutrient amount="48.0" name="Sodium"/><nutrient amount="2.9" name="Zinc"/><nutrient amount="0.0" name="Vitamin A"/><nutrient amount="0.0" name="Retinol"/><nutrient amount="7.0" name="Folate"/><nutrient amount="0.048" name="B1 (Thiamine)"/><nutrient amount="0.134" name="B2 (Riboflavin)"/><nutrient amount="1.969" name="B3 (Niacin)"/><nutrient amount="0.673" name="B5 (Pantothenic Acid)"/><nutrient amount="0.21" name="B6 (Pyridoxine)"/><nutrient amount="0.26" name="B12 (Cyanocobalamin)"/><nutrient amount="0.0" name="Vitamin C"/><nutrient amount="5.31" name="Saturated"/><nutrient amount="5.02" name="Monounsaturated"/><nutrient amount="4.51" name="Polyunsaturated"/><nutrient amount="0.33" name="Omega-3"/><nutrient amount="4.18" name="Omega-6"/><nutrient amount="95.0" name="Cholesterol"/><nutrient amount="0.87" name="ALA"/><nutrient amount="0.867" name="ARG"/><nutrient amount="1.352" name="ASP"/><nutrient amount="0.098" name="CYS"/><nutrient amount="2.23" name="GLU"/><nutrient amount="0.778" name="GLY"/><nutrient amount="0.504" name="HIS"/><nutrient amount="0.502" name="ILE"/><nutrient amount="1.082" name="LEU"/><nutrient amount="1.152" name="LYS"/><nutrient amount="0.374" name="MET"/><nutrient amount="0.551" name="PHE"/><nutrient amount="0.648" name="PRO"/><nutrient amount="0.621" name="SER"/><nutrient amount="0.636" name="THR"/><nutrient amount="0.106" name="TRP"/><nutrient amount="0.472" name="TYR"/><nutrient amount="0.544" name="VAL"/></food>