<food uid="05307" fcf="9.02" pcf="4.27" name="Chicken, cornish game hens, meat and skin, raw" ccf="3.87"><measure amount="0.5" name="bird" grams="168.0"/><nutrient amount="200.0" name="Energy"/><nutrient amount="17.15" name="Protein"/><nutrient amount="0.0" name="Carbs"/><nutrient amount="0.0" name="Fiber"/><nutrient amount="0.0" name="Sugars"/><nutrient amount="14.02" name="Fat"/><nutrient amount="0.0" name="Alcohol"/><nutrient amount="0.0" name="Caffeine"/><nutrient amount="68.18" name="Water"/><nutrient amount="0.8" name="Ash"/><nutrient amount="11.0" name="Calcium"/><nutrient amount="0.049" name="Copper"/><nutrient amount="0.78" name="Iron"/><nutrient amount="18.0" name="Magnesium"/><nutrient amount="0.016" name="Manganese"/><nutrient amount="140.0" name="Phosphorus"/><nutrient amount="236.0" name="Potassium"/><nutrient amount="11.8" name="Selenium"/><nutrient amount="61.0" name="Sodium"/><nutrient amount="1.15" name="Zinc"/><nutrient amount="108.0" name="Vitamin A"/><nutrient amount="32.0" name="Retinol"/><nutrient amount="0.0" name="Alpha-carotene"/><nutrient amount="0.0" name="Beta-carotene"/><nutrient amount="0.0" name="Beta-cryptoxanthin"/><nutrient amount="0.0" name="Lycopene"/><nutrient amount="0.0" name="Lutein+Zeaxanthin"/><nutrient amount="3.0" name="Folate"/><nutrient amount="0.073" name="B1 (Thiamine)"/><nutrient amount="0.17" name="B2 (Riboflavin)"/><nutrient amount="5.675" name="B3 (Niacin)"/><nutrient amount="0.609" name="B5 (Pantothenic Acid)"/><nutrient amount="0.295" name="B6 (Pyridoxine)"/><nutrient amount="0.33" name="B12 (Cyanocobalamin)"/><nutrient amount="0.5" name="Vitamin C"/><nutrient amount="0.28" name="Vitamin E"/><nutrient amount="2.4" name="Vitamin K"/><nutrient amount="3.89" name="Saturated"/><nutrient amount="6.16" name="Monounsaturated"/><nutrient amount="2.77" name="Polyunsaturated"/><nutrient amount="0.15000000000000002" name="Omega-3"/><nutrient amount="2.61" name="Omega-6"/><nutrient amount="101.0" name="Cholesterol"/><nutrient amount="1.006" name="ALA"/><nutrient amount="1.078" name="ARG"/><nutrient amount="1.526" name="ASP"/><nutrient amount="0.23" name="CYS"/><nutrient amount="2.493" name="GLU"/><nutrient amount="1.141" name="GLY"/><nutrient amount="0.499" name="HIS"/><nutrient amount="0.847" name="ILE"/><nutrient amount="1.24" name="LEU"/><nutrient amount="1.385" name="LYS"/><nutrient amount="0.453" name="MET"/><nutrient amount="0.663" name="PHE"/><nutrient amount="0.846" name="PRO"/><nutrient amount="0.606" name="SER"/><nutrient amount="0.705" name="THR"/><nutrient amount="0.19" name="TRP"/><nutrient amount="0.548" name="TYR"/><nutrient amount="0.828" name="VAL"/></food>