<food uid="05303" fcf="9.02" pcf="4.27" name="Poultry, mechanically deboned, from mature hens, raw" ccf="3.87"><measure amount="0.5" name="lb" grams="227.0"/><nutrient amount="243.0" name="Energy"/><nutrient amount="14.72" name="Protein"/><nutrient amount="0.0" name="Carbs"/><nutrient amount="0.0" name="Fiber"/><nutrient amount="19.98" name="Fat"/><nutrient amount="62.95" name="Water"/><nutrient amount="1.15" name="Ash"/><nutrient amount="187.0" name="Calcium"/><nutrient amount="0.065" name="Copper"/><nutrient amount="1.22" name="Iron"/><nutrient amount="12.0" name="Magnesium"/><nutrient amount="0.019" name="Manganese"/><nutrient amount="132.0" name="Phosphorus"/><nutrient amount="104.0" name="Potassium"/><nutrient amount="15.7" name="Selenium"/><nutrient amount="40.0" name="Sodium"/><nutrient amount="1.9" name="Zinc"/><nutrient amount="149.0" name="Vitamin A"/><nutrient amount="45.0" name="Retinol"/><nutrient amount="5.0" name="Folate"/><nutrient amount="0.096" name="B1 (Thiamine)"/><nutrient amount="0.14" name="B2 (Riboflavin)"/><nutrient amount="5.254" name="B3 (Niacin)"/><nutrient amount="0.772" name="B5 (Pantothenic Acid)"/><nutrient amount="0.28" name="B6 (Pyridoxine)"/><nutrient amount="0.27" name="B12 (Cyanocobalamin)"/><nutrient amount="2.0" name="Vitamin C"/><nutrient amount="4.73" name="Saturated"/><nutrient amount="9.3" name="Monounsaturated"/><nutrient amount="4.55" name="Polyunsaturated"/><nutrient amount="0.24" name="Omega-3"/><nutrient amount="4.21" name="Omega-6"/><nutrient amount="143.0" name="Cholesterol"/><nutrient amount="0.958" name="ALA"/><nutrient amount="0.996" name="ARG"/><nutrient amount="1.594" name="ASP"/><nutrient amount="0.111" name="CYS"/><nutrient amount="2.44" name="GLU"/><nutrient amount="0.864" name="GLY"/><nutrient amount="0.525" name="HIS"/><nutrient amount="0.57" name="ILE"/><nutrient amount="1.22" name="LEU"/><nutrient amount="1.314" name="LYS"/><nutrient amount="0.398" name="MET"/><nutrient amount="0.584" name="PHE"/><nutrient amount="0.666" name="PRO"/><nutrient amount="0.716" name="SER"/><nutrient amount="0.692" name="THR"/><nutrient amount="0.118" name="TRP"/><nutrient amount="0.485" name="TYR"/><nutrient amount="0.584" name="VAL"/></food>