<food uid="05309" fcf="9.02" pcf="4.27" name="Chicken, cornish game hens, meat only, raw" ccf="3.87"><measure amount="1.0" name="bird whole" grams="239.0"/><measure amount="0.5" name="bird" grams="120.0"/><nutrient amount="116.0" name="Energy"/><nutrient amount="20.04" name="Protein"/><nutrient amount="0.0" name="Carbs"/><nutrient amount="0.0" name="Fiber"/><nutrient amount="0.0" name="Sugars"/><nutrient amount="3.33" name="Fat"/><nutrient amount="0.0" name="Alcohol"/><nutrient amount="0.0" name="Caffeine"/><nutrient amount="75.84" name="Water"/><nutrient amount="0.9" name="Ash"/><nutrient amount="12.0" name="Calcium"/><nutrient amount="0.053" name="Copper"/><nutrient amount="0.74" name="Iron"/><nutrient amount="21.0" name="Magnesium"/><nutrient amount="0.017" name="Manganese"/><nutrient amount="160.0" name="Phosphorus"/><nutrient amount="269.0" name="Potassium"/><nutrient amount="15.8" name="Selenium"/><nutrient amount="68.0" name="Sodium"/><nutrient amount="1.31" name="Zinc"/><nutrient amount="75.0" name="Vitamin A"/><nutrient amount="22.0" name="Retinol"/><nutrient amount="0.0" name="Alpha-carotene"/><nutrient amount="0.0" name="Beta-carotene"/><nutrient amount="0.0" name="Beta-cryptoxanthin"/><nutrient amount="0.0" name="Lycopene"/><nutrient amount="0.0" name="Lutein+Zeaxanthin"/><nutrient amount="3.0" name="Folate"/><nutrient amount="0.092" name="B1 (Thiamine)"/><nutrient amount="0.216" name="B2 (Riboflavin)"/><nutrient amount="6.744" name="B3 (Niacin)"/><nutrient amount="0.636" name="B5 (Pantothenic Acid)"/><nutrient amount="0.385" name="B6 (Pyridoxine)"/><nutrient amount="0.4" name="B12 (Cyanocobalamin)"/><nutrient amount="0.6" name="Vitamin C"/><nutrient amount="0.21" name="Vitamin E"/><nutrient amount="2.4" name="Vitamin K"/><nutrient amount="0.85" name="Saturated"/><nutrient amount="1.07" name="Monounsaturated"/><nutrient amount="0.81" name="Polyunsaturated"/><nutrient amount="0.060000000000000005" name="Omega-3"/><nutrient amount="0.75" name="Omega-6"/><nutrient amount="91.0" name="Cholesterol"/><nutrient amount="1.093" name="ALA"/><nutrient amount="1.209" name="ARG"/><nutrient amount="1.786" name="ASP"/><nutrient amount="0.256" name="CYS"/><nutrient amount="3.001" name="GLU"/><nutrient amount="0.984" name="GLY"/><nutrient amount="0.622" name="HIS"/><nutrient amount="1.058" name="ILE"/><nutrient amount="1.504" name="LEU"/><nutrient amount="1.702" name="LYS"/><nutrient amount="0.555" name="MET"/><nutrient amount="0.795" name="PHE"/><nutrient amount="0.824" name="PRO"/><nutrient amount="0.689" name="SER"/><nutrient amount="0.846" name="THR"/><nutrient amount="0.234" name="TRP"/><nutrient amount="0.676" name="TYR"/><nutrient amount="0.994" name="VAL"/></food>