<food uid="05308" fcf="9.02" pcf="4.27" name="Chicken, cornish game hens, meat and skin, cooked, roasted" ccf="3.87"><measure amount="1.0" name="bird whole" grams="257.0"/><measure amount="0.5" name="bird" grams="129.0"/><nutrient amount="260.0" name="Energy"/><nutrient amount="22.27" name="Protein"/><nutrient amount="0.0" name="Carbs"/><nutrient amount="0.0" name="Fiber"/><nutrient amount="0.0" name="Sugars"/><nutrient amount="18.21" name="Fat"/><nutrient amount="0.0" name="Alcohol"/><nutrient amount="0.0" name="Caffeine"/><nutrient amount="58.68" name="Water"/><nutrient amount="1.04" name="Ash"/><nutrient amount="13.0" name="Calcium"/><nutrient amount="0.061" name="Copper"/><nutrient amount="14.7" name="Fluoride"/><nutrient amount="0.91" name="Iron"/><nutrient amount="18.0" name="Magnesium"/><nutrient amount="0.015" name="Manganese"/><nutrient amount="146.0" name="Phosphorus"/><nutrient amount="245.0" name="Potassium"/><nutrient amount="15.5" name="Selenium"/><nutrient amount="64.0" name="Sodium"/><nutrient amount="1.49" name="Zinc"/><nutrient amount="106.0" name="Vitamin A"/><nutrient amount="32.0" name="Retinol"/><nutrient amount="0.0" name="Alpha-carotene"/><nutrient amount="0.0" name="Beta-carotene"/><nutrient amount="0.0" name="Beta-cryptoxanthin"/><nutrient amount="0.0" name="Lycopene"/><nutrient amount="0.0" name="Lutein+Zeaxanthin"/><nutrient amount="2.0" name="Folate"/><nutrient amount="0.067" name="B1 (Thiamine)"/><nutrient amount="0.199" name="B2 (Riboflavin)"/><nutrient amount="5.897" name="B3 (Niacin)"/><nutrient amount="0.593" name="B5 (Pantothenic Acid)"/><nutrient amount="0.307" name="B6 (Pyridoxine)"/><nutrient amount="0.28" name="B12 (Cyanocobalamin)"/><nutrient amount="0.5" name="Vitamin C"/><nutrient amount="0.36" name="Vitamin E"/><nutrient amount="2.4" name="Vitamin K"/><nutrient amount="5.05" name="Saturated"/><nutrient amount="8.0" name="Monounsaturated"/><nutrient amount="3.6" name="Polyunsaturated"/><nutrient amount="0.21" name="Omega-3"/><nutrient amount="3.39" name="Omega-6"/><nutrient amount="131.0" name="Cholesterol"/><nutrient amount="1.306" name="ALA"/><nutrient amount="1.4" name="ARG"/><nutrient amount="1.981" name="ASP"/><nutrient amount="0.298" name="CYS"/><nutrient amount="3.238" name="GLU"/><nutrient amount="1.482" name="GLY"/><nutrient amount="0.648" name="HIS"/><nutrient amount="1.1" name="ILE"/><nutrient amount="1.61" name="LEU"/><nutrient amount="1.799" name="LYS"/><nutrient amount="0.588" name="MET"/><nutrient amount="0.861" name="PHE"/><nutrient amount="1.098" name="PRO"/><nutrient amount="0.787" name="SER"/><nutrient amount="0.916" name="THR"/><nutrient amount="0.247" name="TRP"/><nutrient amount="0.711" name="TYR"/><nutrient amount="1.075" name="VAL"/></food>