<food uid="05316" fcf="9.02" pcf="4.27" name="Duck, young duckling, domesticated, White Pekin, breast, meat only, boneless, cooked without skin, broiled" ccf="4.0"><measure amount="1.0" name="cup, chopped or diced" grams="174.0"/><measure amount="1.0" name="unit (yield from 1 lb ready-to-cook duck)" grams="44.0"/><measure amount="0.5" name="breast, bone and skin removed" grams="95.0"/><measure amount="3.0" name="oz" grams="85.0"/><nutrient amount="140.0" name="Energy"/><nutrient amount="27.6" name="Protein"/><nutrient amount="0.0" name="Carbs"/><nutrient amount="2.5" name="Fat"/><nutrient amount="68.25" name="Water"/><nutrient amount="1.4" name="Ash"/><nutrient amount="9.0" name="Calcium"/><nutrient amount="4.49" name="Iron"/><nutrient amount="29.0" name="Selenium"/><nutrient amount="105.0" name="Sodium"/><nutrient amount="10.35" name="B3 (Niacin)"/><nutrient amount="3.2" name="Vitamin C"/><nutrient amount="0.578" name="Saturated"/><nutrient amount="0.871" name="Monounsaturated"/><nutrient amount="0.378" name="Polyunsaturated"/><nutrient amount="0.012" name="Omega-3"/><nutrient amount="0.366" name="Omega-6"/><nutrient amount="143.0" name="Cholesterol"/><nutrient amount="1.731" name="ALA"/><nutrient amount="1.744" name="ARG"/><nutrient amount="2.681" name="ASP"/><nutrient amount="0.42" name="CYS"/><nutrient amount="4.279" name="GLU"/><nutrient amount="1.532" name="GLY"/><nutrient amount="0.724" name="HIS"/><nutrient amount="1.404" name="ILE"/><nutrient amount="2.31" name="LEU"/><nutrient amount="2.34" name="LYS"/><nutrient amount="0.737" name="MET"/><nutrient amount="1.148" name="PHE"/><nutrient amount="1.342" name="PRO"/><nutrient amount="1.179" name="SER"/><nutrient amount="1.17" name="THR"/><nutrient amount="0.38" name="TRP"/><nutrient amount="1.042" name="TYR"/><nutrient amount="1.431" name="VAL"/></food>