<food uid="05317" fcf="9.02" pcf="4.27" name="Duck, young duckling, domesticated, White Pekin, leg, meat and skin, bone in, cooked, roasted" ccf="4.0"><measure amount="1.0" name="leg, bone removed (yield after cooking)" grams="92.0"/><measure amount="1.0" name="unit (yield from 1 lb ready-to-cook duck)" grams="43.0"/><measure amount="3.0" name="oz" grams="85.0"/><nutrient amount="217.0" name="Energy"/><nutrient amount="26.75" name="Protein"/><nutrient amount="0.0" name="Carbs"/><nutrient amount="11.4" name="Fat"/><nutrient amount="60.9" name="Water"/><nutrient amount="1.0" name="Ash"/><nutrient amount="10.0" name="Calcium"/><nutrient amount="2.08" name="Iron"/><nutrient amount="21.8" name="Selenium"/><nutrient amount="110.0" name="Sodium"/><nutrient amount="5.77" name="B3 (Niacin)"/><nutrient amount="1.5" name="Vitamin C"/><nutrient amount="2.975" name="Saturated"/><nutrient amount="5.617" name="Monounsaturated"/><nutrient amount="1.896" name="Polyunsaturated"/><nutrient amount="0.083" name="Omega-3"/><nutrient amount="1.813" name="Omega-6"/><nutrient amount="114.0" name="Cholesterol"/><nutrient amount="1.678" name="ALA"/><nutrient amount="1.691" name="ARG"/><nutrient amount="2.598" name="ASP"/><nutrient amount="0.407" name="CYS"/><nutrient amount="4.147" name="GLU"/><nutrient amount="1.485" name="GLY"/><nutrient amount="0.702" name="HIS"/><nutrient amount="1.361" name="ILE"/><nutrient amount="2.238" name="LEU"/><nutrient amount="2.268" name="LYS"/><nutrient amount="0.715" name="MET"/><nutrient amount="1.113" name="PHE"/><nutrient amount="1.301" name="PRO"/><nutrient amount="1.143" name="SER"/><nutrient amount="1.134" name="THR"/><nutrient amount="0.368" name="TRP"/><nutrient amount="1.01" name="TYR"/><nutrient amount="1.387" name="VAL"/></food>