<food uid="05311" fcf="9.02" pcf="4.27" name="Chicken, canned, no broth" ccf="3.87"><measure amount="1.0" name="cup" grams="205.0"/><measure amount="1.0" name="can (5 oz) yields" grams="125.0"/><nutrient amount="184.0" name="Energy"/><nutrient amount="25.3" name="Protein"/><nutrient amount="0.8" name="Carbs"/><nutrient amount="0.0" name="Fiber"/><nutrient amount="0.0" name="Sugars"/><nutrient amount="8.1" name="Fat"/><nutrient amount="0.0" name="Alcohol"/><nutrient amount="0.0" name="Caffeine"/><nutrient amount="64.9" name="Water"/><nutrient amount="0.8" name="Ash"/><nutrient amount="14.0" name="Calcium"/><nutrient amount="0.05" name="Copper"/><nutrient amount="1.3" name="Iron"/><nutrient amount="19.0" name="Magnesium"/><nutrient amount="153.0" name="Phosphorus"/><nutrient amount="153.0" name="Potassium"/><nutrient amount="18.4" name="Selenium"/><nutrient amount="135.0" name="Sodium"/><nutrient amount="2.5" name="Zinc"/><nutrient amount="177.0" name="Vitamin A"/><nutrient amount="53.0" name="Retinol"/><nutrient amount="0.0" name="Alpha-carotene"/><nutrient amount="0.0" name="Beta-carotene"/><nutrient amount="0.0" name="Beta-cryptoxanthin"/><nutrient amount="0.0" name="Lycopene"/><nutrient amount="0.0" name="Lutein+Zeaxanthin"/><nutrient amount="2.0" name="Folate"/><nutrient amount="0.0" name="B1 (Thiamine)"/><nutrient amount="0.1" name="B2 (Riboflavin)"/><nutrient amount="2.4" name="B3 (Niacin)"/><nutrient amount="0.19" name="B6 (Pyridoxine)"/><nutrient amount="1.0" name="B12 (Cyanocobalamin)"/><nutrient amount="0.0" name="Vitamin C"/><nutrient amount="0.32" name="Vitamin E"/><nutrient amount="2.3" name="Vitamin K"/><nutrient amount="2.25" name="Saturated"/><nutrient amount="3.279" name="Monounsaturated"/><nutrient amount="1.978" name="Polyunsaturated"/><nutrient amount="0.307" name="Omega-3"/><nutrient amount="1.671" name="Omega-6"/><nutrient amount="50.0" name="Cholesterol"/></food>