<food uid="05310" fcf="9.02" pcf="4.27" name="Chicken, cornish game hens, meat only, cooked, roasted" ccf="3.87"><measure amount="1.0" name="bird whole" grams="220.0"/><measure amount="0.5" name="bird" grams="110.0"/><nutrient amount="134.0" name="Energy"/><nutrient amount="23.3" name="Protein"/><nutrient amount="0.0" name="Carbs"/><nutrient amount="0.0" name="Fiber"/><nutrient amount="0.0" name="Sugars"/><nutrient amount="3.87" name="Fat"/><nutrient amount="0.0" name="Alcohol"/><nutrient amount="0.0" name="Caffeine"/><nutrient amount="71.9" name="Water"/><nutrient amount="1.04" name="Ash"/><nutrient amount="13.0" name="Calcium"/><nutrient amount="0.059" name="Copper"/><nutrient amount="0.77" name="Iron"/><nutrient amount="19.0" name="Magnesium"/><nutrient amount="0.015" name="Manganese"/><nutrient amount="149.0" name="Phosphorus"/><nutrient amount="250.0" name="Potassium"/><nutrient amount="20.8" name="Selenium"/><nutrient amount="63.0" name="Sodium"/><nutrient amount="1.53" name="Zinc"/><nutrient amount="65.0" name="Vitamin A"/><nutrient amount="20.0" name="Retinol"/><nutrient amount="0.0" name="Alpha-carotene"/><nutrient amount="0.0" name="Beta-carotene"/><nutrient amount="0.0" name="Beta-cryptoxanthin"/><nutrient amount="0.0" name="Lycopene"/><nutrient amount="0.0" name="Lutein+Zeaxanthin"/><nutrient amount="2.0" name="Folate"/><nutrient amount="0.075" name="B1 (Thiamine)"/><nutrient amount="0.227" name="B2 (Riboflavin)"/><nutrient amount="6.273" name="B3 (Niacin)"/><nutrient amount="0.555" name="B5 (Pantothenic Acid)"/><nutrient amount="0.358" name="B6 (Pyridoxine)"/><nutrient amount="0.3" name="B12 (Cyanocobalamin)"/><nutrient amount="0.6" name="Vitamin C"/><nutrient amount="0.24" name="Vitamin E"/><nutrient amount="2.4" name="Vitamin K"/><nutrient amount="0.99" name="Saturated"/><nutrient amount="1.24" name="Monounsaturated"/><nutrient amount="0.94" name="Polyunsaturated"/><nutrient amount="0.08" name="Omega-3"/><nutrient amount="0.86" name="Omega-6"/><nutrient amount="106.0" name="Cholesterol"/><nutrient amount="1.271" name="ALA"/><nutrient amount="1.405" name="ARG"/><nutrient amount="2.076" name="ASP"/><nutrient amount="0.298" name="CYS"/><nutrient amount="3.489" name="GLU"/><nutrient amount="1.144" name="GLY"/><nutrient amount="0.723" name="HIS"/><nutrient amount="1.23" name="ILE"/><nutrient amount="1.748" name="LEU"/><nutrient amount="1.98" name="LYS"/><nutrient amount="0.645" name="MET"/><nutrient amount="0.925" name="PHE"/><nutrient amount="0.958" name="PRO"/><nutrient amount="0.801" name="SER"/><nutrient amount="0.984" name="THR"/><nutrient amount="0.272" name="TRP"/><nutrient amount="0.787" name="TYR"/><nutrient amount="1.156" name="VAL"/></food>