<food uid="05318" fcf="9.02" pcf="4.27" name="Duck, young duckling, domesticated, White Pekin, leg, meat only, bone in, cooked without skin, braised" ccf="4.0"><measure amount="1.0" name="cup chopped or diced, cooked" grams="174.0"/><measure amount="1.0" name="unit (yield from 1 lb ready-to-cook duck)" grams="35.0"/><measure amount="3.0" name="oz" grams="85.0"/><measure amount="1.0" name="leg, bone and skin removed" grams="75.0"/><nutrient amount="178.0" name="Energy"/><nutrient amount="29.1" name="Protein"/><nutrient amount="0.0" name="Carbs"/><nutrient amount="5.96" name="Fat"/><nutrient amount="64.6" name="Water"/><nutrient amount="1.1" name="Ash"/><nutrient amount="10.0" name="Calcium"/><nutrient amount="2.33" name="Iron"/><nutrient amount="21.6" name="Selenium"/><nutrient amount="108.0" name="Sodium"/><nutrient amount="5.33" name="B3 (Niacin)"/><nutrient amount="2.3" name="Vitamin C"/><nutrient amount="1.339" name="Saturated"/><nutrient amount="2.637" name="Monounsaturated"/><nutrient amount="0.909" name="Polyunsaturated"/><nutrient amount="0.039" name="Omega-3"/><nutrient amount="0.871" name="Omega-6"/><nutrient amount="105.0" name="Cholesterol"/><nutrient amount="1.825" name="ALA"/><nutrient amount="1.839" name="ARG"/><nutrient amount="2.826" name="ASP"/><nutrient amount="0.442" name="CYS"/><nutrient amount="4.512" name="GLU"/><nutrient amount="1.616" name="GLY"/><nutrient amount="0.764" name="HIS"/><nutrient amount="1.481" name="ILE"/><nutrient amount="2.435" name="LEU"/><nutrient amount="2.468" name="LYS"/><nutrient amount="0.778" name="MET"/><nutrient amount="1.211" name="PHE"/><nutrient amount="1.415" name="PRO"/><nutrient amount="1.243" name="SER"/><nutrient amount="1.234" name="THR"/><nutrient amount="0.4" name="TRP"/><nutrient amount="1.099" name="TYR"/><nutrient amount="1.509" name="VAL"/></food>