<food uid="05315" fcf="9.02" pcf="4.27" name="Duck, young duckling, domesticated, White Pekin, breast, meat and skin, boneless, cooked, roasted" ccf="4.0"><measure amount="1.0" name="unit (yield from 1 lb ready-to-cook duck)" grams="56.0"/><measure amount="3.0" name="oz" grams="85.0"/><measure amount="0.5" name="breast, bone removed" grams="120.0"/><nutrient amount="202.0" name="Energy"/><nutrient amount="24.5" name="Protein"/><nutrient amount="0.0" name="Carbs"/><nutrient amount="10.85" name="Fat"/><nutrient amount="63.25" name="Water"/><nutrient amount="1.15" name="Ash"/><nutrient amount="8.0" name="Calcium"/><nutrient amount="3.26" name="Iron"/><nutrient amount="26.4" name="Selenium"/><nutrient amount="84.0" name="Sodium"/><nutrient amount="7.855" name="B3 (Niacin)"/><nutrient amount="2.8" name="Vitamin C"/><nutrient amount="2.922" name="Saturated"/><nutrient amount="5.428" name="Monounsaturated"/><nutrient amount="1.632" name="Polyunsaturated"/><nutrient amount="0.07" name="Omega-3"/><nutrient amount="1.562" name="Omega-6"/><nutrient amount="136.0" name="Cholesterol"/><nutrient amount="1.537" name="ALA"/><nutrient amount="1.548" name="ARG"/><nutrient amount="2.379" name="ASP"/><nutrient amount="0.372" name="CYS"/><nutrient amount="3.798" name="GLU"/><nutrient amount="1.36" name="GLY"/><nutrient amount="0.643" name="HIS"/><nutrient amount="1.247" name="ILE"/><nutrient amount="2.05" name="LEU"/><nutrient amount="2.078" name="LYS"/><nutrient amount="0.655" name="MET"/><nutrient amount="1.019" name="PHE"/><nutrient amount="1.192" name="PRO"/><nutrient amount="1.047" name="SER"/><nutrient amount="1.039" name="THR"/><nutrient amount="0.337" name="TRP"/><nutrient amount="0.925" name="TYR"/><nutrient amount="1.27" name="VAL"/></food>