<food uid="05312" fcf="9.02" pcf="4.27" name="Chicken, wing, frozen, glazed, barbecue flavored" ccf="3.87"><measure amount="1.0" name="piece" grams="29.0"/><measure amount="1.0" name="serving" grams="86.0"/><nutrient amount="211.0" name="Energy"/><nutrient amount="19.67" name="Protein"/><nutrient amount="3.34" name="Carbs"/><nutrient amount="0.6" name="Fiber"/><nutrient amount="0.73" name="Starch"/><nutrient amount="2.04" name="Sugars"/><nutrient amount="12.67" name="Fat"/><nutrient amount="0.0" name="Alcohol"/><nutrient amount="0.0" name="Caffeine"/><nutrient amount="61.79" name="Water"/><nutrient amount="2.53" name="Ash"/><nutrient amount="28.0" name="Calcium"/><nutrient amount="0.039" name="Copper"/><nutrient amount="2.41" name="Iron"/><nutrient amount="20.0" name="Magnesium"/><nutrient amount="0.0" name="Manganese"/><nutrient amount="205.0" name="Phosphorus"/><nutrient amount="190.0" name="Potassium"/><nutrient amount="33.2" name="Selenium"/><nutrient amount="615.0" name="Sodium"/><nutrient amount="1.14" name="Zinc"/><nutrient amount="58.0" name="Vitamin A"/><nutrient amount="17.0" name="Retinol"/><nutrient amount="0.0" name="Alpha-carotene"/><nutrient amount="0.0" name="Beta-carotene"/><nutrient amount="0.0" name="Beta-cryptoxanthin"/><nutrient amount="0.0" name="Lycopene"/><nutrient amount="0.0" name="Lutein+Zeaxanthin"/><nutrient amount="10.0" name="Folate"/><nutrient amount="0.074" name="B1 (Thiamine)"/><nutrient amount="0.242" name="B2 (Riboflavin)"/><nutrient amount="5.5" name="B3 (Niacin)"/><nutrient amount="0.545" name="B5 (Pantothenic Acid)"/><nutrient amount="0.142" name="B6 (Pyridoxine)"/><nutrient amount="0.4" name="B12 (Cyanocobalamin)"/><nutrient amount="0.0" name="Vitamin C"/><nutrient amount="0.36" name="Vitamin E"/><nutrient amount="0.0" name="Beta Tocopherol"/><nutrient amount="0.09" name="Delta Tocopherol"/><nutrient amount="0.4" name="Gamma Tocopherol"/><nutrient amount="3.321" name="Saturated"/><nutrient amount="5.766" name="Monounsaturated"/><nutrient amount="2.359" name="Polyunsaturated"/><nutrient amount="0.147" name="Omega-3"/><nutrient amount="2.17" name="Omega-6"/><nutrient amount="126.0" name="Cholesterol"/><nutrient amount="1.082" name="ALA"/><nutrient amount="1.188" name="ARG"/><nutrient amount="1.644" name="ASP"/><nutrient amount="0.184" name="CYS"/><nutrient amount="2.527" name="GLU"/><nutrient amount="1.268" name="GLY"/><nutrient amount="0.462" name="HIS"/><nutrient amount="0.511" name="HYP"/><nutrient amount="0.745" name="ILE"/><nutrient amount="1.278" name="LEU"/><nutrient amount="1.352" name="LYS"/><nutrient amount="0.414" name="MET"/><nutrient amount="0.726" name="PHE"/><nutrient amount="0.906" name="PRO"/><nutrient amount="0.708" name="SER"/><nutrient amount="0.743" name="THR"/><nutrient amount="0.18" name="TRP"/><nutrient amount="0.493" name="TYR"/><nutrient amount="0.809" name="VAL"/></food>