<food uid="05313" fcf="9.02" pcf="4.27" name="Chicken, wing, frozen, glazed, barbecue flavored, heated (microwave)" ccf="3.87"><measure amount="1.0" name="serving" grams="74.0"/><nutrient amount="248.0" name="Energy"/><nutrient amount="25.34" name="Protein"/><nutrient amount="3.84" name="Carbs"/><nutrient amount="0.9" name="Fiber"/><nutrient amount="0.8" name="Starch"/><nutrient amount="2.1" name="Sugars"/><nutrient amount="13.9" name="Fat"/><nutrient amount="0.0" name="Alcohol"/><nutrient amount="0.0" name="Caffeine"/><nutrient amount="53.89" name="Water"/><nutrient amount="3.04" name="Ash"/><nutrient amount="38.0" name="Calcium"/><nutrient amount="0.049" name="Copper"/><nutrient amount="2.74" name="Iron"/><nutrient amount="27.0" name="Magnesium"/><nutrient amount="0.0" name="Manganese"/><nutrient amount="272.0" name="Phosphorus"/><nutrient amount="254.0" name="Potassium"/><nutrient amount="41.7" name="Selenium"/><nutrient amount="837.0" name="Sodium"/><nutrient amount="1.55" name="Zinc"/><nutrient amount="68.0" name="Vitamin A"/><nutrient amount="20.0" name="Retinol"/><nutrient amount="0.0" name="Alpha-carotene"/><nutrient amount="0.0" name="Beta-carotene"/><nutrient amount="0.0" name="Beta-cryptoxanthin"/><nutrient amount="0.0" name="Lycopene"/><nutrient amount="0.0" name="Lutein+Zeaxanthin"/><nutrient amount="12.0" name="Folate"/><nutrient amount="0.081" name="B1 (Thiamine)"/><nutrient amount="0.296" name="B2 (Riboflavin)"/><nutrient amount="7.1" name="B3 (Niacin)"/><nutrient amount="0.711" name="B5 (Pantothenic Acid)"/><nutrient amount="0.21" name="B6 (Pyridoxine)"/><nutrient amount="0.48" name="B12 (Cyanocobalamin)"/><nutrient amount="0.5" name="Vitamin C"/><nutrient amount="0.38" name="Vitamin E"/><nutrient amount="0.01" name="Beta Tocopherol"/><nutrient amount="0.09" name="Delta Tocopherol"/><nutrient amount="0.39" name="Gamma Tocopherol"/><nutrient amount="3.655" name="Saturated"/><nutrient amount="6.297" name="Monounsaturated"/><nutrient amount="2.599" name="Polyunsaturated"/><nutrient amount="0.17700000000000002" name="Omega-3"/><nutrient amount="2.37" name="Omega-6"/><nutrient amount="156.0" name="Cholesterol"/><nutrient amount="1.394" name="ALA"/><nutrient amount="1.53" name="ARG"/><nutrient amount="2.117" name="ASP"/><nutrient amount="0.238" name="CYS"/><nutrient amount="3.256" name="GLU"/><nutrient amount="1.633" name="GLY"/><nutrient amount="0.595" name="HIS"/><nutrient amount="0.658" name="HYP"/><nutrient amount="0.96" name="ILE"/><nutrient amount="1.646" name="LEU"/><nutrient amount="1.742" name="LYS"/><nutrient amount="0.533" name="MET"/><nutrient amount="0.935" name="PHE"/><nutrient amount="1.167" name="PRO"/><nutrient amount="0.912" name="SER"/><nutrient amount="0.958" name="THR"/><nutrient amount="0.232" name="TRP"/><nutrient amount="0.635" name="TYR"/><nutrient amount="1.043" name="VAL"/></food>