<food uid="05320" fcf="9.02" pcf="4.27" name="Chicken, wing, frozen, glazed, barbecue flavored, heated (conventional oven)" ccf="3.87"><measure amount="1.0" name="serving" grams="96.0"/><nutrient amount="242.0" name="Energy"/><nutrient amount="22.24" name="Protein"/><nutrient amount="3.36" name="Carbs"/><nutrient amount="0.5" name="Fiber"/><nutrient amount="0.76" name="Starch"/><nutrient amount="1.94" name="Sugars"/><nutrient amount="14.87" name="Fat"/><nutrient amount="0.0" name="Alcohol"/><nutrient amount="0.0" name="Caffeine"/><nutrient amount="57.25" name="Water"/><nutrient amount="2.28" name="Ash"/><nutrient amount="28.0" name="Calcium"/><nutrient amount="0.0" name="Copper"/><nutrient amount="1.97" name="Iron"/><nutrient amount="21.0" name="Magnesium"/><nutrient amount="0.0" name="Manganese"/><nutrient amount="233.0" name="Phosphorus"/><nutrient amount="218.0" name="Potassium"/><nutrient amount="34.2" name="Selenium"/><nutrient amount="559.0" name="Sodium"/><nutrient amount="1.3" name="Zinc"/><nutrient amount="69.0" name="Vitamin A"/><nutrient amount="21.0" name="Retinol"/><nutrient amount="0.0" name="Alpha-carotene"/><nutrient amount="0.0" name="Beta-carotene"/><nutrient amount="0.0" name="Beta-cryptoxanthin"/><nutrient amount="0.0" name="Lycopene"/><nutrient amount="0.0" name="Lutein+Zeaxanthin"/><nutrient amount="10.0" name="Folate"/><nutrient amount="0.117" name="B1 (Thiamine)"/><nutrient amount="0.26" name="B2 (Riboflavin)"/><nutrient amount="6.03" name="B3 (Niacin)"/><nutrient amount="0.603" name="B5 (Pantothenic Acid)"/><nutrient amount="0.183" name="B6 (Pyridoxine)"/><nutrient amount="0.55" name="B12 (Cyanocobalamin)"/><nutrient amount="0.0" name="Vitamin C"/><nutrient amount="0.44" name="Vitamin E"/><nutrient amount="0.01" name="Beta Tocopherol"/><nutrient amount="0.09" name="Delta Tocopherol"/><nutrient amount="0.4" name="Gamma Tocopherol"/><nutrient amount="3.966" name="Saturated"/><nutrient amount="6.737" name="Monounsaturated"/><nutrient amount="2.838" name="Polyunsaturated"/><nutrient amount="0.181" name="Omega-3"/><nutrient amount="2.601" name="Omega-6"/><nutrient amount="136.0" name="Cholesterol"/><nutrient amount="1.224" name="ALA"/><nutrient amount="1.343" name="ARG"/><nutrient amount="1.858" name="ASP"/><nutrient amount="0.208" name="CYS"/><nutrient amount="2.857" name="GLU"/><nutrient amount="1.433" name="GLY"/><nutrient amount="0.522" name="HIS"/><nutrient amount="0.578" name="HYP"/><nutrient amount="0.842" name="ILE"/><nutrient amount="1.444" name="LEU"/><nutrient amount="1.529" name="LYS"/><nutrient amount="0.468" name="MET"/><nutrient amount="0.82" name="PHE"/><nutrient amount="1.024" name="PRO"/><nutrient amount="0.801" name="SER"/><nutrient amount="0.841" name="THR"/><nutrient amount="0.204" name="TRP"/><nutrient amount="0.558" name="TYR"/><nutrient amount="0.915" name="VAL"/></food>