<food uid="05335" fcf="9.02" pcf="4.27" name="Chicken, feet, boiled" ccf="3.87"><nutrient amount="215.0" name="Energy"/><nutrient amount="19.4" name="Protein"/><nutrient amount="0.2" name="Carbs"/><nutrient amount="0.0" name="Fiber"/><nutrient amount="0.0" name="Sugars"/><nutrient amount="14.6" name="Fat"/><nutrient amount="0.0" name="Alcohol"/><nutrient amount="0.0" name="Caffeine"/><nutrient amount="65.8" name="Water"/><nutrient amount="0.0" name="Ash"/><nutrient amount="88.0" name="Calcium"/><nutrient amount="0.102" name="Copper"/><nutrient amount="0.91" name="Iron"/><nutrient amount="5.0" name="Magnesium"/><nutrient amount="83.0" name="Phosphorus"/><nutrient amount="31.0" name="Potassium"/><nutrient amount="3.6" name="Selenium"/><nutrient amount="67.0" name="Sodium"/><nutrient amount="0.69" name="Zinc"/><nutrient amount="100.0" name="Vitamin A"/><nutrient amount="30.0" name="Retinol"/><nutrient amount="0.0" name="Alpha-carotene"/><nutrient amount="0.0" name="Beta-carotene"/><nutrient amount="0.0" name="Beta-cryptoxanthin"/><nutrient amount="0.0" name="Lycopene"/><nutrient amount="0.0" name="Lutein+Zeaxanthin"/><nutrient amount="86.0" name="Folate"/><nutrient amount="0.06" name="B1 (Thiamine)"/><nutrient amount="0.2" name="B2 (Riboflavin)"/><nutrient amount="0.4" name="B3 (Niacin)"/><nutrient amount="0.01" name="B6 (Pyridoxine)"/><nutrient amount="0.47" name="B12 (Cyanocobalamin)"/><nutrient amount="0.0" name="Vitamin C"/><nutrient amount="0.27" name="Vitamin E"/><nutrient amount="0.2" name="Vitamin K"/><nutrient amount="3.92" name="Saturated"/><nutrient amount="5.5" name="Monounsaturated"/><nutrient amount="2.98" name="Polyunsaturated"/><nutrient amount="0.187" name="Omega-3"/><nutrient amount="2.57" name="Omega-6"/><nutrient amount="84.0" name="Cholesterol"/></food>