<food fcf="9.0" pcf="4.0" uid="06195" name="Soup, CAMPBELL'S HEALTHY REQUEST CREAM OF CHICKEN, canned, ready-to-serve" ccf="4.0">
<nutrient amount="58.0" name="Energy"/>
<nutrient amount="1.8" name="Protein"/>
<nutrient amount="9.5" name="Carbs"/>
<nutrient amount="0.4" name="Fiber"/>
<nutrient amount="0.75" name="Sugars"/>
<nutrient amount="1.3" name="Fat"/>
<nutrient amount="85.8" name="Water"/>
<nutrient amount="1.5" name="Ash"/>
<nutrient amount="11.0" name="Calcium"/>
<nutrient amount="0.034" name="Copper"/>
<nutrient amount="0.2" name="Iron"/>
<nutrient amount="2.0" name="Magnesium"/>
<nutrient amount="0.055" name="Manganese"/>
<nutrient amount="23.0" name="Phosphorus"/>
<nutrient amount="272.0" name="Potassium"/>
<nutrient amount="6.3" name="Selenium"/>
<nutrient amount="357.0" name="Sodium"/>
<nutrient amount="0.13" name="Zinc"/>
<nutrient amount="43.0" name="Vitamin A"/>
<nutrient amount="10.0" name="Retinol"/>
<nutrient amount="6.0" name="Beta-carotene"/>
<nutrient amount="2.0" name="Folate"/>
<nutrient amount="0.0050" name="B1 (Thiamine)"/>
<nutrient amount="0.022" name="B2 (Riboflavin)"/>
<nutrient amount="0.637" name="B3 (Niacin)"/>
<nutrient amount="0.04" name="B5 (Pantothenic Acid)"/>
<nutrient amount="0.012" name="B6 (Pyridoxine)"/>
<nutrient amount="0.05" name="B12 (Cyanocobalamin)"/>
<nutrient amount="0.13" name="Vitamin E"/>
<nutrient amount="1.0" name="Vitamin K"/>
<nutrient amount="0.5" name="Saturated"/>
<nutrient amount="0.4" name="Monounsaturated"/>
<nutrient amount="0.4" name="Polyunsaturated"/>
<nutrient amount="0.020000000000000004" name="Omega-3"/>
<nutrient amount="0.23800000000000002" name="Omega-6"/>
<nutrient amount="6.0" name="Cholesterol"/>
</food>
