<food fcf="9.0" pcf="4.0" uid="06746" name="Gravy, PEPPERIDGE FARM HEARTY BEEF GRAVY, GLASS JAR" ccf="4.0">
<measure amount="1.0" grams="340.0" name="package yields"/>
<measure amount="1.0" grams="60.0" name="serving"/>
<nutrient amount="43.0" name="Energy"/>
<nutrient amount="3.0" name="Protein"/>
<nutrient amount="6.2" name="Carbs"/>
<nutrient amount="0.7" name="Fat"/>
<nutrient amount="88.4" name="Water"/>
<nutrient amount="1.7" name="Ash"/>
<nutrient amount="631.0" name="Sodium"/>
<nutrient amount="0.238" name="Saturated"/>
<nutrient amount="0.252" name="Monounsaturated"/>
<nutrient amount="0.064" name="Polyunsaturated"/>
<nutrient amount="5.0" name="Cholesterol"/>
</food>
