<food uid="06800" fcf="9.0" pcf="4.0" name="Gravy, NESTLE, CHEF-MATE Country Sausage Gravy, ready-to-serve" ccf="4.0"><measure amount="1.0" name="package" grams="2977.0"/><measure amount="1.0" name="serving" grams="62.0"/><measure amount="0.25" name="cup" grams="62.0"/><nutrient amount="155.0" name="Energy"/><nutrient amount="4.6" name="Protein"/><nutrient amount="6.28" name="Carbs"/><nutrient amount="0.7" name="Fiber"/><nutrient amount="0.78" name="Sugars"/><nutrient amount="12.4" name="Fat"/><nutrient amount="0.0" name="Alcohol"/><nutrient amount="75.33" name="Water"/><nutrient amount="1.39" name="Ash"/><nutrient amount="6.0" name="Calcium"/><nutrient amount="0.038" name="Copper"/><nutrient amount="0.55" name="Iron"/><nutrient amount="5.0" name="Magnesium"/><nutrient amount="0.033" name="Manganese"/><nutrient amount="41.0" name="Phosphorus"/><nutrient amount="77.0" name="Potassium"/><nutrient amount="380.0" name="Sodium"/><nutrient amount="0.55" name="Zinc"/><nutrient amount="0.0" name="Vitamin A"/><nutrient amount="1.0" name="Folate"/><nutrient amount="0.159" name="B1 (Thiamine)"/><nutrient amount="0.062" name="B2 (Riboflavin)"/><nutrient amount="1.049" name="B3 (Niacin)"/><nutrient amount="0.159" name="B5 (Pantothenic Acid)"/><nutrient amount="0.065" name="B6 (Pyridoxine)"/><nutrient amount="0.34" name="B12 (Cyanocobalamin)"/><nutrient amount="0.1" name="Vitamin C"/><nutrient amount="3.22" name="Saturated"/><nutrient amount="4.698" name="Monounsaturated"/><nutrient amount="3.483" name="Polyunsaturated"/><nutrient amount="0.273" name="Omega-3"/><nutrient amount="3.212" name="Omega-6"/><nutrient amount="21.0" name="Cholesterol"/></food>