<food fcf="9.0" pcf="4.0" uid="08266" name="Cereals ready-to-eat, GENERAL MILLS, FROSTED WHEATIES" ccf="4.0">
<measure amount="0.75" grams="30.0" name="cup (1 NLEA serving)"/>
<nutrient amount="373.0" name="Energy"/>
<nutrient amount="5.0" name="Protein"/>
<nutrient amount="89.0" name="Carbs"/>
<nutrient amount="2.0" name="Fiber"/>
<nutrient amount="39.0" name="Sugars"/>
<nutrient amount="1.0" name="Fat"/>
<nutrient amount="2.68" name="Water"/>
<nutrient amount="3.06" name="Ash"/>
<nutrient amount="333.0" name="Calcium"/>
<nutrient amount="0.1" name="Copper"/>
<nutrient amount="27.0" name="Iron"/>
<nutrient amount="36.0" name="Magnesium"/>
<nutrient amount="1.016" name="Manganese"/>
<nutrient amount="67.0" name="Phosphorus"/>
<nutrient amount="110.0" name="Potassium"/>
<nutrient amount="4.7" name="Selenium"/>
<nutrient amount="679.0" name="Sodium"/>
<nutrient amount="25.0" name="Zinc"/>
<nutrient amount="1667.0" name="Vitamin A"/>
<nutrient amount="501.0" name="Retinol"/>
<nutrient amount="1333.0" name="Folate"/>
<nutrient amount="2.5" name="B1 (Thiamine)"/>
<nutrient amount="2.83" name="B2 (Riboflavin)"/>
<nutrient amount="33.3" name="B3 (Niacin)"/>
<nutrient amount="0.354" name="B5 (Pantothenic Acid)"/>
<nutrient amount="3.33" name="B6 (Pyridoxine)"/>
<nutrient amount="10.0" name="B12 (Cyanocobalamin)"/>
<nutrient amount="20.0" name="Vitamin C"/>
<nutrient amount="133.0" name="Vitamin D"/>
<nutrient amount="0.2" name="Saturated"/>
<nutrient amount="0.183" name="Monounsaturated"/>
<nutrient amount="0.392" name="Polyunsaturated"/>
<nutrient amount="0.014" name="Omega-3"/>
<nutrient amount="0.377" name="Omega-6"/>
</food>
