<food fcf="9.0" pcf="4.0" uid="08367" name="Cereals ready-to-eat, GENERAL MILLS, SUNRISE" ccf="4.0">
<measure amount="0.75" grams="30.0" name="cup"/>
<nutrient amount="380.0" name="Energy"/>
<nutrient amount="6.0" name="Protein"/>
<nutrient amount="87.0" name="Carbs"/>
<nutrient amount="4.0" name="Fiber"/>
<nutrient amount="33.0" name="Sugars"/>
<nutrient amount="2.5" name="Fat"/>
<nutrient amount="2.56" name="Water"/>
<nutrient amount="2.06" name="Ash"/>
<nutrient amount="15.0" name="Iron"/>
<nutrient amount="27.0" name="Magnesium"/>
<nutrient amount="67.0" name="Phosphorus"/>
<nutrient amount="150.0" name="Potassium"/>
<nutrient amount="610.0" name="Sodium"/>
<nutrient amount="12.5" name="Zinc"/>
<nutrient amount="333.0" name="Folate"/>
<nutrient amount="0.1" name="B1 (Thiamine)"/>
<nutrient amount="1.42" name="B2 (Riboflavin)"/>
<nutrient amount="16.7" name="B3 (Niacin)"/>
<nutrient amount="1.67" name="B6 (Pyridoxine)"/>
<nutrient amount="20.0" name="Vitamin C"/>
<nutrient amount="0.4" name="Saturated"/>
</food>
