<food fcf="9.0" pcf="4.0" uid="08372" name="Cereals ready-to-eat, GENERAL MILLS, NESQUICK CHOCOLATE" ccf="4.0">
<measure amount="0.75" grams="30.0" name="cup"/>
<nutrient amount="407.0" name="Energy"/>
<nutrient amount="5.0" name="Protein"/>
<nutrient amount="85.0" name="Carbs"/>
<nutrient amount="41.0" name="Sugars"/>
<nutrient amount="5.4" name="Fat"/>
<nutrient amount="2.04" name="Water"/>
<nutrient amount="3.05" name="Ash"/>
<nutrient amount="333.0" name="Calcium"/>
<nutrient amount="0.133" name="Copper"/>
<nutrient amount="15.0" name="Iron"/>
<nutrient amount="27.0" name="Magnesium"/>
<nutrient amount="133.0" name="Phosphorus"/>
<nutrient amount="223.0" name="Potassium"/>
<nutrient amount="615.0" name="Sodium"/>
<nutrient amount="12.5" name="Zinc"/>
<nutrient amount="1667.0" name="Vitamin A"/>
<nutrient amount="501.0" name="Retinol"/>
<nutrient amount="333.0" name="Folate"/>
<nutrient amount="1.25" name="B1 (Thiamine)"/>
<nutrient amount="1.42" name="B2 (Riboflavin)"/>
<nutrient amount="16.7" name="B3 (Niacin)"/>
<nutrient amount="1.67" name="B6 (Pyridoxine)"/>
<nutrient amount="5.0" name="B12 (Cyanocobalamin)"/>
<nutrient amount="20.0" name="Vitamin C"/>
<nutrient amount="133.0" name="Vitamin D"/>
<nutrient amount="1.3" name="Saturated"/>
</food>
