<food fcf="9.0" pcf="4.0" uid="08403" name="Cereals ready-to-eat, KELLOGG, POKEMON" ccf="4.0">
<measure amount="1.0" grams="30.0" name="cup (1 NLEA serving)"/>
<nutrient amount="386.0" name="Energy"/>
<nutrient amount="6.8" name="Protein"/>
<nutrient amount="86.1" name="Carbs"/>
<nutrient amount="5.0" name="Fiber"/>
<nutrient amount="47.0" name="Sugars"/>
<nutrient amount="2.5" name="Fat"/>
<nutrient amount="2.9" name="Water"/>
<nutrient amount="2.5" name="Ash"/>
<nutrient amount="20.0" name="Calcium"/>
<nutrient amount="0.12" name="Copper"/>
<nutrient amount="6.2" name="Iron"/>
<nutrient amount="57.0" name="Magnesium"/>
<nutrient amount="1.853" name="Manganese"/>
<nutrient amount="160.0" name="Phosphorus"/>
<nutrient amount="140.0" name="Potassium"/>
<nutrient amount="17.1" name="Selenium"/>
<nutrient amount="700.0" name="Sodium"/>
<nutrient amount="5.1" name="Zinc"/>
<nutrient amount="1723.0" name="Vitamin A"/>
<nutrient amount="517.0" name="Retinol"/>
<nutrient amount="344.0" name="Folate"/>
<nutrient amount="1.3" name="B1 (Thiamine)"/>
<nutrient amount="1.4" name="B2 (Riboflavin)"/>
<nutrient amount="17.0" name="B3 (Niacin)"/>
<nutrient amount="0.308" name="B5 (Pantothenic Acid)"/>
<nutrient amount="1.7" name="B6 (Pyridoxine)"/>
<nutrient amount="5.1" name="B12 (Cyanocobalamin)"/>
<nutrient amount="52.0" name="Vitamin C"/>
<nutrient amount="138.0" name="Vitamin D"/>
<nutrient amount="0.33" name="Vitamin E"/>
<nutrient amount="0.9" name="Vitamin K"/>
<nutrient amount="0.5" name="Saturated"/>
<nutrient amount="0.9" name="Monounsaturated"/>
<nutrient amount="1.0" name="Polyunsaturated"/>
<nutrient amount="0.046" name="Omega-3"/>
<nutrient amount="0.954" name="Omega-6"/>
</food>
