<food uid="10852" fcf="9.0" pcf="4.0" name="HORMEL ALWAYS TENDER, Pork Tenderloin, Teriyaki-Flavored" ccf="4.0"><measure amount="4.0" name="oz" grams="112.0"/><nutrient amount="119.0" name="Energy"/><nutrient amount="18.2" name="Protein"/><nutrient amount="4.63" name="Carbs"/><nutrient amount="3.33" name="Sugars"/><nutrient amount="3.07" name="Fat"/><nutrient amount="71.9" name="Water"/><nutrient amount="2.2" name="Ash"/><nutrient amount="7.0" name="Calcium"/><nutrient amount="0.1" name="Copper"/><nutrient amount="1.0" name="Iron"/><nutrient amount="22.0" name="Magnesium"/><nutrient amount="536.0" name="Potassium"/><nutrient amount="413.0" name="Sodium"/><nutrient amount="1.5" name="Zinc"/><nutrient amount="0.0" name="Vitamin A"/><nutrient amount="2.7" name="Vitamin C"/><nutrient amount="1.05" name="Saturated"/><nutrient amount="1.26" name="Monounsaturated"/><nutrient amount="0.6" name="Polyunsaturated"/><nutrient amount="0.03" name="Omega-3"/><nutrient amount="0.56" name="Omega-6"/><nutrient amount="46.0" name="Cholesterol"/></food>