<food uid="10855" fcf="9.0" pcf="4.0" name="HORMEL ALWAYS TENDER, Center Cut Chops, Fresh Pork" ccf="4.0"><measure amount="1.0" name="oz" grams="28.35"/><measure amount="1.0" name="serving" grams="112.0"/><measure amount="4.0" name="oz" grams="112.0"/><nutrient amount="167.0" name="Energy"/><nutrient amount="18.74" name="Protein"/><nutrient amount="0.84" name="Carbs"/><nutrient amount="0.28" name="Sugars"/><nutrient amount="9.62" name="Fat"/><nutrient amount="69.17" name="Water"/><nutrient amount="1.63" name="Ash"/><nutrient amount="14.0" name="Calcium"/><nutrient amount="0.1" name="Copper"/><nutrient amount="0.6" name="Iron"/><nutrient amount="21.0" name="Magnesium"/><nutrient amount="307.0" name="Potassium"/><nutrient amount="378.0" name="Sodium"/><nutrient amount="1.5" name="Zinc"/><nutrient amount="0.0" name="Vitamin A"/><nutrient amount="1.7" name="Vitamin C"/><nutrient amount="3.6" name="Saturated"/><nutrient amount="4.43" name="Monounsaturated"/><nutrient amount="0.83" name="Polyunsaturated"/><nutrient amount="0.09" name="Omega-3"/><nutrient amount="0.75" name="Omega-6"/><nutrient amount="52.0" name="Cholesterol"/></food>