<food uid="10854" fcf="9.0" pcf="4.0" name="HORMEL ALWAYS TENDER, Pork Loin Filets, Lemon Garlic-Flavored" ccf="4.0"><measure amount="1.0" name="oz" grams="28.0"/><measure amount="1.0" name="serving" grams="112.0"/><measure amount="4.0" name="oz" grams="112.0"/><nutrient amount="118.0" name="Energy"/><nutrient amount="17.83" name="Protein"/><nutrient amount="1.79" name="Carbs"/><nutrient amount="0.22" name="Sugars"/><nutrient amount="4.16" name="Fat"/><nutrient amount="73.53" name="Water"/><nutrient amount="2.69" name="Ash"/><nutrient amount="6.0" name="Calcium"/><nutrient amount="0.0" name="Copper"/><nutrient amount="0.6" name="Iron"/><nutrient amount="20.0" name="Magnesium"/><nutrient amount="542.0" name="Potassium"/><nutrient amount="590.0" name="Sodium"/><nutrient amount="1.3" name="Zinc"/><nutrient amount="0.0" name="Vitamin A"/><nutrient amount="1.7" name="Vitamin C"/><nutrient amount="1.41" name="Saturated"/><nutrient amount="1.83" name="Monounsaturated"/><nutrient amount="0.6" name="Polyunsaturated"/><nutrient amount="0.05" name="Omega-3"/><nutrient amount="0.56" name="Omega-6"/><nutrient amount="42.0" name="Cholesterol"/></food>