<food uid="10851" fcf="9.0" pcf="4.0" name="HORMEL, Cure 81 Ham" ccf="4.0"><measure amount="1.0" name="serving" grams="84.0"/><nutrient amount="106.0" name="Energy"/><nutrient amount="18.43" name="Protein"/><nutrient amount="0.21" name="Carbs"/><nutrient amount="0.0" name="Sugars"/><nutrient amount="3.59" name="Fat"/><nutrient amount="74.25" name="Water"/><nutrient amount="3.52" name="Ash"/><nutrient amount="4.0" name="Calcium"/><nutrient amount="0.1" name="Copper"/><nutrient amount="0.8" name="Iron"/><nutrient amount="20.0" name="Magnesium"/><nutrient amount="319.0" name="Potassium"/><nutrient amount="1038.0" name="Sodium"/><nutrient amount="2.0" name="Zinc"/><nutrient amount="0.0" name="Vitamin A"/><nutrient amount="1.6" name="Vitamin C"/><nutrient amount="1.17" name="Saturated"/><nutrient amount="1.75" name="Monounsaturated"/><nutrient amount="0.37" name="Polyunsaturated"/><nutrient amount="0.02" name="Omega-3"/><nutrient amount="0.34" name="Omega-6"/><nutrient amount="51.0" name="Cholesterol"/></food>