<food uid="10859" fcf="9.02" pcf="4.27" name="Pork, fresh, loin, top loin (chops), boneless, enhanced, separable lean and fat, cooked, pan-broiled" ccf="3.87"><measure amount="1.0" name="chop boneless (yield from 189g raw meat)" grams="150.0"/><nutrient amount="190.0" name="Energy"/><nutrient amount="28.35" name="Protein"/><nutrient amount="0.0" name="Carbs"/><nutrient amount="0.0" name="Fiber"/><nutrient amount="0.0" name="Sugars"/><nutrient amount="7.66" name="Fat"/><nutrient amount="0.0" name="Alcohol"/><nutrient amount="0.0" name="Caffeine"/><nutrient amount="62.52" name="Water"/><nutrient amount="1.67" name="Ash"/><nutrient amount="10.0" name="Calcium"/><nutrient amount="0.062" name="Copper"/><nutrient amount="0.63" name="Iron"/><nutrient amount="28.0" name="Magnesium"/><nutrient amount="0.0" name="Manganese"/><nutrient amount="317.0" name="Phosphorus"/><nutrient amount="512.0" name="Potassium"/><nutrient amount="35.5" name="Selenium"/><nutrient amount="205.0" name="Sodium"/><nutrient amount="1.98" name="Zinc"/><nutrient amount="6.0" name="Vitamin A"/><nutrient amount="2.0" name="Retinol"/><nutrient amount="0.0" name="Alpha-carotene"/><nutrient amount="0.0" name="Beta-carotene"/><nutrient amount="0.0" name="Beta-cryptoxanthin"/><nutrient amount="0.0" name="Lycopene"/><nutrient amount="0.0" name="Lutein+Zeaxanthin"/><nutrient amount="1.0" name="Folate"/><nutrient amount="0.616" name="B1 (Thiamine)"/><nutrient amount="0.184" name="B2 (Riboflavin)"/><nutrient amount="10.192" name="B3 (Niacin)"/><nutrient amount="0.79" name="B5 (Pantothenic Acid)"/><nutrient amount="0.476" name="B6 (Pyridoxine)"/><nutrient amount="0.55" name="B12 (Cyanocobalamin)"/><nutrient amount="0.0" name="Vitamin C"/><nutrient amount="0.24" name="Vitamin E"/><nutrient amount="0.0" name="Beta Tocopherol"/><nutrient amount="0.0" name="Delta Tocopherol"/><nutrient amount="0.05" name="Gamma Tocopherol"/><nutrient amount="0.0" name="Vitamin K"/><nutrient amount="2.725" name="Saturated"/><nutrient amount="3.5" name="Monounsaturated"/><nutrient amount="0.664" name="Polyunsaturated"/><nutrient amount="0.038" name="Omega-3"/><nutrient amount="0.627" name="Omega-6"/><nutrient amount="0.087" name="Trans-Fats"/><nutrient amount="75.0" name="Cholesterol"/><nutrient amount="1.589" name="ALA"/><nutrient amount="1.777" name="ARG"/><nutrient amount="2.564" name="ASP"/><nutrient amount="0.301" name="CYS"/><nutrient amount="4.15" name="GLU"/><nutrient amount="1.337" name="GLY"/><nutrient amount="1.241" name="HIS"/><nutrient amount="0.119" name="HYP"/><nutrient amount="1.321" name="ILE"/><nutrient amount="2.223" name="LEU"/><nutrient amount="2.455" name="LYS"/><nutrient amount="0.738" name="MET"/><nutrient amount="1.1" name="PHE"/><nutrient amount="1.114" name="PRO"/><nutrient amount="1.138" name="SER"/><nutrient amount="1.103" name="THR"/><nutrient amount="0.259" name="TRP"/><nutrient amount="0.94" name="TYR"/><nutrient amount="1.416" name="VAL"/></food>