<food uid="10857" fcf="9.0" pcf="4.0" name="HORMEL Canadian Style Bacon" ccf="4.0"><measure amount="1.0" name="serving" grams="56.0"/><nutrient amount="122.0" name="Energy"/><nutrient amount="16.88" name="Protein"/><nutrient amount="1.87" name="Carbs"/><nutrient amount="1.43" name="Sugars"/><nutrient amount="4.94" name="Fat"/><nutrient amount="72.95" name="Water"/><nutrient amount="3.36" name="Ash"/><nutrient amount="6.0" name="Calcium"/><nutrient amount="0.1" name="Copper"/><nutrient amount="0.9" name="Iron"/><nutrient amount="19.0" name="Magnesium"/><nutrient amount="279.0" name="Potassium"/><nutrient amount="1016.0" name="Sodium"/><nutrient amount="1.8" name="Zinc"/><nutrient amount="0.0" name="Vitamin A"/><nutrient amount="1.4" name="Vitamin C"/><nutrient amount="1.83" name="Saturated"/><nutrient amount="2.49" name="Monounsaturated"/><nutrient amount="0.62" name="Polyunsaturated"/><nutrient amount="0.04" name="Omega-3"/><nutrient amount="0.59" name="Omega-6"/><nutrient amount="49.0" name="Cholesterol"/></food>