<food uid="10858" fcf="9.02" pcf="4.27" name="Pork, fresh, loin, top loin (chops), boneless, enhanced, separable lean only, cooked, pan-broiled" ccf="3.87"><nutrient amount="169.0" name="Energy"/><nutrient amount="28.95" name="Protein"/><nutrient amount="0.0" name="Carbs"/><nutrient amount="0.0" name="Fiber"/><nutrient amount="0.0" name="Sugars"/><nutrient amount="5.0" name="Fat"/><nutrient amount="0.0" name="Alcohol"/><nutrient amount="0.0" name="Caffeine"/><nutrient amount="64.49" name="Water"/><nutrient amount="1.68" name="Ash"/><nutrient amount="10.0" name="Calcium"/><nutrient amount="0.063" name="Copper"/><nutrient amount="0.63" name="Iron"/><nutrient amount="28.0" name="Magnesium"/><nutrient amount="0.0" name="Manganese"/><nutrient amount="320.0" name="Phosphorus"/><nutrient amount="517.0" name="Potassium"/><nutrient amount="37.7" name="Selenium"/><nutrient amount="209.0" name="Sodium"/><nutrient amount="2.02" name="Zinc"/><nutrient amount="0.0" name="Vitamin A"/><nutrient amount="0.0" name="Retinol"/><nutrient amount="0.0" name="Alpha-carotene"/><nutrient amount="0.0" name="Beta-carotene"/><nutrient amount="0.0" name="Beta-cryptoxanthin"/><nutrient amount="0.0" name="Lycopene"/><nutrient amount="0.0" name="Lutein+Zeaxanthin"/><nutrient amount="1.0" name="Folate"/><nutrient amount="0.631" name="B1 (Thiamine)"/><nutrient amount="0.188" name="B2 (Riboflavin)"/><nutrient amount="10.323" name="B3 (Niacin)"/><nutrient amount="0.786" name="B5 (Pantothenic Acid)"/><nutrient amount="0.489" name="B6 (Pyridoxine)"/><nutrient amount="0.52" name="B12 (Cyanocobalamin)"/><nutrient amount="0.0" name="Vitamin C"/><nutrient amount="0.23" name="Vitamin E"/><nutrient amount="0.0" name="Beta Tocopherol"/><nutrient amount="0.0" name="Delta Tocopherol"/><nutrient amount="0.05" name="Gamma Tocopherol"/><nutrient amount="0.0" name="Vitamin K"/><nutrient amount="98.7" name="Choline"/><nutrient amount="1.797" name="Saturated"/><nutrient amount="2.406" name="Monounsaturated"/><nutrient amount="0.691" name="Polyunsaturated"/><nutrient amount="0.038" name="Omega-3"/><nutrient amount="1.214" name="Omega-6"/><nutrient amount="0.03" name="Trans-Fats"/><nutrient amount="75.0" name="Cholesterol"/><nutrient amount="1.596" name="ALA"/><nutrient amount="1.805" name="ARG"/><nutrient amount="2.623" name="ASP"/><nutrient amount="0.308" name="CYS"/><nutrient amount="4.264" name="GLU"/><nutrient amount="1.249" name="GLY"/><nutrient amount="1.267" name="HIS"/><nutrient amount="0.056" name="HYP"/><nutrient amount="1.363" name="ILE"/><nutrient amount="2.288" name="LEU"/><nutrient amount="2.529" name="LYS"/><nutrient amount="0.764" name="MET"/><nutrient amount="1.128" name="PHE"/><nutrient amount="1.082" name="PRO"/><nutrient amount="1.16" name="SER"/><nutrient amount="1.139" name="THR"/><nutrient amount="0.268" name="TRP"/><nutrient amount="0.974" name="TYR"/><nutrient amount="1.448" name="VAL"/></food>