<food uid="10853" fcf="9.0" pcf="4.0" name="HORMEL ALWAYS TENDER, Pork Tenderloin, Peppercorn-Flavored" ccf="4.0"><measure amount="4.0" name="oz" grams="112.0"/><nutrient amount="110.0" name="Energy"/><nutrient amount="17.21" name="Protein"/><nutrient amount="1.82" name="Carbs"/><nutrient amount="0.14" name="Sugars"/><nutrient amount="3.8" name="Fat"/><nutrient amount="74.44" name="Water"/><nutrient amount="2.73" name="Ash"/><nutrient amount="14.0" name="Calcium"/><nutrient amount="0.1" name="Copper"/><nutrient amount="1.1" name="Iron"/><nutrient amount="21.0" name="Magnesium"/><nutrient amount="586.0" name="Potassium"/><nutrient amount="594.0" name="Sodium"/><nutrient amount="1.4" name="Zinc"/><nutrient amount="0.0" name="Vitamin A"/><nutrient amount="1.4" name="Vitamin C"/><nutrient amount="1.16" name="Saturated"/><nutrient amount="1.45" name="Monounsaturated"/><nutrient amount="1.05" name="Polyunsaturated"/><nutrient amount="0.1" name="Omega-3"/><nutrient amount="0.86" name="Omega-6"/><nutrient amount="47.0" name="Cholesterol"/></food>