<food uid="10856" fcf="9.0" pcf="4.0" name="HORMEL ALWAYS TENDER, Boneless Pork Loin, Fresh Pork" ccf="4.0"><measure amount="1.0" name="oz" grams="28.0"/><measure amount="1.0" name="serving" grams="112.0"/><measure amount="4.0" name="oz" grams="112.0"/><nutrient amount="145.0" name="Energy"/><nutrient amount="19.02" name="Protein"/><nutrient amount="0.76" name="Carbs"/><nutrient amount="0.08" name="Sugars"/><nutrient amount="7.18" name="Fat"/><nutrient amount="71.35" name="Water"/><nutrient amount="1.69" name="Ash"/><nutrient amount="4.0" name="Calcium"/><nutrient amount="0.1" name="Copper"/><nutrient amount="0.6" name="Iron"/><nutrient amount="21.0" name="Magnesium"/><nutrient amount="310.0" name="Potassium"/><nutrient amount="358.0" name="Sodium"/><nutrient amount="1.6" name="Zinc"/><nutrient amount="0.0" name="Vitamin A"/><nutrient amount="1.3" name="Vitamin C"/><nutrient amount="2.84" name="Saturated"/><nutrient amount="3.42" name="Monounsaturated"/><nutrient amount="0.64" name="Polyunsaturated"/><nutrient amount="0.05" name="Omega-3"/><nutrient amount="0.59" name="Omega-6"/><nutrient amount="49.0" name="Cholesterol"/></food>