<food uid="10873" fcf="9.0" pcf="4.0" name="Pork, cured, ham with natural juices, rump, bone-in, separable lean only, heated, roasted" ccf="4.0"><measure amount="1.0" name="roast rump" grams="2673.0"/><nutrient amount="137.0" name="Energy"/><nutrient amount="24.14" name="Protein"/><nutrient amount="0.43" name="Carbs"/><nutrient amount="0.0" name="Fiber"/><nutrient amount="0.48" name="Sugars"/><nutrient amount="4.25" name="Fat"/><nutrient amount="0.0" name="Alcohol"/><nutrient amount="0.0" name="Caffeine"/><nutrient amount="67.9" name="Water"/><nutrient amount="3.29" name="Ash"/><nutrient amount="10.0" name="Calcium"/><nutrient amount="0.094" name="Copper"/><nutrient amount="1.04" name="Iron"/><nutrient amount="22.0" name="Magnesium"/><nutrient amount="0.022" name="Manganese"/><nutrient amount="271.0" name="Phosphorus"/><nutrient amount="511.0" name="Potassium"/><nutrient amount="49.9" name="Selenium"/><nutrient amount="861.0" name="Sodium"/><nutrient amount="2.5" name="Zinc"/><nutrient amount="37.0" name="Vitamin A"/><nutrient amount="11.0" name="Retinol"/><nutrient amount="0.0" name="Alpha-carotene"/><nutrient amount="0.0" name="Beta-carotene"/><nutrient amount="0.0" name="Beta-cryptoxanthin"/><nutrient amount="0.0" name="Lycopene"/><nutrient amount="0.0" name="Lutein+Zeaxanthin"/><nutrient amount="1.0" name="Folate"/><nutrient amount="0.333" name="B1 (Thiamine)"/><nutrient amount="0.238" name="B2 (Riboflavin)"/><nutrient amount="7.62" name="B3 (Niacin)"/><nutrient amount="0.486" name="B5 (Pantothenic Acid)"/><nutrient amount="0.384" name="B6 (Pyridoxine)"/><nutrient amount="0.61" name="B12 (Cyanocobalamin)"/><nutrient amount="0.0" name="Vitamin C"/><nutrient amount="0.27" name="Vitamin E"/><nutrient amount="0.0" name="Beta Tocopherol"/><nutrient amount="0.0" name="Delta Tocopherol"/><nutrient amount="0.04" name="Gamma Tocopherol"/><nutrient amount="0.0" name="Vitamin K"/><nutrient amount="110.6" name="Choline"/><nutrient amount="1.418" name="Saturated"/><nutrient amount="1.995" name="Monounsaturated"/><nutrient amount="0.711" name="Polyunsaturated"/><nutrient amount="0.042" name="Omega-3"/><nutrient amount="1.246" name="Omega-6"/><nutrient amount="0.035" name="Trans-Fats"/><nutrient amount="72.0" name="Cholesterol"/><nutrient amount="1.422" name="ALA"/><nutrient amount="1.545" name="ARG"/><nutrient amount="2.106" name="ASP"/><nutrient amount="0.271" name="CYS"/><nutrient amount="3.455" name="GLU"/><nutrient amount="1.261" name="GLY"/><nutrient amount="1.051" name="HIS"/><nutrient amount="0.156" name="HYP"/><nutrient amount="1.09" name="ILE"/><nutrient amount="1.934" name="LEU"/><nutrient amount="2.039" name="LYS"/><nutrient amount="0.577" name="MET"/><nutrient amount="0.966" name="PHE"/><nutrient amount="1.036" name="PRO"/><nutrient amount="0.945" name="SER"/><nutrient amount="1.08" name="THR"/><nutrient amount="0.227" name="TRP"/><nutrient amount="0.783" name="TYR"/><nutrient amount="1.221" name="VAL"/></food>