<food uid="10876" fcf="9.0" pcf="4.0" name="Pork, cured, ham with natural juices, spiral slice, meat only, boneless, separable lean only, heated, roasted" ccf="4.0"><measure amount="1.0" name="slice" grams="145.0"/><measure amount="1.0" name="roast" grams="920.0"/><nutrient amount="126.0" name="Energy"/><nutrient amount="22.56" name="Protein"/><nutrient amount="0.41" name="Carbs"/><nutrient amount="0.0" name="Fiber"/><nutrient amount="1.08" name="Sugars"/><nutrient amount="3.78" name="Fat"/><nutrient amount="0.0" name="Alcohol"/><nutrient amount="0.0" name="Caffeine"/><nutrient amount="69.47" name="Water"/><nutrient amount="3.77" name="Ash"/><nutrient amount="4.0" name="Calcium"/><nutrient amount="0.189" name="Copper"/><nutrient amount="0.84" name="Iron"/><nutrient amount="22.0" name="Magnesium"/><nutrient amount="0.022" name="Manganese"/><nutrient amount="312.0" name="Phosphorus"/><nutrient amount="349.0" name="Potassium"/><nutrient amount="41.8" name="Selenium"/><nutrient amount="986.0" name="Sodium"/><nutrient amount="1.82" name="Zinc"/><nutrient amount="43.0" name="Vitamin A"/><nutrient amount="13.0" name="Retinol"/><nutrient amount="0.0" name="Alpha-carotene"/><nutrient amount="0.0" name="Beta-carotene"/><nutrient amount="0.0" name="Beta-cryptoxanthin"/><nutrient amount="0.0" name="Lycopene"/><nutrient amount="0.0" name="Lutein+Zeaxanthin"/><nutrient amount="1.0" name="Folate"/><nutrient amount="0.468" name="B1 (Thiamine)"/><nutrient amount="0.23" name="B2 (Riboflavin)"/><nutrient amount="6.72" name="B3 (Niacin)"/><nutrient amount="1.05" name="B5 (Pantothenic Acid)"/><nutrient amount="0.428" name="B6 (Pyridoxine)"/><nutrient amount="0.51" name="B12 (Cyanocobalamin)"/><nutrient amount="0.0" name="Vitamin C"/><nutrient amount="0.19" name="Vitamin E"/><nutrient amount="0.0" name="Beta Tocopherol"/><nutrient amount="0.0" name="Delta Tocopherol"/><nutrient amount="0.03" name="Gamma Tocopherol"/><nutrient amount="0.0" name="Vitamin K"/><nutrient amount="86.1" name="Choline"/><nutrient amount="1.171" name="Saturated"/><nutrient amount="1.606" name="Monounsaturated"/><nutrient amount="0.679" name="Polyunsaturated"/><nutrient amount="0.028" name="Omega-3"/><nutrient amount="1.149" name="Omega-6"/><nutrient amount="0.026" name="Trans-Fats"/><nutrient amount="63.0" name="Cholesterol"/><nutrient amount="1.329" name="ALA"/><nutrient amount="1.444" name="ARG"/><nutrient amount="1.968" name="ASP"/><nutrient amount="0.253" name="CYS"/><nutrient amount="3.229" name="GLU"/><nutrient amount="1.178" name="GLY"/><nutrient amount="0.983" name="HIS"/><nutrient amount="0.146" name="HYP"/><nutrient amount="1.019" name="ILE"/><nutrient amount="1.808" name="LEU"/><nutrient amount="1.906" name="LYS"/><nutrient amount="0.54" name="MET"/><nutrient amount="0.903" name="PHE"/><nutrient amount="0.968" name="PRO"/><nutrient amount="0.883" name="SER"/><nutrient amount="1.009" name="THR"/><nutrient amount="0.212" name="TRP"/><nutrient amount="0.732" name="TYR"/><nutrient amount="1.142" name="VAL"/></food>