<food uid="10875" fcf="9.0" pcf="4.0" name="Pork, cured, ham with natural juices, slice, bone-in, separable lean only, heated, pan-broil" ccf="4.0"><measure amount="1.0" name="slice" grams="445.0"/><nutrient amount="150.0" name="Energy"/><nutrient amount="27.75" name="Protein"/><nutrient amount="0.0" name="Carbs"/><nutrient amount="0.0" name="Fiber"/><nutrient amount="0.0" name="Sugars"/><nutrient amount="4.38" name="Fat"/><nutrient amount="0.0" name="Alcohol"/><nutrient amount="0.0" name="Caffeine"/><nutrient amount="65.87" name="Water"/><nutrient amount="2.85" name="Ash"/><nutrient amount="12.0" name="Calcium"/><nutrient amount="0.096" name="Copper"/><nutrient amount="1.2" name="Iron"/><nutrient amount="23.0" name="Magnesium"/><nutrient amount="0.022" name="Manganese"/><nutrient amount="291.0" name="Phosphorus"/><nutrient amount="358.0" name="Potassium"/><nutrient amount="51.0" name="Selenium"/><nutrient amount="835.0" name="Sodium"/><nutrient amount="3.03" name="Zinc"/><nutrient amount="45.0" name="Vitamin A"/><nutrient amount="13.0" name="Retinol"/><nutrient amount="0.0" name="Alpha-carotene"/><nutrient amount="0.0" name="Beta-carotene"/><nutrient amount="0.0" name="Beta-cryptoxanthin"/><nutrient amount="0.0" name="Lycopene"/><nutrient amount="0.0" name="Lutein+Zeaxanthin"/><nutrient amount="1.0" name="Folate"/><nutrient amount="0.308" name="B1 (Thiamine)"/><nutrient amount="0.261" name="B2 (Riboflavin)"/><nutrient amount="9.01" name="B3 (Niacin)"/><nutrient amount="0.469" name="B5 (Pantothenic Acid)"/><nutrient amount="0.392" name="B6 (Pyridoxine)"/><nutrient amount="0.6" name="B12 (Cyanocobalamin)"/><nutrient amount="0.0" name="Vitamin C"/><nutrient amount="0.23" name="Vitamin E"/><nutrient amount="0.01" name="Beta Tocopherol"/><nutrient amount="0.0" name="Delta Tocopherol"/><nutrient amount="0.03" name="Gamma Tocopherol"/><nutrient amount="0.0" name="Vitamin K"/><nutrient amount="138.9" name="Choline"/><nutrient amount="1.11" name="Saturated"/><nutrient amount="1.351" name="Monounsaturated"/><nutrient amount="0.577" name="Polyunsaturated"/><nutrient amount="0.024" name="Omega-3"/><nutrient amount="1.016" name="Omega-6"/><nutrient amount="0.019" name="Trans-Fats"/><nutrient amount="80.0" name="Cholesterol"/><nutrient amount="1.634" name="ALA"/><nutrient amount="1.776" name="ARG"/><nutrient amount="2.421" name="ASP"/><nutrient amount="0.312" name="CYS"/><nutrient amount="3.971" name="GLU"/><nutrient amount="1.449" name="GLY"/><nutrient amount="1.209" name="HIS"/><nutrient amount="0.18" name="HYP"/><nutrient amount="1.253" name="ILE"/><nutrient amount="2.223" name="LEU"/><nutrient amount="2.344" name="LYS"/><nutrient amount="0.664" name="MET"/><nutrient amount="1.11" name="PHE"/><nutrient amount="1.191" name="PRO"/><nutrient amount="1.086" name="SER"/><nutrient amount="1.241" name="THR"/><nutrient amount="0.26" name="TRP"/><nutrient amount="0.9" name="TYR"/><nutrient amount="1.404" name="VAL"/></food>