<food uid="10871" fcf="9.0" pcf="4.0" name="Pork, cured, ham and water product, whole, boneless, separable lean only, heated, roasted" ccf="4.0"><measure amount="1.0" name="roast" grams="1995.0"/><nutrient amount="123.0" name="Energy"/><nutrient amount="13.88" name="Protein"/><nutrient amount="4.49" name="Carbs"/><nutrient amount="0.0" name="Fiber"/><nutrient amount="4.61" name="Sugars"/><nutrient amount="5.46" name="Fat"/><nutrient amount="0.0" name="Alcohol"/><nutrient amount="0.0" name="Caffeine"/><nutrient amount="72.11" name="Water"/><nutrient amount="4.05" name="Ash"/><nutrient amount="8.0" name="Calcium"/><nutrient amount="0.095" name="Copper"/><nutrient amount="0.74" name="Iron"/><nutrient amount="15.0" name="Magnesium"/><nutrient amount="0.038" name="Manganese"/><nutrient amount="224.0" name="Phosphorus"/><nutrient amount="245.0" name="Potassium"/><nutrient amount="29.1" name="Selenium"/><nutrient amount="1335.0" name="Sodium"/><nutrient amount="1.64" name="Zinc"/><nutrient amount="44.0" name="Vitamin A"/><nutrient amount="13.0" name="Retinol"/><nutrient amount="0.0" name="Alpha-carotene"/><nutrient amount="0.0" name="Beta-carotene"/><nutrient amount="0.0" name="Beta-cryptoxanthin"/><nutrient amount="0.0" name="Lycopene"/><nutrient amount="0.0" name="Lutein+Zeaxanthin"/><nutrient amount="2.0" name="Folate"/><nutrient amount="0.26" name="B1 (Thiamine)"/><nutrient amount="0.141" name="B2 (Riboflavin)"/><nutrient amount="3.62" name="B3 (Niacin)"/><nutrient amount="0.644" name="B5 (Pantothenic Acid)"/><nutrient amount="0.26" name="B6 (Pyridoxine)"/><nutrient amount="0.37" name="B12 (Cyanocobalamin)"/><nutrient amount="0.0" name="Vitamin C"/><nutrient amount="0.22" name="Vitamin E"/><nutrient amount="0.01" name="Beta Tocopherol"/><nutrient amount="0.0" name="Delta Tocopherol"/><nutrient amount="0.04" name="Gamma Tocopherol"/><nutrient amount="0.0" name="Vitamin K"/><nutrient amount="63.4" name="Choline"/><nutrient amount="1.841" name="Saturated"/><nutrient amount="2.458" name="Monounsaturated"/><nutrient amount="0.851" name="Polyunsaturated"/><nutrient amount="0.06" name="Omega-3"/><nutrient amount="1.544" name="Omega-6"/><nutrient amount="0.047" name="Trans-Fats"/><nutrient amount="43.0" name="Cholesterol"/><nutrient amount="0.818" name="ALA"/><nutrient amount="0.888" name="ARG"/><nutrient amount="1.211" name="ASP"/><nutrient amount="0.156" name="CYS"/><nutrient amount="1.987" name="GLU"/><nutrient amount="0.725" name="GLY"/><nutrient amount="0.605" name="HIS"/><nutrient amount="0.09" name="HYP"/><nutrient amount="0.627" name="ILE"/><nutrient amount="1.112" name="LEU"/><nutrient amount="1.173" name="LYS"/><nutrient amount="0.332" name="MET"/><nutrient amount="0.555" name="PHE"/><nutrient amount="0.596" name="PRO"/><nutrient amount="0.543" name="SER"/><nutrient amount="0.621" name="THR"/><nutrient amount="0.13" name="TRP"/><nutrient amount="0.451" name="TYR"/><nutrient amount="0.702" name="VAL"/></food>