<food uid="10872" fcf="9.0" pcf="4.0" name="Pork, cured, ham and water product, whole, boneless, separable lean only, unheated" ccf="4.0"><measure amount="1.0" name="lb" grams="453.6"/><measure amount="1.0" name="oz" grams="28.35"/><nutrient amount="116.0" name="Energy"/><nutrient amount="14.07" name="Protein"/><nutrient amount="4.0" name="Carbs"/><nutrient amount="0.0" name="Fiber"/><nutrient amount="4.22" name="Sugars"/><nutrient amount="4.86" name="Fat"/><nutrient amount="0.0" name="Alcohol"/><nutrient amount="0.0" name="Caffeine"/><nutrient amount="73.05" name="Water"/><nutrient amount="4.01" name="Ash"/><nutrient amount="8.0" name="Calcium"/><nutrient amount="0.107" name="Copper"/><nutrient amount="0.78" name="Iron"/><nutrient amount="17.0" name="Magnesium"/><nutrient amount="0.04" name="Manganese"/><nutrient amount="229.0" name="Phosphorus"/><nutrient amount="268.0" name="Potassium"/><nutrient amount="29.4" name="Selenium"/><nutrient amount="1310.0" name="Sodium"/><nutrient amount="1.6" name="Zinc"/><nutrient amount="45.0" name="Vitamin A"/><nutrient amount="13.0" name="Retinol"/><nutrient amount="0.0" name="Alpha-carotene"/><nutrient amount="0.0" name="Beta-carotene"/><nutrient amount="0.0" name="Beta-cryptoxanthin"/><nutrient amount="0.0" name="Lycopene"/><nutrient amount="0.0" name="Lutein+Zeaxanthin"/><nutrient amount="4.0" name="Folate"/><nutrient amount="0.284" name="B1 (Thiamine)"/><nutrient amount="0.146" name="B2 (Riboflavin)"/><nutrient amount="3.87" name="B3 (Niacin)"/><nutrient amount="0.661" name="B5 (Pantothenic Acid)"/><nutrient amount="0.294" name="B6 (Pyridoxine)"/><nutrient amount="0.34" name="B12 (Cyanocobalamin)"/><nutrient amount="0.0" name="Vitamin C"/><nutrient amount="0.14" name="Vitamin E"/><nutrient amount="0.02" name="Beta Tocopherol"/><nutrient amount="0.0" name="Delta Tocopherol"/><nutrient amount="0.04" name="Gamma Tocopherol"/><nutrient amount="0.0" name="Vitamin K"/><nutrient amount="64.9" name="Choline"/><nutrient amount="1.447" name="Saturated"/><nutrient amount="2.041" name="Monounsaturated"/><nutrient amount="0.644" name="Polyunsaturated"/><nutrient amount="0.044" name="Omega-3"/><nutrient amount="1.1600000000000001" name="Omega-6"/><nutrient amount="0.036" name="Trans-Fats"/><nutrient amount="43.0" name="Cholesterol"/><nutrient amount="0.829" name="ALA"/><nutrient amount="0.9" name="ARG"/><nutrient amount="1.227" name="ASP"/><nutrient amount="0.158" name="CYS"/><nutrient amount="2.014" name="GLU"/><nutrient amount="0.735" name="GLY"/><nutrient amount="0.613" name="HIS"/><nutrient amount="0.091" name="HYP"/><nutrient amount="0.635" name="ILE"/><nutrient amount="1.127" name="LEU"/><nutrient amount="1.189" name="LYS"/><nutrient amount="0.337" name="MET"/><nutrient amount="0.563" name="PHE"/><nutrient amount="0.604" name="PRO"/><nutrient amount="0.551" name="SER"/><nutrient amount="0.63" name="THR"/><nutrient amount="0.132" name="TRP"/><nutrient amount="0.457" name="TYR"/><nutrient amount="0.712" name="VAL"/></food>