<food uid="10877" fcf="9.0" pcf="4.0" name="Pork, cured, ham and water product, rump, bone-in, separable lean only, heated, roasted" ccf="4.0"><measure amount="1.0" name="roast rump" grams="2533.0"/><nutrient amount="131.0" name="Energy"/><nutrient amount="21.28" name="Protein"/><nutrient amount="1.0" name="Carbs"/><nutrient amount="0.0" name="Fiber"/><nutrient amount="1.15" name="Sugars"/><nutrient amount="4.7" name="Fat"/><nutrient amount="0.0" name="Alcohol"/><nutrient amount="0.0" name="Caffeine"/><nutrient amount="69.53" name="Water"/><nutrient amount="3.49" name="Ash"/><nutrient amount="10.0" name="Calcium"/><nutrient amount="0.089" name="Copper"/><nutrient amount="0.87" name="Iron"/><nutrient amount="19.0" name="Magnesium"/><nutrient amount="0.022" name="Manganese"/><nutrient amount="221.0" name="Phosphorus"/><nutrient amount="264.0" name="Potassium"/><nutrient amount="43.4" name="Selenium"/><nutrient amount="1267.0" name="Sodium"/><nutrient amount="2.08" name="Zinc"/><nutrient amount="38.0" name="Vitamin A"/><nutrient amount="11.0" name="Retinol"/><nutrient amount="0.0" name="Alpha-carotene"/><nutrient amount="0.0" name="Beta-carotene"/><nutrient amount="0.0" name="Beta-cryptoxanthin"/><nutrient amount="0.0" name="Lycopene"/><nutrient amount="0.0" name="Lutein+Zeaxanthin"/><nutrient amount="2.0" name="Folate"/><nutrient amount="0.33" name="B1 (Thiamine)"/><nutrient amount="0.188" name="B2 (Riboflavin)"/><nutrient amount="4.04" name="B3 (Niacin)"/><nutrient amount="0.618" name="B5 (Pantothenic Acid)"/><nutrient amount="0.335" name="B6 (Pyridoxine)"/><nutrient amount="0.49" name="B12 (Cyanocobalamin)"/><nutrient amount="0.0" name="Vitamin C"/><nutrient amount="0.21" name="Vitamin E"/><nutrient amount="0.02" name="Beta Tocopherol"/><nutrient amount="0.01" name="Delta Tocopherol"/><nutrient amount="0.05" name="Gamma Tocopherol"/><nutrient amount="0.1" name="Vitamin K"/><nutrient amount="94.0" name="Choline"/><nutrient amount="1.536" name="Saturated"/><nutrient amount="2.127" name="Monounsaturated"/><nutrient amount="0.634" name="Polyunsaturated"/><nutrient amount="0.044" name="Omega-3"/><nutrient amount="1.117" name="Omega-6"/><nutrient amount="0.039" name="Trans-Fats"/><nutrient amount="66.0" name="Cholesterol"/><nutrient amount="1.253" name="ALA"/><nutrient amount="1.361" name="ARG"/><nutrient amount="1.856" name="ASP"/><nutrient amount="0.239" name="CYS"/><nutrient amount="3.045" name="GLU"/><nutrient amount="1.111" name="GLY"/><nutrient amount="0.927" name="HIS"/><nutrient amount="0.138" name="HYP"/><nutrient amount="0.96" name="ILE"/><nutrient amount="1.705" name="LEU"/><nutrient amount="1.797" name="LYS"/><nutrient amount="0.509" name="MET"/><nutrient amount="0.851" name="PHE"/><nutrient amount="0.913" name="PRO"/><nutrient amount="0.833" name="SER"/><nutrient amount="0.952" name="THR"/><nutrient amount="0.2" name="TRP"/><nutrient amount="0.69" name="TYR"/><nutrient amount="1.076" name="VAL"/></food>