<food uid="10878" fcf="9.0" pcf="4.0" name="Pork, cured, ham -- water added, slice, boneless, separable lean only, heated, pan-broil" ccf="4.0"><measure amount="1.0" name="slice" grams="189.0"/><nutrient amount="117.0" name="Energy"/><nutrient amount="18.82" name="Protein"/><nutrient amount="1.24" name="Carbs"/><nutrient amount="0.0" name="Fiber"/><nutrient amount="1.75" name="Sugars"/><nutrient amount="4.09" name="Fat"/><nutrient amount="0.0" name="Alcohol"/><nutrient amount="0.0" name="Caffeine"/><nutrient amount="72.06" name="Water"/><nutrient amount="3.79" name="Ash"/><nutrient amount="9.0" name="Calcium"/><nutrient amount="0.113" name="Copper"/><nutrient amount="0.86" name="Iron"/><nutrient amount="21.0" name="Magnesium"/><nutrient amount="0.022" name="Manganese"/><nutrient amount="284.0" name="Phosphorus"/><nutrient amount="337.0" name="Potassium"/><nutrient amount="39.3" name="Selenium"/><nutrient amount="1223.0" name="Sodium"/><nutrient amount="1.94" name="Zinc"/><nutrient amount="43.0" name="Vitamin A"/><nutrient amount="13.0" name="Retinol"/><nutrient amount="0.0" name="Alpha-carotene"/><nutrient amount="0.0" name="Beta-carotene"/><nutrient amount="0.0" name="Beta-cryptoxanthin"/><nutrient amount="0.0" name="Lycopene"/><nutrient amount="0.0" name="Lutein+Zeaxanthin"/><nutrient amount="1.0" name="Folate"/><nutrient amount="0.409" name="B1 (Thiamine)"/><nutrient amount="0.19" name="B2 (Riboflavin)"/><nutrient amount="5.895" name="B3 (Niacin)"/><nutrient amount="0.762" name="B5 (Pantothenic Acid)"/><nutrient amount="0.435" name="B6 (Pyridoxine)"/><nutrient amount="0.47" name="B12 (Cyanocobalamin)"/><nutrient amount="0.0" name="Vitamin C"/><nutrient amount="0.24" name="Vitamin E"/><nutrient amount="0.01" name="Beta Tocopherol"/><nutrient amount="0.0" name="Delta Tocopherol"/><nutrient amount="0.04" name="Gamma Tocopherol"/><nutrient amount="0.0" name="Vitamin K"/><nutrient amount="79.4" name="Choline"/><nutrient amount="1.401" name="Saturated"/><nutrient amount="1.879" name="Monounsaturated"/><nutrient amount="0.54" name="Polyunsaturated"/><nutrient amount="0.034" name="Omega-3"/><nutrient amount="0.96" name="Omega-6"/><nutrient amount="0.032" name="Trans-Fats"/><nutrient amount="54.0" name="Cholesterol"/><nutrient amount="1.108" name="ALA"/><nutrient amount="1.204" name="ARG"/><nutrient amount="1.642" name="ASP"/><nutrient amount="0.211" name="CYS"/><nutrient amount="2.694" name="GLU"/><nutrient amount="0.983" name="GLY"/><nutrient amount="0.82" name="HIS"/><nutrient amount="0.122" name="HYP"/><nutrient amount="0.85" name="ILE"/><nutrient amount="1.508" name="LEU"/><nutrient amount="1.59" name="LYS"/><nutrient amount="0.45" name="MET"/><nutrient amount="0.753" name="PHE"/><nutrient amount="0.808" name="PRO"/><nutrient amount="0.737" name="SER"/><nutrient amount="0.842" name="THR"/><nutrient amount="0.177" name="TRP"/><nutrient amount="0.611" name="TYR"/><nutrient amount="0.952" name="VAL"/></food>