<food uid="10879" fcf="9.0" pcf="4.0" name="Pork, cured, ham -- water added, whole, boneless, separable lean only, heated, roasted" ccf="4.0"><measure amount="1.0" name="roast whole" grams="1867.0"/><nutrient amount="117.0" name="Energy"/><nutrient amount="17.99" name="Protein"/><nutrient amount="1.38" name="Carbs"/><nutrient amount="0.0" name="Fiber"/><nutrient amount="1.57" name="Sugars"/><nutrient amount="4.39" name="Fat"/><nutrient amount="0.0" name="Alcohol"/><nutrient amount="0.0" name="Caffeine"/><nutrient amount="72.58" name="Water"/><nutrient amount="3.66" name="Ash"/><nutrient amount="9.0" name="Calcium"/><nutrient amount="0.091" name="Copper"/><nutrient amount="0.82" name="Iron"/><nutrient amount="19.0" name="Magnesium"/><nutrient amount="0.022" name="Manganese"/><nutrient amount="270.0" name="Phosphorus"/><nutrient amount="316.0" name="Potassium"/><nutrient amount="34.2" name="Selenium"/><nutrient amount="1193.0" name="Sodium"/><nutrient amount="1.82" name="Zinc"/><nutrient amount="44.0" name="Vitamin A"/><nutrient amount="13.0" name="Retinol"/><nutrient amount="0.0" name="Alpha-carotene"/><nutrient amount="0.0" name="Beta-carotene"/><nutrient amount="0.0" name="Beta-cryptoxanthin"/><nutrient amount="0.0" name="Lycopene"/><nutrient amount="0.0" name="Lutein+Zeaxanthin"/><nutrient amount="1.0" name="Folate"/><nutrient amount="0.362" name="B1 (Thiamine)"/><nutrient amount="0.183" name="B2 (Riboflavin)"/><nutrient amount="5.797" name="B3 (Niacin)"/><nutrient amount="0.721" name="B5 (Pantothenic Acid)"/><nutrient amount="0.394" name="B6 (Pyridoxine)"/><nutrient amount="0.4" name="B12 (Cyanocobalamin)"/><nutrient amount="0.0" name="Vitamin C"/><nutrient amount="0.2" name="Vitamin E"/><nutrient amount="0.01" name="Beta Tocopherol"/><nutrient amount="0.0" name="Delta Tocopherol"/><nutrient amount="0.03" name="Gamma Tocopherol"/><nutrient amount="0.0" name="Vitamin K"/><nutrient amount="74.2" name="Choline"/><nutrient amount="1.424" name="Saturated"/><nutrient amount="1.983" name="Monounsaturated"/><nutrient amount="0.542" name="Polyunsaturated"/><nutrient amount="0.038" name="Omega-3"/><nutrient amount="0.9650000000000001" name="Omega-6"/><nutrient amount="0.027" name="Trans-Fats"/><nutrient amount="53.0" name="Cholesterol"/><nutrient amount="1.059" name="ALA"/><nutrient amount="1.151" name="ARG"/><nutrient amount="1.569" name="ASP"/><nutrient amount="0.202" name="CYS"/><nutrient amount="2.574" name="GLU"/><nutrient amount="0.939" name="GLY"/><nutrient amount="0.783" name="HIS"/><nutrient amount="0.117" name="HYP"/><nutrient amount="0.812" name="ILE"/><nutrient amount="1.441" name="LEU"/><nutrient amount="1.519" name="LYS"/><nutrient amount="0.43" name="MET"/><nutrient amount="0.719" name="PHE"/><nutrient amount="0.772" name="PRO"/><nutrient amount="0.704" name="SER"/><nutrient amount="0.805" name="THR"/><nutrient amount="0.169" name="TRP"/><nutrient amount="0.584" name="TYR"/><nutrient amount="0.91" name="VAL"/></food>