<food uid="10874" fcf="9.0" pcf="4.0" name="Pork, cured, ham with natural juices, shank, bone-in, separable lean only, heated, roasted" ccf="4.0"><measure amount="1.0" name="roast shank" grams="3170.0"/><nutrient amount="145.0" name="Energy"/><nutrient amount="24.95" name="Protein"/><nutrient amount="0.01" name="Carbs"/><nutrient amount="0.0" name="Fiber"/><nutrient amount="0.34" name="Sugars"/><nutrient amount="4.97" name="Fat"/><nutrient amount="0.0" name="Alcohol"/><nutrient amount="0.0" name="Caffeine"/><nutrient amount="66.98" name="Water"/><nutrient amount="3.09" name="Ash"/><nutrient amount="7.0" name="Calcium"/><nutrient amount="0.173" name="Copper"/><nutrient amount="1.2" name="Iron"/><nutrient amount="21.0" name="Magnesium"/><nutrient amount="0.022" name="Manganese"/><nutrient amount="255.0" name="Phosphorus"/><nutrient amount="458.0" name="Potassium"/><nutrient amount="48.7" name="Selenium"/><nutrient amount="820.0" name="Sodium"/><nutrient amount="3.06" name="Zinc"/><nutrient amount="37.0" name="Vitamin A"/><nutrient amount="11.0" name="Retinol"/><nutrient amount="0.0" name="Alpha-carotene"/><nutrient amount="0.0" name="Beta-carotene"/><nutrient amount="0.0" name="Beta-cryptoxanthin"/><nutrient amount="0.0" name="Lycopene"/><nutrient amount="0.0" name="Lutein+Zeaxanthin"/><nutrient amount="3.0" name="Folate"/><nutrient amount="0.291" name="B1 (Thiamine)"/><nutrient amount="0.198" name="B2 (Riboflavin)"/><nutrient amount="7.793" name="B3 (Niacin)"/><nutrient amount="0.557" name="B5 (Pantothenic Acid)"/><nutrient amount="0.381" name="B6 (Pyridoxine)"/><nutrient amount="0.69" name="B12 (Cyanocobalamin)"/><nutrient amount="0.0" name="Vitamin C"/><nutrient amount="0.29" name="Vitamin E"/><nutrient amount="0.0" name="Beta Tocopherol"/><nutrient amount="0.0" name="Delta Tocopherol"/><nutrient amount="0.04" name="Gamma Tocopherol"/><nutrient amount="0.0" name="Vitamin K"/><nutrient amount="104.3" name="Choline"/><nutrient amount="1.564" name="Saturated"/><nutrient amount="2.38" name="Monounsaturated"/><nutrient amount="0.6" name="Polyunsaturated"/><nutrient amount="0.032" name="Omega-3"/><nutrient amount="1.062" name="Omega-6"/><nutrient amount="0.036" name="Trans-Fats"/><nutrient amount="74.0" name="Cholesterol"/><nutrient amount="1.47" name="ALA"/><nutrient amount="1.597" name="ARG"/><nutrient amount="2.177" name="ASP"/><nutrient amount="0.28" name="CYS"/><nutrient amount="3.571" name="GLU"/><nutrient amount="1.303" name="GLY"/><nutrient amount="1.087" name="HIS"/><nutrient amount="0.162" name="HYP"/><nutrient amount="1.126" name="ILE"/><nutrient amount="1.999" name="LEU"/><nutrient amount="2.108" name="LYS"/><nutrient amount="0.597" name="MET"/><nutrient amount="0.998" name="PHE"/><nutrient amount="1.071" name="PRO"/><nutrient amount="0.977" name="SER"/><nutrient amount="1.116" name="THR"/><nutrient amount="0.234" name="TRP"/><nutrient amount="0.81" name="TYR"/><nutrient amount="1.262" name="VAL"/></food>