<food uid="10886" fcf="9.0" pcf="4.0" name="Pork, cured, ham -- water added, slice, bone-in, separable lean only, unheated" ccf="4.0"><measure amount="1.0" name="slice" grams="545.0"/><measure amount="1.0" name="lb" grams="453.6"/><measure amount="1.0" name="oz" grams="28.35"/><nutrient amount="91.0" name="Energy"/><nutrient amount="17.38" name="Protein"/><nutrient amount="0.32" name="Carbs"/><nutrient amount="0.0" name="Fiber"/><nutrient amount="1.23" name="Sugars"/><nutrient amount="2.29" name="Fat"/><nutrient amount="0.0" name="Alcohol"/><nutrient amount="0.0" name="Caffeine"/><nutrient amount="76.75" name="Water"/><nutrient amount="3.26" name="Ash"/><nutrient amount="9.0" name="Calcium"/><nutrient amount="0.198" name="Copper"/><nutrient amount="1.08" name="Iron"/><nutrient amount="17.0" name="Magnesium"/><nutrient amount="0.022" name="Manganese"/><nutrient amount="235.0" name="Phosphorus"/><nutrient amount="221.0" name="Potassium"/><nutrient amount="35.3" name="Selenium"/><nutrient amount="1090.0" name="Sodium"/><nutrient amount="1.86" name="Zinc"/><nutrient amount="28.0" name="Vitamin A"/><nutrient amount="9.0" name="Retinol"/><nutrient amount="0.0" name="Alpha-carotene"/><nutrient amount="0.0" name="Beta-carotene"/><nutrient amount="0.0" name="Beta-cryptoxanthin"/><nutrient amount="0.0" name="Lycopene"/><nutrient amount="0.0" name="Lutein+Zeaxanthin"/><nutrient amount="1.0" name="Folate"/><nutrient amount="0.374" name="B1 (Thiamine)"/><nutrient amount="0.214" name="B2 (Riboflavin)"/><nutrient amount="4.71" name="B3 (Niacin)"/><nutrient amount="0.426" name="B5 (Pantothenic Acid)"/><nutrient amount="0.295" name="B6 (Pyridoxine)"/><nutrient amount="0.39" name="B12 (Cyanocobalamin)"/><nutrient amount="0.0" name="Vitamin C"/><nutrient amount="0.19" name="Vitamin E"/><nutrient amount="0.0" name="Beta Tocopherol"/><nutrient amount="0.0" name="Delta Tocopherol"/><nutrient amount="0.04" name="Gamma Tocopherol"/><nutrient amount="0.0" name="Vitamin K"/><nutrient amount="69.7" name="Choline"/><nutrient amount="0.768" name="Saturated"/><nutrient amount="1.061" name="Monounsaturated"/><nutrient amount="0.367" name="Polyunsaturated"/><nutrient amount="0.022" name="Omega-3"/><nutrient amount="0.6519999999999999" name="Omega-6"/><nutrient amount="0.019" name="Trans-Fats"/><nutrient amount="54.0" name="Cholesterol"/><nutrient amount="1.024" name="ALA"/><nutrient amount="1.112" name="ARG"/><nutrient amount="1.516" name="ASP"/><nutrient amount="0.195" name="CYS"/><nutrient amount="2.487" name="GLU"/><nutrient amount="0.908" name="GLY"/><nutrient amount="0.757" name="HIS"/><nutrient amount="0.113" name="HYP"/><nutrient amount="0.785" name="ILE"/><nutrient amount="1.392" name="LEU"/><nutrient amount="1.468" name="LYS"/><nutrient amount="0.416" name="MET"/><nutrient amount="0.695" name="PHE"/><nutrient amount="0.746" name="PRO"/><nutrient amount="0.68" name="SER"/><nutrient amount="0.778" name="THR"/><nutrient amount="0.163" name="TRP"/><nutrient amount="0.564" name="TYR"/><nutrient amount="0.879" name="VAL"/></food>