<food uid="10889" fcf="9.0" pcf="4.0" name="Pork, cured, ham and water product, shank, bone-in, unheated, separable lean only" ccf="4.0"><measure amount="1.0" name="lb shank" grams="453.6"/><measure amount="1.0" name="oz shank" grams="28.35"/><nutrient amount="113.0" name="Energy"/><nutrient amount="17.53" name="Protein"/><nutrient amount="1.2" name="Carbs"/><nutrient amount="0.0" name="Fiber"/><nutrient amount="1.06" name="Sugars"/><nutrient amount="4.18" name="Fat"/><nutrient amount="0.0" name="Alcohol"/><nutrient amount="0.0" name="Caffeine"/><nutrient amount="73.97" name="Water"/><nutrient amount="3.11" name="Ash"/><nutrient amount="8.0" name="Calcium"/><nutrient amount="0.134" name="Copper"/><nutrient amount="0.97" name="Iron"/><nutrient amount="15.0" name="Magnesium"/><nutrient amount="0.022" name="Manganese"/><nutrient amount="209.0" name="Phosphorus"/><nutrient amount="234.0" name="Potassium"/><nutrient amount="28.1" name="Selenium"/><nutrient amount="1090.0" name="Sodium"/><nutrient amount="2.19" name="Zinc"/><nutrient amount="32.0" name="Vitamin A"/><nutrient amount="9.0" name="Retinol"/><nutrient amount="0.0" name="Alpha-carotene"/><nutrient amount="0.0" name="Beta-carotene"/><nutrient amount="0.0" name="Beta-cryptoxanthin"/><nutrient amount="0.0" name="Lycopene"/><nutrient amount="0.0" name="Lutein+Zeaxanthin"/><nutrient amount="1.0" name="Folate"/><nutrient amount="0.696" name="B1 (Thiamine)"/><nutrient amount="0.225" name="B2 (Riboflavin)"/><nutrient amount="3.58" name="B3 (Niacin)"/><nutrient amount="0.632" name="B5 (Pantothenic Acid)"/><nutrient amount="0.267" name="B6 (Pyridoxine)"/><nutrient amount="0.55" name="B12 (Cyanocobalamin)"/><nutrient amount="0.0" name="Vitamin C"/><nutrient amount="0.25" name="Vitamin E"/><nutrient amount="0.0" name="Beta Tocopherol"/><nutrient amount="0.0" name="Delta Tocopherol"/><nutrient amount="0.06" name="Gamma Tocopherol"/><nutrient amount="0.0" name="Vitamin K"/><nutrient amount="85.7" name="Choline"/><nutrient amount="1.384" name="Saturated"/><nutrient amount="1.849" name="Monounsaturated"/><nutrient amount="0.671" name="Polyunsaturated"/><nutrient amount="0.034" name="Omega-3"/><nutrient amount="1.189" name="Omega-6"/><nutrient amount="0.041" name="Trans-Fats"/><nutrient amount="52.0" name="Cholesterol"/><nutrient amount="1.033" name="ALA"/><nutrient amount="1.122" name="ARG"/><nutrient amount="1.529" name="ASP"/><nutrient amount="0.197" name="CYS"/><nutrient amount="2.509" name="GLU"/><nutrient amount="0.916" name="GLY"/><nutrient amount="0.764" name="HIS"/><nutrient amount="0.114" name="HYP"/><nutrient amount="0.791" name="ILE"/><nutrient amount="1.405" name="LEU"/><nutrient amount="1.481" name="LYS"/><nutrient amount="0.419" name="MET"/><nutrient amount="0.701" name="PHE"/><nutrient amount="0.752" name="PRO"/><nutrient amount="0.686" name="SER"/><nutrient amount="0.784" name="THR"/><nutrient amount="0.165" name="TRP"/><nutrient amount="0.569" name="TYR"/><nutrient amount="0.887" name="VAL"/></food>