<food uid="10881" fcf="9.0" pcf="4.0" name="Pork, cured, ham and water product, shank, bone-in, separable lean only, heated, roasted" ccf="4.0"><measure amount="1.0" name="roast shank" grams="3204.0"/><nutrient amount="132.0" name="Energy"/><nutrient amount="21.69" name="Protein"/><nutrient amount="1.2" name="Carbs"/><nutrient amount="0.0" name="Fiber"/><nutrient amount="1.26" name="Sugars"/><nutrient amount="4.45" name="Fat"/><nutrient amount="0.0" name="Alcohol"/><nutrient amount="0.0" name="Caffeine"/><nutrient amount="69.23" name="Water"/><nutrient amount="3.44" name="Ash"/><nutrient amount="9.0" name="Calcium"/><nutrient amount="0.099" name="Copper"/><nutrient amount="1.17" name="Iron"/><nutrient amount="15.0" name="Magnesium"/><nutrient amount="0.022" name="Manganese"/><nutrient amount="202.0" name="Phosphorus"/><nutrient amount="224.0" name="Potassium"/><nutrient amount="45.3" name="Selenium"/><nutrient amount="1045.0" name="Sodium"/><nutrient amount="2.82" name="Zinc"/><nutrient amount="37.0" name="Vitamin A"/><nutrient amount="11.0" name="Retinol"/><nutrient amount="0.0" name="Alpha-carotene"/><nutrient amount="0.0" name="Beta-carotene"/><nutrient amount="0.0" name="Beta-cryptoxanthin"/><nutrient amount="0.0" name="Lycopene"/><nutrient amount="0.0" name="Lutein+Zeaxanthin"/><nutrient amount="2.0" name="Folate"/><nutrient amount="0.394" name="B1 (Thiamine)"/><nutrient amount="0.199" name="B2 (Riboflavin)"/><nutrient amount="4.563" name="B3 (Niacin)"/><nutrient amount="0.58" name="B5 (Pantothenic Acid)"/><nutrient amount="0.4" name="B6 (Pyridoxine)"/><nutrient amount="0.46" name="B12 (Cyanocobalamin)"/><nutrient amount="0.0" name="Vitamin C"/><nutrient amount="0.29" name="Vitamin E"/><nutrient amount="0.0" name="Beta Tocopherol"/><nutrient amount="0.0" name="Delta Tocopherol"/><nutrient amount="0.07" name="Gamma Tocopherol"/><nutrient amount="0.0" name="Vitamin K"/><nutrient amount="103.3" name="Choline"/><nutrient amount="1.471" name="Saturated"/><nutrient amount="1.966" name="Monounsaturated"/><nutrient amount="0.713" name="Polyunsaturated"/><nutrient amount="0.036" name="Omega-3"/><nutrient amount="1.262" name="Omega-6"/><nutrient amount="0.043" name="Trans-Fats"/><nutrient amount="72.0" name="Cholesterol"/><nutrient amount="1.277" name="ALA"/><nutrient amount="1.388" name="ARG"/><nutrient amount="1.892" name="ASP"/><nutrient amount="0.244" name="CYS"/><nutrient amount="3.104" name="GLU"/><nutrient amount="1.133" name="GLY"/><nutrient amount="0.945" name="HIS"/><nutrient amount="0.14" name="HYP"/><nutrient amount="0.979" name="ILE"/><nutrient amount="1.737" name="LEU"/><nutrient amount="1.832" name="LYS"/><nutrient amount="0.519" name="MET"/><nutrient amount="0.868" name="PHE"/><nutrient amount="0.931" name="PRO"/><nutrient amount="0.849" name="SER"/><nutrient amount="0.97" name="THR"/><nutrient amount="0.203" name="TRP"/><nutrient amount="0.704" name="TYR"/><nutrient amount="1.097" name="VAL"/></food>