<food uid="10880" fcf="9.0" pcf="4.0" name="Pork, cured, ham -- water added, whole, boneless, separable lean only, unheated" ccf="4.0"><measure amount="1.0" name="lb" grams="453.6"/><nutrient amount="110.0" name="Energy"/><nutrient amount="17.34" name="Protein"/><nutrient amount="1.18" name="Carbs"/><nutrient amount="0.0" name="Fiber"/><nutrient amount="1.45" name="Sugars"/><nutrient amount="3.97" name="Fat"/><nutrient amount="0.0" name="Alcohol"/><nutrient amount="0.0" name="Caffeine"/><nutrient amount="73.95" name="Water"/><nutrient amount="3.56" name="Ash"/><nutrient amount="8.0" name="Calcium"/><nutrient amount="0.101" name="Copper"/><nutrient amount="0.86" name="Iron"/><nutrient amount="19.0" name="Magnesium"/><nutrient amount="0.022" name="Manganese"/><nutrient amount="265.0" name="Phosphorus"/><nutrient amount="317.0" name="Potassium"/><nutrient amount="35.1" name="Selenium"/><nutrient amount="1141.0" name="Sodium"/><nutrient amount="1.79" name="Zinc"/><nutrient amount="42.0" name="Vitamin A"/><nutrient amount="13.0" name="Retinol"/><nutrient amount="0.0" name="Alpha-carotene"/><nutrient amount="0.0" name="Beta-carotene"/><nutrient amount="0.0" name="Beta-cryptoxanthin"/><nutrient amount="0.0" name="Lycopene"/><nutrient amount="0.0" name="Lutein+Zeaxanthin"/><nutrient amount="2.0" name="Folate"/><nutrient amount="0.402" name="B1 (Thiamine)"/><nutrient amount="0.187" name="B2 (Riboflavin)"/><nutrient amount="5.473" name="B3 (Niacin)"/><nutrient amount="0.734" name="B5 (Pantothenic Acid)"/><nutrient amount="0.413" name="B6 (Pyridoxine)"/><nutrient amount="0.47" name="B12 (Cyanocobalamin)"/><nutrient amount="0.0" name="Vitamin C"/><nutrient amount="0.21" name="Vitamin E"/><nutrient amount="0.01" name="Beta Tocopherol"/><nutrient amount="0.01" name="Delta Tocopherol"/><nutrient amount="0.03" name="Gamma Tocopherol"/><nutrient amount="0.0" name="Vitamin K"/><nutrient amount="71.7" name="Choline"/><nutrient amount="1.428" name="Saturated"/><nutrient amount="1.938" name="Monounsaturated"/><nutrient amount="0.577" name="Polyunsaturated"/><nutrient amount="0.04" name="Omega-3"/><nutrient amount="1.029" name="Omega-6"/><nutrient amount="0.036" name="Trans-Fats"/><nutrient amount="50.0" name="Cholesterol"/><nutrient amount="1.021" name="ALA"/><nutrient amount="1.11" name="ARG"/><nutrient amount="1.513" name="ASP"/><nutrient amount="0.195" name="CYS"/><nutrient amount="2.482" name="GLU"/><nutrient amount="0.906" name="GLY"/><nutrient amount="0.755" name="HIS"/><nutrient amount="0.112" name="HYP"/><nutrient amount="0.783" name="ILE"/><nutrient amount="1.389" name="LEU"/><nutrient amount="1.465" name="LYS"/><nutrient amount="0.415" name="MET"/><nutrient amount="0.694" name="PHE"/><nutrient amount="0.744" name="PRO"/><nutrient amount="0.679" name="SER"/><nutrient amount="0.776" name="THR"/><nutrient amount="0.163" name="TRP"/><nutrient amount="0.563" name="TYR"/><nutrient amount="0.877" name="VAL"/></food>