<food uid="10888" fcf="9.0" pcf="4.0" name="Pork, cured, ham and water product, slice, bone-in, separable lean only, unheated" ccf="4.0"><measure amount="1.0" name="slice" grams="449.0"/><measure amount="1.0" name="lb" grams="453.6"/><measure amount="1.0" name="oz" grams="28.35"/><nutrient amount="103.0" name="Energy"/><nutrient amount="14.47" name="Protein"/><nutrient amount="2.82" name="Carbs"/><nutrient amount="0.0" name="Fiber"/><nutrient amount="0.91" name="Sugars"/><nutrient amount="3.78" name="Fat"/><nutrient amount="0.0" name="Alcohol"/><nutrient amount="0.0" name="Caffeine"/><nutrient amount="75.54" name="Water"/><nutrient amount="3.39" name="Ash"/><nutrient amount="9.0" name="Calcium"/><nutrient amount="0.137" name="Copper"/><nutrient amount="1.5" name="Iron"/><nutrient amount="14.0" name="Magnesium"/><nutrient amount="0.022" name="Manganese"/><nutrient amount="222.0" name="Phosphorus"/><nutrient amount="209.0" name="Potassium"/><nutrient amount="13.0" name="Selenium"/><nutrient amount="1160.0" name="Sodium"/><nutrient amount="1.66" name="Zinc"/><nutrient amount="31.0" name="Vitamin A"/><nutrient amount="9.0" name="Retinol"/><nutrient amount="0.0" name="Alpha-carotene"/><nutrient amount="0.0" name="Beta-carotene"/><nutrient amount="0.0" name="Beta-cryptoxanthin"/><nutrient amount="0.0" name="Lycopene"/><nutrient amount="0.0" name="Lutein+Zeaxanthin"/><nutrient amount="1.0" name="Folate"/><nutrient amount="0.423" name="B1 (Thiamine)"/><nutrient amount="0.178" name="B2 (Riboflavin)"/><nutrient amount="4.38" name="B3 (Niacin)"/><nutrient amount="0.387" name="B5 (Pantothenic Acid)"/><nutrient amount="0.362" name="B6 (Pyridoxine)"/><nutrient amount="0.48" name="B12 (Cyanocobalamin)"/><nutrient amount="0.0" name="Vitamin C"/><nutrient amount="0.11" name="Vitamin E"/><nutrient amount="0.01" name="Beta Tocopherol"/><nutrient amount="0.0" name="Delta Tocopherol"/><nutrient amount="0.03" name="Gamma Tocopherol"/><nutrient amount="0.0" name="Vitamin K"/><nutrient amount="72.8" name="Choline"/><nutrient amount="1.266" name="Saturated"/><nutrient amount="1.73" name="Monounsaturated"/><nutrient amount="0.538" name="Polyunsaturated"/><nutrient amount="0.03" name="Omega-3"/><nutrient amount="0.9550000000000001" name="Omega-6"/><nutrient amount="0.03" name="Trans-Fats"/><nutrient amount="49.0" name="Cholesterol"/><nutrient amount="0.852" name="ALA"/><nutrient amount="0.926" name="ARG"/><nutrient amount="1.263" name="ASP"/><nutrient amount="0.163" name="CYS"/><nutrient amount="2.072" name="GLU"/><nutrient amount="0.756" name="GLY"/><nutrient amount="0.63" name="HIS"/><nutrient amount="0.094" name="HYP"/><nutrient amount="0.653" name="ILE"/><nutrient amount="1.16" name="LEU"/><nutrient amount="1.223" name="LYS"/><nutrient amount="0.346" name="MET"/><nutrient amount="0.579" name="PHE"/><nutrient amount="0.621" name="PRO"/><nutrient amount="0.567" name="SER"/><nutrient amount="0.648" name="THR"/><nutrient amount="0.136" name="TRP"/><nutrient amount="0.47" name="TYR"/><nutrient amount="0.732" name="VAL"/></food>