<food uid="10884" fcf="9.0" pcf="4.0" name="Pork, cured, ham with natural juices, whole, boneless, separable lean only, unheated" ccf="4.0"><measure amount="1.0" name="oz" grams="28.35"/><measure amount="1.0" name="lb" grams="453.6"/><nutrient amount="110.0" name="Energy"/><nutrient amount="19.44" name="Protein"/><nutrient amount="0.95" name="Carbs"/><nutrient amount="0.0" name="Fiber"/><nutrient amount="1.03" name="Sugars"/><nutrient amount="3.21" name="Fat"/><nutrient amount="0.0" name="Alcohol"/><nutrient amount="0.0" name="Caffeine"/><nutrient amount="72.85" name="Water"/><nutrient amount="3.56" name="Ash"/><nutrient amount="6.0" name="Calcium"/><nutrient amount="0.142" name="Copper"/><nutrient amount="0.87" name="Iron"/><nutrient amount="21.0" name="Magnesium"/><nutrient amount="0.025" name="Manganese"/><nutrient amount="303.0" name="Phosphorus"/><nutrient amount="347.0" name="Potassium"/><nutrient amount="34.5" name="Selenium"/><nutrient amount="1098.0" name="Sodium"/><nutrient amount="1.98" name="Zinc"/><nutrient amount="44.0" name="Vitamin A"/><nutrient amount="13.0" name="Retinol"/><nutrient amount="0.0" name="Alpha-carotene"/><nutrient amount="0.0" name="Beta-carotene"/><nutrient amount="0.0" name="Beta-cryptoxanthin"/><nutrient amount="0.0" name="Lycopene"/><nutrient amount="0.0" name="Lutein+Zeaxanthin"/><nutrient amount="1.0" name="Folate"/><nutrient amount="0.531" name="B1 (Thiamine)"/><nutrient amount="0.209" name="B2 (Riboflavin)"/><nutrient amount="6.877" name="B3 (Niacin)"/><nutrient amount="0.788" name="B5 (Pantothenic Acid)"/><nutrient amount="0.474" name="B6 (Pyridoxine)"/><nutrient amount="0.41" name="B12 (Cyanocobalamin)"/><nutrient amount="0.0" name="Vitamin C"/><nutrient amount="0.26" name="Vitamin E"/><nutrient amount="0.01" name="Beta Tocopherol"/><nutrient amount="0.0" name="Delta Tocopherol"/><nutrient amount="0.03" name="Gamma Tocopherol"/><nutrient amount="0.0" name="Vitamin K"/><nutrient amount="75.2" name="Choline"/><nutrient amount="0.934" name="Saturated"/><nutrient amount="1.274" name="Monounsaturated"/><nutrient amount="0.4" name="Polyunsaturated"/><nutrient amount="0.026" name="Omega-3"/><nutrient amount="0.7" name="Omega-6"/><nutrient amount="0.02" name="Trans-Fats"/><nutrient amount="53.0" name="Cholesterol"/><nutrient amount="1.145" name="ALA"/><nutrient amount="1.244" name="ARG"/><nutrient amount="1.695" name="ASP"/><nutrient amount="0.218" name="CYS"/><nutrient amount="2.782" name="GLU"/><nutrient amount="1.015" name="GLY"/><nutrient amount="0.847" name="HIS"/><nutrient amount="0.099" name="HYP"/><nutrient amount="0.877" name="ILE"/><nutrient amount="1.557" name="LEU"/><nutrient amount="1.642" name="LYS"/><nutrient amount="0.465" name="MET"/><nutrient amount="0.778" name="PHE"/><nutrient amount="0.834" name="PRO"/><nutrient amount="0.761" name="SER"/><nutrient amount="0.87" name="THR"/><nutrient amount="0.182" name="TRP"/><nutrient amount="0.631" name="TYR"/><nutrient amount="0.983" name="VAL"/></food>