<food uid="10887" fcf="9.0" pcf="4.0" name="Pork, cured, ham and water product, rump, bone-in, separable lean only, unheated" ccf="4.0"><measure amount="1.0" name="oz" grams="28.35"/><measure amount="1.0" name="lb" grams="453.6"/><nutrient amount="107.0" name="Energy"/><nutrient amount="17.93" name="Protein"/><nutrient amount="1.24" name="Carbs"/><nutrient amount="0.0" name="Fiber"/><nutrient amount="0.97" name="Sugars"/><nutrient amount="3.38" name="Fat"/><nutrient amount="0.0" name="Alcohol"/><nutrient amount="0.0" name="Caffeine"/><nutrient amount="74.32" name="Water"/><nutrient amount="3.14" name="Ash"/><nutrient amount="10.0" name="Calcium"/><nutrient amount="0.117" name="Copper"/><nutrient amount="0.67" name="Iron"/><nutrient amount="18.0" name="Magnesium"/><nutrient amount="0.022" name="Manganese"/><nutrient amount="218.0" name="Phosphorus"/><nutrient amount="221.0" name="Potassium"/><nutrient amount="40.3" name="Selenium"/><nutrient amount="1070.0" name="Sodium"/><nutrient amount="1.65" name="Zinc"/><nutrient amount="32.0" name="Vitamin A"/><nutrient amount="10.0" name="Retinol"/><nutrient amount="0.0" name="Alpha-carotene"/><nutrient amount="0.0" name="Beta-carotene"/><nutrient amount="0.0" name="Beta-cryptoxanthin"/><nutrient amount="0.0" name="Lycopene"/><nutrient amount="0.0" name="Lutein+Zeaxanthin"/><nutrient amount="2.0" name="Folate"/><nutrient amount="0.282" name="B1 (Thiamine)"/><nutrient amount="0.222" name="B2 (Riboflavin)"/><nutrient amount="4.09" name="B3 (Niacin)"/><nutrient amount="0.462" name="B5 (Pantothenic Acid)"/><nutrient amount="0.247" name="B6 (Pyridoxine)"/><nutrient amount="0.58" name="B12 (Cyanocobalamin)"/><nutrient amount="0.0" name="Vitamin C"/><nutrient amount="0.18" name="Vitamin E"/><nutrient amount="0.02" name="Beta Tocopherol"/><nutrient amount="0.01" name="Delta Tocopherol"/><nutrient amount="0.04" name="Gamma Tocopherol"/><nutrient amount="0.0" name="Vitamin K"/><nutrient amount="81.3" name="Choline"/><nutrient amount="1.105" name="Saturated"/><nutrient amount="1.53" name="Monounsaturated"/><nutrient amount="0.456" name="Polyunsaturated"/><nutrient amount="0.032" name="Omega-3"/><nutrient amount="0.8029999999999999" name="Omega-6"/><nutrient amount="0.028" name="Trans-Fats"/><nutrient amount="58.0" name="Cholesterol"/><nutrient amount="1.056" name="ALA"/><nutrient amount="1.147" name="ARG"/><nutrient amount="1.564" name="ASP"/><nutrient amount="0.201" name="CYS"/><nutrient amount="2.565" name="GLU"/><nutrient amount="0.936" name="GLY"/><nutrient amount="0.781" name="HIS"/><nutrient amount="0.116" name="HYP"/><nutrient amount="0.809" name="ILE"/><nutrient amount="1.436" name="LEU"/><nutrient amount="1.514" name="LYS"/><nutrient amount="0.429" name="MET"/><nutrient amount="0.717" name="PHE"/><nutrient amount="0.769" name="PRO"/><nutrient amount="0.702" name="SER"/><nutrient amount="0.802" name="THR"/><nutrient amount="0.168" name="TRP"/><nutrient amount="0.582" name="TYR"/><nutrient amount="0.907" name="VAL"/></food>