<food uid="10882" fcf="9.0" pcf="4.0" name="Pork, cured, ham with natural juices, slice, boneless, separable lean only, heated, pan-broil" ccf="4.0"><measure amount="1.0" name="slice" grams="277.0"/><nutrient amount="116.0" name="Energy"/><nutrient amount="20.95" name="Protein"/><nutrient amount="0.99" name="Carbs"/><nutrient amount="0.0" name="Fiber"/><nutrient amount="1.05" name="Sugars"/><nutrient amount="3.16" name="Fat"/><nutrient amount="0.0" name="Alcohol"/><nutrient amount="0.0" name="Caffeine"/><nutrient amount="71.1" name="Water"/><nutrient amount="3.81" name="Ash"/><nutrient amount="6.0" name="Calcium"/><nutrient amount="0.271" name="Copper"/><nutrient amount="0.94" name="Iron"/><nutrient amount="22.0" name="Magnesium"/><nutrient amount="0.026" name="Manganese"/><nutrient amount="322.0" name="Phosphorus"/><nutrient amount="364.0" name="Potassium"/><nutrient amount="37.0" name="Selenium"/><nutrient amount="1163.0" name="Sodium"/><nutrient amount="2.14" name="Zinc"/><nutrient amount="44.0" name="Vitamin A"/><nutrient amount="13.0" name="Retinol"/><nutrient amount="0.0" name="Alpha-carotene"/><nutrient amount="0.0" name="Beta-carotene"/><nutrient amount="0.0" name="Beta-cryptoxanthin"/><nutrient amount="0.0" name="Lycopene"/><nutrient amount="0.0" name="Lutein+Zeaxanthin"/><nutrient amount="1.0" name="Folate"/><nutrient amount="0.514" name="B1 (Thiamine)"/><nutrient amount="0.218" name="B2 (Riboflavin)"/><nutrient amount="7.395" name="B3 (Niacin)"/><nutrient amount="0.841" name="B5 (Pantothenic Acid)"/><nutrient amount="0.506" name="B6 (Pyridoxine)"/><nutrient amount="0.42" name="B12 (Cyanocobalamin)"/><nutrient amount="0.0" name="Vitamin C"/><nutrient amount="0.22" name="Vitamin E"/><nutrient amount="0.0" name="Beta Tocopherol"/><nutrient amount="0.0" name="Delta Tocopherol"/><nutrient amount="0.03" name="Gamma Tocopherol"/><nutrient amount="0.0" name="Vitamin K"/><nutrient amount="82.3" name="Choline"/><nutrient amount="0.975" name="Saturated"/><nutrient amount="1.333" name="Monounsaturated"/><nutrient amount="0.424" name="Polyunsaturated"/><nutrient amount="0.028" name="Omega-3"/><nutrient amount="0.7410000000000001" name="Omega-6"/><nutrient amount="0.022" name="Trans-Fats"/><nutrient amount="57.0" name="Cholesterol"/><nutrient amount="1.234" name="ALA"/><nutrient amount="1.34" name="ARG"/><nutrient amount="1.827" name="ASP"/><nutrient amount="0.235" name="CYS"/><nutrient amount="2.998" name="GLU"/><nutrient amount="1.094" name="GLY"/><nutrient amount="0.912" name="HIS"/><nutrient amount="0.136" name="HYP"/><nutrient amount="0.946" name="ILE"/><nutrient amount="1.678" name="LEU"/><nutrient amount="1.77" name="LYS"/><nutrient amount="0.501" name="MET"/><nutrient amount="0.838" name="PHE"/><nutrient amount="0.899" name="PRO"/><nutrient amount="0.82" name="SER"/><nutrient amount="0.937" name="THR"/><nutrient amount="0.197" name="TRP"/><nutrient amount="0.68" name="TYR"/><nutrient amount="1.06" name="VAL"/></food>