<food uid="10885" fcf="9.0" pcf="4.0" name="Pork, cured, ham -- water added, shank, bone-in, separable lean only, unheated" ccf="4.0"><nutrient amount="91.0" name="Energy"/><nutrient amount="18.65" name="Protein"/><nutrient amount="0.0" name="Carbs"/><nutrient amount="0.0" name="Fiber"/><nutrient amount="0.71" name="Sugars"/><nutrient amount="1.87" name="Fat"/><nutrient amount="0.0" name="Alcohol"/><nutrient amount="0.0" name="Caffeine"/><nutrient amount="76.53" name="Water"/><nutrient amount="3.09" name="Ash"/><nutrient amount="7.0" name="Calcium"/><nutrient amount="0.097" name="Copper"/><nutrient amount="0.76" name="Iron"/><nutrient amount="18.0" name="Magnesium"/><nutrient amount="0.022" name="Manganese"/><nutrient amount="229.0" name="Phosphorus"/><nutrient amount="229.0" name="Potassium"/><nutrient amount="40.0" name="Selenium"/><nutrient amount="1040.0" name="Sodium"/><nutrient amount="1.99" name="Zinc"/><nutrient amount="29.0" name="Vitamin A"/><nutrient amount="9.0" name="Retinol"/><nutrient amount="0.0" name="Alpha-carotene"/><nutrient amount="0.0" name="Beta-carotene"/><nutrient amount="0.0" name="Beta-cryptoxanthin"/><nutrient amount="0.0" name="Lycopene"/><nutrient amount="0.0" name="Lutein+Zeaxanthin"/><nutrient amount="1.0" name="Folate"/><nutrient amount="0.322" name="B1 (Thiamine)"/><nutrient amount="0.218" name="B2 (Riboflavin)"/><nutrient amount="3.59" name="B3 (Niacin)"/><nutrient amount="0.46" name="B5 (Pantothenic Acid)"/><nutrient amount="0.246" name="B6 (Pyridoxine)"/><nutrient amount="0.31" name="B12 (Cyanocobalamin)"/><nutrient amount="0.0" name="Vitamin C"/><nutrient amount="0.22" name="Vitamin E"/><nutrient amount="0.01" name="Beta Tocopherol"/><nutrient amount="0.01" name="Delta Tocopherol"/><nutrient amount="0.06" name="Gamma Tocopherol"/><nutrient amount="0.0" name="Vitamin K"/><nutrient amount="76.9" name="Choline"/><nutrient amount="0.592" name="Saturated"/><nutrient amount="0.806" name="Monounsaturated"/><nutrient amount="0.27" name="Polyunsaturated"/><nutrient amount="0.012" name="Omega-3"/><nutrient amount="0.477" name="Omega-6"/><nutrient amount="0.012" name="Trans-Fats"/><nutrient amount="50.0" name="Cholesterol"/><nutrient amount="1.098" name="ALA"/><nutrient amount="1.193" name="ARG"/><nutrient amount="1.627" name="ASP"/><nutrient amount="0.209" name="CYS"/><nutrient amount="2.669" name="GLU"/><nutrient amount="0.974" name="GLY"/><nutrient amount="0.812" name="HIS"/><nutrient amount="0.121" name="HYP"/><nutrient amount="0.842" name="ILE"/><nutrient amount="1.494" name="LEU"/><nutrient amount="1.576" name="LYS"/><nutrient amount="0.446" name="MET"/><nutrient amount="0.746" name="PHE"/><nutrient amount="0.8" name="PRO"/><nutrient amount="0.73" name="SER"/><nutrient amount="0.834" name="THR"/><nutrient amount="0.175" name="TRP"/><nutrient amount="0.605" name="TYR"/><nutrient amount="0.944" name="VAL"/></food>