<food uid="10891" fcf="9.0" pcf="4.0" name="Pork, cured, ham with natural juices, shank, bone-in, separable lean only, unheated" ccf="4.0"><measure amount="1.0" name="lb shank" grams="453.6"/><measure amount="1.0" name="oz shank" grams="28.35"/><nutrient amount="130.0" name="Energy"/><nutrient amount="25.11" name="Protein"/><nutrient amount="0.0" name="Carbs"/><nutrient amount="0.0" name="Fiber"/><nutrient amount="0.3" name="Sugars"/><nutrient amount="3.33" name="Fat"/><nutrient amount="0.0" name="Alcohol"/><nutrient amount="0.0" name="Caffeine"/><nutrient amount="70.5" name="Water"/><nutrient amount="2.63" name="Ash"/><nutrient amount="7.0" name="Calcium"/><nutrient amount="0.117" name="Copper"/><nutrient amount="1.1" name="Iron"/><nutrient amount="20.0" name="Magnesium"/><nutrient amount="0.022" name="Manganese"/><nutrient amount="250.0" name="Phosphorus"/><nutrient amount="299.0" name="Potassium"/><nutrient amount="52.3" name="Selenium"/><nutrient amount="809.0" name="Sodium"/><nutrient amount="2.79" name="Zinc"/><nutrient amount="33.0" name="Vitamin A"/><nutrient amount="10.0" name="Retinol"/><nutrient amount="0.0" name="Alpha-carotene"/><nutrient amount="0.0" name="Beta-carotene"/><nutrient amount="0.0" name="Beta-cryptoxanthin"/><nutrient amount="0.0" name="Lycopene"/><nutrient amount="0.0" name="Lutein+Zeaxanthin"/><nutrient amount="3.0" name="Folate"/><nutrient amount="0.235" name="B1 (Thiamine)"/><nutrient amount="0.246" name="B2 (Riboflavin)"/><nutrient amount="5.28" name="B3 (Niacin)"/><nutrient amount="0.516" name="B5 (Pantothenic Acid)"/><nutrient amount="0.393" name="B6 (Pyridoxine)"/><nutrient amount="0.37" name="B12 (Cyanocobalamin)"/><nutrient amount="0.0" name="Vitamin C"/><nutrient amount="0.26" name="Vitamin E"/><nutrient amount="0.0" name="Beta Tocopherol"/><nutrient amount="0.0" name="Delta Tocopherol"/><nutrient amount="0.04" name="Gamma Tocopherol"/><nutrient amount="0.0" name="Vitamin K"/><nutrient amount="97.3" name="Choline"/><nutrient amount="1.048" name="Saturated"/><nutrient amount="1.595" name="Monounsaturated"/><nutrient amount="0.402" name="Polyunsaturated"/><nutrient amount="0.02" name="Omega-3"/><nutrient amount="0.7110000000000001" name="Omega-6"/><nutrient amount="0.024" name="Trans-Fats"/><nutrient amount="63.0" name="Cholesterol"/><nutrient amount="1.479" name="ALA"/><nutrient amount="1.606" name="ARG"/><nutrient amount="2.19" name="ASP"/><nutrient amount="0.282" name="CYS"/><nutrient amount="3.593" name="GLU"/><nutrient amount="1.311" name="GLY"/><nutrient amount="1.094" name="HIS"/><nutrient amount="0.163" name="HYP"/><nutrient amount="1.133" name="ILE"/><nutrient amount="2.011" name="LEU"/><nutrient amount="2.121" name="LYS"/><nutrient amount="0.601" name="MET"/><nutrient amount="1.004" name="PHE"/><nutrient amount="1.078" name="PRO"/><nutrient amount="0.983" name="SER"/><nutrient amount="1.123" name="THR"/><nutrient amount="0.236" name="TRP"/><nutrient amount="0.815" name="TYR"/><nutrient amount="1.27" name="VAL"/></food>