<food uid="10895" fcf="9.0" pcf="4.0" name="Pork, cured, ham, separable fat, boneless, unheated" ccf="4.0"><nutrient amount="515.0" name="Energy"/><nutrient amount="7.5" name="Protein"/><nutrient amount="1.87" name="Carbs"/><nutrient amount="0.0" name="Fiber"/><nutrient amount="0.44" name="Sugars"/><nutrient amount="53.0" name="Fat"/><nutrient amount="0.0" name="Alcohol"/><nutrient amount="0.0" name="Caffeine"/><nutrient amount="35.65" name="Water"/><nutrient amount="1.98" name="Ash"/><nutrient amount="4.0" name="Calcium"/><nutrient amount="0.097" name="Copper"/><nutrient amount="0.5" name="Iron"/><nutrient amount="11.0" name="Magnesium"/><nutrient amount="0.022" name="Manganese"/><nutrient amount="143.0" name="Phosphorus"/><nutrient amount="174.0" name="Potassium"/><nutrient amount="15.8" name="Selenium"/><nutrient amount="616.0" name="Sodium"/><nutrient amount="1.14" name="Zinc"/><nutrient amount="44.0" name="Vitamin A"/><nutrient amount="13.0" name="Retinol"/><nutrient amount="0.0" name="Alpha-carotene"/><nutrient amount="0.0" name="Beta-carotene"/><nutrient amount="0.0" name="Beta-cryptoxanthin"/><nutrient amount="0.0" name="Lycopene"/><nutrient amount="0.0" name="Lutein+Zeaxanthin"/><nutrient amount="0.0" name="Folate"/><nutrient amount="0.233" name="B1 (Thiamine)"/><nutrient amount="0.021" name="B2 (Riboflavin)"/><nutrient amount="2.57" name="B3 (Niacin)"/><nutrient amount="0.345" name="B5 (Pantothenic Acid)"/><nutrient amount="0.187" name="B6 (Pyridoxine)"/><nutrient amount="0.31" name="B12 (Cyanocobalamin)"/><nutrient amount="0.0" name="Vitamin C"/><nutrient amount="0.76" name="Vitamin E"/><nutrient amount="0.01" name="Beta Tocopherol"/><nutrient amount="0.0" name="Delta Tocopherol"/><nutrient amount="0.18" name="Gamma Tocopherol"/><nutrient amount="0.0" name="Vitamin K"/><nutrient amount="30.7" name="Choline"/><nutrient amount="17.433" name="Saturated"/><nutrient amount="23.902" name="Monounsaturated"/><nutrient amount="6.901" name="Polyunsaturated"/><nutrient amount="0.58" name="Omega-3"/><nutrient amount="12.666" name="Omega-6"/><nutrient amount="0.412" name="Trans-Fats"/><nutrient amount="61.0" name="Cholesterol"/><nutrient amount="0.464" name="ALA"/><nutrient amount="0.455" name="ARG"/><nutrient amount="0.638" name="ASP"/><nutrient amount="0.086" name="CYS"/><nutrient amount="0.997" name="GLU"/><nutrient amount="0.575" name="GLY"/><nutrient amount="0.328" name="HIS"/><nutrient amount="0.156" name="HYP"/><nutrient amount="0.303" name="ILE"/><nutrient amount="0.54" name="LEU"/><nutrient amount="0.535" name="LYS"/><nutrient amount="0.151" name="MET"/><nutrient amount="0.277" name="PHE"/><nutrient amount="0.369" name="PRO"/><nutrient amount="0.28" name="SER"/><nutrient amount="0.292" name="THR"/><nutrient amount="0.054" name="TRP"/><nutrient amount="0.203" name="TYR"/><nutrient amount="0.357" name="VAL"/></food>