<food uid="10892" fcf="9.0" pcf="4.0" name="Pork, cured, ham with natural juices, slice, bone-in, separable lean only, unheated" ccf="4.0"><measure amount="1.0" name="slice" grams="430.0"/><measure amount="2.0" name="slice" grams="468.0"/><nutrient amount="123.0" name="Energy"/><nutrient amount="24.34" name="Protein"/><nutrient amount="0.0" name="Carbs"/><nutrient amount="0.0" name="Fiber"/><nutrient amount="0.0" name="Sugars"/><nutrient amount="2.87" name="Fat"/><nutrient amount="0.0" name="Alcohol"/><nutrient amount="0.0" name="Caffeine"/><nutrient amount="70.29" name="Water"/><nutrient amount="2.8" name="Ash"/><nutrient amount="9.0" name="Calcium"/><nutrient amount="0.097" name="Copper"/><nutrient amount="1.1" name="Iron"/><nutrient amount="20.0" name="Magnesium"/><nutrient amount="0.022" name="Manganese"/><nutrient amount="258.0" name="Phosphorus"/><nutrient amount="300.0" name="Potassium"/><nutrient amount="46.5" name="Selenium"/><nutrient amount="861.0" name="Sodium"/><nutrient amount="2.3" name="Zinc"/><nutrient amount="39.0" name="Vitamin A"/><nutrient amount="12.0" name="Retinol"/><nutrient amount="0.0" name="Alpha-carotene"/><nutrient amount="0.0" name="Beta-carotene"/><nutrient amount="0.0" name="Beta-cryptoxanthin"/><nutrient amount="0.0" name="Lycopene"/><nutrient amount="0.0" name="Lutein+Zeaxanthin"/><nutrient amount="1.0" name="Folate"/><nutrient amount="0.24" name="B1 (Thiamine)"/><nutrient amount="0.251" name="B2 (Riboflavin)"/><nutrient amount="6.59" name="B3 (Niacin)"/><nutrient amount="0.413" name="B5 (Pantothenic Acid)"/><nutrient amount="0.352" name="B6 (Pyridoxine)"/><nutrient amount="0.6" name="B12 (Cyanocobalamin)"/><nutrient amount="0.0" name="Vitamin C"/><nutrient amount="0.2" name="Vitamin E"/><nutrient amount="0.01" name="Beta Tocopherol"/><nutrient amount="0.0" name="Delta Tocopherol"/><nutrient amount="0.03" name="Gamma Tocopherol"/><nutrient amount="0.0" name="Vitamin K"/><nutrient amount="125.3" name="Choline"/><nutrient amount="0.726" name="Saturated"/><nutrient amount="0.884" name="Monounsaturated"/><nutrient amount="0.378" name="Polyunsaturated"/><nutrient amount="0.016" name="Omega-3"/><nutrient amount="0.665" name="Omega-6"/><nutrient amount="0.012" name="Trans-Fats"/><nutrient amount="63.0" name="Cholesterol"/><nutrient amount="1.434" name="ALA"/><nutrient amount="1.558" name="ARG"/><nutrient amount="2.123" name="ASP"/><nutrient amount="0.273" name="CYS"/><nutrient amount="3.484" name="GLU"/><nutrient amount="1.271" name="GLY"/><nutrient amount="1.06" name="HIS"/><nutrient amount="0.158" name="HYP"/><nutrient amount="1.099" name="ILE"/><nutrient amount="1.95" name="LEU"/><nutrient amount="2.057" name="LYS"/><nutrient amount="0.582" name="MET"/><nutrient amount="0.974" name="PHE"/><nutrient amount="1.045" name="PRO"/><nutrient amount="0.953" name="SER"/><nutrient amount="1.089" name="THR"/><nutrient amount="0.228" name="TRP"/><nutrient amount="0.79" name="TYR"/><nutrient amount="1.232" name="VAL"/></food>