<food uid="10894" fcf="9.0" pcf="4.0" name="Pork, cured, ham, separable fat, boneless, heated" ccf="4.0"><nutrient amount="507.0" name="Energy"/><nutrient amount="8.77" name="Protein"/><nutrient amount="2.0" name="Carbs"/><nutrient amount="0.0" name="Fiber"/><nutrient amount="0.28" name="Sugars"/><nutrient amount="51.57" name="Fat"/><nutrient amount="0.0" name="Alcohol"/><nutrient amount="0.0" name="Caffeine"/><nutrient amount="35.47" name="Water"/><nutrient amount="2.19" name="Ash"/><nutrient amount="6.0" name="Calcium"/><nutrient amount="0.33" name="Copper"/><nutrient amount="0.53" name="Iron"/><nutrient amount="16.0" name="Magnesium"/><nutrient amount="0.022" name="Manganese"/><nutrient amount="169.0" name="Phosphorus"/><nutrient amount="195.0" name="Potassium"/><nutrient amount="16.0" name="Selenium"/><nutrient amount="677.0" name="Sodium"/><nutrient amount="1.14" name="Zinc"/><nutrient amount="42.0" name="Vitamin A"/><nutrient amount="12.0" name="Retinol"/><nutrient amount="0.0" name="Alpha-carotene"/><nutrient amount="0.0" name="Beta-carotene"/><nutrient amount="0.0" name="Beta-cryptoxanthin"/><nutrient amount="0.0" name="Lycopene"/><nutrient amount="0.0" name="Lutein+Zeaxanthin"/><nutrient amount="1.0" name="Folate"/><nutrient amount="0.278" name="B1 (Thiamine)"/><nutrient amount="0.096" name="B2 (Riboflavin)"/><nutrient amount="3.08" name="B3 (Niacin)"/><nutrient amount="0.413" name="B5 (Pantothenic Acid)"/><nutrient amount="0.201" name="B6 (Pyridoxine)"/><nutrient amount="0.31" name="B12 (Cyanocobalamin)"/><nutrient amount="0.0" name="Vitamin C"/><nutrient amount="0.35" name="Vitamin E"/><nutrient amount="0.01" name="Beta Tocopherol"/><nutrient amount="0.02" name="Delta Tocopherol"/><nutrient amount="0.12" name="Gamma Tocopherol"/><nutrient amount="17.048" name="Saturated"/><nutrient amount="23.798" name="Monounsaturated"/><nutrient amount="6.47" name="Polyunsaturated"/><nutrient amount="0.538" name="Omega-3"/><nutrient amount="11.732" name="Omega-6"/><nutrient amount="0.371" name="Trans-Fats"/><nutrient amount="72.0" name="Cholesterol"/><nutrient amount="0.542" name="ALA"/><nutrient amount="0.532" name="ARG"/><nutrient amount="0.746" name="ASP"/><nutrient amount="0.101" name="CYS"/><nutrient amount="1.165" name="GLU"/><nutrient amount="0.672" name="GLY"/><nutrient amount="0.383" name="HIS"/><nutrient amount="0.057" name="HYP"/><nutrient amount="0.354" name="ILE"/><nutrient amount="0.631" name="LEU"/><nutrient amount="0.625" name="LYS"/><nutrient amount="0.176" name="MET"/><nutrient amount="0.324" name="PHE"/><nutrient amount="0.431" name="PRO"/><nutrient amount="0.327" name="SER"/><nutrient amount="0.341" name="THR"/><nutrient amount="0.063" name="TRP"/><nutrient amount="0.237" name="TYR"/><nutrient amount="0.417" name="VAL"/></food>