<food uid="10899" fcf="9.0" pcf="4.0" name="Pork, cured, ham, slice, bone-in, separable lean only, heated, pan-broil" ccf="4.0"><measure amount="1.0" name="slice" grams="366.0"/><nutrient amount="146.0" name="Energy"/><nutrient amount="27.18" name="Protein"/><nutrient amount="0.23" name="Carbs"/><nutrient amount="0.0" name="Fiber"/><nutrient amount="0.74" name="Sugars"/><nutrient amount="4.09" name="Fat"/><nutrient amount="0.0" name="Alcohol"/><nutrient amount="0.0" name="Caffeine"/><nutrient amount="65.33" name="Water"/><nutrient amount="3.17" name="Ash"/><nutrient amount="15.0" name="Calcium"/><nutrient amount="0.426" name="Copper"/><nutrient amount="1.42" name="Iron"/><nutrient amount="25.0" name="Magnesium"/><nutrient amount="0.022" name="Manganese"/><nutrient amount="296.0" name="Phosphorus"/><nutrient amount="427.0" name="Potassium"/><nutrient amount="25.3" name="Selenium"/><nutrient amount="870.0" name="Sodium"/><nutrient amount="3.04" name="Zinc"/><nutrient amount="0.0" name="Vitamin A"/><nutrient amount="0.0" name="Retinol"/><nutrient amount="0.0" name="Alpha-carotene"/><nutrient amount="0.0" name="Beta-carotene"/><nutrient amount="0.0" name="Beta-cryptoxanthin"/><nutrient amount="0.0" name="Lycopene"/><nutrient amount="0.0" name="Lutein+Zeaxanthin"/><nutrient amount="2.0" name="Folate"/><nutrient amount="0.575" name="B1 (Thiamine)"/><nutrient amount="0.317" name="B2 (Riboflavin)"/><nutrient amount="7.767" name="B3 (Niacin)"/><nutrient amount="0.758" name="B5 (Pantothenic Acid)"/><nutrient amount="0.54" name="B6 (Pyridoxine)"/><nutrient amount="0.66" name="B12 (Cyanocobalamin)"/><nutrient amount="0.0" name="Vitamin C"/><nutrient amount="0.3" name="Vitamin E"/><nutrient amount="0.0" name="Beta Tocopherol"/><nutrient amount="0.0" name="Delta Tocopherol"/><nutrient amount="0.03" name="Gamma Tocopherol"/><nutrient amount="0.0" name="Vitamin K"/><nutrient amount="112.9" name="Choline"/><nutrient amount="1.253" name="Saturated"/><nutrient amount="1.613" name="Monounsaturated"/><nutrient amount="0.644" name="Polyunsaturated"/><nutrient amount="0.058" name="Omega-3"/><nutrient amount="1.111" name="Omega-6"/><nutrient amount="0.03" name="Trans-Fats"/><nutrient amount="73.0" name="Cholesterol"/><nutrient amount="1.601" name="ALA"/><nutrient amount="1.739" name="ARG"/><nutrient amount="2.371" name="ASP"/><nutrient amount="0.305" name="CYS"/><nutrient amount="3.89" name="GLU"/><nutrient amount="1.419" name="GLY"/><nutrient amount="1.184" name="HIS"/><nutrient amount="0.176" name="HYP"/><nutrient amount="1.227" name="ILE"/><nutrient amount="2.177" name="LEU"/><nutrient amount="2.296" name="LYS"/><nutrient amount="0.65" name="MET"/><nutrient amount="1.087" name="PHE"/><nutrient amount="1.167" name="PRO"/><nutrient amount="1.064" name="SER"/><nutrient amount="1.216" name="THR"/><nutrient amount="0.255" name="TRP"/><nutrient amount="0.882" name="TYR"/><nutrient amount="1.375" name="VAL"/></food>