<food uid="10890" fcf="9.0" pcf="4.0" name="Pork, cured, ham with natural juices, rump, bone-in, separable lean only, unheated" ccf="4.0"><measure amount="1.0" name="lb rump" grams="453.6"/><measure amount="1.0" name="oz rump" grams="28.35"/><nutrient amount="122.0" name="Energy"/><nutrient amount="22.71" name="Protein"/><nutrient amount="0.06" name="Carbs"/><nutrient amount="0.0" name="Fiber"/><nutrient amount="0.43" name="Sugars"/><nutrient amount="3.47" name="Fat"/><nutrient amount="0.0" name="Alcohol"/><nutrient amount="0.0" name="Caffeine"/><nutrient amount="70.8" name="Water"/><nutrient amount="2.96" name="Ash"/><nutrient amount="9.0" name="Calcium"/><nutrient amount="0.109" name="Copper"/><nutrient amount="1.05" name="Iron"/><nutrient amount="21.0" name="Magnesium"/><nutrient amount="0.022" name="Manganese"/><nutrient amount="253.0" name="Phosphorus"/><nutrient amount="303.0" name="Potassium"/><nutrient amount="41.0" name="Selenium"/><nutrient amount="893.0" name="Sodium"/><nutrient amount="2.4" name="Zinc"/><nutrient amount="34.0" name="Vitamin A"/><nutrient amount="10.0" name="Retinol"/><nutrient amount="0.0" name="Alpha-carotene"/><nutrient amount="0.0" name="Beta-carotene"/><nutrient amount="0.0" name="Beta-cryptoxanthin"/><nutrient amount="0.0" name="Lycopene"/><nutrient amount="0.0" name="Lutein+Zeaxanthin"/><nutrient amount="1.0" name="Folate"/><nutrient amount="0.265" name="B1 (Thiamine)"/><nutrient amount="0.225" name="B2 (Riboflavin)"/><nutrient amount="7.23" name="B3 (Niacin)"/><nutrient amount="0.377" name="B5 (Pantothenic Acid)"/><nutrient amount="0.336" name="B6 (Pyridoxine)"/><nutrient amount="0.51" name="B12 (Cyanocobalamin)"/><nutrient amount="0.0" name="Vitamin C"/><nutrient amount="0.24" name="Vitamin E"/><nutrient amount="0.0" name="Beta Tocopherol"/><nutrient amount="0.0" name="Delta Tocopherol"/><nutrient amount="0.04" name="Gamma Tocopherol"/><nutrient amount="0.0" name="Vitamin K"/><nutrient amount="102.2" name="Choline"/><nutrient amount="1.16" name="Saturated"/><nutrient amount="1.632" name="Monounsaturated"/><nutrient amount="0.582" name="Polyunsaturated"/><nutrient amount="0.034" name="Omega-3"/><nutrient amount="1.018" name="Omega-6"/><nutrient amount="0.029" name="Trans-Fats"/><nutrient amount="68.0" name="Cholesterol"/><nutrient amount="1.337" name="ALA"/><nutrient amount="1.453" name="ARG"/><nutrient amount="1.981" name="ASP"/><nutrient amount="0.255" name="CYS"/><nutrient amount="3.25" name="GLU"/><nutrient amount="1.186" name="GLY"/><nutrient amount="0.989" name="HIS"/><nutrient amount="0.147" name="HYP"/><nutrient amount="1.025" name="ILE"/><nutrient amount="1.819" name="LEU"/><nutrient amount="1.918" name="LYS"/><nutrient amount="0.543" name="MET"/><nutrient amount="0.908" name="PHE"/><nutrient amount="0.975" name="PRO"/><nutrient amount="0.889" name="SER"/><nutrient amount="1.016" name="THR"/><nutrient amount="0.213" name="TRP"/><nutrient amount="0.737" name="TYR"/><nutrient amount="1.149" name="VAL"/></food>