<food uid="10893" fcf="9.0" pcf="4.0" name="Pork, cured, ham with natural juices, spiral slice, boneless, separable lean only, unheated" ccf="4.0"><measure amount="1.0" name="oz spiral slice" grams="28.35"/><measure amount="1.0" name="lb spiral slice" grams="453.6"/><nutrient amount="109.0" name="Energy"/><nutrient amount="19.25" name="Protein"/><nutrient amount="0.63" name="Carbs"/><nutrient amount="0.0" name="Fiber"/><nutrient amount="1.22" name="Sugars"/><nutrient amount="3.26" name="Fat"/><nutrient amount="0.0" name="Alcohol"/><nutrient amount="0.0" name="Caffeine"/><nutrient amount="72.46" name="Water"/><nutrient amount="4.39" name="Ash"/><nutrient amount="4.0" name="Calcium"/><nutrient amount="0.171" name="Copper"/><nutrient amount="0.76" name="Iron"/><nutrient amount="20.0" name="Magnesium"/><nutrient amount="283.0" name="Phosphorus"/><nutrient amount="317.0" name="Potassium"/><nutrient amount="37.9" name="Selenium"/><nutrient amount="895.0" name="Sodium"/><nutrient amount="1.65" name="Zinc"/><nutrient amount="39.0" name="Vitamin A"/><nutrient amount="12.0" name="Retinol"/><nutrient amount="0.0" name="Alpha-carotene"/><nutrient amount="0.0" name="Beta-carotene"/><nutrient amount="0.0" name="Beta-cryptoxanthin"/><nutrient amount="0.0" name="Lycopene"/><nutrient amount="0.0" name="Lutein+Zeaxanthin"/><nutrient amount="1.0" name="Folate"/><nutrient amount="0.399" name="B1 (Thiamine)"/><nutrient amount="0.196" name="B2 (Riboflavin)"/><nutrient amount="5.733" name="B3 (Niacin)"/><nutrient amount="0.365" name="B6 (Pyridoxine)"/><nutrient amount="0.44" name="B12 (Cyanocobalamin)"/><nutrient amount="0.0" name="Vitamin C"/><nutrient amount="0.17" name="Vitamin E"/><nutrient amount="0.0" name="Beta Tocopherol"/><nutrient amount="0.0" name="Delta Tocopherol"/><nutrient amount="0.03" name="Gamma Tocopherol"/><nutrient amount="0.0" name="Vitamin K"/><nutrient amount="78.2" name="Choline"/><nutrient amount="1.009" name="Saturated"/><nutrient amount="1.384" name="Monounsaturated"/><nutrient amount="0.585" name="Polyunsaturated"/><nutrient amount="0.024" name="Omega-3"/><nutrient amount="0.9909999999999999" name="Omega-6"/><nutrient amount="0.022" name="Trans-Fats"/><nutrient amount="57.0" name="Cholesterol"/><nutrient amount="1.134" name="ALA"/><nutrient amount="1.232" name="ARG"/><nutrient amount="1.679" name="ASP"/><nutrient amount="0.216" name="CYS"/><nutrient amount="2.755" name="GLU"/><nutrient amount="1.005" name="GLY"/><nutrient amount="0.838" name="HIS"/><nutrient amount="0.125" name="HYP"/><nutrient amount="0.869" name="ILE"/><nutrient amount="1.542" name="LEU"/><nutrient amount="1.626" name="LYS"/><nutrient amount="0.46" name="MET"/><nutrient amount="0.77" name="PHE"/><nutrient amount="0.826" name="PRO"/><nutrient amount="0.754" name="SER"/><nutrient amount="0.861" name="THR"/><nutrient amount="0.181" name="TRP"/><nutrient amount="0.625" name="TYR"/><nutrient amount="0.974" name="VAL"/></food>