<food uid="10898" fcf="9.0" pcf="4.0" name="Pork, pickled pork hocks" ccf="4.0"><nutrient amount="171.0" name="Energy"/><nutrient amount="19.11" name="Protein"/><nutrient amount="0.0" name="Carbs"/><nutrient amount="0.0" name="Fiber"/><nutrient amount="0.0" name="Sugars"/><nutrient amount="10.54" name="Fat"/><nutrient amount="0.0" name="Alcohol"/><nutrient amount="0.0" name="Caffeine"/><nutrient amount="68.02" name="Water"/><nutrient amount="2.76" name="Ash"/><nutrient amount="19.0" name="Calcium"/><nutrient amount="0.082" name="Copper"/><nutrient amount="1.14" name="Iron"/><nutrient amount="6.0" name="Magnesium"/><nutrient amount="0.022" name="Manganese"/><nutrient amount="60.0" name="Phosphorus"/><nutrient amount="47.0" name="Potassium"/><nutrient amount="26.3" name="Selenium"/><nutrient amount="1050.0" name="Sodium"/><nutrient amount="2.38" name="Zinc"/><nutrient amount="76.0" name="Vitamin A"/><nutrient amount="23.0" name="Retinol"/><nutrient amount="0.0" name="Alpha-carotene"/><nutrient amount="0.0" name="Beta-carotene"/><nutrient amount="0.0" name="Beta-cryptoxanthin"/><nutrient amount="0.0" name="Lycopene"/><nutrient amount="0.0" name="Lutein+Zeaxanthin"/><nutrient amount="1.0" name="Folate"/><nutrient amount="0.08" name="B1 (Thiamine)"/><nutrient amount="0.068" name="B2 (Riboflavin)"/><nutrient amount="1.1" name="B3 (Niacin)"/><nutrient amount="0.344" name="B5 (Pantothenic Acid)"/><nutrient amount="0.064" name="B6 (Pyridoxine)"/><nutrient amount="0.51" name="B12 (Cyanocobalamin)"/><nutrient amount="0.0" name="Vitamin C"/><nutrient amount="0.17" name="Vitamin E"/><nutrient amount="0.01" name="Beta Tocopherol"/><nutrient amount="0.0" name="Delta Tocopherol"/><nutrient amount="0.02" name="Gamma Tocopherol"/><nutrient amount="0.0" name="Vitamin K"/><nutrient amount="3.231" name="Saturated"/><nutrient amount="5.134" name="Monounsaturated"/><nutrient amount="1.198" name="Polyunsaturated"/><nutrient amount="0.084" name="Omega-3"/><nutrient amount="2.142" name="Omega-6"/><nutrient amount="0.113" name="Trans-Fats"/><nutrient amount="89.0" name="Cholesterol"/><nutrient amount="1.566" name="ALA"/><nutrient amount="1.433" name="ARG"/><nutrient amount="1.375" name="ASP"/><nutrient amount="0.168" name="CYS"/><nutrient amount="2.101" name="GLU"/><nutrient amount="3.343" name="GLY"/><nutrient amount="0.211" name="HIS"/><nutrient amount="0.325" name="ILE"/><nutrient amount="0.841" name="LEU"/><nutrient amount="0.822" name="LYS"/><nutrient amount="0.211" name="MET"/><nutrient amount="0.554" name="PHE"/><nutrient amount="2.005" name="PRO"/><nutrient amount="0.765" name="SER"/><nutrient amount="0.516" name="THR"/><nutrient amount="0.038" name="TRP"/><nutrient amount="0.305" name="TYR"/><nutrient amount="0.478" name="VAL"/></food>