<food uid="10909" fcf="9.0" pcf="4.0" name="Pork, cured, ham -- water added, whole, boneless, separable lean and fat, unheated" ccf="4.0"><measure amount="1.0" name="oz whole" grams="28.35"/><measure amount="1.0" name="lb whole" grams="453.6"/><nutrient amount="121.0" name="Energy"/><nutrient amount="17.06" name="Protein"/><nutrient amount="1.2" name="Carbs"/><nutrient amount="0.0" name="Fiber"/><nutrient amount="1.42" name="Sugars"/><nutrient amount="5.38" name="Fat"/><nutrient amount="0.0" name="Alcohol"/><nutrient amount="0.0" name="Caffeine"/><nutrient amount="72.85" name="Water"/><nutrient amount="3.52" name="Ash"/><nutrient amount="8.0" name="Calcium"/><nutrient amount="0.101" name="Copper"/><nutrient amount="0.85" name="Iron"/><nutrient amount="19.0" name="Magnesium"/><nutrient amount="0.022" name="Manganese"/><nutrient amount="262.0" name="Phosphorus"/><nutrient amount="312.0" name="Potassium"/><nutrient amount="34.6" name="Selenium"/><nutrient amount="1126.0" name="Sodium"/><nutrient amount="1.77" name="Zinc"/><nutrient amount="42.0" name="Vitamin A"/><nutrient amount="13.0" name="Retinol"/><nutrient amount="0.0" name="Alpha-carotene"/><nutrient amount="0.0" name="Beta-carotene"/><nutrient amount="0.0" name="Beta-cryptoxanthin"/><nutrient amount="0.0" name="Lycopene"/><nutrient amount="0.0" name="Lutein+Zeaxanthin"/><nutrient amount="2.0" name="Folate"/><nutrient amount="0.397" name="B1 (Thiamine)"/><nutrient amount="0.183" name="B2 (Riboflavin)"/><nutrient amount="5.389" name="B3 (Niacin)"/><nutrient amount="0.723" name="B5 (Pantothenic Acid)"/><nutrient amount="0.407" name="B6 (Pyridoxine)"/><nutrient amount="0.46" name="B12 (Cyanocobalamin)"/><nutrient amount="0.0" name="Vitamin C"/><nutrient amount="0.23" name="Vitamin E"/><nutrient amount="0.01" name="Beta Tocopherol"/><nutrient amount="0.01" name="Delta Tocopherol"/><nutrient amount="0.03" name="Gamma Tocopherol"/><nutrient amount="0.0" name="Vitamin K"/><nutrient amount="70.6" name="Choline"/><nutrient amount="1.889" name="Saturated"/><nutrient amount="2.571" name="Monounsaturated"/><nutrient amount="0.759" name="Polyunsaturated"/><nutrient amount="0.028" name="Omega-3"/><nutrient amount="0.7310000000000001" name="Omega-6"/><nutrient amount="0.047" name="Trans-Fats"/><nutrient amount="50.0" name="Cholesterol"/><nutrient amount="1.005" name="ALA"/><nutrient amount="1.091" name="ARG"/><nutrient amount="1.487" name="ASP"/><nutrient amount="0.192" name="CYS"/><nutrient amount="2.439" name="GLU"/><nutrient amount="0.896" name="GLY"/><nutrient amount="0.743" name="HIS"/><nutrient amount="0.114" name="HYP"/><nutrient amount="0.769" name="ILE"/><nutrient amount="1.365" name="LEU"/><nutrient amount="1.438" name="LYS"/><nutrient amount="0.407" name="MET"/><nutrient amount="0.682" name="PHE"/><nutrient amount="0.733" name="PRO"/><nutrient amount="0.667" name="SER"/><nutrient amount="0.762" name="THR"/><nutrient amount="0.16" name="TRP"/><nutrient amount="0.552" name="TYR"/><nutrient amount="0.862" name="VAL"/></food>