<food uid="10906" fcf="9.0" pcf="4.0" name="Pork, cured, ham and water product, slice, bone-in, separable lean and fat, unheated" ccf="4.0"><measure amount="1.0" name="oz" grams="28.35"/><measure amount="1.0" name="lb" grams="453.6"/><nutrient amount="149.0" name="Energy"/><nutrient amount="13.69" name="Protein"/><nutrient amount="2.72" name="Carbs"/><nutrient amount="0.0" name="Fiber"/><nutrient amount="0.85" name="Sugars"/><nutrient amount="9.29" name="Fat"/><nutrient amount="0.0" name="Alcohol"/><nutrient amount="0.0" name="Caffeine"/><nutrient amount="71.07" name="Water"/><nutrient amount="3.23" name="Ash"/><nutrient amount="8.0" name="Calcium"/><nutrient amount="0.132" name="Copper"/><nutrient amount="1.39" name="Iron"/><nutrient amount="14.0" name="Magnesium"/><nutrient amount="0.022" name="Manganese"/><nutrient amount="213.0" name="Phosphorus"/><nutrient amount="205.0" name="Potassium"/><nutrient amount="13.3" name="Selenium"/><nutrient amount="1099.0" name="Sodium"/><nutrient amount="1.6" name="Zinc"/><nutrient amount="33.0" name="Vitamin A"/><nutrient amount="10.0" name="Retinol"/><nutrient amount="0.0" name="Alpha-carotene"/><nutrient amount="0.0" name="Beta-carotene"/><nutrient amount="0.0" name="Beta-cryptoxanthin"/><nutrient amount="0.0" name="Lycopene"/><nutrient amount="0.0" name="Lutein+Zeaxanthin"/><nutrient amount="1.0" name="Folate"/><nutrient amount="0.402" name="B1 (Thiamine)"/><nutrient amount="0.16" name="B2 (Riboflavin)"/><nutrient amount="4.177" name="B3 (Niacin)"/><nutrient amount="0.382" name="B5 (Pantothenic Acid)"/><nutrient amount="0.342" name="B6 (Pyridoxine)"/><nutrient amount="0.46" name="B12 (Cyanocobalamin)"/><nutrient amount="0.0" name="Vitamin C"/><nutrient amount="0.18" name="Vitamin E"/><nutrient amount="0.01" name="Beta Tocopherol"/><nutrient amount="0.0" name="Delta Tocopherol"/><nutrient amount="0.05" name="Gamma Tocopherol"/><nutrient amount="0.0" name="Vitamin K"/><nutrient amount="68.1" name="Choline"/><nutrient amount="3.076" name="Saturated"/><nutrient amount="4.212" name="Monounsaturated"/><nutrient amount="1.25" name="Polyunsaturated"/><nutrient amount="0.045" name="Omega-3"/><nutrient amount="1.205" name="Omega-6"/><nutrient amount="0.072" name="Trans-Fats"/><nutrient amount="50.0" name="Cholesterol"/><nutrient amount="0.809" name="ALA"/><nutrient amount="0.873" name="ARG"/><nutrient amount="1.193" name="ASP"/><nutrient amount="0.154" name="CYS"/><nutrient amount="1.951" name="GLU"/><nutrient amount="0.736" name="GLY"/><nutrient amount="0.597" name="HIS"/><nutrient amount="0.101" name="HYP"/><nutrient amount="0.614" name="ILE"/><nutrient amount="1.09" name="LEU"/><nutrient amount="1.146" name="LYS"/><nutrient amount="0.324" name="MET"/><nutrient amount="0.545" name="PHE"/><nutrient amount="0.593" name="PRO"/><nutrient amount="0.535" name="SER"/><nutrient amount="0.608" name="THR"/><nutrient amount="0.127" name="TRP"/><nutrient amount="0.44" name="TYR"/><nutrient amount="0.69" name="VAL"/></food>