<food uid="10905" fcf="9.0" pcf="4.0" name="Pork, cured, ham and water product, whole, boneless, separable lean and fat, unheated" ccf="4.0"><measure amount="1.0" name="oz whole" grams="28.35"/><measure amount="1.0" name="lb whole" grams="453.6"/><nutrient amount="117.0" name="Energy"/><nutrient amount="14.05" name="Protein"/><nutrient amount="4.0" name="Carbs"/><nutrient amount="0.0" name="Fiber"/><nutrient amount="4.21" name="Sugars"/><nutrient amount="4.99" name="Fat"/><nutrient amount="0.0" name="Alcohol"/><nutrient amount="0.0" name="Caffeine"/><nutrient amount="72.96" name="Water"/><nutrient amount="4.0" name="Ash"/><nutrient amount="8.0" name="Calcium"/><nutrient amount="0.107" name="Copper"/><nutrient amount="0.78" name="Iron"/><nutrient amount="17.0" name="Magnesium"/><nutrient amount="0.04" name="Manganese"/><nutrient amount="228.0" name="Phosphorus"/><nutrient amount="267.0" name="Potassium"/><nutrient amount="29.4" name="Selenium"/><nutrient amount="1308.0" name="Sodium"/><nutrient amount="1.59" name="Zinc"/><nutrient amount="45.0" name="Vitamin A"/><nutrient amount="13.0" name="Retinol"/><nutrient amount="0.0" name="Alpha-carotene"/><nutrient amount="0.0" name="Beta-carotene"/><nutrient amount="0.0" name="Beta-cryptoxanthin"/><nutrient amount="0.0" name="Lycopene"/><nutrient amount="0.0" name="Lutein+Zeaxanthin"/><nutrient amount="3.0" name="Folate"/><nutrient amount="0.284" name="B1 (Thiamine)"/><nutrient amount="0.146" name="B2 (Riboflavin)"/><nutrient amount="3.867" name="B3 (Niacin)"/><nutrient amount="0.66" name="B5 (Pantothenic Acid)"/><nutrient amount="0.294" name="B6 (Pyridoxine)"/><nutrient amount="0.34" name="B12 (Cyanocobalamin)"/><nutrient amount="0.0" name="Vitamin C"/><nutrient amount="0.15" name="Vitamin E"/><nutrient amount="0.02" name="Beta Tocopherol"/><nutrient amount="0.0" name="Delta Tocopherol"/><nutrient amount="0.04" name="Gamma Tocopherol"/><nutrient amount="0.0" name="Vitamin K"/><nutrient amount="64.8" name="Choline"/><nutrient amount="1.489" name="Saturated"/><nutrient amount="2.098" name="Monounsaturated"/><nutrient amount="0.66" name="Polyunsaturated"/><nutrient amount="0.023" name="Omega-3"/><nutrient amount="0.637" name="Omega-6"/><nutrient amount="0.037" name="Trans-Fats"/><nutrient amount="43.0" name="Cholesterol"/><nutrient amount="0.828" name="ALA"/><nutrient amount="0.899" name="ARG"/><nutrient amount="1.226" name="ASP"/><nutrient amount="0.158" name="CYS"/><nutrient amount="2.011" name="GLU"/><nutrient amount="0.734" name="GLY"/><nutrient amount="0.612" name="HIS"/><nutrient amount="0.091" name="HYP"/><nutrient amount="0.634" name="ILE"/><nutrient amount="1.126" name="LEU"/><nutrient amount="1.187" name="LYS"/><nutrient amount="0.336" name="MET"/><nutrient amount="0.562" name="PHE"/><nutrient amount="0.603" name="PRO"/><nutrient amount="0.55" name="SER"/><nutrient amount="0.629" name="THR"/><nutrient amount="0.132" name="TRP"/><nutrient amount="0.456" name="TYR"/><nutrient amount="0.711" name="VAL"/></food>