<food uid="10902" fcf="9.0" pcf="4.0" name="Pork, cured, ham with natural juices, slice, bone-in, separable lean and fat, unheated" ccf="4.0"><measure amount="1.0" name="slice" grams="430.0"/><measure amount="2.0" name="slice" grams="468.0"/><nutrient amount="159.0" name="Energy"/><nutrient amount="22.82" name="Protein"/><nutrient amount="0.17" name="Carbs"/><nutrient amount="0.0" name="Fiber"/><nutrient amount="0.04" name="Sugars"/><nutrient amount="7.4" name="Fat"/><nutrient amount="0.0" name="Alcohol"/><nutrient amount="0.0" name="Caffeine"/><nutrient amount="67.16" name="Water"/><nutrient amount="2.73" name="Ash"/><nutrient amount="9.0" name="Calcium"/><nutrient amount="0.097" name="Copper"/><nutrient amount="1.05" name="Iron"/><nutrient amount="19.0" name="Magnesium"/><nutrient amount="0.022" name="Manganese"/><nutrient amount="248.0" name="Phosphorus"/><nutrient amount="289.0" name="Potassium"/><nutrient amount="43.7" name="Selenium"/><nutrient amount="839.0" name="Sodium"/><nutrient amount="2.2" name="Zinc"/><nutrient amount="39.0" name="Vitamin A"/><nutrient amount="12.0" name="Retinol"/><nutrient amount="0.0" name="Alpha-carotene"/><nutrient amount="0.0" name="Beta-carotene"/><nutrient amount="0.0" name="Beta-cryptoxanthin"/><nutrient amount="0.0" name="Lycopene"/><nutrient amount="0.0" name="Lutein+Zeaxanthin"/><nutrient amount="1.0" name="Folate"/><nutrient amount="0.239" name="B1 (Thiamine)"/><nutrient amount="0.23" name="B2 (Riboflavin)"/><nutrient amount="6.227" name="B3 (Niacin)"/><nutrient amount="0.407" name="B5 (Pantothenic Acid)"/><nutrient amount="0.337" name="B6 (Pyridoxine)"/><nutrient amount="0.57" name="B12 (Cyanocobalamin)"/><nutrient amount="0.0" name="Vitamin C"/><nutrient amount="0.25" name="Vitamin E"/><nutrient amount="0.01" name="Beta Tocopherol"/><nutrient amount="0.0" name="Delta Tocopherol"/><nutrient amount="0.04" name="Gamma Tocopherol"/><nutrient amount="0.0" name="Vitamin K"/><nutrient amount="116.7" name="Choline"/><nutrient amount="2.236" name="Saturated"/><nutrient amount="2.965" name="Monounsaturated"/><nutrient amount="0.967" name="Polyunsaturated"/><nutrient amount="0.033" name="Omega-3"/><nutrient amount="0.934" name="Omega-6"/><nutrient amount="0.049" name="Trans-Fats"/><nutrient amount="63.0" name="Cholesterol"/><nutrient amount="1.346" name="ALA"/><nutrient amount="1.458" name="ARG"/><nutrient amount="1.989" name="ASP"/><nutrient amount="0.256" name="CYS"/><nutrient amount="3.259" name="GLU"/><nutrient amount="1.208" name="GLY"/><nutrient amount="0.994" name="HIS"/><nutrient amount="0.158" name="HYP"/><nutrient amount="1.027" name="ILE"/><nutrient amount="1.823" name="LEU"/><nutrient amount="1.919" name="LYS"/><nutrient amount="0.543" name="MET"/><nutrient amount="0.911" name="PHE"/><nutrient amount="0.984" name="PRO"/><nutrient amount="0.892" name="SER"/><nutrient amount="1.017" name="THR"/><nutrient amount="0.213" name="TRP"/><nutrient amount="0.737" name="TYR"/><nutrient amount="1.153" name="VAL"/></food>