<food uid="10907" fcf="9.0" pcf="4.0" name="Pork, cured, ham and water product, shank, bone-in, unheated, separable lean and fat" ccf="4.0"><measure amount="1.0" name="oz shank" grams="28.35"/><measure amount="1.0" name="lb shank" grams="453.6"/><nutrient amount="243.0" name="Energy"/><nutrient amount="14.28" name="Protein"/><nutrient amount="1.42" name="Carbs"/><nutrient amount="0.0" name="Fiber"/><nutrient amount="0.86" name="Sugars"/><nutrient amount="20.0" name="Fat"/><nutrient amount="0.0" name="Alcohol"/><nutrient amount="0.0" name="Caffeine"/><nutrient amount="61.56" name="Water"/><nutrient amount="2.74" name="Ash"/><nutrient amount="6.0" name="Calcium"/><nutrient amount="0.122" name="Copper"/><nutrient amount="0.82" name="Iron"/><nutrient amount="14.0" name="Magnesium"/><nutrient amount="0.022" name="Manganese"/><nutrient amount="188.0" name="Phosphorus"/><nutrient amount="215.0" name="Potassium"/><nutrient amount="24.1" name="Selenium"/><nutrient amount="936.0" name="Sodium"/><nutrient amount="1.85" name="Zinc"/><nutrient amount="36.0" name="Vitamin A"/><nutrient amount="11.0" name="Retinol"/><nutrient amount="0.0" name="Alpha-carotene"/><nutrient amount="0.0" name="Beta-carotene"/><nutrient amount="0.0" name="Beta-cryptoxanthin"/><nutrient amount="0.0" name="Lycopene"/><nutrient amount="0.0" name="Lutein+Zeaxanthin"/><nutrient amount="1.0" name="Folate"/><nutrient amount="0.546" name="B1 (Thiamine)"/><nutrient amount="0.159" name="B2 (Riboflavin)"/><nutrient amount="3.253" name="B3 (Niacin)"/><nutrient amount="0.539" name="B5 (Pantothenic Acid)"/><nutrient amount="0.241" name="B6 (Pyridoxine)"/><nutrient amount="0.47" name="B12 (Cyanocobalamin)"/><nutrient amount="0.0" name="Vitamin C"/><nutrient amount="0.41" name="Vitamin E"/><nutrient amount="0.0" name="Beta Tocopherol"/><nutrient amount="0.0" name="Delta Tocopherol"/><nutrient amount="0.1" name="Gamma Tocopherol"/><nutrient amount="0.0" name="Vitamin K"/><nutrient amount="67.9" name="Choline"/><nutrient amount="6.583" name="Saturated"/><nutrient amount="8.993" name="Monounsaturated"/><nutrient amount="2.689" name="Polyunsaturated"/><nutrient amount="0.105" name="Omega-3"/><nutrient amount="2.5829999999999997" name="Omega-6"/><nutrient amount="0.161" name="Trans-Fats"/><nutrient amount="55.0" name="Cholesterol"/><nutrient amount="0.848" name="ALA"/><nutrient amount="0.906" name="ARG"/><nutrient amount="1.241" name="ASP"/><nutrient amount="0.161" name="CYS"/><nutrient amount="2.019" name="GLU"/><nutrient amount="0.805" name="GLY"/><nutrient amount="0.622" name="HIS"/><nutrient amount="0.127" name="HYP"/><nutrient amount="0.633" name="ILE"/><nutrient amount="1.124" name="LEU"/><nutrient amount="1.175" name="LYS"/><nutrient amount="0.332" name="MET"/><nutrient amount="0.564" name="PHE"/><nutrient amount="0.628" name="PRO"/><nutrient amount="0.555" name="SER"/><nutrient amount="0.625" name="THR"/><nutrient amount="0.129" name="TRP"/><nutrient amount="0.45" name="TYR"/><nutrient amount="0.715" name="VAL"/></food>