<food uid="10903" fcf="9.0" pcf="4.0" name="Pork, cured, ham with natural juices, shank, bone-in, separable lean and fat, unheated" ccf="4.0"><measure amount="1.0" name="oz shank" grams="28.35"/><measure amount="1.0" name="lb shank" grams="453.6"/><nutrient amount="191.0" name="Energy"/><nutrient amount="22.35" name="Protein"/><nutrient amount="0.29" name="Carbs"/><nutrient amount="0.0" name="Fiber"/><nutrient amount="0.32" name="Sugars"/><nutrient amount="11.11" name="Fat"/><nutrient amount="0.0" name="Alcohol"/><nutrient amount="0.0" name="Caffeine"/><nutrient amount="65.04" name="Water"/><nutrient amount="2.53" name="Ash"/><nutrient amount="6.0" name="Calcium"/><nutrient amount="0.114" name="Copper"/><nutrient amount="1.01" name="Iron"/><nutrient amount="19.0" name="Magnesium"/><nutrient amount="0.022" name="Manganese"/><nutrient amount="233.0" name="Phosphorus"/><nutrient amount="279.0" name="Potassium"/><nutrient amount="46.6" name="Selenium"/><nutrient amount="779.0" name="Sodium"/><nutrient amount="2.53" name="Zinc"/><nutrient amount="35.0" name="Vitamin A"/><nutrient amount="10.0" name="Retinol"/><nutrient amount="0.0" name="Alpha-carotene"/><nutrient amount="0.0" name="Beta-carotene"/><nutrient amount="0.0" name="Beta-cryptoxanthin"/><nutrient amount="0.0" name="Lycopene"/><nutrient amount="0.0" name="Lutein+Zeaxanthin"/><nutrient amount="3.0" name="Folate"/><nutrient amount="0.235" name="B1 (Thiamine)"/><nutrient amount="0.211" name="B2 (Riboflavin)"/><nutrient amount="4.856" name="B3 (Niacin)"/><nutrient amount="0.489" name="B5 (Pantothenic Acid)"/><nutrient amount="0.361" name="B6 (Pyridoxine)"/><nutrient amount="0.36" name="B12 (Cyanocobalamin)"/><nutrient amount="0.0" name="Vitamin C"/><nutrient amount="0.34" name="Vitamin E"/><nutrient amount="0.0" name="Beta Tocopherol"/><nutrient amount="0.0" name="Delta Tocopherol"/><nutrient amount="0.06" name="Gamma Tocopherol"/><nutrient amount="0.0" name="Vitamin K"/><nutrient amount="86.9" name="Choline"/><nutrient amount="3.614" name="Saturated"/><nutrient amount="5.088" name="Monounsaturated"/><nutrient amount="1.419" name="Polyunsaturated"/><nutrient amount="0.054" name="Omega-3"/><nutrient amount="1.365" name="Omega-6"/><nutrient amount="0.085" name="Trans-Fats"/><nutrient amount="62.0" name="Cholesterol"/><nutrient amount="1.32" name="ALA"/><nutrient amount="1.426" name="ARG"/><nutrient amount="1.947" name="ASP"/><nutrient amount="0.251" name="CYS"/><nutrient amount="3.187" name="GLU"/><nutrient amount="1.196" name="GLY"/><nutrient amount="0.974" name="HIS"/><nutrient amount="0.162" name="HYP"/><nutrient amount="1.003" name="ILE"/><nutrient amount="1.781" name="LEU"/><nutrient amount="1.873" name="LYS"/><nutrient amount="0.53" name="MET"/><nutrient amount="0.89" name="PHE"/><nutrient amount="0.967" name="PRO"/><nutrient amount="0.873" name="SER"/><nutrient amount="0.993" name="THR"/><nutrient amount="0.207" name="TRP"/><nutrient amount="0.719" name="TYR"/><nutrient amount="1.127" name="VAL"/></food>