<food uid="10904" fcf="9.0" pcf="4.0" name="Pork, cured, ham with natural juices, rump, bone-in, separable lean and fat, unheated" ccf="4.0"><measure amount="1.0" name="oz rump" grams="28.35"/><measure amount="1.0" name="lb rump" grams="453.6"/><nutrient amount="200.0" name="Energy"/><nutrient amount="19.7" name="Protein"/><nutrient amount="0.42" name="Carbs"/><nutrient amount="0.0" name="Fiber"/><nutrient amount="0.43" name="Sugars"/><nutrient amount="13.26" name="Fat"/><nutrient amount="0.0" name="Alcohol"/><nutrient amount="0.0" name="Caffeine"/><nutrient amount="63.86" name="Water"/><nutrient amount="2.76" name="Ash"/><nutrient amount="8.0" name="Calcium"/><nutrient amount="0.107" name="Copper"/><nutrient amount="0.94" name="Iron"/><nutrient amount="19.0" name="Magnesium"/><nutrient amount="0.022" name="Manganese"/><nutrient amount="231.0" name="Phosphorus"/><nutrient amount="278.0" name="Potassium"/><nutrient amount="36.0" name="Selenium"/><nutrient amount="838.0" name="Sodium"/><nutrient amount="2.15" name="Zinc"/><nutrient amount="36.0" name="Vitamin A"/><nutrient amount="11.0" name="Retinol"/><nutrient amount="0.0" name="Alpha-carotene"/><nutrient amount="0.0" name="Beta-carotene"/><nutrient amount="0.0" name="Beta-cryptoxanthin"/><nutrient amount="0.0" name="Lycopene"/><nutrient amount="0.0" name="Lutein+Zeaxanthin"/><nutrient amount="1.0" name="Folate"/><nutrient amount="0.259" name="B1 (Thiamine)"/><nutrient amount="0.185" name="B2 (Riboflavin)"/><nutrient amount="6.31" name="B3 (Niacin)"/><nutrient amount="0.371" name="B5 (Pantothenic Acid)"/><nutrient amount="0.306" name="B6 (Pyridoxine)"/><nutrient amount="0.47" name="B12 (Cyanocobalamin)"/><nutrient amount="0.0" name="Vitamin C"/><nutrient amount="0.34" name="Vitamin E"/><nutrient amount="0.0" name="Beta Tocopherol"/><nutrient amount="0.0" name="Delta Tocopherol"/><nutrient amount="0.07" name="Gamma Tocopherol"/><nutrient amount="0.0" name="Vitamin K"/><nutrient amount="88.1" name="Choline"/><nutrient amount="4.373" name="Saturated"/><nutrient amount="6.03" name="Monounsaturated"/><nutrient amount="1.83" name="Polyunsaturated"/><nutrient amount="0.071" name="Omega-3"/><nutrient amount="1.7590000000000001" name="Omega-6"/><nutrient amount="0.105" name="Trans-Fats"/><nutrient amount="67.0" name="Cholesterol"/><nutrient amount="1.165" name="ALA"/><nutrient amount="1.256" name="ARG"/><nutrient amount="1.715" name="ASP"/><nutrient amount="0.222" name="CYS"/><nutrient amount="2.805" name="GLU"/><nutrient amount="1.065" name="GLY"/><nutrient amount="0.858" name="HIS"/><nutrient amount="0.149" name="HYP"/><nutrient amount="0.882" name="ILE"/><nutrient amount="1.566" name="LEU"/><nutrient amount="1.645" name="LYS"/><nutrient amount="0.466" name="MET"/><nutrient amount="0.784" name="PHE"/><nutrient amount="0.855" name="PRO"/><nutrient amount="0.769" name="SER"/><nutrient amount="0.873" name="THR"/><nutrient amount="0.182" name="TRP"/><nutrient amount="0.631" name="TYR"/><nutrient amount="0.992" name="VAL"/></food>