<food uid="10908" fcf="9.0" pcf="4.0" name="Pork, cured, ham and water product, rump, bone-in, separable lean and fat, unheated" ccf="4.0"><measure amount="1.0" name="oz rump" grams="28.35"/><measure amount="1.0" name="lb rump" grams="453.6"/><nutrient amount="179.0" name="Energy"/><nutrient amount="16.09" name="Protein"/><nutrient amount="1.35" name="Carbs"/><nutrient amount="0.0" name="Fiber"/><nutrient amount="0.88" name="Sugars"/><nutrient amount="12.13" name="Fat"/><nutrient amount="0.0" name="Alcohol"/><nutrient amount="0.0" name="Caffeine"/><nutrient amount="67.5" name="Water"/><nutrient amount="2.93" name="Ash"/><nutrient amount="9.0" name="Calcium"/><nutrient amount="0.113" name="Copper"/><nutrient amount="0.64" name="Iron"/><nutrient amount="17.0" name="Magnesium"/><nutrient amount="0.022" name="Manganese"/><nutrient amount="205.0" name="Phosphorus"/><nutrient amount="213.0" name="Potassium"/><nutrient amount="36.0" name="Selenium"/><nutrient amount="990.0" name="Sodium"/><nutrient amount="1.56" name="Zinc"/><nutrient amount="34.0" name="Vitamin A"/><nutrient amount="10.0" name="Retinol"/><nutrient amount="0.0" name="Alpha-carotene"/><nutrient amount="0.0" name="Beta-carotene"/><nutrient amount="0.0" name="Beta-cryptoxanthin"/><nutrient amount="0.0" name="Lycopene"/><nutrient amount="0.0" name="Lutein+Zeaxanthin"/><nutrient amount="1.0" name="Folate"/><nutrient amount="0.273" name="B1 (Thiamine)"/><nutrient amount="0.186" name="B2 (Riboflavin)"/><nutrient amount="3.822" name="B3 (Niacin)"/><nutrient amount="0.441" name="B5 (Pantothenic Acid)"/><nutrient amount="0.236" name="B6 (Pyridoxine)"/><nutrient amount="0.53" name="B12 (Cyanocobalamin)"/><nutrient amount="0.0" name="Vitamin C"/><nutrient amount="0.28" name="Vitamin E"/><nutrient amount="0.02" name="Beta Tocopherol"/><nutrient amount="0.01" name="Delta Tocopherol"/><nutrient amount="0.07" name="Gamma Tocopherol"/><nutrient amount="0.0" name="Vitamin K"/><nutrient amount="72.4" name="Choline"/><nutrient amount="3.984" name="Saturated"/><nutrient amount="5.475" name="Monounsaturated"/><nutrient amount="1.592" name="Polyunsaturated"/><nutrient amount="0.064" name="Omega-3"/><nutrient amount="1.528" name="Omega-6"/><nutrient amount="0.096" name="Trans-Fats"/><nutrient amount="58.0" name="Cholesterol"/><nutrient amount="0.951" name="ALA"/><nutrient amount="1.025" name="ARG"/><nutrient amount="1.4" name="ASP"/><nutrient amount="0.181" name="CYS"/><nutrient amount="2.289" name="GLU"/><nutrient amount="0.872" name="GLY"/><nutrient amount="0.701" name="HIS"/><nutrient amount="0.123" name="HYP"/><nutrient amount="0.72" name="ILE"/><nutrient amount="1.278" name="LEU"/><nutrient amount="1.342" name="LYS"/><nutrient amount="0.38" name="MET"/><nutrient amount="0.639" name="PHE"/><nutrient amount="0.699" name="PRO"/><nutrient amount="0.627" name="SER"/><nutrient amount="0.712" name="THR"/><nutrient amount="0.148" name="TRP"/><nutrient amount="0.515" name="TYR"/><nutrient amount="0.81" name="VAL"/></food>