<food uid="10900" fcf="9.0" pcf="4.0" name="Pork, cured, ham with natural juices, whole, boneless, separable lean and fat, unheated" ccf="4.0"><measure amount="1.0" name="oz whole" grams="28.35"/><measure amount="1.0" name="lb whole" grams="453.6"/><nutrient amount="112.0" name="Energy"/><nutrient amount="19.38" name="Protein"/><nutrient amount="0.95" name="Carbs"/><nutrient amount="0.0" name="Fiber"/><nutrient amount="1.02" name="Sugars"/><nutrient amount="3.43" name="Fat"/><nutrient amount="0.0" name="Alcohol"/><nutrient amount="0.0" name="Caffeine"/><nutrient amount="72.68" name="Water"/><nutrient amount="3.56" name="Ash"/><nutrient amount="6.0" name="Calcium"/><nutrient amount="0.142" name="Copper"/><nutrient amount="0.87" name="Iron"/><nutrient amount="21.0" name="Magnesium"/><nutrient amount="0.025" name="Manganese"/><nutrient amount="302.0" name="Phosphorus"/><nutrient amount="346.0" name="Potassium"/><nutrient amount="34.4" name="Selenium"/><nutrient amount="1096.0" name="Sodium"/><nutrient amount="1.97" name="Zinc"/><nutrient amount="44.0" name="Vitamin A"/><nutrient amount="13.0" name="Retinol"/><nutrient amount="0.0" name="Alpha-carotene"/><nutrient amount="0.0" name="Beta-carotene"/><nutrient amount="0.0" name="Beta-cryptoxanthin"/><nutrient amount="0.0" name="Lycopene"/><nutrient amount="0.0" name="Lutein+Zeaxanthin"/><nutrient amount="1.0" name="Folate"/><nutrient amount="0.53" name="B1 (Thiamine)"/><nutrient amount="0.209" name="B2 (Riboflavin)"/><nutrient amount="6.859" name="B3 (Niacin)"/><nutrient amount="0.786" name="B5 (Pantothenic Acid)"/><nutrient amount="0.473" name="B6 (Pyridoxine)"/><nutrient amount="0.41" name="B12 (Cyanocobalamin)"/><nutrient amount="0.0" name="Vitamin C"/><nutrient amount="0.26" name="Vitamin E"/><nutrient amount="0.01" name="Beta Tocopherol"/><nutrient amount="0.0" name="Delta Tocopherol"/><nutrient amount="0.03" name="Gamma Tocopherol"/><nutrient amount="0.0" name="Vitamin K"/><nutrient amount="75.0" name="Choline"/><nutrient amount="1.005" name="Saturated"/><nutrient amount="1.372" name="Monounsaturated"/><nutrient amount="0.428" name="Polyunsaturated"/><nutrient amount="0.014" name="Omega-3"/><nutrient amount="0.414" name="Omega-6"/><nutrient amount="0.022" name="Trans-Fats"/><nutrient amount="53.0" name="Cholesterol"/><nutrient amount="1.142" name="ALA"/><nutrient amount="1.24" name="ARG"/><nutrient amount="1.691" name="ASP"/><nutrient amount="0.218" name="CYS"/><nutrient amount="2.774" name="GLU"/><nutrient amount="1.013" name="GLY"/><nutrient amount="0.844" name="HIS"/><nutrient amount="0.099" name="HYP"/><nutrient amount="0.875" name="ILE"/><nutrient amount="1.553" name="LEU"/><nutrient amount="1.637" name="LYS"/><nutrient amount="0.464" name="MET"/><nutrient amount="0.775" name="PHE"/><nutrient amount="0.832" name="PRO"/><nutrient amount="0.759" name="SER"/><nutrient amount="0.867" name="THR"/><nutrient amount="0.182" name="TRP"/><nutrient amount="0.629" name="TYR"/><nutrient amount="0.981" name="VAL"/></food>