<food uid="10901" fcf="9.0" pcf="4.0" name="Pork, cured, ham with natural juices, spiral slice, boneless, separable lean and fat, unheated" ccf="4.0"><measure amount="1.0" name="oz spiral slice" grams="28.35"/><measure amount="1.0" name="lb spiral slice" grams="453.6"/><nutrient amount="129.0" name="Energy"/><nutrient amount="18.66" name="Protein"/><nutrient amount="0.69" name="Carbs"/><nutrient amount="0.0" name="Fiber"/><nutrient amount="1.18" name="Sugars"/><nutrient amount="5.75" name="Fat"/><nutrient amount="0.0" name="Alcohol"/><nutrient amount="0.0" name="Caffeine"/><nutrient amount="70.62" name="Water"/><nutrient amount="4.27" name="Ash"/><nutrient amount="4.0" name="Calcium"/><nutrient amount="0.168" name="Copper"/><nutrient amount="0.75" name="Iron"/><nutrient amount="19.0" name="Magnesium"/><nutrient amount="0.0010" name="Manganese"/><nutrient amount="276.0" name="Phosphorus"/><nutrient amount="310.0" name="Potassium"/><nutrient amount="36.8" name="Selenium"/><nutrient amount="881.0" name="Sodium"/><nutrient amount="1.63" name="Zinc"/><nutrient amount="39.0" name="Vitamin A"/><nutrient amount="12.0" name="Retinol"/><nutrient amount="0.0" name="Alpha-carotene"/><nutrient amount="0.0" name="Beta-carotene"/><nutrient amount="0.0" name="Beta-cryptoxanthin"/><nutrient amount="0.0" name="Lycopene"/><nutrient amount="0.0" name="Lutein+Zeaxanthin"/><nutrient amount="1.0" name="Folate"/><nutrient amount="0.391" name="B1 (Thiamine)"/><nutrient amount="0.187" name="B2 (Riboflavin)"/><nutrient amount="5.575" name="B3 (Niacin)"/><nutrient amount="0.017" name="B5 (Pantothenic Acid)"/><nutrient amount="0.356" name="B6 (Pyridoxine)"/><nutrient amount="0.43" name="B12 (Cyanocobalamin)"/><nutrient amount="0.0" name="Vitamin C"/><nutrient amount="0.2" name="Vitamin E"/><nutrient amount="0.0" name="Beta Tocopherol"/><nutrient amount="0.0" name="Delta Tocopherol"/><nutrient amount="0.03" name="Gamma Tocopherol"/><nutrient amount="0.0" name="Vitamin K"/><nutrient amount="75.8" name="Choline"/><nutrient amount="1.833" name="Saturated"/><nutrient amount="2.513" name="Monounsaturated"/><nutrient amount="0.902" name="Polyunsaturated"/><nutrient amount="0.026" name="Omega-3"/><nutrient amount="0.875" name="Omega-6"/><nutrient amount="0.042" name="Trans-Fats"/><nutrient amount="57.0" name="Cholesterol"/><nutrient amount="1.1" name="ALA"/><nutrient amount="1.193" name="ARG"/><nutrient amount="1.627" name="ASP"/><nutrient amount="0.21" name="CYS"/><nutrient amount="2.667" name="GLU"/><nutrient amount="0.984" name="GLY"/><nutrient amount="0.813" name="HIS"/><nutrient amount="0.126" name="HYP"/><nutrient amount="0.841" name="ILE"/><nutrient amount="1.492" name="LEU"/><nutrient amount="1.572" name="LYS"/><nutrient amount="0.445" name="MET"/><nutrient amount="0.745" name="PHE"/><nutrient amount="0.803" name="PRO"/><nutrient amount="0.73" name="SER"/><nutrient amount="0.833" name="THR"/><nutrient amount="0.174" name="TRP"/><nutrient amount="0.603" name="TYR"/><nutrient amount="0.943" name="VAL"/></food>