<food uid="10917" fcf="9.0" pcf="4.0" name="Pork, cured, ham -- water added, whole, boneless, separable lean and fat, heated, roasted" ccf="4.0"><measure amount="1.0" name="roast" grams="1867.0"/><nutrient amount="126.0" name="Energy"/><nutrient amount="17.77" name="Protein"/><nutrient amount="1.39" name="Carbs"/><nutrient amount="0.0" name="Fiber"/><nutrient amount="1.54" name="Sugars"/><nutrient amount="5.48" name="Fat"/><nutrient amount="0.0" name="Alcohol"/><nutrient amount="0.0" name="Caffeine"/><nutrient amount="71.72" name="Water"/><nutrient amount="3.63" name="Ash"/><nutrient amount="9.0" name="Calcium"/><nutrient amount="0.097" name="Copper"/><nutrient amount="0.82" name="Iron"/><nutrient amount="19.0" name="Magnesium"/><nutrient amount="0.022" name="Manganese"/><nutrient amount="268.0" name="Phosphorus"/><nutrient amount="313.0" name="Potassium"/><nutrient amount="33.8" name="Selenium"/><nutrient amount="1181.0" name="Sodium"/><nutrient amount="1.8" name="Zinc"/><nutrient amount="44.0" name="Vitamin A"/><nutrient amount="13.0" name="Retinol"/><nutrient amount="0.0" name="Alpha-carotene"/><nutrient amount="0.0" name="Beta-carotene"/><nutrient amount="0.0" name="Beta-cryptoxanthin"/><nutrient amount="0.0" name="Lycopene"/><nutrient amount="0.0" name="Lutein+Zeaxanthin"/><nutrient amount="1.0" name="Folate"/><nutrient amount="0.36" name="B1 (Thiamine)"/><nutrient amount="0.181" name="B2 (Riboflavin)"/><nutrient amount="5.734" name="B3 (Niacin)"/><nutrient amount="0.714" name="B5 (Pantothenic Acid)"/><nutrient amount="0.39" name="B6 (Pyridoxine)"/><nutrient amount="0.4" name="B12 (Cyanocobalamin)"/><nutrient amount="0.0" name="Vitamin C"/><nutrient amount="0.21" name="Vitamin E"/><nutrient amount="0.01" name="Beta Tocopherol"/><nutrient amount="0.0" name="Delta Tocopherol"/><nutrient amount="0.03" name="Gamma Tocopherol"/><nutrient amount="0.0" name="Vitamin K"/><nutrient amount="72.5" name="Choline"/><nutrient amount="1.787" name="Saturated"/><nutrient amount="2.49" name="Monounsaturated"/><nutrient amount="0.679" name="Polyunsaturated"/><nutrient amount="0.025" name="Omega-3"/><nutrient amount="0.655" name="Omega-6"/><nutrient amount="0.035" name="Trans-Fats"/><nutrient amount="54.0" name="Cholesterol"/><nutrient amount="1.047" name="ALA"/><nutrient amount="1.136" name="ARG"/><nutrient amount="1.55" name="ASP"/><nutrient amount="0.2" name="CYS"/><nutrient amount="2.541" name="GLU"/><nutrient amount="0.933" name="GLY"/><nutrient amount="0.774" name="HIS"/><nutrient amount="0.115" name="HYP"/><nutrient amount="0.801" name="ILE"/><nutrient amount="1.422" name="LEU"/><nutrient amount="1.499" name="LYS"/><nutrient amount="0.424" name="MET"/><nutrient amount="0.71" name="PHE"/><nutrient amount="0.764" name="PRO"/><nutrient amount="0.695" name="SER"/><nutrient amount="0.794" name="THR"/><nutrient amount="0.166" name="TRP"/><nutrient amount="0.576" name="TYR"/><nutrient amount="0.899" name="VAL"/></food>