<food uid="10919" fcf="9.0" pcf="4.0" name="Pork, cured, ham and water product, shank, bone-in, separable lean and fat, heated, roasted" ccf="4.0"><measure amount="1.0" name="roast shank" grams="3204.0"/><nutrient amount="234.0" name="Energy"/><nutrient amount="18.17" name="Protein"/><nutrient amount="1.42" name="Carbs"/><nutrient amount="0.0" name="Fiber"/><nutrient amount="0.99" name="Sugars"/><nutrient amount="17.29" name="Fat"/><nutrient amount="0.0" name="Alcohol"/><nutrient amount="0.0" name="Caffeine"/><nutrient amount="60.03" name="Water"/><nutrient amount="3.1" name="Ash"/><nutrient amount="8.0" name="Calcium"/><nutrient amount="0.162" name="Copper"/><nutrient amount="1.0" name="Iron"/><nutrient amount="15.0" name="Magnesium"/><nutrient amount="0.022" name="Manganese"/><nutrient amount="193.0" name="Phosphorus"/><nutrient amount="216.0" name="Potassium"/><nutrient amount="37.3" name="Selenium"/><nutrient amount="945.0" name="Sodium"/><nutrient amount="2.36" name="Zinc"/><nutrient amount="38.0" name="Vitamin A"/><nutrient amount="12.0" name="Retinol"/><nutrient amount="0.0" name="Alpha-carotene"/><nutrient amount="0.0" name="Beta-carotene"/><nutrient amount="0.0" name="Beta-cryptoxanthin"/><nutrient amount="0.0" name="Lycopene"/><nutrient amount="0.0" name="Lutein+Zeaxanthin"/><nutrient amount="1.0" name="Folate"/><nutrient amount="0.362" name="B1 (Thiamine)"/><nutrient amount="0.171" name="B2 (Riboflavin)"/><nutrient amount="4.159" name="B3 (Niacin)"/><nutrient amount="0.534" name="B5 (Pantothenic Acid)"/><nutrient amount="0.346" name="B6 (Pyridoxine)"/><nutrient amount="0.42" name="B12 (Cyanocobalamin)"/><nutrient amount="0.0" name="Vitamin C"/><nutrient amount="0.31" name="Vitamin E"/><nutrient amount="0.0" name="Beta Tocopherol"/><nutrient amount="0.01" name="Delta Tocopherol"/><nutrient amount="0.08" name="Gamma Tocopherol"/><nutrient amount="0.0" name="Vitamin K"/><nutrient amount="75.2" name="Choline"/><nutrient amount="5.715" name="Saturated"/><nutrient amount="7.914" name="Monounsaturated"/><nutrient amount="2.281" name="Polyunsaturated"/><nutrient amount="0.086" name="Omega-3"/><nutrient amount="2.195" name="Omega-6"/><nutrient amount="0.133" name="Trans-Fats"/><nutrient amount="72.0" name="Cholesterol"/><nutrient amount="1.077" name="ALA"/><nutrient amount="1.155" name="ARG"/><nutrient amount="1.58" name="ASP"/><nutrient amount="0.205" name="CYS"/><nutrient amount="2.576" name="GLU"/><nutrient amount="1.007" name="GLY"/><nutrient amount="0.792" name="HIS"/><nutrient amount="0.118" name="HYP"/><nutrient amount="0.809" name="ILE"/><nutrient amount="1.436" name="LEU"/><nutrient amount="1.503" name="LYS"/><nutrient amount="0.425" name="MET"/><nutrient amount="0.719" name="PHE"/><nutrient amount="0.795" name="PRO"/><nutrient amount="0.707" name="SER"/><nutrient amount="0.799" name="THR"/><nutrient amount="0.165" name="TRP"/><nutrient amount="0.577" name="TYR"/><nutrient amount="0.912" name="VAL"/></food>