<food uid="10918" fcf="9.0" pcf="4.0" name="Pork, cured, ham and water product, rump, bone-in, separable lean and fat, heated, roasted" ccf="4.0"><measure amount="1.0" name="roast rump" grams="2533.0"/><nutrient amount="186.0" name="Energy"/><nutrient amount="19.46" name="Protein"/><nutrient amount="1.15" name="Carbs"/><nutrient amount="0.0" name="Fiber"/><nutrient amount="1.03" name="Sugars"/><nutrient amount="11.48" name="Fat"/><nutrient amount="0.0" name="Alcohol"/><nutrient amount="0.0" name="Caffeine"/><nutrient amount="64.6" name="Water"/><nutrient amount="3.3" name="Ash"/><nutrient amount="10.0" name="Calcium"/><nutrient amount="0.124" name="Copper"/><nutrient amount="0.82" name="Iron"/><nutrient amount="18.0" name="Magnesium"/><nutrient amount="0.022" name="Manganese"/><nutrient amount="213.0" name="Phosphorus"/><nutrient amount="254.0" name="Potassium"/><nutrient amount="39.4" name="Selenium"/><nutrient amount="1181.0" name="Sodium"/><nutrient amount="1.95" name="Zinc"/><nutrient amount="38.0" name="Vitamin A"/><nutrient amount="12.0" name="Retinol"/><nutrient amount="0.0" name="Alpha-carotene"/><nutrient amount="0.0" name="Beta-carotene"/><nutrient amount="0.0" name="Beta-cryptoxanthin"/><nutrient amount="0.0" name="Lycopene"/><nutrient amount="0.0" name="Lutein+Zeaxanthin"/><nutrient amount="2.0" name="Folate"/><nutrient amount="0.322" name="B1 (Thiamine)"/><nutrient amount="0.175" name="B2 (Riboflavin)"/><nutrient amount="3.901" name="B3 (Niacin)"/><nutrient amount="0.588" name="B5 (Pantothenic Acid)"/><nutrient amount="0.316" name="B6 (Pyridoxine)"/><nutrient amount="0.47" name="B12 (Cyanocobalamin)"/><nutrient amount="0.0" name="Vitamin C"/><nutrient amount="0.23" name="Vitamin E"/><nutrient amount="0.02" name="Beta Tocopherol"/><nutrient amount="0.02" name="Delta Tocopherol"/><nutrient amount="0.06" name="Gamma Tocopherol"/><nutrient amount="0.0" name="Vitamin K"/><nutrient amount="80.4" name="Choline"/><nutrient amount="3.783" name="Saturated"/><nutrient amount="5.265" name="Monounsaturated"/><nutrient amount="1.479" name="Polyunsaturated"/><nutrient amount="0.058" name="Omega-3"/><nutrient amount="1.422" name="Omega-6"/><nutrient amount="0.087" name="Trans-Fats"/><nutrient amount="67.0" name="Cholesterol"/><nutrient amount="1.15" name="ALA"/><nutrient amount="1.241" name="ARG"/><nutrient amount="1.695" name="ASP"/><nutrient amount="0.219" name="CYS"/><nutrient amount="2.773" name="GLU"/><nutrient amount="1.048" name="GLY"/><nutrient amount="0.848" name="HIS"/><nutrient amount="0.126" name="HYP"/><nutrient amount="0.873" name="ILE"/><nutrient amount="1.549" name="LEU"/><nutrient amount="1.628" name="LYS"/><nutrient amount="0.461" name="MET"/><nutrient amount="0.775" name="PHE"/><nutrient amount="0.843" name="PRO"/><nutrient amount="0.76" name="SER"/><nutrient amount="0.863" name="THR"/><nutrient amount="0.18" name="TRP"/><nutrient amount="0.625" name="TYR"/><nutrient amount="0.981" name="VAL"/></food>