<food uid="10916" fcf="9.0" pcf="4.0" name="Pork, cured, ham -- water added, slice, boneless, separable lean and fat, heated, pan-broil" ccf="4.0"><measure amount="1.0" name="slice" grams="189.0"/><nutrient amount="125.0" name="Energy"/><nutrient amount="18.62" name="Protein"/><nutrient amount="1.26" name="Carbs"/><nutrient amount="0.0" name="Fiber"/><nutrient amount="1.72" name="Sugars"/><nutrient amount="5.05" name="Fat"/><nutrient amount="0.0" name="Alcohol"/><nutrient amount="0.0" name="Caffeine"/><nutrient amount="71.32" name="Water"/><nutrient amount="3.76" name="Ash"/><nutrient amount="9.0" name="Calcium"/><nutrient amount="0.117" name="Copper"/><nutrient amount="0.85" name="Iron"/><nutrient amount="21.0" name="Magnesium"/><nutrient amount="0.022" name="Manganese"/><nutrient amount="281.0" name="Phosphorus"/><nutrient amount="334.0" name="Potassium"/><nutrient amount="38.8" name="Selenium"/><nutrient amount="1212.0" name="Sodium"/><nutrient amount="1.93" name="Zinc"/><nutrient amount="43.0" name="Vitamin A"/><nutrient amount="13.0" name="Retinol"/><nutrient amount="0.0" name="Alpha-carotene"/><nutrient amount="0.0" name="Beta-carotene"/><nutrient amount="0.0" name="Beta-cryptoxanthin"/><nutrient amount="0.0" name="Lycopene"/><nutrient amount="0.0" name="Lutein+Zeaxanthin"/><nutrient amount="1.0" name="Folate"/><nutrient amount="0.406" name="B1 (Thiamine)"/><nutrient amount="0.188" name="B2 (Riboflavin)"/><nutrient amount="5.838" name="B3 (Niacin)"/><nutrient amount="0.755" name="B5 (Pantothenic Acid)"/><nutrient amount="0.43" name="B6 (Pyridoxine)"/><nutrient amount="0.47" name="B12 (Cyanocobalamin)"/><nutrient amount="0.0" name="Vitamin C"/><nutrient amount="0.24" name="Vitamin E"/><nutrient amount="0.01" name="Beta Tocopherol"/><nutrient amount="0.01" name="Delta Tocopherol"/><nutrient amount="0.04" name="Gamma Tocopherol"/><nutrient amount="0.0" name="Vitamin K"/><nutrient amount="77.8" name="Choline"/><nutrient amount="1.717" name="Saturated"/><nutrient amount="2.321" name="Monounsaturated"/><nutrient amount="0.659" name="Polyunsaturated"/><nutrient amount="0.022" name="Omega-3"/><nutrient amount="0.6370000000000001" name="Omega-6"/><nutrient amount="0.039" name="Trans-Fats"/><nutrient amount="54.0" name="Cholesterol"/><nutrient amount="1.097" name="ALA"/><nutrient amount="1.191" name="ARG"/><nutrient amount="1.624" name="ASP"/><nutrient amount="0.209" name="CYS"/><nutrient amount="2.663" name="GLU"/><nutrient amount="0.977" name="GLY"/><nutrient amount="0.811" name="HIS"/><nutrient amount="0.121" name="HYP"/><nutrient amount="0.84" name="ILE"/><nutrient amount="1.49" name="LEU"/><nutrient amount="1.571" name="LYS"/><nutrient amount="0.445" name="MET"/><nutrient amount="0.744" name="PHE"/><nutrient amount="0.8" name="PRO"/><nutrient amount="0.728" name="SER"/><nutrient amount="0.832" name="THR"/><nutrient amount="0.174" name="TRP"/><nutrient amount="0.603" name="TYR"/><nutrient amount="0.941" name="VAL"/></food>