<food uid="10910" fcf="9.0" pcf="4.0" name="Pork, cured, ham -- water added, slice, bone-in, separable lean and fat, unheated" ccf="4.0"><measure amount="1.0" name="oz" grams="28.35"/><measure amount="1.0" name="lb" grams="453.6"/><nutrient amount="162.0" name="Energy"/><nutrient amount="15.73" name="Protein"/><nutrient amount="0.58" name="Carbs"/><nutrient amount="0.0" name="Fiber"/><nutrient amount="1.1" name="Sugars"/><nutrient amount="10.77" name="Fat"/><nutrient amount="0.0" name="Alcohol"/><nutrient amount="0.0" name="Caffeine"/><nutrient amount="69.88" name="Water"/><nutrient amount="3.04" name="Ash"/><nutrient amount="8.0" name="Calcium"/><nutrient amount="0.181" name="Copper"/><nutrient amount="0.98" name="Iron"/><nutrient amount="16.0" name="Magnesium"/><nutrient amount="0.022" name="Manganese"/><nutrient amount="220.0" name="Phosphorus"/><nutrient amount="213.0" name="Potassium"/><nutrient amount="32.0" name="Selenium"/><nutrient amount="1011.0" name="Sodium"/><nutrient amount="1.74" name="Zinc"/><nutrient amount="31.0" name="Vitamin A"/><nutrient amount="9.0" name="Retinol"/><nutrient amount="0.0" name="Alpha-carotene"/><nutrient amount="0.0" name="Beta-carotene"/><nutrient amount="0.0" name="Beta-cryptoxanthin"/><nutrient amount="0.0" name="Lycopene"/><nutrient amount="0.0" name="Lutein+Zeaxanthin"/><nutrient amount="1.0" name="Folate"/><nutrient amount="0.35" name="B1 (Thiamine)"/><nutrient amount="0.182" name="B2 (Riboflavin)"/><nutrient amount="4.352" name="B3 (Niacin)"/><nutrient amount="0.412" name="B5 (Pantothenic Acid)"/><nutrient amount="0.277" name="B6 (Pyridoxine)"/><nutrient amount="0.38" name="B12 (Cyanocobalamin)"/><nutrient amount="0.0" name="Vitamin C"/><nutrient amount="0.29" name="Vitamin E"/><nutrient amount="0.01" name="Beta Tocopherol"/><nutrient amount="0.0" name="Delta Tocopherol"/><nutrient amount="0.06" name="Gamma Tocopherol"/><nutrient amount="0.0" name="Vitamin K"/><nutrient amount="63.2" name="Choline"/><nutrient amount="3.554" name="Saturated"/><nutrient amount="4.88" name="Monounsaturated"/><nutrient amount="1.459" name="Polyunsaturated"/><nutrient amount="0.058" name="Omega-3"/><nutrient amount="1.401" name="Omega-6"/><nutrient amount="0.084" name="Trans-Fats"/><nutrient amount="55.0" name="Cholesterol"/><nutrient amount="0.93" name="ALA"/><nutrient amount="1.002" name="ARG"/><nutrient amount="1.369" name="ASP"/><nutrient amount="0.177" name="CYS"/><nutrient amount="2.238" name="GLU"/><nutrient amount="0.852" name="GLY"/><nutrient amount="0.685" name="HIS"/><nutrient amount="0.12" name="HYP"/><nutrient amount="0.704" name="ILE"/><nutrient amount="1.25" name="LEU"/><nutrient amount="1.312" name="LYS"/><nutrient amount="0.371" name="MET"/><nutrient amount="0.625" name="PHE"/><nutrient amount="0.683" name="PRO"/><nutrient amount="0.613" name="SER"/><nutrient amount="0.696" name="THR"/><nutrient amount="0.145" name="TRP"/><nutrient amount="0.504" name="TYR"/><nutrient amount="0.792" name="VAL"/></food>