<food uid="10912" fcf="9.0" pcf="4.0" name="Pork, cured, ham -- water added, rump, bone-in, separable lean and fat, unheated" ccf="4.0"><measure amount="1.0" name="oz" grams="28.35"/><measure amount="1.0" name="lb" grams="453.6"/><nutrient amount="172.0" name="Energy"/><nutrient amount="13.99" name="Protein"/><nutrient amount="0.8" name="Carbs"/><nutrient amount="0.0" name="Fiber"/><nutrient amount="0.62" name="Sugars"/><nutrient amount="12.5" name="Fat"/><nutrient amount="0.0" name="Alcohol"/><nutrient amount="0.0" name="Caffeine"/><nutrient amount="69.49" name="Water"/><nutrient amount="3.22" name="Ash"/><nutrient amount="6.0" name="Calcium"/><nutrient amount="0.092" name="Copper"/><nutrient amount="1.02" name="Iron"/><nutrient amount="15.0" name="Magnesium"/><nutrient amount="0.022" name="Manganese"/><nutrient amount="218.0" name="Phosphorus"/><nutrient amount="199.0" name="Potassium"/><nutrient amount="26.4" name="Selenium"/><nutrient amount="1069.0" name="Sodium"/><nutrient amount="1.33" name="Zinc"/><nutrient amount="32.0" name="Vitamin A"/><nutrient amount="10.0" name="Retinol"/><nutrient amount="0.0" name="Alpha-carotene"/><nutrient amount="0.0" name="Beta-carotene"/><nutrient amount="0.0" name="Beta-cryptoxanthin"/><nutrient amount="0.0" name="Lycopene"/><nutrient amount="0.0" name="Lutein+Zeaxanthin"/><nutrient amount="2.0" name="Folate"/><nutrient amount="0.235" name="B1 (Thiamine)"/><nutrient amount="0.178" name="B2 (Riboflavin)"/><nutrient amount="4.819" name="B3 (Niacin)"/><nutrient amount="0.371" name="B5 (Pantothenic Acid)"/><nutrient amount="0.251" name="B6 (Pyridoxine)"/><nutrient amount="0.5" name="B12 (Cyanocobalamin)"/><nutrient amount="0.0" name="Vitamin C"/><nutrient amount="0.27" name="Vitamin E"/><nutrient amount="0.0" name="Beta Tocopherol"/><nutrient amount="0.0" name="Delta Tocopherol"/><nutrient amount="0.07" name="Gamma Tocopherol"/><nutrient amount="0.0" name="Vitamin K"/><nutrient amount="57.8" name="Choline"/><nutrient amount="4.176" name="Saturated"/><nutrient amount="5.639" name="Monounsaturated"/><nutrient amount="1.566" name="Polyunsaturated"/><nutrient amount="0.061" name="Omega-3"/><nutrient amount="1.504" name="Omega-6"/><nutrient amount="0.1" name="Trans-Fats"/><nutrient amount="54.0" name="Cholesterol"/><nutrient amount="0.828" name="ALA"/><nutrient amount="0.891" name="ARG"/><nutrient amount="1.217" name="ASP"/><nutrient amount="0.157" name="CYS"/><nutrient amount="1.988" name="GLU"/><nutrient amount="0.764" name="GLY"/><nutrient amount="0.609" name="HIS"/><nutrient amount="0.11" name="HYP"/><nutrient amount="0.625" name="ILE"/><nutrient amount="1.11" name="LEU"/><nutrient amount="1.164" name="LYS"/><nutrient amount="0.329" name="MET"/><nutrient amount="0.555" name="PHE"/><nutrient amount="0.609" name="PRO"/><nutrient amount="0.545" name="SER"/><nutrient amount="0.618" name="THR"/><nutrient amount="0.128" name="TRP"/><nutrient amount="0.447" name="TYR"/><nutrient amount="0.704" name="VAL"/></food>