<food uid="10913" fcf="9.0" pcf="4.0" name="Pork, cured, ham -- water added, rump, bone-in, separable lean and fat, heated, roasted" ccf="4.0"><measure amount="1.0" name="roast rump" grams="2970.0"/><nutrient amount="161.0" name="Energy"/><nutrient amount="20.1" name="Protein"/><nutrient amount="0.99" name="Carbs"/><nutrient amount="0.0" name="Fiber"/><nutrient amount="0.78" name="Sugars"/><nutrient amount="8.56" name="Fat"/><nutrient amount="0.0" name="Alcohol"/><nutrient amount="0.0" name="Caffeine"/><nutrient amount="67.23" name="Water"/><nutrient amount="3.13" name="Ash"/><nutrient amount="8.0" name="Calcium"/><nutrient amount="0.123" name="Copper"/><nutrient amount="0.69" name="Iron"/><nutrient amount="18.0" name="Magnesium"/><nutrient amount="0.022" name="Manganese"/><nutrient amount="238.0" name="Phosphorus"/><nutrient amount="244.0" name="Potassium"/><nutrient amount="26.3" name="Selenium"/><nutrient amount="1101.0" name="Sodium"/><nutrient amount="1.74" name="Zinc"/><nutrient amount="37.0" name="Vitamin A"/><nutrient amount="11.0" name="Retinol"/><nutrient amount="0.0" name="Alpha-carotene"/><nutrient amount="0.0" name="Beta-carotene"/><nutrient amount="0.0" name="Beta-cryptoxanthin"/><nutrient amount="0.0" name="Lycopene"/><nutrient amount="0.0" name="Lutein+Zeaxanthin"/><nutrient amount="4.0" name="Folate"/><nutrient amount="0.348" name="B1 (Thiamine)"/><nutrient amount="0.18" name="B2 (Riboflavin)"/><nutrient amount="4.29" name="B3 (Niacin)"/><nutrient amount="0.519" name="B5 (Pantothenic Acid)"/><nutrient amount="0.41" name="B6 (Pyridoxine)"/><nutrient amount="0.35" name="B12 (Cyanocobalamin)"/><nutrient amount="0.0" name="Vitamin C"/><nutrient amount="0.22" name="Vitamin E"/><nutrient amount="0.0" name="Beta Tocopherol"/><nutrient amount="0.0" name="Delta Tocopherol"/><nutrient amount="0.06" name="Gamma Tocopherol"/><nutrient amount="0.0" name="Vitamin K"/><nutrient amount="74.9" name="Choline"/><nutrient amount="2.897" name="Saturated"/><nutrient amount="3.918" name="Monounsaturated"/><nutrient amount="1.02" name="Polyunsaturated"/><nutrient amount="0.037" name="Omega-3"/><nutrient amount="0.9830000000000001" name="Omega-6"/><nutrient amount="0.067" name="Trans-Fats"/><nutrient amount="63.0" name="Cholesterol"/><nutrient amount="1.186" name="ALA"/><nutrient amount="1.283" name="ARG"/><nutrient amount="1.751" name="ASP"/><nutrient amount="0.226" name="CYS"/><nutrient amount="2.867" name="GLU"/><nutrient amount="1.072" name="GLY"/><nutrient amount="0.876" name="HIS"/><nutrient amount="0.13" name="HYP"/><nutrient amount="0.903" name="ILE"/><nutrient amount="1.603" name="LEU"/><nutrient amount="1.686" name="LYS"/><nutrient amount="0.477" name="MET"/><nutrient amount="0.801" name="PHE"/><nutrient amount="0.868" name="PRO"/><nutrient amount="0.785" name="SER"/><nutrient amount="0.894" name="THR"/><nutrient amount="0.187" name="TRP"/><nutrient amount="0.647" name="TYR"/><nutrient amount="1.014" name="VAL"/></food>