<food uid="10911" fcf="9.0" pcf="4.0" name="Pork, cured, ham -- water added, shank, bone-in, separable lean and fat, unheated" ccf="4.0"><measure amount="1.0" name="oz" grams="28.35"/><measure amount="1.0" name="lb" grams="453.6"/><nutrient amount="167.0" name="Energy"/><nutrient amount="16.65" name="Protein"/><nutrient amount="0.33" name="Carbs"/><nutrient amount="0.0" name="Fiber"/><nutrient amount="0.66" name="Sugars"/><nutrient amount="11.02" name="Fat"/><nutrient amount="0.0" name="Alcohol"/><nutrient amount="0.0" name="Caffeine"/><nutrient amount="69.21" name="Water"/><nutrient amount="2.89" name="Ash"/><nutrient amount="7.0" name="Calcium"/><nutrient amount="0.097" name="Copper"/><nutrient amount="0.72" name="Iron"/><nutrient amount="17.0" name="Magnesium"/><nutrient amount="0.022" name="Manganese"/><nutrient amount="214.0" name="Phosphorus"/><nutrient amount="219.0" name="Potassium"/><nutrient amount="35.7" name="Selenium"/><nutrient amount="964.0" name="Sodium"/><nutrient amount="1.84" name="Zinc"/><nutrient amount="32.0" name="Vitamin A"/><nutrient amount="9.0" name="Retinol"/><nutrient amount="0.0" name="Alpha-carotene"/><nutrient amount="0.0" name="Beta-carotene"/><nutrient amount="0.0" name="Beta-cryptoxanthin"/><nutrient amount="0.0" name="Lycopene"/><nutrient amount="0.0" name="Lutein+Zeaxanthin"/><nutrient amount="1.0" name="Folate"/><nutrient amount="0.306" name="B1 (Thiamine)"/><nutrient amount="0.183" name="B2 (Riboflavin)"/><nutrient amount="3.407" name="B3 (Niacin)"/><nutrient amount="0.439" name="B5 (Pantothenic Acid)"/><nutrient amount="0.235" name="B6 (Pyridoxine)"/><nutrient amount="0.31" name="B12 (Cyanocobalamin)"/><nutrient amount="0.0" name="Vitamin C"/><nutrient amount="0.32" name="Vitamin E"/><nutrient amount="0.01" name="Beta Tocopherol"/><nutrient amount="0.0" name="Delta Tocopherol"/><nutrient amount="0.08" name="Gamma Tocopherol"/><nutrient amount="0.0" name="Vitamin K"/><nutrient amount="68.6" name="Choline"/><nutrient amount="3.607" name="Saturated"/><nutrient amount="4.975" name="Monounsaturated"/><nutrient amount="1.457" name="Polyunsaturated"/><nutrient amount="0.057" name="Omega-3"/><nutrient amount="1.399" name="Omega-6"/><nutrient amount="0.084" name="Trans-Fats"/><nutrient amount="52.0" name="Cholesterol"/><nutrient amount="0.985" name="ALA"/><nutrient amount="1.061" name="ARG"/><nutrient amount="1.45" name="ASP"/><nutrient amount="0.187" name="CYS"/><nutrient amount="2.37" name="GLU"/><nutrient amount="0.903" name="GLY"/><nutrient amount="0.726" name="HIS"/><nutrient amount="0.127" name="HYP"/><nutrient amount="0.745" name="ILE"/><nutrient amount="1.323" name="LEU"/><nutrient amount="1.389" name="LYS"/><nutrient amount="0.393" name="MET"/><nutrient amount="0.662" name="PHE"/><nutrient amount="0.723" name="PRO"/><nutrient amount="0.649" name="SER"/><nutrient amount="0.737" name="THR"/><nutrient amount="0.153" name="TRP"/><nutrient amount="0.533" name="TYR"/><nutrient amount="0.839" name="VAL"/></food>