<food uid="10915" fcf="9.0" pcf="4.0" name="Pork, cured, ham -- water added, slice, bone-in, separable lean and fat, heated, pan-broil" ccf="4.0"><measure amount="1.0" name="slice" grams="436.0"/><nutrient amount="166.0" name="Energy"/><nutrient amount="20.8" name="Protein"/><nutrient amount="1.12" name="Carbs"/><nutrient amount="0.0" name="Fiber"/><nutrient amount="1.54" name="Sugars"/><nutrient amount="8.73" name="Fat"/><nutrient amount="0.0" name="Alcohol"/><nutrient amount="0.0" name="Caffeine"/><nutrient amount="65.48" name="Water"/><nutrient amount="3.89" name="Ash"/><nutrient amount="11.0" name="Calcium"/><nutrient amount="0.137" name="Copper"/><nutrient amount="1.07" name="Iron"/><nutrient amount="19.0" name="Magnesium"/><nutrient amount="0.022" name="Manganese"/><nutrient amount="251.0" name="Phosphorus"/><nutrient amount="280.0" name="Potassium"/><nutrient amount="28.7" name="Selenium"/><nutrient amount="1309.0" name="Sodium"/><nutrient amount="2.19" name="Zinc"/><nutrient amount="39.0" name="Vitamin A"/><nutrient amount="12.0" name="Retinol"/><nutrient amount="0.0" name="Alpha-carotene"/><nutrient amount="0.0" name="Beta-carotene"/><nutrient amount="0.0" name="Beta-cryptoxanthin"/><nutrient amount="0.0" name="Lycopene"/><nutrient amount="0.0" name="Lutein+Zeaxanthin"/><nutrient amount="2.0" name="Folate"/><nutrient amount="0.374" name="B1 (Thiamine)"/><nutrient amount="0.174" name="B2 (Riboflavin)"/><nutrient amount="5.215" name="B3 (Niacin)"/><nutrient amount="0.697" name="B5 (Pantothenic Acid)"/><nutrient amount="0.437" name="B6 (Pyridoxine)"/><nutrient amount="0.56" name="B12 (Cyanocobalamin)"/><nutrient amount="0.0" name="Vitamin C"/><nutrient amount="0.27" name="Vitamin E"/><nutrient amount="0.01" name="Beta Tocopherol"/><nutrient amount="0.0" name="Delta Tocopherol"/><nutrient amount="0.06" name="Gamma Tocopherol"/><nutrient amount="0.0" name="Vitamin K"/><nutrient amount="81.8" name="Choline"/><nutrient amount="2.901" name="Saturated"/><nutrient amount="4.032" name="Monounsaturated"/><nutrient amount="1.229" name="Polyunsaturated"/><nutrient amount="0.044" name="Omega-3"/><nutrient amount="1.186" name="Omega-6"/><nutrient amount="0.067" name="Trans-Fats"/><nutrient amount="66.0" name="Cholesterol"/><nutrient amount="1.227" name="ALA"/><nutrient amount="1.328" name="ARG"/><nutrient amount="1.812" name="ASP"/><nutrient amount="0.234" name="CYS"/><nutrient amount="2.968" name="GLU"/><nutrient amount="1.106" name="GLY"/><nutrient amount="0.906" name="HIS"/><nutrient amount="0.135" name="HYP"/><nutrient amount="0.935" name="ILE"/><nutrient amount="1.659" name="LEU"/><nutrient amount="1.746" name="LYS"/><nutrient amount="0.494" name="MET"/><nutrient amount="0.829" name="PHE"/><nutrient amount="0.898" name="PRO"/><nutrient amount="0.813" name="SER"/><nutrient amount="0.926" name="THR"/><nutrient amount="0.193" name="TRP"/><nutrient amount="0.67" name="TYR"/><nutrient amount="1.05" name="VAL"/></food>