<food uid="10914" fcf="9.0" pcf="4.0" name="Pork, cured, ham -- water added, shank, bone-in, separable lean and fat, heated, roasted" ccf="4.0"><measure amount="1.0" name="roast shank" grams="3054.0"/><nutrient amount="200.0" name="Energy"/><nutrient amount="18.62" name="Protein"/><nutrient amount="1.35" name="Carbs"/><nutrient amount="0.0" name="Fiber"/><nutrient amount="0.79" name="Sugars"/><nutrient amount="13.37" name="Fat"/><nutrient amount="0.0" name="Alcohol"/><nutrient amount="0.0" name="Caffeine"/><nutrient amount="63.43" name="Water"/><nutrient amount="3.24" name="Ash"/><nutrient amount="9.0" name="Calcium"/><nutrient amount="0.161" name="Copper"/><nutrient amount="1.37" name="Iron"/><nutrient amount="17.0" name="Magnesium"/><nutrient amount="0.022" name="Manganese"/><nutrient amount="207.0" name="Phosphorus"/><nutrient amount="232.0" name="Potassium"/><nutrient amount="24.2" name="Selenium"/><nutrient amount="988.0" name="Sodium"/><nutrient amount="2.72" name="Zinc"/><nutrient amount="38.0" name="Vitamin A"/><nutrient amount="11.0" name="Retinol"/><nutrient amount="0.0" name="Alpha-carotene"/><nutrient amount="0.0" name="Beta-carotene"/><nutrient amount="0.0" name="Beta-cryptoxanthin"/><nutrient amount="0.0" name="Lycopene"/><nutrient amount="0.0" name="Lutein+Zeaxanthin"/><nutrient amount="1.0" name="Folate"/><nutrient amount="0.261" name="B1 (Thiamine)"/><nutrient amount="0.173" name="B2 (Riboflavin)"/><nutrient amount="4.695" name="B3 (Niacin)"/><nutrient amount="0.519" name="B5 (Pantothenic Acid)"/><nutrient amount="0.32" name="B6 (Pyridoxine)"/><nutrient amount="0.55" name="B12 (Cyanocobalamin)"/><nutrient amount="0.0" name="Vitamin C"/><nutrient amount="0.29" name="Vitamin E"/><nutrient amount="0.01" name="Beta Tocopherol"/><nutrient amount="0.01" name="Delta Tocopherol"/><nutrient amount="0.08" name="Gamma Tocopherol"/><nutrient amount="0.0" name="Vitamin K"/><nutrient amount="73.9" name="Choline"/><nutrient amount="4.371" name="Saturated"/><nutrient amount="6.143" name="Monounsaturated"/><nutrient amount="1.746" name="Polyunsaturated"/><nutrient amount="0.063" name="Omega-3"/><nutrient amount="1.6829999999999998" name="Omega-6"/><nutrient amount="0.093" name="Trans-Fats"/><nutrient amount="66.0" name="Cholesterol"/><nutrient amount="1.101" name="ALA"/><nutrient amount="1.186" name="ARG"/><nutrient amount="1.621" name="ASP"/><nutrient amount="0.209" name="CYS"/><nutrient amount="2.648" name="GLU"/><nutrient amount="1.013" name="GLY"/><nutrient amount="0.811" name="HIS"/><nutrient amount="0.121" name="HYP"/><nutrient amount="0.833" name="ILE"/><nutrient amount="1.478" name="LEU"/><nutrient amount="1.551" name="LYS"/><nutrient amount="0.439" name="MET"/><nutrient amount="0.74" name="PHE"/><nutrient amount="0.81" name="PRO"/><nutrient amount="0.726" name="SER"/><nutrient amount="0.823" name="THR"/><nutrient amount="0.171" name="TRP"/><nutrient amount="0.595" name="TYR"/><nutrient amount="0.937" name="VAL"/></food>