<food uid="10928" fcf="9.0" pcf="4.0" name="Pork, cured, ham with natural juices, whole, boneless, separable lean and fat, heated, roasted" ccf="4.0"><measure amount="1.0" name="roast" grams="1497.0"/><nutrient amount="114.0" name="Energy"/><nutrient amount="20.54" name="Protein"/><nutrient amount="0.84" name="Carbs"/><nutrient amount="0.0" name="Fiber"/><nutrient amount="0.81" name="Sugars"/><nutrient amount="3.13" name="Fat"/><nutrient amount="0.0" name="Alcohol"/><nutrient amount="0.0" name="Caffeine"/><nutrient amount="71.62" name="Water"/><nutrient amount="3.86" name="Ash"/><nutrient amount="6.0" name="Calcium"/><nutrient amount="0.272" name="Copper"/><nutrient amount="0.84" name="Iron"/><nutrient amount="22.0" name="Magnesium"/><nutrient amount="0.027" name="Manganese"/><nutrient amount="318.0" name="Phosphorus"/><nutrient amount="367.0" name="Potassium"/><nutrient amount="32.7" name="Selenium"/><nutrient amount="1179.0" name="Sodium"/><nutrient amount="1.98" name="Zinc"/><nutrient amount="44.0" name="Vitamin A"/><nutrient amount="13.0" name="Retinol"/><nutrient amount="0.0" name="Alpha-carotene"/><nutrient amount="0.0" name="Beta-carotene"/><nutrient amount="0.0" name="Beta-cryptoxanthin"/><nutrient amount="0.0" name="Lycopene"/><nutrient amount="0.0" name="Lutein+Zeaxanthin"/><nutrient amount="2.0" name="Folate"/><nutrient amount="0.619" name="B1 (Thiamine)"/><nutrient amount="0.215" name="B2 (Riboflavin)"/><nutrient amount="6.82" name="B3 (Niacin)"/><nutrient amount="0.89" name="B5 (Pantothenic Acid)"/><nutrient amount="0.461" name="B6 (Pyridoxine)"/><nutrient amount="0.42" name="B12 (Cyanocobalamin)"/><nutrient amount="0.0" name="Vitamin C"/><nutrient amount="0.27" name="Vitamin E"/><nutrient amount="0.01" name="Beta Tocopherol"/><nutrient amount="0.0" name="Delta Tocopherol"/><nutrient amount="0.03" name="Gamma Tocopherol"/><nutrient amount="0.0" name="Vitamin K"/><nutrient amount="79.6" name="Choline"/><nutrient amount="1.084" name="Saturated"/><nutrient amount="1.479" name="Monounsaturated"/><nutrient amount="0.452" name="Polyunsaturated"/><nutrient amount="0.017" name="Omega-3"/><nutrient amount="0.436" name="Omega-6"/><nutrient amount="0.022" name="Trans-Fats"/><nutrient amount="56.0" name="Cholesterol"/><nutrient amount="1.21" name="ALA"/><nutrient amount="1.314" name="ARG"/><nutrient amount="1.792" name="ASP"/><nutrient amount="0.231" name="CYS"/><nutrient amount="2.94" name="GLU"/><nutrient amount="1.073" name="GLY"/><nutrient amount="0.895" name="HIS"/><nutrient amount="0.133" name="HYP"/><nutrient amount="0.927" name="ILE"/><nutrient amount="1.646" name="LEU"/><nutrient amount="1.735" name="LYS"/><nutrient amount="0.491" name="MET"/><nutrient amount="0.822" name="PHE"/><nutrient amount="0.882" name="PRO"/><nutrient amount="0.804" name="SER"/><nutrient amount="0.919" name="THR"/><nutrient amount="0.193" name="TRP"/><nutrient amount="0.667" name="TYR"/><nutrient amount="1.039" name="VAL"/></food>