<food uid="10929" fcf="9.0" pcf="4.0" name="Pork, cured, ham, rump, bone-in, separable lean and fat, heated, roasted" ccf="4.0"><measure amount="1.0" name="roast rump" grams="2874.0"/><nutrient amount="177.0" name="Energy"/><nutrient amount="23.95" name="Protein"/><nutrient amount="0.37" name="Carbs"/><nutrient amount="0.0" name="Fiber"/><nutrient amount="0.64" name="Sugars"/><nutrient amount="8.88" name="Fat"/><nutrient amount="0.0" name="Alcohol"/><nutrient amount="0.0" name="Caffeine"/><nutrient amount="63.82" name="Water"/><nutrient amount="2.98" name="Ash"/><nutrient amount="7.0" name="Calcium"/><nutrient amount="1.093" name="Copper"/><nutrient amount="1.46" name="Iron"/><nutrient amount="23.0" name="Magnesium"/><nutrient amount="0.028" name="Manganese"/><nutrient amount="263.0" name="Phosphorus"/><nutrient amount="370.0" name="Potassium"/><nutrient amount="23.5" name="Selenium"/><nutrient amount="826.0" name="Sodium"/><nutrient amount="2.91" name="Zinc"/><nutrient amount="5.0" name="Vitamin A"/><nutrient amount="1.0" name="Retinol"/><nutrient amount="0.0" name="Alpha-carotene"/><nutrient amount="0.0" name="Beta-carotene"/><nutrient amount="0.0" name="Beta-cryptoxanthin"/><nutrient amount="0.0" name="Lycopene"/><nutrient amount="0.0" name="Lutein+Zeaxanthin"/><nutrient amount="0.0" name="Folate"/><nutrient amount="0.531" name="B1 (Thiamine)"/><nutrient amount="0.284" name="B2 (Riboflavin)"/><nutrient amount="6.871" name="B3 (Niacin)"/><nutrient amount="0.705" name="B5 (Pantothenic Acid)"/><nutrient amount="0.446" name="B6 (Pyridoxine)"/><nutrient amount="0.61" name="B12 (Cyanocobalamin)"/><nutrient amount="0.0" name="Vitamin C"/><nutrient amount="0.33" name="Vitamin E"/><nutrient amount="0.0" name="Beta Tocopherol"/><nutrient amount="0.0" name="Delta Tocopherol"/><nutrient amount="0.04" name="Gamma Tocopherol"/><nutrient amount="0.0" name="Vitamin K"/><nutrient amount="92.6" name="Choline"/><nutrient amount="2.85" name="Saturated"/><nutrient amount="3.791" name="Monounsaturated"/><nutrient amount="1.27" name="Polyunsaturated"/><nutrient amount="0.055" name="Omega-3"/><nutrient amount="1.2129999999999999" name="Omega-6"/><nutrient amount="0.063" name="Trans-Fats"/><nutrient amount="71.0" name="Cholesterol"/><nutrient amount="1.414" name="ALA"/><nutrient amount="1.529" name="ARG"/><nutrient amount="2.087" name="ASP"/><nutrient amount="0.269" name="CYS"/><nutrient amount="3.417" name="GLU"/><nutrient amount="1.276" name="GLY"/><nutrient amount="1.043" name="HIS"/><nutrient amount="0.155" name="HYP"/><nutrient amount="1.076" name="ILE"/><nutrient amount="1.91" name="LEU"/><nutrient amount="2.009" name="LYS"/><nutrient amount="0.569" name="MET"/><nutrient amount="0.955" name="PHE"/><nutrient amount="1.035" name="PRO"/><nutrient amount="0.936" name="SER"/><nutrient amount="1.065" name="THR"/><nutrient amount="0.222" name="TRP"/><nutrient amount="0.771" name="TYR"/><nutrient amount="1.209" name="VAL"/></food>