<food uid="10925" fcf="9.0" pcf="4.0" name="Pork, cured, ham with natural juices, slice, bone-in, separable lean and fat, heated, pan-broil" ccf="4.0"><measure amount="1.0" name="slice" grams="445.0"/><nutrient amount="180.0" name="Energy"/><nutrient amount="26.18" name="Protein"/><nutrient amount="0.17" name="Carbs"/><nutrient amount="0.0" name="Fiber"/><nutrient amount="0.02" name="Sugars"/><nutrient amount="8.28" name="Fat"/><nutrient amount="0.0" name="Alcohol"/><nutrient amount="0.0" name="Caffeine"/><nutrient amount="63.36" name="Water"/><nutrient amount="2.8" name="Ash"/><nutrient amount="12.0" name="Calcium"/><nutrient amount="0.115" name="Copper"/><nutrient amount="1.15" name="Iron"/><nutrient amount="22.0" name="Magnesium"/><nutrient amount="0.022" name="Manganese"/><nutrient amount="280.0" name="Phosphorus"/><nutrient amount="344.0" name="Potassium"/><nutrient amount="48.2" name="Selenium"/><nutrient amount="821.0" name="Sodium"/><nutrient amount="2.87" name="Zinc"/><nutrient amount="44.0" name="Vitamin A"/><nutrient amount="13.0" name="Retinol"/><nutrient amount="0.0" name="Alpha-carotene"/><nutrient amount="0.0" name="Beta-carotene"/><nutrient amount="0.0" name="Beta-cryptoxanthin"/><nutrient amount="0.0" name="Lycopene"/><nutrient amount="0.0" name="Lutein+Zeaxanthin"/><nutrient amount="1.0" name="Folate"/><nutrient amount="0.306" name="B1 (Thiamine)"/><nutrient amount="0.247" name="B2 (Riboflavin)"/><nutrient amount="8.52" name="B3 (Niacin)"/><nutrient amount="0.464" name="B5 (Pantothenic Acid)"/><nutrient amount="0.376" name="B6 (Pyridoxine)"/><nutrient amount="0.58" name="B12 (Cyanocobalamin)"/><nutrient amount="0.0" name="Vitamin C"/><nutrient amount="0.24" name="Vitamin E"/><nutrient amount="0.01" name="Beta Tocopherol"/><nutrient amount="0.0" name="Delta Tocopherol"/><nutrient amount="0.04" name="Gamma Tocopherol"/><nutrient amount="0.0" name="Vitamin K"/><nutrient amount="127.4" name="Choline"/><nutrient amount="2.427" name="Saturated"/><nutrient amount="3.206" name="Monounsaturated"/><nutrient amount="1.064" name="Polyunsaturated"/><nutrient amount="0.033" name="Omega-3"/><nutrient amount="1.031" name="Omega-6"/><nutrient amount="0.048" name="Trans-Fats"/><nutrient amount="80.0" name="Cholesterol"/><nutrient amount="1.544" name="ALA"/><nutrient amount="1.673" name="ARG"/><nutrient amount="2.282" name="ASP"/><nutrient amount="0.294" name="CYS"/><nutrient amount="3.74" name="GLU"/><nutrient amount="1.385" name="GLY"/><nutrient amount="1.14" name="HIS"/><nutrient amount="0.17" name="HYP"/><nutrient amount="1.178" name="ILE"/><nutrient amount="2.092" name="LEU"/><nutrient amount="2.202" name="LYS"/><nutrient amount="0.624" name="MET"/><nutrient amount="1.045" name="PHE"/><nutrient amount="1.128" name="PRO"/><nutrient amount="1.024" name="SER"/><nutrient amount="1.167" name="THR"/><nutrient amount="0.244" name="TRP"/><nutrient amount="0.846" name="TYR"/><nutrient amount="1.322" name="VAL"/></food>