<food uid="10924" fcf="9.0" pcf="4.0" name="Pork, cured, ham with natural juices, shank, bone-in, separable lean and fat, heated, roasted" ccf="4.0"><measure amount="1.0" name="roast shank" grams="3170.0"/><nutrient amount="191.0" name="Energy"/><nutrient amount="22.88" name="Protein"/><nutrient amount="0.26" name="Carbs"/><nutrient amount="0.0" name="Fiber"/><nutrient amount="0.33" name="Sugars"/><nutrient amount="10.93" name="Fat"/><nutrient amount="0.0" name="Alcohol"/><nutrient amount="0.0" name="Caffeine"/><nutrient amount="62.94" name="Water"/><nutrient amount="2.98" name="Ash"/><nutrient amount="7.0" name="Calcium"/><nutrient amount="0.193" name="Copper"/><nutrient amount="1.11" name="Iron"/><nutrient amount="20.0" name="Magnesium"/><nutrient amount="0.022" name="Manganese"/><nutrient amount="244.0" name="Phosphorus"/><nutrient amount="424.0" name="Potassium"/><nutrient amount="44.5" name="Selenium"/><nutrient amount="801.0" name="Sodium"/><nutrient amount="2.82" name="Zinc"/><nutrient amount="38.0" name="Vitamin A"/><nutrient amount="11.0" name="Retinol"/><nutrient amount="0.0" name="Alpha-carotene"/><nutrient amount="0.0" name="Beta-carotene"/><nutrient amount="0.0" name="Beta-cryptoxanthin"/><nutrient amount="0.0" name="Lycopene"/><nutrient amount="0.0" name="Lutein+Zeaxanthin"/><nutrient amount="3.0" name="Folate"/><nutrient amount="0.289" name="B1 (Thiamine)"/><nutrient amount="0.185" name="B2 (Riboflavin)"/><nutrient amount="7.19" name="B3 (Niacin)"/><nutrient amount="0.539" name="B5 (Pantothenic Acid)"/><nutrient amount="0.358" name="B6 (Pyridoxine)"/><nutrient amount="0.64" name="B12 (Cyanocobalamin)"/><nutrient amount="0.0" name="Vitamin C"/><nutrient amount="0.3" name="Vitamin E"/><nutrient amount="0.0" name="Beta Tocopherol"/><nutrient amount="0.0" name="Delta Tocopherol"/><nutrient amount="0.05" name="Gamma Tocopherol"/><nutrient amount="0.0" name="Vitamin K"/><nutrient amount="91.0" name="Choline"/><nutrient amount="3.545" name="Saturated"/><nutrient amount="5.12" name="Monounsaturated"/><nutrient amount="1.351" name="Polyunsaturated"/><nutrient amount="0.048" name="Omega-3"/><nutrient amount="1.3019999999999998" name="Omega-6"/><nutrient amount="0.079" name="Trans-Fats"/><nutrient amount="74.0" name="Cholesterol"/><nutrient amount="1.351" name="ALA"/><nutrient amount="1.46" name="ARG"/><nutrient amount="1.994" name="ASP"/><nutrient amount="0.257" name="CYS"/><nutrient amount="3.263" name="GLU"/><nutrient amount="1.222" name="GLY"/><nutrient amount="0.997" name="HIS"/><nutrient amount="0.148" name="HYP"/><nutrient amount="1.028" name="ILE"/><nutrient amount="1.824" name="LEU"/><nutrient amount="1.918" name="LYS"/><nutrient amount="0.543" name="MET"/><nutrient amount="0.912" name="PHE"/><nutrient amount="0.989" name="PRO"/><nutrient amount="0.894" name="SER"/><nutrient amount="1.017" name="THR"/><nutrient amount="0.212" name="TRP"/><nutrient amount="0.736" name="TYR"/><nutrient amount="1.154" name="VAL"/></food>