<food uid="10923" fcf="9.0" pcf="4.0" name="Pork, cured, ham with natural juices, rump, bone-in, separable lean and fat, heated, roasted" ccf="4.0"><measure amount="1.0" name="roast rump" grams="2673.0"/><nutrient amount="177.0" name="Energy"/><nutrient amount="22.47" name="Protein"/><nutrient amount="0.6" name="Carbs"/><nutrient amount="0.0" name="Fiber"/><nutrient amount="0.45" name="Sugars"/><nutrient amount="9.39" name="Fat"/><nutrient amount="0.0" name="Alcohol"/><nutrient amount="0.0" name="Caffeine"/><nutrient amount="64.38" name="Water"/><nutrient amount="3.17" name="Ash"/><nutrient amount="10.0" name="Calcium"/><nutrient amount="0.12" name="Copper"/><nutrient amount="0.99" name="Iron"/><nutrient amount="21.0" name="Magnesium"/><nutrient amount="0.022" name="Manganese"/><nutrient amount="260.0" name="Phosphorus"/><nutrient amount="477.0" name="Potassium"/><nutrient amount="46.2" name="Selenium"/><nutrient amount="841.0" name="Sodium"/><nutrient amount="2.35" name="Zinc"/><nutrient amount="38.0" name="Vitamin A"/><nutrient amount="11.0" name="Retinol"/><nutrient amount="0.0" name="Alpha-carotene"/><nutrient amount="0.0" name="Beta-carotene"/><nutrient amount="0.0" name="Beta-cryptoxanthin"/><nutrient amount="0.0" name="Lycopene"/><nutrient amount="0.0" name="Lutein+Zeaxanthin"/><nutrient amount="1.0" name="Folate"/><nutrient amount="0.327" name="B1 (Thiamine)"/><nutrient amount="0.222" name="B2 (Riboflavin)"/><nutrient amount="7.127" name="B3 (Niacin)"/><nutrient amount="0.478" name="B5 (Pantothenic Acid)"/><nutrient amount="0.364" name="B6 (Pyridoxine)"/><nutrient amount="0.58" name="B12 (Cyanocobalamin)"/><nutrient amount="0.0" name="Vitamin C"/><nutrient amount="0.27" name="Vitamin E"/><nutrient amount="0.0" name="Beta Tocopherol"/><nutrient amount="0.0" name="Delta Tocopherol"/><nutrient amount="0.05" name="Gamma Tocopherol"/><nutrient amount="0.0" name="Vitamin K"/><nutrient amount="98.6" name="Choline"/><nutrient amount="3.116" name="Saturated"/><nutrient amount="4.364" name="Monounsaturated"/><nutrient amount="1.337" name="Polyunsaturated"/><nutrient amount="0.048" name="Omega-3"/><nutrient amount="1.289" name="Omega-6"/><nutrient amount="0.072" name="Trans-Fats"/><nutrient amount="72.0" name="Cholesterol"/><nutrient amount="1.326" name="ALA"/><nutrient amount="1.435" name="ARG"/><nutrient amount="1.958" name="ASP"/><nutrient amount="0.253" name="CYS"/><nutrient amount="3.206" name="GLU"/><nutrient amount="1.197" name="GLY"/><nutrient amount="0.979" name="HIS"/><nutrient amount="0.146" name="HYP"/><nutrient amount="1.01" name="ILE"/><nutrient amount="1.792" name="LEU"/><nutrient amount="1.886" name="LYS"/><nutrient amount="0.534" name="MET"/><nutrient amount="0.896" name="PHE"/><nutrient amount="0.97" name="PRO"/><nutrient amount="0.878" name="SER"/><nutrient amount="1.0" name="THR"/><nutrient amount="0.209" name="TRP"/><nutrient amount="0.724" name="TYR"/><nutrient amount="1.134" name="VAL"/></food>