<food uid="10927" fcf="9.0" pcf="4.0" name="Pork, cured, ham with natural juices, spiral slice, boneless, separable lean and fat, heated, roasted" ccf="4.0"><measure amount="1.0" name="slice" grams="145.0"/><measure amount="1.0" name="roast" grams="920.0"/><nutrient amount="136.0" name="Energy"/><nutrient amount="22.18" name="Protein"/><nutrient amount="0.46" name="Carbs"/><nutrient amount="0.0" name="Fiber"/><nutrient amount="1.06" name="Sugars"/><nutrient amount="5.1" name="Fat"/><nutrient amount="0.0" name="Alcohol"/><nutrient amount="0.0" name="Caffeine"/><nutrient amount="68.53" name="Water"/><nutrient amount="3.73" name="Ash"/><nutrient amount="4.0" name="Calcium"/><nutrient amount="0.193" name="Copper"/><nutrient amount="0.83" name="Iron"/><nutrient amount="22.0" name="Magnesium"/><nutrient amount="0.022" name="Manganese"/><nutrient amount="308.0" name="Phosphorus"/><nutrient amount="345.0" name="Potassium"/><nutrient amount="41.1" name="Selenium"/><nutrient amount="977.0" name="Sodium"/><nutrient amount="1.8" name="Zinc"/><nutrient amount="43.0" name="Vitamin A"/><nutrient amount="13.0" name="Retinol"/><nutrient amount="0.0" name="Alpha-carotene"/><nutrient amount="0.0" name="Beta-carotene"/><nutrient amount="0.0" name="Beta-cryptoxanthin"/><nutrient amount="0.0" name="Lycopene"/><nutrient amount="0.0" name="Lutein+Zeaxanthin"/><nutrient amount="1.0" name="Folate"/><nutrient amount="0.463" name="B1 (Thiamine)"/><nutrient amount="0.226" name="B2 (Riboflavin)"/><nutrient amount="6.619" name="B3 (Niacin)"/><nutrient amount="1.032" name="B5 (Pantothenic Acid)"/><nutrient amount="0.422" name="B6 (Pyridoxine)"/><nutrient amount="0.5" name="B12 (Cyanocobalamin)"/><nutrient amount="0.0" name="Vitamin C"/><nutrient amount="0.19" name="Vitamin E"/><nutrient amount="0.0" name="Beta Tocopherol"/><nutrient amount="0.0" name="Delta Tocopherol"/><nutrient amount="0.03" name="Gamma Tocopherol"/><nutrient amount="0.0" name="Vitamin K"/><nutrient amount="83.7" name="Choline"/><nutrient amount="1.61" name="Saturated"/><nutrient amount="2.219" name="Monounsaturated"/><nutrient amount="0.839" name="Polyunsaturated"/><nutrient amount="0.021" name="Omega-3"/><nutrient amount="0.8170000000000001" name="Omega-6"/><nutrient amount="0.035" name="Trans-Fats"/><nutrient amount="64.0" name="Cholesterol"/><nutrient amount="1.307" name="ALA"/><nutrient amount="1.419" name="ARG"/><nutrient amount="1.934" name="ASP"/><nutrient amount="0.249" name="CYS"/><nutrient amount="3.172" name="GLU"/><nutrient amount="1.164" name="GLY"/><nutrient amount="0.966" name="HIS"/><nutrient amount="0.144" name="HYP"/><nutrient amount="1.0" name="ILE"/><nutrient amount="1.775" name="LEU"/><nutrient amount="1.871" name="LYS"/><nutrient amount="0.53" name="MET"/><nutrient amount="0.887" name="PHE"/><nutrient amount="0.954" name="PRO"/><nutrient amount="0.868" name="SER"/><nutrient amount="0.991" name="THR"/><nutrient amount="0.208" name="TRP"/><nutrient amount="0.718" name="TYR"/><nutrient amount="1.122" name="VAL"/></food>