<food uid="10926" fcf="9.0" pcf="4.0" name="Pork, cured, ham with natural juices, slice, boneless, separable lean and fat, heated, pan-broil" ccf="4.0"><measure amount="1.0" name="slice" grams="277.0"/><nutrient amount="118.0" name="Energy"/><nutrient amount="20.89" name="Protein"/><nutrient amount="0.99" name="Carbs"/><nutrient amount="0.0" name="Fiber"/><nutrient amount="1.04" name="Sugars"/><nutrient amount="3.4" name="Fat"/><nutrient amount="0.0" name="Alcohol"/><nutrient amount="0.0" name="Caffeine"/><nutrient amount="70.93" name="Water"/><nutrient amount="3.8" name="Ash"/><nutrient amount="6.0" name="Calcium"/><nutrient amount="0.272" name="Copper"/><nutrient amount="0.93" name="Iron"/><nutrient amount="22.0" name="Magnesium"/><nutrient amount="0.026" name="Manganese"/><nutrient amount="321.0" name="Phosphorus"/><nutrient amount="363.0" name="Potassium"/><nutrient amount="36.9" name="Selenium"/><nutrient amount="1160.0" name="Sodium"/><nutrient amount="2.13" name="Zinc"/><nutrient amount="44.0" name="Vitamin A"/><nutrient amount="13.0" name="Retinol"/><nutrient amount="0.0" name="Alpha-carotene"/><nutrient amount="0.0" name="Beta-carotene"/><nutrient amount="0.0" name="Beta-cryptoxanthin"/><nutrient amount="0.0" name="Lycopene"/><nutrient amount="0.0" name="Lutein+Zeaxanthin"/><nutrient amount="1.0" name="Folate"/><nutrient amount="0.513" name="B1 (Thiamine)"/><nutrient amount="0.217" name="B2 (Riboflavin)"/><nutrient amount="7.374" name="B3 (Niacin)"/><nutrient amount="0.839" name="B5 (Pantothenic Acid)"/><nutrient amount="0.504" name="B6 (Pyridoxine)"/><nutrient amount="0.42" name="B12 (Cyanocobalamin)"/><nutrient amount="0.0" name="Vitamin C"/><nutrient amount="0.22" name="Vitamin E"/><nutrient amount="0.01" name="Beta Tocopherol"/><nutrient amount="0.0" name="Delta Tocopherol"/><nutrient amount="0.03" name="Gamma Tocopherol"/><nutrient amount="0.0" name="Vitamin K"/><nutrient amount="81.9" name="Choline"/><nutrient amount="1.054" name="Saturated"/><nutrient amount="1.445" name="Monounsaturated"/><nutrient amount="0.454" name="Polyunsaturated"/><nutrient amount="0.016" name="Omega-3"/><nutrient amount="0.439" name="Omega-6"/><nutrient amount="0.023" name="Trans-Fats"/><nutrient amount="58.0" name="Cholesterol"/><nutrient amount="1.23" name="ALA"/><nutrient amount="1.336" name="ARG"/><nutrient amount="1.822" name="ASP"/><nutrient amount="0.235" name="CYS"/><nutrient amount="2.989" name="GLU"/><nutrient amount="1.092" name="GLY"/><nutrient amount="0.91" name="HIS"/><nutrient amount="0.135" name="HYP"/><nutrient amount="0.943" name="ILE"/><nutrient amount="1.673" name="LEU"/><nutrient amount="1.764" name="LYS"/><nutrient amount="0.499" name="MET"/><nutrient amount="0.835" name="PHE"/><nutrient amount="0.897" name="PRO"/><nutrient amount="0.817" name="SER"/><nutrient amount="0.934" name="THR"/><nutrient amount="0.196" name="TRP"/><nutrient amount="0.677" name="TYR"/><nutrient amount="1.057" name="VAL"/></food>