<food uid="10920" fcf="9.0" pcf="4.0" name="Pork, cured, ham and water product, slice, bone-in, separable lean and fat, heated, pan-broil" ccf="4.0"><measure amount="1.0" name="slice" grams="446.0"/><nutrient amount="155.0" name="Energy"/><nutrient amount="19.85" name="Protein"/><nutrient amount="1.41" name="Carbs"/><nutrient amount="0.0" name="Fiber"/><nutrient amount="1.03" name="Sugars"/><nutrient amount="7.78" name="Fat"/><nutrient amount="0.0" name="Alcohol"/><nutrient amount="0.0" name="Caffeine"/><nutrient amount="67.21" name="Water"/><nutrient amount="3.75" name="Ash"/><nutrient amount="11.0" name="Calcium"/><nutrient amount="0.131" name="Copper"/><nutrient amount="0.9" name="Iron"/><nutrient amount="19.0" name="Magnesium"/><nutrient amount="0.022" name="Manganese"/><nutrient amount="250.0" name="Phosphorus"/><nutrient amount="281.0" name="Potassium"/><nutrient amount="23.8" name="Selenium"/><nutrient amount="1188.0" name="Sodium"/><nutrient amount="2.16" name="Zinc"/><nutrient amount="38.0" name="Vitamin A"/><nutrient amount="11.0" name="Retinol"/><nutrient amount="0.0" name="Alpha-carotene"/><nutrient amount="0.0" name="Beta-carotene"/><nutrient amount="0.0" name="Beta-cryptoxanthin"/><nutrient amount="0.0" name="Lycopene"/><nutrient amount="0.0" name="Lutein+Zeaxanthin"/><nutrient amount="2.0" name="Folate"/><nutrient amount="0.374" name="B1 (Thiamine)"/><nutrient amount="0.177" name="B2 (Riboflavin)"/><nutrient amount="4.855" name="B3 (Niacin)"/><nutrient amount="0.58" name="B5 (Pantothenic Acid)"/><nutrient amount="0.427" name="B6 (Pyridoxine)"/><nutrient amount="0.44" name="B12 (Cyanocobalamin)"/><nutrient amount="0.0" name="Vitamin C"/><nutrient amount="0.15" name="Vitamin E"/><nutrient amount="0.01" name="Beta Tocopherol"/><nutrient amount="0.0" name="Delta Tocopherol"/><nutrient amount="0.05" name="Gamma Tocopherol"/><nutrient amount="0.0" name="Vitamin K"/><nutrient amount="84.1" name="Choline"/><nutrient amount="2.586" name="Saturated"/><nutrient amount="3.577" name="Monounsaturated"/><nutrient amount="1.032" name="Polyunsaturated"/><nutrient amount="0.036" name="Omega-3"/><nutrient amount="0.996" name="Omega-6"/><nutrient amount="0.058" name="Trans-Fats"/><nutrient amount="64.0" name="Cholesterol"/><nutrient amount="1.171" name="ALA"/><nutrient amount="1.268" name="ARG"/><nutrient amount="1.73" name="ASP"/><nutrient amount="0.223" name="CYS"/><nutrient amount="2.833" name="GLU"/><nutrient amount="1.055" name="GLY"/><nutrient amount="0.865" name="HIS"/><nutrient amount="0.129" name="HYP"/><nutrient amount="0.892" name="ILE"/><nutrient amount="1.584" name="LEU"/><nutrient amount="1.667" name="LYS"/><nutrient amount="0.472" name="MET"/><nutrient amount="0.792" name="PHE"/><nutrient amount="0.857" name="PRO"/><nutrient amount="0.776" name="SER"/><nutrient amount="0.884" name="THR"/><nutrient amount="0.185" name="TRP"/><nutrient amount="0.64" name="TYR"/><nutrient amount="1.002" name="VAL"/></food>