<food uid="10921" fcf="9.0" pcf="4.0" name="Pork, cured, ham and water product, slice, boneless, separable lean and fat, heated, pan-broil" ccf="4.0"><measure amount="1.0" name="slice" grams="136.0"/><nutrient amount="124.0" name="Energy"/><nutrient amount="15.08" name="Protein"/><nutrient amount="4.38" name="Carbs"/><nutrient amount="0.0" name="Fiber"/><nutrient amount="4.69" name="Sugars"/><nutrient amount="5.13" name="Fat"/><nutrient amount="0.0" name="Alcohol"/><nutrient amount="0.0" name="Caffeine"/><nutrient amount="71.14" name="Water"/><nutrient amount="4.27" name="Ash"/><nutrient amount="8.0" name="Calcium"/><nutrient amount="0.085" name="Copper"/><nutrient amount="0.74" name="Iron"/><nutrient amount="17.0" name="Magnesium"/><nutrient amount="0.037" name="Manganese"/><nutrient amount="240.0" name="Phosphorus"/><nutrient amount="272.0" name="Potassium"/><nutrient amount="32.6" name="Selenium"/><nutrient amount="1389.0" name="Sodium"/><nutrient amount="1.63" name="Zinc"/><nutrient amount="44.0" name="Vitamin A"/><nutrient amount="13.0" name="Retinol"/><nutrient amount="0.0" name="Alpha-carotene"/><nutrient amount="0.0" name="Beta-carotene"/><nutrient amount="0.0" name="Beta-cryptoxanthin"/><nutrient amount="0.0" name="Lycopene"/><nutrient amount="0.0" name="Lutein+Zeaxanthin"/><nutrient amount="2.0" name="Folate"/><nutrient amount="0.308" name="B1 (Thiamine)"/><nutrient amount="0.137" name="B2 (Riboflavin)"/><nutrient amount="4.283" name="B3 (Niacin)"/><nutrient amount="0.689" name="B5 (Pantothenic Acid)"/><nutrient amount="0.335" name="B6 (Pyridoxine)"/><nutrient amount="0.44" name="B12 (Cyanocobalamin)"/><nutrient amount="0.0" name="Vitamin C"/><nutrient amount="0.13" name="Vitamin E"/><nutrient amount="0.0" name="Beta Tocopherol"/><nutrient amount="0.0" name="Delta Tocopherol"/><nutrient amount="0.04" name="Gamma Tocopherol"/><nutrient amount="0.0" name="Vitamin K"/><nutrient amount="64.5" name="Choline"/><nutrient amount="1.553" name="Saturated"/><nutrient amount="2.16" name="Monounsaturated"/><nutrient amount="0.699" name="Polyunsaturated"/><nutrient amount="0.024" name="Omega-3"/><nutrient amount="0.675" name="Omega-6"/><nutrient amount="0.038" name="Trans-Fats"/><nutrient amount="45.0" name="Cholesterol"/><nutrient amount="0.888" name="ALA"/><nutrient amount="0.965" name="ARG"/><nutrient amount="1.316" name="ASP"/><nutrient amount="0.169" name="CYS"/><nutrient amount="2.158" name="GLU"/><nutrient amount="0.788" name="GLY"/><nutrient amount="0.657" name="HIS"/><nutrient amount="0.098" name="HYP"/><nutrient amount="0.681" name="ILE"/><nutrient amount="1.208" name="LEU"/><nutrient amount="1.274" name="LYS"/><nutrient amount="0.361" name="MET"/><nutrient amount="0.603" name="PHE"/><nutrient amount="0.647" name="PRO"/><nutrient amount="0.59" name="SER"/><nutrient amount="0.675" name="THR"/><nutrient amount="0.142" name="TRP"/><nutrient amount="0.489" name="TYR"/><nutrient amount="0.763" name="VAL"/></food>