<food uid="10939" fcf="9.0" pcf="4.0" name="Pork, cured, ham, slice, bone-in, separable lean and fat, unheated" ccf="4.0"><measure amount="1.0" name="slice" grams="425.0"/><nutrient amount="173.0" name="Energy"/><nutrient amount="22.45" name="Protein"/><nutrient amount="0.21" name="Carbs"/><nutrient amount="0.0" name="Fiber"/><nutrient amount="0.05" name="Sugars"/><nutrient amount="9.17" name="Fat"/><nutrient amount="0.0" name="Alcohol"/><nutrient amount="0.0" name="Caffeine"/><nutrient amount="66.09" name="Water"/><nutrient amount="2.7" name="Ash"/><nutrient amount="12.0" name="Calcium"/><nutrient amount="0.142" name="Copper"/><nutrient amount="1.15" name="Iron"/><nutrient amount="22.0" name="Magnesium"/><nutrient amount="0.022" name="Manganese"/><nutrient amount="250.0" name="Phosphorus"/><nutrient amount="348.0" name="Potassium"/><nutrient amount="21.5" name="Selenium"/><nutrient amount="744.0" name="Sodium"/><nutrient amount="2.29" name="Zinc"/><nutrient amount="5.0" name="Vitamin A"/><nutrient amount="1.0" name="Retinol"/><nutrient amount="0.0" name="Alpha-carotene"/><nutrient amount="0.0" name="Beta-carotene"/><nutrient amount="0.0" name="Beta-cryptoxanthin"/><nutrient amount="0.0" name="Lycopene"/><nutrient amount="0.0" name="Lutein+Zeaxanthin"/><nutrient amount="1.0" name="Folate"/><nutrient amount="0.462" name="B1 (Thiamine)"/><nutrient amount="0.225" name="B2 (Riboflavin)"/><nutrient amount="6.05" name="B3 (Niacin)"/><nutrient amount="0.645" name="B5 (Pantothenic Acid)"/><nutrient amount="0.448" name="B6 (Pyridoxine)"/><nutrient amount="0.57" name="B12 (Cyanocobalamin)"/><nutrient amount="0.0" name="Vitamin C"/><nutrient amount="0.34" name="Vitamin E"/><nutrient amount="0.0" name="Beta Tocopherol"/><nutrient amount="0.0" name="Delta Tocopherol"/><nutrient amount="0.05" name="Gamma Tocopherol"/><nutrient amount="0.3" name="Vitamin K"/><nutrient amount="86.0" name="Choline"/><nutrient amount="2.945" name="Saturated"/><nutrient amount="3.955" name="Monounsaturated"/><nutrient amount="1.281" name="Polyunsaturated"/><nutrient amount="0.056" name="Omega-3"/><nutrient amount="1.2229999999999999" name="Omega-6"/><nutrient amount="0.07" name="Trans-Fats"/><nutrient amount="65.0" name="Cholesterol"/><nutrient amount="1.325" name="ALA"/><nutrient amount="1.434" name="ARG"/><nutrient amount="1.957" name="ASP"/><nutrient amount="0.252" name="CYS"/><nutrient amount="3.205" name="GLU"/><nutrient amount="1.193" name="GLY"/><nutrient amount="0.978" name="HIS"/><nutrient amount="0.018" name="HYP"/><nutrient amount="1.01" name="ILE"/><nutrient amount="1.792" name="LEU"/><nutrient amount="1.886" name="LYS"/><nutrient amount="0.534" name="MET"/><nutrient amount="0.896" name="PHE"/><nutrient amount="0.969" name="PRO"/><nutrient amount="0.877" name="SER"/><nutrient amount="1.0" name="THR"/><nutrient amount="0.209" name="TRP"/><nutrient amount="0.724" name="TYR"/><nutrient amount="1.133" name="VAL"/></food>