<food uid="10937" fcf="9.0" pcf="4.0" name="Pork, cured, ham, slice, bone-in, separable lean and fat, heated, pan-broil" ccf="4.0"><measure amount="1.0" name="slice" grams="366.0"/><nutrient amount="180.0" name="Energy"/><nutrient amount="25.48" name="Protein"/><nutrient amount="0.39" name="Carbs"/><nutrient amount="0.0" name="Fiber"/><nutrient amount="0.7" name="Sugars"/><nutrient amount="8.48" name="Fat"/><nutrient amount="0.0" name="Alcohol"/><nutrient amount="0.0" name="Caffeine"/><nutrient amount="62.57" name="Water"/><nutrient amount="3.08" name="Ash"/><nutrient amount="14.0" name="Calcium"/><nutrient amount="0.417" name="Copper"/><nutrient amount="1.34" name="Iron"/><nutrient amount="25.0" name="Magnesium"/><nutrient amount="0.022" name="Manganese"/><nutrient amount="285.0" name="Phosphorus"/><nutrient amount="405.0" name="Potassium"/><nutrient amount="24.4" name="Selenium"/><nutrient amount="852.0" name="Sodium"/><nutrient amount="2.87" name="Zinc"/><nutrient amount="4.0" name="Vitamin A"/><nutrient amount="1.0" name="Retinol"/><nutrient amount="0.0" name="Alpha-carotene"/><nutrient amount="0.0" name="Beta-carotene"/><nutrient amount="0.0" name="Beta-cryptoxanthin"/><nutrient amount="0.0" name="Lycopene"/><nutrient amount="0.0" name="Lutein+Zeaxanthin"/><nutrient amount="2.0" name="Folate"/><nutrient amount="0.547" name="B1 (Thiamine)"/><nutrient amount="0.296" name="B2 (Riboflavin)"/><nutrient amount="7.333" name="B3 (Niacin)"/><nutrient amount="0.726" name="B5 (Pantothenic Acid)"/><nutrient amount="0.509" name="B6 (Pyridoxine)"/><nutrient amount="0.63" name="B12 (Cyanocobalamin)"/><nutrient amount="0.0" name="Vitamin C"/><nutrient amount="0.3" name="Vitamin E"/><nutrient amount="0.0" name="Beta Tocopherol"/><nutrient amount="0.0" name="Delta Tocopherol"/><nutrient amount="0.04" name="Gamma Tocopherol"/><nutrient amount="0.0" name="Vitamin K"/><nutrient amount="102.4" name="Choline"/><nutrient amount="2.714" name="Saturated"/><nutrient amount="3.665" name="Monounsaturated"/><nutrient amount="1.183" name="Polyunsaturated"/><nutrient amount="0.051" name="Omega-3"/><nutrient amount="1.129" name="Omega-6"/><nutrient amount="0.062" name="Trans-Fats"/><nutrient amount="73.0" name="Cholesterol"/><nutrient amount="1.503" name="ALA"/><nutrient amount="1.627" name="ARG"/><nutrient amount="2.221" name="ASP"/><nutrient amount="0.286" name="CYS"/><nutrient amount="3.638" name="GLU"/><nutrient amount="1.35" name="GLY"/><nutrient amount="1.11" name="HIS"/><nutrient amount="0.165" name="HYP"/><nutrient amount="1.146" name="ILE"/><nutrient amount="2.034" name="LEU"/><nutrient amount="2.142" name="LYS"/><nutrient amount="0.606" name="MET"/><nutrient amount="1.017" name="PHE"/><nutrient amount="1.099" name="PRO"/><nutrient amount="0.996" name="SER"/><nutrient amount="1.135" name="THR"/><nutrient amount="0.237" name="TRP"/><nutrient amount="0.822" name="TYR"/><nutrient amount="1.287" name="VAL"/></food>