<food uid="10936" fcf="9.0" pcf="4.0" name="Pork, cured, ham, shank, bone-in, separable lean and fat, unheated" ccf="4.0"><measure amount="1.0" name="oz" grams="28.35"/><measure amount="1.0" name="lb" grams="453.6"/><nutrient amount="177.0" name="Energy"/><nutrient amount="21.61" name="Protein"/><nutrient amount="0.41" name="Carbs"/><nutrient amount="0.0" name="Fiber"/><nutrient amount="0.06" name="Sugars"/><nutrient amount="9.85" name="Fat"/><nutrient amount="0.0" name="Alcohol"/><nutrient amount="0.0" name="Caffeine"/><nutrient amount="65.23" name="Water"/><nutrient amount="2.91" name="Ash"/><nutrient amount="6.0" name="Calcium"/><nutrient amount="0.347" name="Copper"/><nutrient amount="0.92" name="Iron"/><nutrient amount="20.0" name="Magnesium"/><nutrient amount="0.022" name="Manganese"/><nutrient amount="243.0" name="Phosphorus"/><nutrient amount="339.0" name="Potassium"/><nutrient amount="20.5" name="Selenium"/><nutrient amount="816.0" name="Sodium"/><nutrient amount="2.18" name="Zinc"/><nutrient amount="6.0" name="Vitamin A"/><nutrient amount="2.0" name="Retinol"/><nutrient amount="0.0" name="Alpha-carotene"/><nutrient amount="0.0" name="Beta-carotene"/><nutrient amount="0.0" name="Beta-cryptoxanthin"/><nutrient amount="0.0" name="Lycopene"/><nutrient amount="0.0" name="Lutein+Zeaxanthin"/><nutrient amount="0.0" name="Folate"/><nutrient amount="0.444" name="B1 (Thiamine)"/><nutrient amount="0.218" name="B2 (Riboflavin)"/><nutrient amount="6.382" name="B3 (Niacin)"/><nutrient amount="0.62" name="B5 (Pantothenic Acid)"/><nutrient amount="0.429" name="B6 (Pyridoxine)"/><nutrient amount="0.54" name="B12 (Cyanocobalamin)"/><nutrient amount="0.0" name="Vitamin C"/><nutrient amount="0.31" name="Vitamin E"/><nutrient amount="0.0" name="Beta Tocopherol"/><nutrient amount="0.0" name="Delta Tocopherol"/><nutrient amount="0.05" name="Gamma Tocopherol"/><nutrient amount="0.0" name="Vitamin K"/><nutrient amount="82.5" name="Choline"/><nutrient amount="3.18" name="Saturated"/><nutrient amount="4.269" name="Monounsaturated"/><nutrient amount="1.366" name="Polyunsaturated"/><nutrient amount="0.06" name="Omega-3"/><nutrient amount="1.3039999999999998" name="Omega-6"/><nutrient amount="0.074" name="Trans-Fats"/><nutrient amount="61.0" name="Cholesterol"/><nutrient amount="1.276" name="ALA"/><nutrient amount="1.38" name="ARG"/><nutrient amount="1.883" name="ASP"/><nutrient amount="0.243" name="CYS"/><nutrient amount="3.083" name="GLU"/><nutrient amount="1.153" name="GLY"/><nutrient amount="0.941" name="HIS"/><nutrient amount="0.154" name="HYP"/><nutrient amount="0.971" name="ILE"/><nutrient amount="1.723" name="LEU"/><nutrient amount="1.813" name="LYS"/><nutrient amount="0.513" name="MET"/><nutrient amount="0.861" name="PHE"/><nutrient amount="0.934" name="PRO"/><nutrient amount="0.844" name="SER"/><nutrient amount="0.961" name="THR"/><nutrient amount="0.201" name="TRP"/><nutrient amount="0.696" name="TYR"/><nutrient amount="1.09" name="VAL"/></food>