<food uid="10938" fcf="9.0" pcf="4.0" name="Pork, cured, ham, slice, bone-in, separable lean only, unheated" ccf="4.0"><measure amount="1.0" name="slice" grams="425.0"/><nutrient amount="130.0" name="Energy"/><nutrient amount="24.36" name="Protein"/><nutrient amount="0.0" name="Carbs"/><nutrient amount="0.0" name="Fiber"/><nutrient amount="0.0" name="Sugars"/><nutrient amount="3.59" name="Fat"/><nutrient amount="0.0" name="Alcohol"/><nutrient amount="0.0" name="Caffeine"/><nutrient amount="69.97" name="Water"/><nutrient amount="2.79" name="Ash"/><nutrient amount="13.0" name="Calcium"/><nutrient amount="0.148" name="Copper"/><nutrient amount="1.23" name="Iron"/><nutrient amount="23.0" name="Magnesium"/><nutrient amount="0.022" name="Manganese"/><nutrient amount="263.0" name="Phosphorus"/><nutrient amount="370.0" name="Potassium"/><nutrient amount="22.3" name="Selenium"/><nutrient amount="760.0" name="Sodium"/><nutrient amount="2.43" name="Zinc"/><nutrient amount="0.0" name="Vitamin A"/><nutrient amount="0.0" name="Retinol"/><nutrient amount="0.0" name="Alpha-carotene"/><nutrient amount="0.0" name="Beta-carotene"/><nutrient amount="0.0" name="Beta-cryptoxanthin"/><nutrient amount="0.0" name="Lycopene"/><nutrient amount="0.0" name="Lutein+Zeaxanthin"/><nutrient amount="1.0" name="Folate"/><nutrient amount="0.492" name="B1 (Thiamine)"/><nutrient amount="0.251" name="B2 (Riboflavin)"/><nutrient amount="6.493" name="B3 (Niacin)"/><nutrient amount="0.683" name="B5 (Pantothenic Acid)"/><nutrient amount="0.482" name="B6 (Pyridoxine)"/><nutrient amount="0.6" name="B12 (Cyanocobalamin)"/><nutrient amount="0.0" name="Vitamin C"/><nutrient amount="0.29" name="Vitamin E"/><nutrient amount="0.0" name="Beta Tocopherol"/><nutrient amount="0.0" name="Delta Tocopherol"/><nutrient amount="0.03" name="Gamma Tocopherol"/><nutrient amount="0.3" name="Vitamin K"/><nutrient amount="93.1" name="Choline"/><nutrient amount="1.099" name="Saturated"/><nutrient amount="1.414" name="Monounsaturated"/><nutrient amount="0.565" name="Polyunsaturated"/><nutrient amount="0.052" name="Omega-3"/><nutrient amount="0.9750000000000001" name="Omega-6"/><nutrient amount="0.027" name="Trans-Fats"/><nutrient amount="65.0" name="Cholesterol"/><nutrient amount="1.435" name="ALA"/><nutrient amount="1.559" name="ARG"/><nutrient amount="2.125" name="ASP"/><nutrient amount="0.274" name="CYS"/><nutrient amount="3.486" name="GLU"/><nutrient amount="1.272" name="GLY"/><nutrient amount="1.061" name="HIS"/><nutrient amount="1.1" name="ILE"/><nutrient amount="1.951" name="LEU"/><nutrient amount="2.058" name="LYS"/><nutrient amount="0.583" name="MET"/><nutrient amount="0.974" name="PHE"/><nutrient amount="1.046" name="PRO"/><nutrient amount="0.953" name="SER"/><nutrient amount="1.09" name="THR"/><nutrient amount="0.229" name="TRP"/><nutrient amount="0.79" name="TYR"/><nutrient amount="1.232" name="VAL"/></food>