<food uid="10935" fcf="9.0" pcf="4.0" name="Pork, cured, ham, shank, bone-in, separable lean and fat, heated, roasted" ccf="4.0"><measure amount="1.0" name="roast shank" grams="2800.0"/><nutrient amount="183.0" name="Energy"/><nutrient amount="24.39" name="Protein"/><nutrient amount="0.24" name="Carbs"/><nutrient amount="0.0" name="Fiber"/><nutrient amount="0.64" name="Sugars"/><nutrient amount="9.35" name="Fat"/><nutrient amount="0.0" name="Alcohol"/><nutrient amount="0.0" name="Caffeine"/><nutrient amount="63.67" name="Water"/><nutrient amount="2.8" name="Ash"/><nutrient amount="7.0" name="Calcium"/><nutrient amount="0.158" name="Copper"/><nutrient amount="1.42" name="Iron"/><nutrient amount="22.0" name="Magnesium"/><nutrient amount="0.026" name="Manganese"/><nutrient amount="257.0" name="Phosphorus"/><nutrient amount="356.0" name="Potassium"/><nutrient amount="23.4" name="Selenium"/><nutrient amount="810.0" name="Sodium"/><nutrient amount="2.59" name="Zinc"/><nutrient amount="5.0" name="Vitamin A"/><nutrient amount="1.0" name="Retinol"/><nutrient amount="0.0" name="Alpha-carotene"/><nutrient amount="0.0" name="Beta-carotene"/><nutrient amount="0.0" name="Beta-cryptoxanthin"/><nutrient amount="0.0" name="Lycopene"/><nutrient amount="0.0" name="Lutein+Zeaxanthin"/><nutrient amount="1.0" name="Folate"/><nutrient amount="0.46" name="B1 (Thiamine)"/><nutrient amount="0.298" name="B2 (Riboflavin)"/><nutrient amount="6.885" name="B3 (Niacin)"/><nutrient amount="0.648" name="B5 (Pantothenic Acid)"/><nutrient amount="0.44" name="B6 (Pyridoxine)"/><nutrient amount="0.58" name="B12 (Cyanocobalamin)"/><nutrient amount="0.0" name="Vitamin C"/><nutrient amount="0.33" name="Vitamin E"/><nutrient amount="0.0" name="Beta Tocopherol"/><nutrient amount="0.0" name="Delta Tocopherol"/><nutrient amount="0.04" name="Gamma Tocopherol"/><nutrient amount="0.0" name="Vitamin K"/><nutrient amount="93.5" name="Choline"/><nutrient amount="3.018" name="Saturated"/><nutrient amount="4.082" name="Monounsaturated"/><nutrient amount="1.288" name="Polyunsaturated"/><nutrient amount="0.057" name="Omega-3"/><nutrient amount="1.228" name="Omega-6"/><nutrient amount="0.066" name="Trans-Fats"/><nutrient amount="70.0" name="Cholesterol"/><nutrient amount="1.439" name="ALA"/><nutrient amount="1.557" name="ARG"/><nutrient amount="2.125" name="ASP"/><nutrient amount="0.274" name="CYS"/><nutrient amount="3.48" name="GLU"/><nutrient amount="1.299" name="GLY"/><nutrient amount="1.062" name="HIS"/><nutrient amount="0.158" name="HYP"/><nutrient amount="1.096" name="ILE"/><nutrient amount="1.945" name="LEU"/><nutrient amount="2.047" name="LYS"/><nutrient amount="0.579" name="MET"/><nutrient amount="0.972" name="PHE"/><nutrient amount="1.053" name="PRO"/><nutrient amount="0.953" name="SER"/><nutrient amount="1.085" name="THR"/><nutrient amount="0.227" name="TRP"/><nutrient amount="0.786" name="TYR"/><nutrient amount="1.231" name="VAL"/></food>