<food uid="10934" fcf="9.0" pcf="4.0" name="Pork, cured, ham, shank, bone-in, separable lean only, unheated" ccf="4.0"><measure amount="1.0" name="oz" grams="28.35"/><measure amount="1.0" name="lb" grams="453.6"/><nutrient amount="125.0" name="Energy"/><nutrient amount="23.79" name="Protein"/><nutrient amount="0.18" name="Carbs"/><nutrient amount="0.0" name="Fiber"/><nutrient amount="0.0" name="Sugars"/><nutrient amount="3.19" name="Fat"/><nutrient amount="0.0" name="Alcohol"/><nutrient amount="0.0" name="Caffeine"/><nutrient amount="69.79" name="Water"/><nutrient amount="3.05" name="Ash"/><nutrient amount="6.0" name="Calcium"/><nutrient amount="0.386" name="Copper"/><nutrient amount="0.99" name="Iron"/><nutrient amount="22.0" name="Magnesium"/><nutrient amount="0.022" name="Manganese"/><nutrient amount="258.0" name="Phosphorus"/><nutrient amount="364.0" name="Potassium"/><nutrient amount="21.2" name="Selenium"/><nutrient amount="846.0" name="Sodium"/><nutrient amount="2.34" name="Zinc"/><nutrient amount="0.0" name="Vitamin A"/><nutrient amount="0.0" name="Retinol"/><nutrient amount="0.0" name="Alpha-carotene"/><nutrient amount="0.0" name="Beta-carotene"/><nutrient amount="0.0" name="Beta-cryptoxanthin"/><nutrient amount="0.0" name="Lycopene"/><nutrient amount="0.0" name="Lutein+Zeaxanthin"/><nutrient amount="0.0" name="Folate"/><nutrient amount="0.476" name="B1 (Thiamine)"/><nutrient amount="0.249" name="B2 (Riboflavin)"/><nutrient amount="6.97" name="B3 (Niacin)"/><nutrient amount="0.662" name="B5 (Pantothenic Acid)"/><nutrient amount="0.467" name="B6 (Pyridoxine)"/><nutrient amount="0.58" name="B12 (Cyanocobalamin)"/><nutrient amount="0.0" name="Vitamin C"/><nutrient amount="0.24" name="Vitamin E"/><nutrient amount="0.0" name="Beta Tocopherol"/><nutrient amount="0.0" name="Delta Tocopherol"/><nutrient amount="0.03" name="Gamma Tocopherol"/><nutrient amount="0.0" name="Vitamin K"/><nutrient amount="90.5" name="Choline"/><nutrient amount="0.981" name="Saturated"/><nutrient amount="1.24" name="Monounsaturated"/><nutrient amount="0.512" name="Polyunsaturated"/><nutrient amount="0.05" name="Omega-3"/><nutrient amount="0.879" name="Omega-6"/><nutrient amount="0.022" name="Trans-Fats"/><nutrient amount="61.0" name="Cholesterol"/><nutrient amount="1.401" name="ALA"/><nutrient amount="1.522" name="ARG"/><nutrient amount="2.075" name="ASP"/><nutrient amount="0.267" name="CYS"/><nutrient amount="3.405" name="GLU"/><nutrient amount="1.242" name="GLY"/><nutrient amount="1.036" name="HIS"/><nutrient amount="0.154" name="HYP"/><nutrient amount="1.074" name="ILE"/><nutrient amount="1.906" name="LEU"/><nutrient amount="2.01" name="LYS"/><nutrient amount="0.569" name="MET"/><nutrient amount="0.952" name="PHE"/><nutrient amount="1.021" name="PRO"/><nutrient amount="0.931" name="SER"/><nutrient amount="1.064" name="THR"/><nutrient amount="0.223" name="TRP"/><nutrient amount="0.772" name="TYR"/><nutrient amount="1.204" name="VAL"/></food>