<food uid="10932" fcf="9.0" pcf="4.0" name="Pork, cured, ham, rump, bone-in, separable lean only, unheated" ccf="4.0"><measure amount="1.0" name="oz" grams="28.35"/><measure amount="1.0" name="lb" grams="453.6"/><nutrient amount="125.0" name="Energy"/><nutrient amount="24.46" name="Protein"/><nutrient amount="0.32" name="Carbs"/><nutrient amount="0.0" name="Fiber"/><nutrient amount="0.0" name="Sugars"/><nutrient amount="2.92" name="Fat"/><nutrient amount="0.0" name="Alcohol"/><nutrient amount="0.0" name="Caffeine"/><nutrient amount="69.56" name="Water"/><nutrient amount="2.74" name="Ash"/><nutrient amount="7.0" name="Calcium"/><nutrient amount="0.868" name="Copper"/><nutrient amount="1.08" name="Iron"/><nutrient amount="24.0" name="Magnesium"/><nutrient amount="0.022" name="Manganese"/><nutrient amount="267.0" name="Phosphorus"/><nutrient amount="385.0" name="Potassium"/><nutrient amount="21.4" name="Selenium"/><nutrient amount="737.0" name="Sodium"/><nutrient amount="2.61" name="Zinc"/><nutrient amount="0.0" name="Vitamin A"/><nutrient amount="0.0" name="Retinol"/><nutrient amount="0.0" name="Alpha-carotene"/><nutrient amount="0.0" name="Beta-carotene"/><nutrient amount="0.0" name="Beta-cryptoxanthin"/><nutrient amount="0.0" name="Lycopene"/><nutrient amount="0.0" name="Lutein+Zeaxanthin"/><nutrient amount="1.0" name="Folate"/><nutrient amount="0.519" name="B1 (Thiamine)"/><nutrient amount="0.225" name="B2 (Riboflavin)"/><nutrient amount="6.987" name="B3 (Niacin)"/><nutrient amount="0.632" name="B5 (Pantothenic Acid)"/><nutrient amount="0.514" name="B6 (Pyridoxine)"/><nutrient amount="0.56" name="B12 (Cyanocobalamin)"/><nutrient amount="0.0" name="Vitamin C"/><nutrient amount="0.26" name="Vitamin E"/><nutrient amount="0.0" name="Beta Tocopherol"/><nutrient amount="0.0" name="Delta Tocopherol"/><nutrient amount="0.03" name="Gamma Tocopherol"/><nutrient amount="0.0" name="Vitamin K"/><nutrient amount="91.9" name="Choline"/><nutrient amount="0.874" name="Saturated"/><nutrient amount="1.017" name="Monounsaturated"/><nutrient amount="0.535" name="Polyunsaturated"/><nutrient amount="0.048" name="Omega-3"/><nutrient amount="0.923" name="Omega-6"/><nutrient amount="0.02" name="Trans-Fats"/><nutrient amount="63.0" name="Cholesterol"/><nutrient amount="1.44" name="ALA"/><nutrient amount="1.565" name="ARG"/><nutrient amount="2.133" name="ASP"/><nutrient amount="0.275" name="CYS"/><nutrient amount="3.5" name="GLU"/><nutrient amount="1.277" name="GLY"/><nutrient amount="1.065" name="HIS"/><nutrient amount="0.158" name="HYP"/><nutrient amount="1.104" name="ILE"/><nutrient amount="1.959" name="LEU"/><nutrient amount="2.066" name="LYS"/><nutrient amount="0.585" name="MET"/><nutrient amount="0.978" name="PHE"/><nutrient amount="1.05" name="PRO"/><nutrient amount="0.957" name="SER"/><nutrient amount="1.094" name="THR"/><nutrient amount="0.229" name="TRP"/><nutrient amount="0.794" name="TYR"/><nutrient amount="1.237" name="VAL"/></food>