<food uid="10931" fcf="9.0" pcf="4.0" name="Pork, cured, ham, rump, bone-in, separable lean only, heated, roasted" ccf="4.0"><measure amount="1.0" name="roast rump" grams="2874.0"/><nutrient amount="132.0" name="Energy"/><nutrient amount="26.02" name="Protein"/><nutrient amount="0.15" name="Carbs"/><nutrient amount="0.0" name="Fiber"/><nutrient amount="0.68" name="Sugars"/><nutrient amount="3.07" name="Fat"/><nutrient amount="0.0" name="Alcohol"/><nutrient amount="0.0" name="Caffeine"/><nutrient amount="67.68" name="Water"/><nutrient amount="3.09" name="Ash"/><nutrient amount="8.0" name="Calcium"/><nutrient amount="1.197" name="Copper"/><nutrient amount="1.59" name="Iron"/><nutrient amount="24.0" name="Magnesium"/><nutrient amount="0.029" name="Manganese"/><nutrient amount="275.0" name="Phosphorus"/><nutrient amount="394.0" name="Potassium"/><nutrient amount="24.5" name="Selenium"/><nutrient amount="846.0" name="Sodium"/><nutrient amount="3.16" name="Zinc"/><nutrient amount="0.0" name="Vitamin A"/><nutrient amount="0.0" name="Retinol"/><nutrient amount="0.0" name="Alpha-carotene"/><nutrient amount="0.0" name="Beta-carotene"/><nutrient amount="0.0" name="Beta-cryptoxanthin"/><nutrient amount="0.0" name="Lycopene"/><nutrient amount="0.0" name="Lutein+Zeaxanthin"/><nutrient amount="0.0" name="Folate"/><nutrient amount="0.566" name="B1 (Thiamine)"/><nutrient amount="0.31" name="B2 (Riboflavin)"/><nutrient amount="7.387" name="B3 (Niacin)"/><nutrient amount="0.745" name="B5 (Pantothenic Acid)"/><nutrient amount="0.479" name="B6 (Pyridoxine)"/><nutrient amount="0.65" name="B12 (Cyanocobalamin)"/><nutrient amount="0.0" name="Vitamin C"/><nutrient amount="0.33" name="Vitamin E"/><nutrient amount="0.0" name="Beta Tocopherol"/><nutrient amount="0.0" name="Delta Tocopherol"/><nutrient amount="0.03" name="Gamma Tocopherol"/><nutrient amount="0.0" name="Vitamin K"/><nutrient amount="105.2" name="Choline"/><nutrient amount="0.917" name="Saturated"/><nutrient amount="1.067" name="Monounsaturated"/><nutrient amount="0.562" name="Polyunsaturated"/><nutrient amount="0.052" name="Omega-3"/><nutrient amount="0.9690000000000001" name="Omega-6"/><nutrient amount="0.021" name="Trans-Fats"/><nutrient amount="71.0" name="Cholesterol"/><nutrient amount="1.532" name="ALA"/><nutrient amount="1.665" name="ARG"/><nutrient amount="2.269" name="ASP"/><nutrient amount="0.292" name="CYS"/><nutrient amount="3.723" name="GLU"/><nutrient amount="1.359" name="GLY"/><nutrient amount="1.133" name="HIS"/><nutrient amount="0.169" name="HYP"/><nutrient amount="1.174" name="ILE"/><nutrient amount="2.084" name="LEU"/><nutrient amount="2.198" name="LYS"/><nutrient amount="0.622" name="MET"/><nutrient amount="1.041" name="PHE"/><nutrient amount="1.117" name="PRO"/><nutrient amount="1.018" name="SER"/><nutrient amount="1.164" name="THR"/><nutrient amount="0.244" name="TRP"/><nutrient amount="0.844" name="TYR"/><nutrient amount="1.316" name="VAL"/></food>