<food uid="10933" fcf="9.0" pcf="4.0" name="Pork, cured, ham, shank, bone-in, separable lean only, heated, roasted" ccf="4.0"><measure amount="1.0" name="roast shank" grams="2800.0"/><nutrient amount="139.0" name="Energy"/><nutrient amount="26.49" name="Protein"/><nutrient amount="0.0" name="Carbs"/><nutrient amount="0.0" name="Fiber"/><nutrient amount="0.68" name="Sugars"/><nutrient amount="3.68" name="Fat"/><nutrient amount="0.0" name="Alcohol"/><nutrient amount="0.0" name="Caffeine"/><nutrient amount="67.46" name="Water"/><nutrient amount="2.88" name="Ash"/><nutrient amount="7.0" name="Calcium"/><nutrient amount="0.135" name="Copper"/><nutrient amount="1.54" name="Iron"/><nutrient amount="23.0" name="Magnesium"/><nutrient amount="0.027" name="Manganese"/><nutrient amount="269.0" name="Phosphorus"/><nutrient amount="378.0" name="Potassium"/><nutrient amount="24.4" name="Selenium"/><nutrient amount="828.0" name="Sodium"/><nutrient amount="2.78" name="Zinc"/><nutrient amount="0.0" name="Vitamin A"/><nutrient amount="0.0" name="Retinol"/><nutrient amount="0.0" name="Alpha-carotene"/><nutrient amount="0.0" name="Beta-carotene"/><nutrient amount="0.0" name="Beta-cryptoxanthin"/><nutrient amount="0.0" name="Lycopene"/><nutrient amount="0.0" name="Lutein+Zeaxanthin"/><nutrient amount="1.0" name="Folate"/><nutrient amount="0.484" name="B1 (Thiamine)"/><nutrient amount="0.326" name="B2 (Riboflavin)"/><nutrient amount="7.397" name="B3 (Niacin)"/><nutrient amount="0.68" name="B5 (Pantothenic Acid)"/><nutrient amount="0.472" name="B6 (Pyridoxine)"/><nutrient amount="0.61" name="B12 (Cyanocobalamin)"/><nutrient amount="0.0" name="Vitamin C"/><nutrient amount="0.33" name="Vitamin E"/><nutrient amount="0.0" name="Beta Tocopherol"/><nutrient amount="0.0" name="Delta Tocopherol"/><nutrient amount="0.03" name="Gamma Tocopherol"/><nutrient amount="0.0" name="Vitamin K"/><nutrient amount="106.0" name="Choline"/><nutrient amount="1.134" name="Saturated"/><nutrient amount="1.433" name="Monounsaturated"/><nutrient amount="0.592" name="Polyunsaturated"/><nutrient amount="0.058" name="Omega-3"/><nutrient amount="1.0170000000000001" name="Omega-6"/><nutrient amount="0.025" name="Trans-Fats"/><nutrient amount="70.0" name="Cholesterol"/><nutrient amount="1.56" name="ALA"/><nutrient amount="1.695" name="ARG"/><nutrient amount="2.31" name="ASP"/><nutrient amount="0.297" name="CYS"/><nutrient amount="3.791" name="GLU"/><nutrient amount="1.383" name="GLY"/><nutrient amount="1.154" name="HIS"/><nutrient amount="0.172" name="HYP"/><nutrient amount="1.196" name="ILE"/><nutrient amount="2.122" name="LEU"/><nutrient amount="2.238" name="LYS"/><nutrient amount="0.634" name="MET"/><nutrient amount="1.06" name="PHE"/><nutrient amount="1.137" name="PRO"/><nutrient amount="1.037" name="SER"/><nutrient amount="1.185" name="THR"/><nutrient amount="0.249" name="TRP"/><nutrient amount="0.859" name="TYR"/><nutrient amount="1.34" name="VAL"/></food>