<food fcf="8.37" pcf="2.44" uid="11535" name="Tomatoes, red, ripe, canned, wedges in tomato juice" ccf="3.57">
<measure amount="1.0" grams="261.0" name="cup"/>
<nutrient amount="26.0" name="Energy"/>
<nutrient amount="0.79" name="Protein"/>
<nutrient amount="6.31" name="Carbs"/>
<nutrient amount="1.4" name="Fiber"/>
<nutrient amount="3.72" name="Sugars"/>
<nutrient amount="0.16" name="Fat"/>
<nutrient amount="91.78" name="Water"/>
<nutrient amount="0.96" name="Ash"/>
<nutrient amount="0.023" name="ALA"/>
<nutrient amount="0.11" name="ASP"/>
<nutrient amount="0.019" name="ARG"/>
<nutrient amount="0.01" name="CYS"/>
<nutrient amount="0.293" name="GLU"/>
<nutrient amount="0.02" name="GLY"/>
<nutrient amount="0.012" name="HIS"/>
<nutrient amount="0.019" name="ILE"/>
<nutrient amount="0.029" name="LEU"/>
<nutrient amount="0.029" name="LYS"/>
<nutrient amount="0.0070" name="MET"/>
<nutrient amount="0.021" name="PHE"/>
<nutrient amount="0.015" name="PRO"/>
<nutrient amount="0.021" name="SER"/>
<nutrient amount="0.02" name="THR"/>
<nutrient amount="0.0060" name="TRP"/>
<nutrient amount="0.014" name="TYR"/>
<nutrient amount="0.02" name="VAL"/>
<nutrient amount="26.0" name="Calcium"/>
<nutrient amount="0.104" name="Copper"/>
<nutrient amount="0.46" name="Iron"/>
<nutrient amount="11.0" name="Magnesium"/>
<nutrient amount="0.165" name="Manganese"/>
<nutrient amount="23.0" name="Phosphorus"/>
<nutrient amount="251.0" name="Potassium"/>
<nutrient amount="0.5" name="Selenium"/>
<nutrient amount="217.0" name="Sodium"/>
<nutrient amount="0.16" name="Zinc"/>
<nutrient amount="169.0" name="Vitamin A"/>
<nutrient amount="102.0" name="Beta-carotene"/>
<nutrient amount="3923.0" name="Lycopene"/>
<nutrient amount="116.0" name="Lutein+Zeaxanthin"/>
<nutrient amount="10.0" name="Folate"/>
<nutrient amount="0.056" name="B1 (Thiamine)"/>
<nutrient amount="0.028" name="B2 (Riboflavin)"/>
<nutrient amount="0.675" name="B3 (Niacin)"/>
<nutrient amount="0.217" name="B5 (Pantothenic Acid)"/>
<nutrient amount="0.117" name="B6 (Pyridoxine)"/>
<nutrient amount="14.8" name="Vitamin C"/>
<nutrient amount="1.04" name="Vitamin E"/>
<nutrient amount="0.02" name="Beta Tocopherol"/>
<nutrient amount="0.07" name="Gamma Tocopherol"/>
<nutrient amount="4.1" name="Vitamin K"/>
<nutrient amount="0.023" name="Saturated"/>
<nutrient amount="0.024" name="Monounsaturated"/>
<nutrient amount="0.066" name="Polyunsaturated"/>
<nutrient amount="0.0030" name="Omega-3"/>
<nutrient amount="0.063" name="Omega-6"/>
</food>
