<food uid="16001" fcf="8.37" pcf="3.47" name="Beans, adzuki, mature seeds, raw" ccf="4.07"><measure amount="1.0" name="cup" grams="197.0"/><nutrient amount="329.0" name="Energy"/><nutrient amount="19.87" name="Protein"/><nutrient amount="62.9" name="Carbs"/><nutrient amount="12.7" name="Fiber"/><nutrient amount="0.53" name="Fat"/><nutrient amount="13.44" name="Water"/><nutrient amount="3.26" name="Ash"/><nutrient amount="66.0" name="Calcium"/><nutrient amount="1.094" name="Copper"/><nutrient amount="4.98" name="Iron"/><nutrient amount="127.0" name="Magnesium"/><nutrient amount="1.73" name="Manganese"/><nutrient amount="381.0" name="Phosphorus"/><nutrient amount="1254.0" name="Potassium"/><nutrient amount="3.1" name="Selenium"/><nutrient amount="5.0" name="Sodium"/><nutrient amount="5.04" name="Zinc"/><nutrient amount="17.0" name="Vitamin A"/><nutrient amount="0.0" name="Retinol"/><nutrient amount="622.0" name="Folate"/><nutrient amount="0.455" name="B1 (Thiamine)"/><nutrient amount="0.22" name="B2 (Riboflavin)"/><nutrient amount="2.63" name="B3 (Niacin)"/><nutrient amount="1.471" name="B5 (Pantothenic Acid)"/><nutrient amount="0.351" name="B6 (Pyridoxine)"/><nutrient amount="0.0" name="B12 (Cyanocobalamin)"/><nutrient amount="0.0" name="Vitamin C"/><nutrient amount="0.191" name="Saturated"/><nutrient amount="0.113" name="Omega-6"/><nutrient amount="0.0" name="Cholesterol"/><nutrient amount="76.0" name="Phytosterol"/><nutrient amount="1.16" name="ALA"/><nutrient amount="1.284" name="ARG"/><nutrient amount="2.355" name="ASP"/><nutrient amount="0.184" name="CYS"/><nutrient amount="3.099" name="GLU"/><nutrient amount="0.756" name="GLY"/><nutrient amount="0.524" name="HIS"/><nutrient amount="0.791" name="ILE"/><nutrient amount="1.668" name="LEU"/><nutrient amount="1.497" name="LYS"/><nutrient amount="0.21" name="MET"/><nutrient amount="1.052" name="PHE"/><nutrient amount="0.874" name="PRO"/><nutrient amount="0.976" name="SER"/><nutrient amount="0.674" name="THR"/><nutrient amount="0.191" name="TRP"/><nutrient amount="0.591" name="TYR"/><nutrient amount="1.023" name="VAL"/></food>