<food uid="16002" fcf="8.37" pcf="3.47" name="Beans, adzuki, mature seeds, cooked, boiled, without salt" ccf="4.07"><measure amount="1.0" name="cup" grams="230.0"/><nutrient amount="128.0" name="Energy"/><nutrient amount="7.52" name="Protein"/><nutrient amount="24.77" name="Carbs"/><nutrient amount="7.3" name="Fiber"/><nutrient amount="0.1" name="Fat"/><nutrient amount="66.29" name="Water"/><nutrient amount="1.33" name="Ash"/><nutrient amount="28.0" name="Calcium"/><nutrient amount="0.298" name="Copper"/><nutrient amount="2.0" name="Iron"/><nutrient amount="52.0" name="Magnesium"/><nutrient amount="0.573" name="Manganese"/><nutrient amount="168.0" name="Phosphorus"/><nutrient amount="532.0" name="Potassium"/><nutrient amount="1.2" name="Selenium"/><nutrient amount="8.0" name="Sodium"/><nutrient amount="1.77" name="Zinc"/><nutrient amount="6.0" name="Vitamin A"/><nutrient amount="0.0" name="Retinol"/><nutrient amount="121.0" name="Folate"/><nutrient amount="0.115" name="B1 (Thiamine)"/><nutrient amount="0.064" name="B2 (Riboflavin)"/><nutrient amount="0.717" name="B3 (Niacin)"/><nutrient amount="0.43" name="B5 (Pantothenic Acid)"/><nutrient amount="0.096" name="B6 (Pyridoxine)"/><nutrient amount="0.0" name="B12 (Cyanocobalamin)"/><nutrient amount="0.0" name="Vitamin C"/><nutrient amount="0.036" name="Saturated"/><nutrient amount="0.021" name="Omega-6"/><nutrient amount="0.0" name="Cholesterol"/><nutrient amount="0.439" name="ALA"/><nutrient amount="0.486" name="ARG"/><nutrient amount="0.891" name="ASP"/><nutrient amount="0.07" name="CYS"/><nutrient amount="1.173" name="GLU"/><nutrient amount="0.286" name="GLY"/><nutrient amount="0.198" name="HIS"/><nutrient amount="0.3" name="ILE"/><nutrient amount="0.632" name="LEU"/><nutrient amount="0.567" name="LYS"/><nutrient amount="0.079" name="MET"/><nutrient amount="0.398" name="PHE"/><nutrient amount="0.331" name="PRO"/><nutrient amount="0.369" name="SER"/><nutrient amount="0.255" name="THR"/><nutrient amount="0.072" name="TRP"/><nutrient amount="0.224" name="TYR"/><nutrient amount="0.387" name="VAL"/></food>