<food uid="16003" fcf="8.37" pcf="3.47" name="Beans, adzuki, mature seeds, canned, sweetened" ccf="4.07"><measure amount="1.0" name="cup" grams="296.0"/><nutrient amount="237.0" name="Energy"/><nutrient amount="3.8" name="Protein"/><nutrient amount="55.01" name="Carbs"/><nutrient amount="0.03" name="Fat"/><nutrient amount="40.58" name="Water"/><nutrient amount="0.58" name="Ash"/><nutrient amount="22.0" name="Calcium"/><nutrient amount="0.265" name="Copper"/><nutrient amount="1.13" name="Iron"/><nutrient amount="31.0" name="Magnesium"/><nutrient amount="0.504" name="Manganese"/><nutrient amount="74.0" name="Phosphorus"/><nutrient amount="119.0" name="Potassium"/><nutrient amount="3.2" name="Selenium"/><nutrient amount="218.0" name="Sodium"/><nutrient amount="1.56" name="Zinc"/><nutrient amount="5.0" name="Vitamin A"/><nutrient amount="0.0" name="Retinol"/><nutrient amount="107.0" name="Folate"/><nutrient amount="0.101" name="B1 (Thiamine)"/><nutrient amount="0.056" name="B2 (Riboflavin)"/><nutrient amount="0.631" name="B3 (Niacin)"/><nutrient amount="0.378" name="B5 (Pantothenic Acid)"/><nutrient amount="0.084" name="B6 (Pyridoxine)"/><nutrient amount="0.0" name="B12 (Cyanocobalamin)"/><nutrient amount="0.0" name="Vitamin C"/><nutrient amount="0.011" name="Saturated"/><nutrient amount="0.0060" name="Omega-6"/><nutrient amount="0.0" name="Cholesterol"/><nutrient amount="0.222" name="ALA"/><nutrient amount="0.246" name="ARG"/><nutrient amount="0.451" name="ASP"/><nutrient amount="0.035" name="CYS"/><nutrient amount="0.593" name="GLU"/><nutrient amount="0.145" name="GLY"/><nutrient amount="0.1" name="HIS"/><nutrient amount="0.151" name="ILE"/><nutrient amount="0.319" name="LEU"/><nutrient amount="0.286" name="LYS"/><nutrient amount="0.04" name="MET"/><nutrient amount="0.201" name="PHE"/><nutrient amount="0.167" name="PRO"/><nutrient amount="0.187" name="SER"/><nutrient amount="0.129" name="THR"/><nutrient amount="0.036" name="TRP"/><nutrient amount="0.113" name="TYR"/><nutrient amount="0.196" name="VAL"/></food>