<food fcf="9.0" pcf="4.0" uid="18485" name="Toaster Pastries, KELLOGG, KELLOGG'S POP TARTS, Milk chocolate" ccf="4.0">
<measure amount="1.0" grams="52.0" name="pastry"/>
<nutrient amount="395.0" name="Energy"/>
<nutrient amount="6.5" name="Protein"/>
<nutrient amount="68.5" name="Carbs"/>
<nutrient amount="1.5" name="Fiber"/>
<nutrient amount="34.6" name="Sugars"/>
<nutrient amount="11.2" name="Fat"/>
<nutrient amount="12.4" name="Water"/>
<nutrient amount="1.4" name="Ash"/>
<nutrient amount="38.0" name="Calcium"/>
<nutrient amount="0.1" name="Copper"/>
<nutrient amount="3.5" name="Iron"/>
<nutrient amount="23.0" name="Magnesium"/>
<nutrient amount="87.0" name="Phosphorus"/>
<nutrient amount="157.0" name="Potassium"/>
<nutrient amount="437.0" name="Sodium"/>
<nutrient amount="0.4" name="Zinc"/>
<nutrient amount="962.0" name="Vitamin A"/>
<nutrient amount="100.0" name="Folate"/>
<nutrient amount="0.3" name="B1 (Thiamine)"/>
<nutrient amount="0.3" name="B2 (Riboflavin)"/>
<nutrient amount="3.8" name="B3 (Niacin)"/>
<nutrient amount="0.4" name="B6 (Pyridoxine)"/>
<nutrient amount="2.9" name="Saturated"/>
<nutrient amount="6.2" name="Monounsaturated"/>
<nutrient amount="2.1" name="Polyunsaturated"/>
</food>
