<food fcf="9.0" pcf="4.0" uid="18498" name="KELLOGG, KELLOGG'S POP TARTS, Frosted Wild Watermelon" ccf="4.0">
<nutrient amount="388.0" name="Energy"/>
<nutrient amount="4.3" name="Protein"/>
<nutrient amount="72.9" name="Carbs"/>
<nutrient amount="1.0" name="Fiber"/>
<nutrient amount="38.8" name="Sugars"/>
<nutrient amount="9.2" name="Fat"/>
<nutrient amount="12.5" name="Water"/>
<nutrient amount="1.0" name="Ash"/>
<nutrient amount="213.0" name="Calcium"/>
<nutrient amount="3.3" name="Iron"/>
<nutrient amount="10.0" name="Magnesium"/>
<nutrient amount="49.0" name="Phosphorus"/>
<nutrient amount="82.0" name="Potassium"/>
<nutrient amount="311.0" name="Sodium"/>
<nutrient amount="0.3" name="Zinc"/>
<nutrient amount="926.0" name="Vitamin A"/>
<nutrient amount="100.0" name="Folate"/>
<nutrient amount="0.3" name="B1 (Thiamine)"/>
<nutrient amount="0.3" name="B2 (Riboflavin)"/>
<nutrient amount="3.7" name="B3 (Niacin)"/>
<nutrient amount="0.4" name="B6 (Pyridoxine)"/>
<nutrient amount="2.6" name="Saturated"/>
<nutrient amount="5.4" name="Monounsaturated"/>
<nutrient amount="1.3" name="Polyunsaturated"/>
</food>
