<food fcf="9.0" pcf="4.0" uid="18493" name="KELLOGG, KELLOGG'S LOW FAT POP TARTS, Cherry" ccf="4.0">
<measure amount="1.0" grams="52.0" name="pastry"/>
<nutrient amount="369.0" name="Energy"/>
<nutrient amount="4.5" name="Protein"/>
<nutrient amount="76.5" name="Carbs"/>
<nutrient amount="1.2" name="Fiber"/>
<nutrient amount="35.8" name="Sugars"/>
<nutrient amount="5.5" name="Fat"/>
<nutrient amount="12.5" name="Water"/>
<nutrient amount="1.0" name="Ash"/>
<nutrient amount="11.0" name="Calcium"/>
<nutrient amount="3.5" name="Iron"/>
<nutrient amount="9.0" name="Magnesium"/>
<nutrient amount="43.0" name="Phosphorus"/>
<nutrient amount="57.0" name="Potassium"/>
<nutrient amount="426.0" name="Sodium"/>
<nutrient amount="0.3" name="Zinc"/>
<nutrient amount="962.0" name="Vitamin A"/>
<nutrient amount="100.0" name="Folate"/>
<nutrient amount="0.3" name="B1 (Thiamine)"/>
<nutrient amount="0.3" name="B2 (Riboflavin)"/>
<nutrient amount="3.8" name="B3 (Niacin)"/>
<nutrient amount="0.4" name="B6 (Pyridoxine)"/>
<nutrient amount="1.2" name="Saturated"/>
<nutrient amount="3.0" name="Monounsaturated"/>
<nutrient amount="1.3" name="Polyunsaturated"/>
</food>
