<food fcf="9.0" pcf="4.0" uid="18503" name="LENDER'S Premium Refrigerated Blueberry Bagels" ccf="4.0">
<measure amount="1.0" grams="81.0" name="bagel (3&quot; dia)"/>
<nutrient amount="258.0" name="Energy"/>
<nutrient amount="10.43" name="Protein"/>
<nutrient amount="52.51" name="Carbs"/>
<nutrient amount="2.5" name="Fiber"/>
<nutrient amount="9.86" name="Sugars"/>
<nutrient amount="1.63" name="Fat"/>
<nutrient amount="33.76" name="Water"/>
<nutrient amount="1.65" name="Ash"/>
<nutrient amount="15.0" name="Calcium"/>
<nutrient amount="2.03" name="Iron"/>
<nutrient amount="162.0" name="Potassium"/>
<nutrient amount="505.0" name="Sodium"/>
<nutrient amount="74.0" name="Folate"/>
<nutrient amount="0.26" name="B1 (Thiamine)"/>
<nutrient amount="0.176" name="B2 (Riboflavin)"/>
<nutrient amount="2.0" name="B3 (Niacin)"/>
<nutrient amount="0.066" name="B6 (Pyridoxine)"/>
<nutrient amount="0.33" name="Saturated"/>
<nutrient amount="0.43" name="Monounsaturated"/>
<nutrient amount="0.53" name="Polyunsaturated"/>
</food>
