<food fcf="9.0" pcf="4.0" uid="18542" name="ARCHWAY Home Style Cookies, Peanut Jumble" ccf="4.0">
<measure amount="1.0" grams="24.0" name="serving"/>
<nutrient amount="484.0" name="Energy"/>
<nutrient amount="9.09" name="Protein"/>
<nutrient amount="55.6" name="Carbs"/>
<nutrient amount="3.0" name="Fiber"/>
<nutrient amount="27.67" name="Sugars"/>
<nutrient amount="25.89" name="Fat"/>
<nutrient amount="7.6" name="Water"/>
<nutrient amount="1.82" name="Ash"/>
<nutrient amount="31.0" name="Calcium"/>
<nutrient amount="4.1" name="Iron"/>
<nutrient amount="246.0" name="Potassium"/>
<nutrient amount="321.0" name="Sodium"/>
<nutrient amount="32.0" name="Vitamin A"/>
<nutrient amount="0.25" name="B1 (Thiamine)"/>
<nutrient amount="0.16" name="B2 (Riboflavin)"/>
<nutrient amount="4.4" name="B3 (Niacin)"/>
<nutrient amount="6.83" name="Saturated"/>
<nutrient amount="10.12" name="Monounsaturated"/>
<nutrient amount="4.42" name="Polyunsaturated"/>
<nutrient amount="17.0" name="Cholesterol"/>
</food>
