<food fcf="9.0" pcf="4.0" uid="18558" name="ARCHWAY Home Style Cookies, Iced Ginger Snaps" ccf="4.0">
<measure amount="1.0" grams="37.0" name="serving"/>
<nutrient amount="466.0" name="Energy"/>
<nutrient amount="3.66" name="Protein"/>
<nutrient amount="70.85" name="Carbs"/>
<nutrient amount="1.1" name="Fiber"/>
<nutrient amount="38.09" name="Sugars"/>
<nutrient amount="18.96" name="Fat"/>
<nutrient amount="4.6" name="Water"/>
<nutrient amount="1.94" name="Ash"/>
<nutrient amount="21.0" name="Calcium"/>
<nutrient amount="3.4" name="Iron"/>
<nutrient amount="68.0" name="Potassium"/>
<nutrient amount="356.0" name="Sodium"/>
<nutrient amount="67.0" name="Folate"/>
<nutrient amount="0.28" name="B1 (Thiamine)"/>
<nutrient amount="0.19" name="B2 (Riboflavin)"/>
<nutrient amount="2.45" name="B3 (Niacin)"/>
<nutrient amount="5.73" name="Saturated"/>
<nutrient amount="6.07" name="Monounsaturated"/>
<nutrient amount="2.17" name="Polyunsaturated"/>
</food>
