<food fcf="9.0" pcf="4.0" uid="18557" name="ARCHWAY Home Style Cookies, Fat Free Sugar Cookies" ccf="4.0">
<measure amount="1.0" grams="20.0" name="serving"/>
<nutrient amount="354.0" name="Energy"/>
<nutrient amount="4.4" name="Protein"/>
<nutrient amount="82.9" name="Carbs"/>
<nutrient amount="1.2" name="Fiber"/>
<nutrient amount="39.95" name="Sugars"/>
<nutrient amount="0.79" name="Fat"/>
<nutrient amount="10.39" name="Water"/>
<nutrient amount="1.52" name="Ash"/>
<nutrient amount="13.0" name="Calcium"/>
<nutrient amount="2.18" name="Iron"/>
<nutrient amount="58.0" name="Potassium"/>
<nutrient amount="402.0" name="Sodium"/>
<nutrient amount="76.0" name="Folate"/>
<nutrient amount="0.31" name="B1 (Thiamine)"/>
<nutrient amount="0.2" name="B2 (Riboflavin)"/>
<nutrient amount="2.52" name="B3 (Niacin)"/>
<nutrient amount="0.26" name="Saturated"/>
<nutrient amount="0.21" name="Monounsaturated"/>
<nutrient amount="0.33" name="Polyunsaturated"/>
</food>
