<food fcf="9.0" pcf="4.0" uid="18606" name="INTERSTATE BRANDS CORP, HOSTESS DING DONGS Chocolate Snack Cake, Creme Filling" ccf="4.0">
<measure amount="1.0" grams="80.0" name="serving"/>
<nutrient amount="460.0" name="Energy"/>
<nutrient amount="3.9" name="Protein"/>
<nutrient amount="56.7" name="Carbs"/>
<nutrient amount="2.3" name="Fiber"/>
<nutrient amount="40.5" name="Sugars"/>
<nutrient amount="24.2" name="Fat"/>
<nutrient amount="12.5" name="Water"/>
<nutrient amount="1.57" name="Ash"/>
<nutrient amount="4.0" name="Calcium"/>
<nutrient amount="2.3" name="Iron"/>
<nutrient amount="301.0" name="Sodium"/>
<nutrient amount="13.795" name="Saturated"/>
<nutrient amount="4.99" name="Monounsaturated"/>
<nutrient amount="1.498" name="Polyunsaturated"/>
<nutrient amount="0.153" name="Omega-3"/>
<nutrient amount="1.335" name="Omega-6"/>
<nutrient amount="17.0" name="Cholesterol"/>
</food>
