<food fcf="9.0" pcf="4.0" uid="18625" name="CPC FOOD SERVICE, OROWEAT Seasoned Dressing Mix, dry" ccf="4.0">
<measure amount="1.0" grams="30.0" name="serving"/>
<nutrient amount="357.0" name="Energy"/>
<nutrient amount="13.4" name="Protein"/>
<nutrient amount="71.9" name="Carbs"/>
<nutrient amount="4.7" name="Fiber"/>
<nutrient amount="1.8" name="Fat"/>
<nutrient amount="9.6" name="Water"/>
<nutrient amount="3.3" name="Ash"/>
<nutrient amount="140.0" name="Calcium"/>
<nutrient amount="5.24" name="Iron"/>
<nutrient amount="945.0" name="Sodium"/>
<nutrient amount="0.344" name="Saturated"/>
<nutrient amount="0.247" name="Monounsaturated"/>
<nutrient amount="0.667" name="Polyunsaturated"/>
<nutrient amount="0.038" name="Omega-3"/>
<nutrient amount="0.628" name="Omega-6"/>
</food>
