<food fcf="9.0" pcf="4.0" uid="19049" name="Snacks, M&amp;M MARS, COMBOS Snacks Cheddar Cheese Pretzel" ccf="4.0">
<measure amount="1.0" grams="28.35" name="oz"/>
<measure amount="10.0" grams="30.0" name="pieces"/>
<nutrient amount="463.0" name="Energy"/>
<nutrient amount="9.85" name="Protein"/>
<nutrient amount="66.5" name="Carbs"/>
<nutrient amount="16.92" name="Fat"/>
<nutrient amount="1.67" name="Water"/>
<nutrient amount="5.01" name="Ash"/>
<nutrient amount="197.0" name="Calcium"/>
<nutrient amount="0.119" name="Copper"/>
<nutrient amount="0.92" name="Iron"/>
<nutrient amount="22.0" name="Magnesium"/>
<nutrient amount="0.448" name="Manganese"/>
<nutrient amount="143.0" name="Phosphorus"/>
<nutrient amount="130.0" name="Potassium"/>
<nutrient amount="1117.0" name="Sodium"/>
<nutrient amount="0.73" name="Zinc"/>
<nutrient amount="67.0" name="Vitamin A"/>
<nutrient amount="1.0" name="Retinol"/>
<nutrient amount="8.0" name="Folate"/>
<nutrient amount="0.3" name="B1 (Thiamine)"/>
<nutrient amount="0.557" name="B2 (Riboflavin)"/>
<nutrient amount="3.183" name="B3 (Niacin)"/>
<nutrient amount="0.481" name="B5 (Pantothenic Acid)"/>
<nutrient amount="0.046" name="B6 (Pyridoxine)"/>
<nutrient amount="0.12" name="B12 (Cyanocobalamin)"/>
<nutrient amount="5.0" name="Cholesterol"/>
</food>
