<food fcf="8.6" pcf="3.8" uid="19158" name="Candies, NESTLE, DEMET'S TURTLES Candy" ccf="3.8">
<measure amount="1.0" grams="170.0" name="package (6 oz)"/>
<measure amount="1.0" grams="17.0" name="piece"/>
<nutrient amount="485.0" name="Energy"/>
<nutrient amount="6.4" name="Protein"/>
<nutrient amount="58.0" name="Carbs"/>
<nutrient amount="27.8" name="Fat"/>
<nutrient amount="6.1" name="Water"/>
<nutrient amount="1.4" name="Ash"/>
<nutrient amount="158.0" name="Calcium"/>
<nutrient amount="1.36" name="Iron"/>
<nutrient amount="52.0" name="Magnesium"/>
<nutrient amount="308.0" name="Potassium"/>
<nutrient amount="94.0" name="Sodium"/>
<nutrient amount="163.0" name="Vitamin A"/>
<nutrient amount="0.15" name="B1 (Thiamine)"/>
<nutrient amount="0.24" name="B2 (Riboflavin)"/>
<nutrient amount="0.34" name="B3 (Niacin)"/>
<nutrient amount="10.84" name="Saturated"/>
<nutrient amount="11.08" name="Monounsaturated"/>
<nutrient amount="4.65" name="Polyunsaturated"/>
<nutrient amount="0.21" name="Omega-3"/>
<nutrient amount="4.44" name="Omega-6"/>
<nutrient amount="22.0" name="Cholesterol"/>
</food>
