<food fcf="9.0" pcf="4.0" uid="19242" name="Candies, REESE'S CRUNCHY COOKIE CUPS" ccf="4.0">
<measure amount="1.0" grams="17.0" name="package .6 oz"/>
<measure amount="1.0" grams="20.0" name="package .72 oz"/>
<measure amount="1.0" grams="40.0" name="package 1.44 oz,  2 cups"/>
<measure amount="5.0" grams="39.0" name="pieces minitures"/>
<nutrient amount="507.0" name="Energy"/>
<nutrient amount="8.47" name="Protein"/>
<nutrient amount="59.6" name="Carbs"/>
<nutrient amount="3.2" name="Fiber"/>
<nutrient amount="48.73" name="Sugars"/>
<nutrient amount="28.16" name="Fat"/>
<nutrient amount="1.02" name="Water"/>
<nutrient amount="1.84" name="Ash"/>
<nutrient amount="79.0" name="Calcium"/>
<nutrient amount="0.16" name="Copper"/>
<nutrient amount="1.23" name="Iron"/>
<nutrient amount="41.0" name="Magnesium"/>
<nutrient amount="132.0" name="Phosphorus"/>
<nutrient amount="339.0" name="Potassium"/>
<nutrient amount="0.3" name="Selenium"/>
<nutrient amount="262.0" name="Sodium"/>
<nutrient amount="0.7" name="Zinc"/>
<nutrient amount="71.0" name="Vitamin A"/>
<nutrient amount="38.0" name="Folate"/>
<nutrient amount="0.14" name="B1 (Thiamine)"/>
<nutrient amount="0.13" name="B2 (Riboflavin)"/>
<nutrient amount="3.09" name="B3 (Niacin)"/>
<nutrient amount="0.3" name="B5 (Pantothenic Acid)"/>
<nutrient amount="0.05" name="B6 (Pyridoxine)"/>
<nutrient amount="0.6" name="Vitamin C"/>
<nutrient amount="11.56" name="Saturated"/>
<nutrient amount="9.73" name="Monounsaturated"/>
<nutrient amount="3.99" name="Polyunsaturated"/>
<nutrient amount="0.17" name="Trans-Fats"/>
<nutrient amount="7.0" name="Cholesterol"/>
</food>
