<food fcf="9.0" pcf="4.0" uid="19253" name="Candies, HERSHEY, Crispy Rice Snacks Peanut Butter" ccf="4.0">
<nutrient amount="443.0" name="Energy"/>
<nutrient amount="6.46" name="Protein"/>
<nutrient amount="71.0" name="Carbs"/>
<nutrient amount="2.1" name="Fiber"/>
<nutrient amount="32.45" name="Sugars"/>
<nutrient amount="15.86" name="Fat"/>
<nutrient amount="3.88" name="Water"/>
<nutrient amount="2.71" name="Ash"/>
<nutrient amount="344.0" name="Calcium"/>
<nutrient amount="0.11" name="Copper"/>
<nutrient amount="5.17" name="Iron"/>
<nutrient amount="28.0" name="Magnesium"/>
<nutrient amount="102.0" name="Phosphorus"/>
<nutrient amount="185.0" name="Potassium"/>
<nutrient amount="406.0" name="Sodium"/>
<nutrient amount="0.49" name="Zinc"/>
<nutrient amount="1248.0" name="Vitamin A"/>
<nutrient amount="119.0" name="Folate"/>
<nutrient amount="0.43" name="B1 (Thiamine)"/>
<nutrient amount="0.45" name="B2 (Riboflavin)"/>
<nutrient amount="6.9" name="B3 (Niacin)"/>
<nutrient amount="0.21" name="B5 (Pantothenic Acid)"/>
<nutrient amount="0.53" name="B6 (Pyridoxine)"/>
<nutrient amount="14.9" name="Vitamin C"/>
<nutrient amount="5.28" name="Saturated"/>
<nutrient amount="6.02" name="Monounsaturated"/>
<nutrient amount="2.97" name="Polyunsaturated"/>
<nutrient amount="3.0" name="Cholesterol"/>
</food>
