<food fcf="9.0" pcf="4.0" uid="19282" name="Candies, SWEET ESCAPES Triple Chocolate Wafer Bars" ccf="4.0">
<measure amount="1.0" grams="19.0" name="bar"/>
<nutrient amount="430.0" name="Energy"/>
<nutrient amount="4.66" name="Protein"/>
<nutrient amount="73.29" name="Carbs"/>
<nutrient amount="4.1" name="Fiber"/>
<nutrient amount="57.89" name="Sugars"/>
<nutrient amount="13.16" name="Fat"/>
<nutrient amount="6.82" name="Water"/>
<nutrient amount="2.07" name="Ash"/>
<nutrient amount="526.0" name="Calcium"/>
<nutrient amount="0.52" name="Copper"/>
<nutrient amount="2.24" name="Iron"/>
<nutrient amount="65.0" name="Magnesium"/>
<nutrient amount="0.576" name="Manganese"/>
<nutrient amount="133.0" name="Phosphorus"/>
<nutrient amount="355.0" name="Potassium"/>
<nutrient amount="6.2" name="Selenium"/>
<nutrient amount="158.0" name="Sodium"/>
<nutrient amount="1.17" name="Zinc"/>
<nutrient amount="36.0" name="Vitamin A"/>
<nutrient amount="10.0" name="Retinol"/>
<nutrient amount="6.0" name="Lutein+Zeaxanthin"/>
<nutrient amount="9.0" name="Folate"/>
<nutrient amount="0.048" name="B1 (Thiamine)"/>
<nutrient amount="0.127" name="B2 (Riboflavin)"/>
<nutrient amount="0.462" name="B3 (Niacin)"/>
<nutrient amount="0.184" name="B5 (Pantothenic Acid)"/>
<nutrient amount="0.025" name="B6 (Pyridoxine)"/>
<nutrient amount="0.14" name="B12 (Cyanocobalamin)"/>
<nutrient amount="0.88" name="Vitamin E"/>
<nutrient amount="2.8" name="Vitamin K"/>
<nutrient amount="7.895" name="Saturated"/>
<nutrient amount="2.312" name="Monounsaturated"/>
<nutrient amount="1.249" name="Polyunsaturated"/>
<nutrient amount="0.062" name="Omega-3"/>
<nutrient amount="1.187" name="Omega-6"/>
</food>
