<food fcf="9.0" pcf="4.0" uid="21231" name="McDOANLD'S, CHICKEN McGRILL Sandwich" ccf="4.0">
<measure amount="1.0" grams="213.0" name="item"/>
<nutrient amount="190.0" name="Energy"/>
<nutrient amount="13.05" name="Protein"/>
<nutrient amount="17.22" name="Carbs"/>
<nutrient amount="1.3" name="Fiber"/>
<nutrient amount="3.35" name="Sugars"/>
<nutrient amount="7.87" name="Fat"/>
<nutrient amount="60.06" name="Water"/>
<nutrient amount="1.8" name="Ash"/>
<nutrient amount="67.0" name="Calcium"/>
<nutrient amount="0.07" name="Copper"/>
<nutrient amount="1.38" name="Iron"/>
<nutrient amount="23.0" name="Magnesium"/>
<nutrient amount="0.2" name="Manganese"/>
<nutrient amount="171.0" name="Phosphorus"/>
<nutrient amount="239.0" name="Potassium"/>
<nutrient amount="472.0" name="Sodium"/>
<nutrient amount="0.56" name="Zinc"/>
<nutrient amount="147.0" name="Vitamin A"/>
<nutrient amount="50.0" name="Folate"/>
<nutrient amount="0.155" name="B1 (Thiamine)"/>
<nutrient amount="0.258" name="B2 (Riboflavin)"/>
<nutrient amount="6.901" name="B3 (Niacin)"/>
<nutrient amount="0.12" name="B12 (Cyanocobalamin)"/>
<nutrient amount="2.3" name="Vitamin C"/>
<nutrient amount="1.127" name="Saturated"/>
<nutrient amount="1.652" name="Monounsaturated"/>
<nutrient amount="3.229" name="Polyunsaturated"/>
<nutrient amount="0.088" name="Trans-Fats"/>
<nutrient amount="33.0" name="Cholesterol"/>
</food>
