<food fcf="9.0" pcf="4.0" uid="21230" name="McDONALD'S, Crispy Chicken Sandwich" ccf="4.0">
<measure amount="1.0" grams="219.0" name="item"/>
<nutrient amount="230.0" name="Energy"/>
<nutrient amount="11.01" name="Protein"/>
<nutrient amount="21.87" name="Carbs"/>
<nutrient amount="1.3" name="Fiber"/>
<nutrient amount="3.02" name="Sugars"/>
<nutrient amount="11.43" name="Fat"/>
<nutrient amount="53.85" name="Water"/>
<nutrient amount="1.83" name="Ash"/>
<nutrient amount="65.0" name="Calcium"/>
<nutrient amount="0.075" name="Copper"/>
<nutrient amount="1.3" name="Iron"/>
<nutrient amount="22.0" name="Magnesium"/>
<nutrient amount="0.255" name="Manganese"/>
<nutrient amount="144.0" name="Phosphorus"/>
<nutrient amount="199.0" name="Potassium"/>
<nutrient amount="498.0" name="Sodium"/>
<nutrient amount="0.54" name="Zinc"/>
<nutrient amount="143.0" name="Vitamin A"/>
<nutrient amount="55.0" name="Folate"/>
<nutrient amount="0.174" name="B1 (Thiamine)"/>
<nutrient amount="0.258" name="B2 (Riboflavin)"/>
<nutrient amount="5.162" name="B3 (Niacin)"/>
<nutrient amount="0.12" name="B12 (Cyanocobalamin)"/>
<nutrient amount="2.0" name="Vitamin C"/>
<nutrient amount="1.92" name="Saturated"/>
<nutrient amount="2.871" name="Monounsaturated"/>
<nutrient amount="4.816" name="Polyunsaturated"/>
<nutrient amount="0.618" name="Trans-Fats"/>
<nutrient amount="22.0" name="Cholesterol"/>
</food>
