<food fcf="9.0" pcf="4.0" uid="21367" name="McDOANLD'S Chicken McGRILL Sandwich (without mayonnaise)" ccf="4.0">
<measure amount="1.0" grams="199.0" name="item"/>
<nutrient amount="150.0" name="Energy"/>
<nutrient amount="13.88" name="Protein"/>
<nutrient amount="18.18" name="Carbs"/>
<nutrient amount="1.4" name="Fiber"/>
<nutrient amount="3.51" name="Sugars"/>
<nutrient amount="2.46" name="Fat"/>
<nutrient amount="63.58" name="Water"/>
<nutrient amount="1.89" name="Ash"/>
<nutrient amount="71.0" name="Calcium"/>
<nutrient amount="0.072" name="Copper"/>
<nutrient amount="1.45" name="Iron"/>
<nutrient amount="25.0" name="Magnesium"/>
<nutrient amount="0.212" name="Manganese"/>
<nutrient amount="180.0" name="Phosphorus"/>
<nutrient amount="254.0" name="Potassium"/>
<nutrient amount="471.0" name="Sodium"/>
<nutrient amount="0.58" name="Zinc"/>
<nutrient amount="153.0" name="Vitamin A"/>
<nutrient amount="51.0" name="Folate"/>
<nutrient amount="0.165" name="B1 (Thiamine)"/>
<nutrient amount="0.272" name="B2 (Riboflavin)"/>
<nutrient amount="7.386" name="B3 (Niacin)"/>
<nutrient amount="0.1" name="B12 (Cyanocobalamin)"/>
<nutrient amount="2.4" name="Vitamin C"/>
<nutrient amount="0.32" name="Saturated"/>
<nutrient amount="0.499" name="Monounsaturated"/>
<nutrient amount="0.223" name="Polyunsaturated"/>
<nutrient amount="0.073" name="Trans-Fats"/>
<nutrient amount="30.0" name="Cholesterol"/>
</food>
