<food fcf="9.0" pcf="4.0" uid="22361" name="SUNNY FRESH, Pre-Cooked Frozen Egg, Ham and Cheese Biscuit Sandwich" ccf="4.0">
<measure amount="1.0" grams="120.0" name="serving"/>
<nutrient amount="202.0" name="Energy"/>
<nutrient amount="10.17" name="Protein"/>
<nutrient amount="20.94" name="Carbs"/>
<nutrient amount="0.1" name="Fiber"/>
<nutrient amount="1.77" name="Sugars"/>
<nutrient amount="8.06" name="Fat"/>
<nutrient amount="58.0" name="Water"/>
<nutrient amount="2.92" name="Ash"/>
<nutrient amount="88.0" name="Calcium"/>
<nutrient amount="0.0060" name="Copper"/>
<nutrient amount="2.03" name="Iron"/>
<nutrient amount="3.0" name="Magnesium"/>
<nutrient amount="0.0060" name="Manganese"/>
<nutrient amount="45.0" name="Phosphorus"/>
<nutrient amount="39.0" name="Potassium"/>
<nutrient amount="602.0" name="Sodium"/>
<nutrient amount="0.27" name="Zinc"/>
<nutrient amount="177.0" name="Vitamin A"/>
<nutrient amount="0.198" name="B1 (Thiamine)"/>
<nutrient amount="0.26" name="B2 (Riboflavin)"/>
<nutrient amount="1.681" name="B3 (Niacin)"/>
<nutrient amount="0.288" name="B5 (Pantothenic Acid)"/>
<nutrient amount="0.032" name="B6 (Pyridoxine)"/>
<nutrient amount="0.24" name="B12 (Cyanocobalamin)"/>
<nutrient amount="0.1" name="Vitamin C"/>
<nutrient amount="2.187" name="Saturated"/>
<nutrient amount="1.02" name="Monounsaturated"/>
<nutrient amount="3.129" name="Polyunsaturated"/>
<nutrient amount="0.24" name="Omega-3"/>
<nutrient amount="2.8920000000000003" name="Omega-6"/>
<nutrient amount="95.0" name="Cholesterol"/>
</food>
