<food fcf="9.0" pcf="4.0" uid="22363" name="SUNNY FRESH, Breakfast &quot;Stuff-Its&quot;, Pre-Cooked Frozen Egg and Cheese Pockets" ccf="4.0">
<measure amount="1.0" grams="64.0" name="serving"/>
<nutrient amount="230.0" name="Energy"/>
<nutrient amount="10.63" name="Protein"/>
<nutrient amount="22.99" name="Carbs"/>
<nutrient amount="1.5" name="Fiber"/>
<nutrient amount="1.76" name="Sugars"/>
<nutrient amount="11.94" name="Fat"/>
<nutrient amount="53.7" name="Water"/>
<nutrient amount="1.56" name="Ash"/>
<nutrient amount="98.0" name="Calcium"/>
<nutrient amount="0.0080" name="Copper"/>
<nutrient amount="1.47" name="Iron"/>
<nutrient amount="4.0" name="Magnesium"/>
<nutrient amount="0.0080" name="Manganese"/>
<nutrient amount="60.0" name="Phosphorus"/>
<nutrient amount="48.0" name="Potassium"/>
<nutrient amount="364.0" name="Sodium"/>
<nutrient amount="0.36" name="Zinc"/>
<nutrient amount="344.0" name="Vitamin A"/>
<nutrient amount="0.19" name="B1 (Thiamine)"/>
<nutrient amount="0.31" name="B2 (Riboflavin)"/>
<nutrient amount="2.284" name="B3 (Niacin)"/>
<nutrient amount="0.41" name="B5 (Pantothenic Acid)"/>
<nutrient amount="0.045" name="B6 (Pyridoxine)"/>
<nutrient amount="0.33" name="B12 (Cyanocobalamin)"/>
<nutrient amount="4.79" name="Saturated"/>
<nutrient amount="1.411" name="Monounsaturated"/>
<nutrient amount="0.939" name="Polyunsaturated"/>
<nutrient amount="0.10300000000000001" name="Omega-3"/>
<nutrient amount="0.834" name="Omega-6"/>
<nutrient amount="146.0" name="Cholesterol"/>
</food>
