<food fcf="9.0" pcf="4.0" uid="22541" name="WEIGHT WATCHERS ON-THE-GO Chicken, Broccoli and Cheddar Pocket Sandwich, frozen" ccf="4.0">
<measure amount="1.0" grams="141.0" name="package yields"/>
<measure amount="1.0" grams="141.0" name="serving"/>
<nutrient amount="189.0" name="Energy"/>
<nutrient amount="9.5" name="Protein"/>
<nutrient amount="28.1" name="Carbs"/>
<nutrient amount="4.3" name="Fat"/>
<nutrient amount="56.8" name="Water"/>
<nutrient amount="1.3" name="Ash"/>
<nutrient amount="65.0" name="Calcium"/>
<nutrient amount="275.0" name="Sodium"/>
<nutrient amount="167.0" name="Vitamin A"/>
<nutrient amount="100.0" name="Beta-carotene"/>
<nutrient amount="1.28" name="Saturated"/>
<nutrient amount="1.62" name="Monounsaturated"/>
<nutrient amount="0.696" name="Polyunsaturated"/>
<nutrient amount="10.0" name="Cholesterol"/>
</food>
