<food fcf="9.0" pcf="4.0" uid="22609" name="STOUFFER'S LEAN CUISINE LUNCH EXPRESS Rice and Chicken Stir-Fry with Vegetables, frozen entree" ccf="4.0">
<measure amount="1.0" grams="255.0" name="package yields"/>
<measure amount="1.0" grams="255.0" name="serving"/>
<nutrient amount="106.0" name="Energy"/>
<nutrient amount="4.6" name="Protein"/>
<nutrient amount="15.5" name="Carbs"/>
<nutrient amount="2.3" name="Fiber"/>
<nutrient amount="2.9" name="Fat"/>
<nutrient amount="76.0" name="Water"/>
<nutrient amount="1.0" name="Ash"/>
<nutrient amount="248.0" name="Sodium"/>
<nutrient amount="2067.0" name="Vitamin A"/>
<nutrient amount="1240.0" name="Beta-carotene"/>
<nutrient amount="9.3" name="Vitamin C"/>
<nutrient amount="0.364" name="Saturated"/>
<nutrient amount="1.36" name="Monounsaturated"/>
<nutrient amount="0.792" name="Polyunsaturated"/>
<nutrient amount="10.0" name="Cholesterol"/>
</food>
