<food fcf="9.0" pcf="4.0" uid="22617" name="THE BUDGET GOURMET LIGHT French Recipe Chicken; Vegetables, Chicken Breast and Potatoes in Red Wine Sauce, frozen entree" ccf="4.0">
<measure amount="1.0" grams="255.0" name="package yields"/>
<measure amount="1.0" grams="255.0" name="serving"/>
<nutrient amount="70.0" name="Energy"/>
<nutrient amount="9.0" name="Protein"/>
<nutrient amount="3.6" name="Carbs"/>
<nutrient amount="2.4" name="Fiber"/>
<nutrient amount="2.2" name="Fat"/>
<nutrient amount="83.9" name="Water"/>
<nutrient amount="1.3" name="Ash"/>
<nutrient amount="339.0" name="Sodium"/>
<nutrient amount="900.0" name="Vitamin A"/>
<nutrient amount="540.0" name="Beta-carotene"/>
<nutrient amount="0.567" name="Saturated"/>
<nutrient amount="1.06" name="Monounsaturated"/>
<nutrient amount="0.189" name="Polyunsaturated"/>
<nutrient amount="10.0" name="Cholesterol"/>
</food>
