<food fcf="9.0" pcf="4.0" uid="22674" name="CHUN KING Sweet &amp; Sour Vegetables Fruit &amp; Sauce with Chicken, canned entree" ccf="4.0">
<measure amount="1.0" grams="254.0" name="serving"/>
<nutrient amount="65.0" name="Energy"/>
<nutrient amount="2.3" name="Protein"/>
<nutrient amount="12.5" name="Carbs"/>
<nutrient amount="0.7" name="Fat"/>
<nutrient amount="84.5" name="Water"/>
<nutrient amount="222.0" name="Sodium"/>
<nutrient amount="11.9" name="Vitamin C"/>
<nutrient amount="9.0" name="Cholesterol"/>
</food>
