<food fcf="9.0" pcf="4.0" uid="22909" name="Lasagna, cheese, frozen entree" ccf="4.0">
<nutrient amount="124.0" name="Energy"/>
<nutrient amount="6.37" name="Protein"/>
<nutrient amount="13.53" name="Carbs"/>
<nutrient amount="8.88" name="Starch"/>
<nutrient amount="3.93" name="Sugars"/>
<nutrient amount="4.98" name="Fat"/>
<nutrient amount="73.72" name="Water"/>
<nutrient amount="1.4" name="Ash"/>
<nutrient amount="113.0" name="Calcium"/>
<nutrient amount="0.108" name="Copper"/>
<nutrient amount="0.68" name="Iron"/>
<nutrient amount="20.0" name="Magnesium"/>
<nutrient amount="0.165" name="Manganese"/>
<nutrient amount="105.0" name="Phosphorus"/>
<nutrient amount="160.0" name="Potassium"/>
<nutrient amount="22.1" name="Selenium"/>
<nutrient amount="275.0" name="Sodium"/>
<nutrient amount="0.89" name="Zinc"/>
<nutrient amount="20.0" name="Folate"/>
<nutrient amount="0.113" name="B1 (Thiamine)"/>
<nutrient amount="0.144" name="B2 (Riboflavin)"/>
<nutrient amount="1.152" name="B3 (Niacin)"/>
<nutrient amount="0.19" name="B5 (Pantothenic Acid)"/>
<nutrient amount="0.062" name="B6 (Pyridoxine)"/>
<nutrient amount="0.61" name="B12 (Cyanocobalamin)"/>
<nutrient amount="17.0" name="Vitamin C"/>
<nutrient amount="0.84" name="Vitamin E"/>
<nutrient amount="0.02" name="Beta Tocopherol"/>
<nutrient amount="0.09" name="Delta Tocopherol"/>
<nutrient amount="0.66" name="Gamma Tocopherol"/>
<nutrient amount="5.2" name="Vitamin K"/>
<nutrient amount="1.916" name="Saturated"/>
<nutrient amount="1.47" name="Monounsaturated"/>
<nutrient amount="0.938" name="Polyunsaturated"/>
<nutrient amount="0.062" name="Omega-3"/>
<nutrient amount="0.876" name="Omega-6"/>
<nutrient amount="12.0" name="Cholesterol"/>
</food>
