<food fcf="9.0" pcf="4.0" uid="42183" name="Candies, M&amp;M MARS, TWIX chocolate fudge cookie bars" ccf="4.0">
<nutrient amount="550.0" name="Energy"/>
<nutrient amount="7.3" name="Protein"/>
<nutrient amount="56.0" name="Carbs"/>
<nutrient amount="3.0" name="Fiber"/>
<nutrient amount="53.0" name="Sugars"/>
<nutrient amount="33.3" name="Fat"/>
<nutrient amount="2.2" name="Water"/>
<nutrient amount="1.2" name="Ash"/>
<nutrient amount="130.0" name="Calcium"/>
<nutrient amount="0.293" name="Copper"/>
<nutrient amount="1.31" name="Iron"/>
<nutrient amount="46.0" name="Magnesium"/>
<nutrient amount="147.0" name="Phosphorus"/>
<nutrient amount="309.0" name="Potassium"/>
<nutrient amount="7.0" name="Selenium"/>
<nutrient amount="266.0" name="Sodium"/>
<nutrient amount="0.92" name="Zinc"/>
<nutrient amount="34.0" name="Vitamin A"/>
<nutrient amount="9.0" name="Retinol"/>
<nutrient amount="4.0" name="Lutein+Zeaxanthin"/>
<nutrient amount="9.0" name="Folate"/>
<nutrient amount="0.14" name="B1 (Thiamine)"/>
<nutrient amount="0.2" name="B2 (Riboflavin)"/>
<nutrient amount="1.11" name="B3 (Niacin)"/>
<nutrient amount="0.04" name="B6 (Pyridoxine)"/>
<nutrient amount="0.33" name="B12 (Cyanocobalamin)"/>
<nutrient amount="1.0" name="Vitamin C"/>
<nutrient amount="2.71" name="Vitamin E"/>
<nutrient amount="18.6" name="Vitamin K"/>
<nutrient amount="4.962" name="Saturated"/>
<nutrient amount="14.319" name="Monounsaturated"/>
<nutrient amount="12.521" name="Polyunsaturated"/>
<nutrient amount="0.866" name="Omega-3"/>
<nutrient amount="11.622" name="Omega-6"/>
<nutrient amount="6.0" name="Cholesterol"/>
</food>
