<food fcf="9.0" pcf="4.0" uid="42271" name="Snacks, popcorn, oil-popped, low fat" ccf="4.0">
<nutrient amount="425.0" name="Energy"/>
<nutrient amount="12.6" name="Protein"/>
<nutrient amount="72.2" name="Carbs"/>
<nutrient amount="14.2" name="Fiber"/>
<nutrient amount="0.69" name="Sugars"/>
<nutrient amount="9.5" name="Fat"/>
<nutrient amount="2.8" name="Water"/>
<nutrient amount="2.9" name="Ash"/>
<nutrient amount="11.0" name="Calcium"/>
<nutrient amount="0.545" name="Copper"/>
<nutrient amount="2.28" name="Iron"/>
<nutrient amount="151.0" name="Magnesium"/>
<nutrient amount="264.0" name="Phosphorus"/>
<nutrient amount="241.0" name="Potassium"/>
<nutrient amount="8.6" name="Selenium"/>
<nutrient amount="884.0" name="Sodium"/>
<nutrient amount="3.83" name="Zinc"/>
<nutrient amount="187.0" name="Vitamin A"/>
<nutrient amount="55.0" name="Alpha-carotene"/>
<nutrient amount="84.0" name="Beta-carotene"/>
<nutrient amount="1380.0" name="Lutein+Zeaxanthin"/>
<nutrient amount="17.0" name="Folate"/>
<nutrient amount="0.35" name="B1 (Thiamine)"/>
<nutrient amount="0.11" name="B2 (Riboflavin)"/>
<nutrient amount="2.07" name="B3 (Niacin)"/>
<nutrient amount="0.17" name="B6 (Pyridoxine)"/>
<nutrient amount="0.82" name="Vitamin E"/>
<nutrient amount="1.4" name="Vitamin K"/>
<nutrient amount="1.415" name="Saturated"/>
<nutrient amount="4.085" name="Monounsaturated"/>
<nutrient amount="3.572" name="Polyunsaturated"/>
<nutrient amount="0.247" name="Omega-3"/>
<nutrient amount="3.315" name="Omega-6"/>
</food>
