<food fcf="8.79" pcf="4.27" uid="01006" name="Cheese, brie" ccf="3.87">
<measure amount="1.0" grams="240.0" name="cup, melted"/>
<measure amount="1.0" grams="144.0" name="cup, sliced"/>
<measure amount="1.0" grams="28.35" name="oz"/>
<measure amount="1.0" grams="17.0" name="cubic inch"/>
<measure amount="1.0" grams="128.0" name="package (4.5 oz)"/>
<nutrient amount="334.0" name="Energy"/>
<nutrient amount="20.75" name="Protein"/>
<nutrient amount="0.45" name="Carbs"/>
<nutrient amount="0.45" name="Sugars"/>
<nutrient amount="27.68" name="Fat"/>
<nutrient amount="48.42" name="Water"/>
<nutrient amount="2.7" name="Ash"/>
<nutrient amount="0.859" name="ALA"/>
<nutrient amount="1.35" name="ASP"/>
<nutrient amount="0.735" name="ARG"/>
<nutrient amount="0.114" name="CYS"/>
<nutrient amount="4.387" name="GLU"/>
<nutrient amount="0.397" name="GLY"/>
<nutrient amount="0.716" name="HIS"/>
<nutrient amount="1.015" name="ILE"/>
<nutrient amount="1.929" name="LEU"/>
<nutrient amount="1.851" name="LYS"/>
<nutrient amount="0.592" name="MET"/>
<nutrient amount="1.158" name="PHE"/>
<nutrient amount="2.459" name="PRO"/>
<nutrient amount="1.168" name="SER"/>
<nutrient amount="0.751" name="THR"/>
<nutrient amount="0.322" name="TRP"/>
<nutrient amount="1.2" name="TYR"/>
<nutrient amount="1.34" name="VAL"/>
<nutrient amount="184.0" name="Calcium"/>
<nutrient amount="0.019" name="Copper"/>
<nutrient amount="0.5" name="Iron"/>
<nutrient amount="20.0" name="Magnesium"/>
<nutrient amount="0.034" name="Manganese"/>
<nutrient amount="188.0" name="Phosphorus"/>
<nutrient amount="152.0" name="Potassium"/>
<nutrient amount="14.5" name="Selenium"/>
<nutrient amount="629.0" name="Sodium"/>
<nutrient amount="2.38" name="Zinc"/>
<nutrient amount="592.0" name="Vitamin A"/>
<nutrient amount="173.0" name="Retinol"/>
<nutrient amount="9.0" name="Beta-carotene"/>
<nutrient amount="65.0" name="Folate"/>
<nutrient amount="0.07" name="B1 (Thiamine)"/>
<nutrient amount="0.52" name="B2 (Riboflavin)"/>
<nutrient amount="0.38" name="B3 (Niacin)"/>
<nutrient amount="0.69" name="B5 (Pantothenic Acid)"/>
<nutrient amount="0.235" name="B6 (Pyridoxine)"/>
<nutrient amount="1.65" name="B12 (Cyanocobalamin)"/>
<nutrient amount="0.24" name="Vitamin E"/>
<nutrient amount="2.3" name="Vitamin K"/>
<nutrient amount="17.41" name="Saturated"/>
<nutrient amount="8.013" name="Monounsaturated"/>
<nutrient amount="0.826" name="Polyunsaturated"/>
<nutrient amount="0.313" name="Omega-3"/>
<nutrient amount="0.513" name="Omega-6"/>
<nutrient amount="100.0" name="Cholesterol"/>
</food>
