<food fcf="8.79" pcf="4.27" uid="01001" name="Butter, salted" ccf="3.87">
<measure amount="1.0" grams="227.0" name="cup"/>
<measure amount="1.0" grams="14.2" name="tbsp"/>
<measure amount="1.0" grams="5.0" name="pat (1&quot; sq, 1/3&quot; high)"/>
<measure amount="1.0" grams="113.0" name="stick"/>
<nutrient amount="717.0" name="Energy"/>
<nutrient amount="0.85" name="Protein"/>
<nutrient amount="0.06" name="Carbs"/>
<nutrient amount="0.06" name="Sugars"/>
<nutrient amount="81.11" name="Fat"/>
<nutrient amount="15.87" name="Water"/>
<nutrient amount="2.11" name="Ash"/>
<nutrient amount="0.029" name="ALA"/>
<nutrient amount="0.064" name="ASP"/>
<nutrient amount="0.031" name="ARG"/>
<nutrient amount="0.0080" name="CYS"/>
<nutrient amount="0.178" name="GLU"/>
<nutrient amount="0.018" name="GLY"/>
<nutrient amount="0.023" name="HIS"/>
<nutrient amount="0.051" name="ILE"/>
<nutrient amount="0.083" name="LEU"/>
<nutrient amount="0.067" name="LYS"/>
<nutrient amount="0.021" name="MET"/>
<nutrient amount="0.041" name="PHE"/>
<nutrient amount="0.082" name="PRO"/>
<nutrient amount="0.046" name="SER"/>
<nutrient amount="0.038" name="THR"/>
<nutrient amount="0.012" name="TRP"/>
<nutrient amount="0.041" name="TYR"/>
<nutrient amount="0.057" name="VAL"/>
<nutrient amount="24.0" name="Calcium"/>
<nutrient amount="0.02" name="Iron"/>
<nutrient amount="2.0" name="Magnesium"/>
<nutrient amount="24.0" name="Phosphorus"/>
<nutrient amount="24.0" name="Potassium"/>
<nutrient amount="1.0" name="Selenium"/>
<nutrient amount="576.0" name="Sodium"/>
<nutrient amount="0.09" name="Zinc"/>
<nutrient amount="2499.0" name="Vitamin A"/>
<nutrient amount="671.0" name="Retinol"/>
<nutrient amount="158.0" name="Beta-carotene"/>
<nutrient amount="3.0" name="Folate"/>
<nutrient amount="0.0050" name="B1 (Thiamine)"/>
<nutrient amount="0.034" name="B2 (Riboflavin)"/>
<nutrient amount="0.042" name="B3 (Niacin)"/>
<nutrient amount="0.11" name="B5 (Pantothenic Acid)"/>
<nutrient amount="0.0030" name="B6 (Pyridoxine)"/>
<nutrient amount="0.17" name="B12 (Cyanocobalamin)"/>
<nutrient amount="56.0" name="Vitamin D"/>
<nutrient amount="2.32" name="Vitamin E"/>
<nutrient amount="7.0" name="Vitamin K"/>
<nutrient amount="51.368" name="Saturated"/>
<nutrient amount="21.021" name="Monounsaturated"/>
<nutrient amount="3.043" name="Polyunsaturated"/>
<nutrient amount="0.63" name="Omega-3"/>
<nutrient amount="4.894" name="Omega-6"/>
<nutrient amount="215.0" name="Cholesterol"/>
</food>
