<food fcf="8.79" pcf="4.27" uid="01013" name="Cheese, cottage, creamed, with fruit" ccf="3.87">
<measure amount="1.0" grams="226.0" name="cup (not packed)"/>
<measure amount="4.0" grams="113.0" name="oz"/>
<nutrient amount="97.0" name="Energy"/>
<nutrient amount="10.69" name="Protein"/>
<nutrient amount="4.61" name="Carbs"/>
<nutrient amount="0.2" name="Fiber"/>
<nutrient amount="2.38" name="Sugars"/>
<nutrient amount="3.85" name="Fat"/>
<nutrient amount="79.64" name="Water"/>
<nutrient amount="1.2" name="Ash"/>
<nutrient amount="0.551" name="ALA"/>
<nutrient amount="0.719" name="ASP"/>
<nutrient amount="0.485" name="ARG"/>
<nutrient amount="0.099" name="CYS"/>
<nutrient amount="2.3" name="GLU"/>
<nutrient amount="0.231" name="GLY"/>
<nutrient amount="0.353" name="HIS"/>
<nutrient amount="0.624" name="ILE"/>
<nutrient amount="1.091" name="LEU"/>
<nutrient amount="0.859" name="LYS"/>
<nutrient amount="0.32" name="MET"/>
<nutrient amount="0.572" name="PHE"/>
<nutrient amount="1.23" name="PRO"/>
<nutrient amount="0.596" name="SER"/>
<nutrient amount="0.471" name="THR"/>
<nutrient amount="0.118" name="TRP"/>
<nutrient amount="0.566" name="TYR"/>
<nutrient amount="0.657" name="VAL"/>
<nutrient amount="53.0" name="Calcium"/>
<nutrient amount="0.04" name="Copper"/>
<nutrient amount="0.16" name="Iron"/>
<nutrient amount="7.0" name="Magnesium"/>
<nutrient amount="0.0030" name="Manganese"/>
<nutrient amount="113.0" name="Phosphorus"/>
<nutrient amount="90.0" name="Potassium"/>
<nutrient amount="7.7" name="Selenium"/>
<nutrient amount="344.0" name="Sodium"/>
<nutrient amount="0.33" name="Zinc"/>
<nutrient amount="146.0" name="Vitamin A"/>
<nutrient amount="37.0" name="Retinol"/>
<nutrient amount="14.0" name="Beta-carotene"/>
<nutrient amount="11.0" name="Folate"/>
<nutrient amount="0.033" name="B1 (Thiamine)"/>
<nutrient amount="0.142" name="B2 (Riboflavin)"/>
<nutrient amount="0.15" name="B3 (Niacin)"/>
<nutrient amount="0.181" name="B5 (Pantothenic Acid)"/>
<nutrient amount="0.068" name="B6 (Pyridoxine)"/>
<nutrient amount="0.53" name="B12 (Cyanocobalamin)"/>
<nutrient amount="1.4" name="Vitamin C"/>
<nutrient amount="0.04" name="Vitamin E"/>
<nutrient amount="0.4" name="Vitamin K"/>
<nutrient amount="2.311" name="Saturated"/>
<nutrient amount="1.036" name="Monounsaturated"/>
<nutrient amount="0.124" name="Polyunsaturated"/>
<nutrient amount="0.037" name="Omega-3"/>
<nutrient amount="0.088" name="Omega-6"/>
<nutrient amount="13.0" name="Cholesterol"/>
</food>
