<food fcf="8.79" pcf="4.27" uid="01014" name="Cheese, cottage, nonfat, uncreamed, dry, large or small curd" ccf="3.87">
<measure amount="1.0" grams="145.0" name="cup (not packed)"/>
<measure amount="4.0" grams="113.0" name="oz"/>
<nutrient amount="85.0" name="Energy"/>
<nutrient amount="17.27" name="Protein"/>
<nutrient amount="1.85" name="Carbs"/>
<nutrient amount="1.85" name="Sugars"/>
<nutrient amount="0.42" name="Fat"/>
<nutrient amount="79.77" name="Water"/>
<nutrient amount="0.69" name="Ash"/>
<nutrient amount="0.896" name="ALA"/>
<nutrient amount="1.169" name="ASP"/>
<nutrient amount="0.788" name="ARG"/>
<nutrient amount="0.16" name="CYS"/>
<nutrient amount="3.741" name="GLU"/>
<nutrient amount="0.376" name="GLY"/>
<nutrient amount="0.574" name="HIS"/>
<nutrient amount="1.015" name="ILE"/>
<nutrient amount="1.776" name="LEU"/>
<nutrient amount="1.397" name="LYS"/>
<nutrient amount="0.52" name="MET"/>
<nutrient amount="0.931" name="PHE"/>
<nutrient amount="2.0" name="PRO"/>
<nutrient amount="0.969" name="SER"/>
<nutrient amount="0.766" name="THR"/>
<nutrient amount="0.192" name="TRP"/>
<nutrient amount="0.92" name="TYR"/>
<nutrient amount="1.069" name="VAL"/>
<nutrient amount="32.0" name="Calcium"/>
<nutrient amount="0.028" name="Copper"/>
<nutrient amount="0.23" name="Iron"/>
<nutrient amount="4.0" name="Magnesium"/>
<nutrient amount="0.0030" name="Manganese"/>
<nutrient amount="104.0" name="Phosphorus"/>
<nutrient amount="32.0" name="Potassium"/>
<nutrient amount="10.8" name="Selenium"/>
<nutrient amount="13.0" name="Sodium"/>
<nutrient amount="0.47" name="Zinc"/>
<nutrient amount="30.0" name="Vitamin A"/>
<nutrient amount="9.0" name="Retinol"/>
<nutrient amount="15.0" name="Folate"/>
<nutrient amount="0.025" name="B1 (Thiamine)"/>
<nutrient amount="0.142" name="B2 (Riboflavin)"/>
<nutrient amount="0.155" name="B3 (Niacin)"/>
<nutrient amount="0.163" name="B5 (Pantothenic Acid)"/>
<nutrient amount="0.082" name="B6 (Pyridoxine)"/>
<nutrient amount="0.83" name="B12 (Cyanocobalamin)"/>
<nutrient amount="0.273" name="Saturated"/>
<nutrient amount="0.11" name="Monounsaturated"/>
<nutrient amount="0.015" name="Polyunsaturated"/>
<nutrient amount="0.0040" name="Omega-3"/>
<nutrient amount="0.011" name="Omega-6"/>
<nutrient amount="7.0" name="Cholesterol"/>
</food>
