<food fcf="8.79" pcf="4.27" uid="01019" name="Cheese, feta" ccf="3.87">
<measure amount="1.0" grams="150.0" name="cup, crumbled"/>
<measure amount="1.0" grams="28.35" name="oz"/>
<measure amount="1.0" grams="17.0" name="cubic inch"/>
<measure amount="1.0" grams="38.0" name="wedge (1.33 oz)"/>
<nutrient amount="264.0" name="Energy"/>
<nutrient amount="14.21" name="Protein"/>
<nutrient amount="4.09" name="Carbs"/>
<nutrient amount="4.09" name="Sugars"/>
<nutrient amount="21.28" name="Fat"/>
<nutrient amount="55.22" name="Water"/>
<nutrient amount="5.2" name="Ash"/>
<nutrient amount="0.639" name="ALA"/>
<nutrient amount="0.779" name="ASP"/>
<nutrient amount="0.47" name="ARG"/>
<nutrient amount="0.083" name="CYS"/>
<nutrient amount="2.421" name="GLU"/>
<nutrient amount="0.097" name="GLY"/>
<nutrient amount="0.397" name="HIS"/>
<nutrient amount="0.803" name="ILE"/>
<nutrient amount="1.395" name="LEU"/>
<nutrient amount="1.219" name="LYS"/>
<nutrient amount="0.368" name="MET"/>
<nutrient amount="0.675" name="PHE"/>
<nutrient amount="1.378" name="PRO"/>
<nutrient amount="1.169" name="SER"/>
<nutrient amount="0.637" name="THR"/>
<nutrient amount="0.2" name="TRP"/>
<nutrient amount="0.668" name="TYR"/>
<nutrient amount="1.065" name="VAL"/>
<nutrient amount="493.0" name="Calcium"/>
<nutrient amount="0.032" name="Copper"/>
<nutrient amount="0.65" name="Iron"/>
<nutrient amount="19.0" name="Magnesium"/>
<nutrient amount="0.028" name="Manganese"/>
<nutrient amount="337.0" name="Phosphorus"/>
<nutrient amount="62.0" name="Potassium"/>
<nutrient amount="15.0" name="Selenium"/>
<nutrient amount="1116.0" name="Sodium"/>
<nutrient amount="2.88" name="Zinc"/>
<nutrient amount="422.0" name="Vitamin A"/>
<nutrient amount="125.0" name="Retinol"/>
<nutrient amount="3.0" name="Beta-carotene"/>
<nutrient amount="32.0" name="Folate"/>
<nutrient amount="0.154" name="B1 (Thiamine)"/>
<nutrient amount="0.844" name="B2 (Riboflavin)"/>
<nutrient amount="0.991" name="B3 (Niacin)"/>
<nutrient amount="0.967" name="B5 (Pantothenic Acid)"/>
<nutrient amount="0.424" name="B6 (Pyridoxine)"/>
<nutrient amount="1.69" name="B12 (Cyanocobalamin)"/>
<nutrient amount="0.18" name="Vitamin E"/>
<nutrient amount="1.8" name="Vitamin K"/>
<nutrient amount="14.946" name="Saturated"/>
<nutrient amount="4.623" name="Monounsaturated"/>
<nutrient amount="0.591" name="Polyunsaturated"/>
<nutrient amount="0.265" name="Omega-3"/>
<nutrient amount="0.326" name="Omega-6"/>
<nutrient amount="89.0" name="Cholesterol"/>
</food>
