<food fcf="8.79" pcf="4.27" uid="01017" name="Cheese, cream" ccf="3.87">
<measure amount="1.0" grams="232.0" name="cup"/>
<measure amount="1.0" grams="14.5" name="tbsp"/>
<measure amount="1.0" grams="10.0" name="tbsp, whipped"/>
<measure amount="1.0" grams="28.35" name="oz"/>
<measure amount="1.0" grams="16.0" name="cubic inch"/>
<measure amount="1.0" grams="85.0" name="package, small (3 oz)"/>
<nutrient amount="349.0" name="Energy"/>
<nutrient amount="7.55" name="Protein"/>
<nutrient amount="2.66" name="Carbs"/>
<nutrient amount="0.2" name="Sugars"/>
<nutrient amount="34.87" name="Fat"/>
<nutrient amount="53.75" name="Water"/>
<nutrient amount="1.17" name="Ash"/>
<nutrient amount="0.23" name="ALA"/>
<nutrient amount="0.533" name="ASP"/>
<nutrient amount="0.286" name="ARG"/>
<nutrient amount="0.066" name="CYS"/>
<nutrient amount="1.714" name="GLU"/>
<nutrient amount="0.149" name="GLY"/>
<nutrient amount="0.271" name="HIS"/>
<nutrient amount="0.399" name="ILE"/>
<nutrient amount="0.731" name="LEU"/>
<nutrient amount="0.676" name="LYS"/>
<nutrient amount="0.181" name="MET"/>
<nutrient amount="0.419" name="PHE"/>
<nutrient amount="0.689" name="PRO"/>
<nutrient amount="0.398" name="SER"/>
<nutrient amount="0.321" name="THR"/>
<nutrient amount="0.067" name="TRP"/>
<nutrient amount="0.36" name="TYR"/>
<nutrient amount="0.443" name="VAL"/>
<nutrient amount="80.0" name="Calcium"/>
<nutrient amount="0.016" name="Copper"/>
<nutrient amount="1.2" name="Iron"/>
<nutrient amount="6.0" name="Magnesium"/>
<nutrient amount="0.0040" name="Manganese"/>
<nutrient amount="104.0" name="Phosphorus"/>
<nutrient amount="119.0" name="Potassium"/>
<nutrient amount="2.4" name="Selenium"/>
<nutrient amount="296.0" name="Sodium"/>
<nutrient amount="0.54" name="Zinc"/>
<nutrient amount="1346.0" name="Vitamin A"/>
<nutrient amount="359.0" name="Retinol"/>
<nutrient amount="89.0" name="Beta-carotene"/>
<nutrient amount="13.0" name="Folate"/>
<nutrient amount="0.017" name="B1 (Thiamine)"/>
<nutrient amount="0.197" name="B2 (Riboflavin)"/>
<nutrient amount="0.101" name="B3 (Niacin)"/>
<nutrient amount="0.271" name="B5 (Pantothenic Acid)"/>
<nutrient amount="0.047" name="B6 (Pyridoxine)"/>
<nutrient amount="0.42" name="B12 (Cyanocobalamin)"/>
<nutrient amount="0.3" name="Vitamin E"/>
<nutrient amount="2.9" name="Vitamin K"/>
<nutrient amount="21.966" name="Saturated"/>
<nutrient amount="9.838" name="Monounsaturated"/>
<nutrient amount="1.265" name="Polyunsaturated"/>
<nutrient amount="0.491" name="Omega-3"/>
<nutrient amount="0.774" name="Omega-6"/>
<nutrient amount="110.0" name="Cholesterol"/>
</food>
