<food fcf="8.79" pcf="4.27" uid="01012" name="Cheese, cottage, creamed, large or small curd" ccf="3.87">
<measure amount="4.0" grams="113.0" name="oz"/>
<measure amount="1.0" grams="210.0" name="cup, large curd (not packed)"/>
<measure amount="1.0" grams="225.0" name="cup, small curd (not packed)"/>
<nutrient amount="103.0" name="Energy"/>
<nutrient amount="12.49" name="Protein"/>
<nutrient amount="2.68" name="Carbs"/>
<nutrient amount="0.29" name="Sugars"/>
<nutrient amount="4.51" name="Fat"/>
<nutrient amount="78.96" name="Water"/>
<nutrient amount="1.36" name="Ash"/>
<nutrient amount="0.648" name="ALA"/>
<nutrient amount="0.846" name="ASP"/>
<nutrient amount="0.57" name="ARG"/>
<nutrient amount="0.116" name="CYS"/>
<nutrient amount="2.706" name="GLU"/>
<nutrient amount="0.272" name="GLY"/>
<nutrient amount="0.415" name="HIS"/>
<nutrient amount="0.734" name="ILE"/>
<nutrient amount="1.284" name="LEU"/>
<nutrient amount="1.01" name="LYS"/>
<nutrient amount="0.376" name="MET"/>
<nutrient amount="0.673" name="PHE"/>
<nutrient amount="1.447" name="PRO"/>
<nutrient amount="0.701" name="SER"/>
<nutrient amount="0.554" name="THR"/>
<nutrient amount="0.139" name="TRP"/>
<nutrient amount="0.666" name="TYR"/>
<nutrient amount="0.773" name="VAL"/>
<nutrient amount="60.0" name="Calcium"/>
<nutrient amount="0.028" name="Copper"/>
<nutrient amount="0.14" name="Iron"/>
<nutrient amount="5.0" name="Magnesium"/>
<nutrient amount="0.0030" name="Manganese"/>
<nutrient amount="132.0" name="Phosphorus"/>
<nutrient amount="84.0" name="Potassium"/>
<nutrient amount="9.0" name="Selenium"/>
<nutrient amount="405.0" name="Sodium"/>
<nutrient amount="0.37" name="Zinc"/>
<nutrient amount="163.0" name="Vitamin A"/>
<nutrient amount="43.0" name="Retinol"/>
<nutrient amount="12.0" name="Beta-carotene"/>
<nutrient amount="12.0" name="Folate"/>
<nutrient amount="0.021" name="B1 (Thiamine)"/>
<nutrient amount="0.163" name="B2 (Riboflavin)"/>
<nutrient amount="0.126" name="B3 (Niacin)"/>
<nutrient amount="0.213" name="B5 (Pantothenic Acid)"/>
<nutrient amount="0.067" name="B6 (Pyridoxine)"/>
<nutrient amount="0.62" name="B12 (Cyanocobalamin)"/>
<nutrient amount="0.04" name="Vitamin E"/>
<nutrient amount="0.4" name="Vitamin K"/>
<nutrient amount="2.853" name="Saturated"/>
<nutrient amount="1.285" name="Monounsaturated"/>
<nutrient amount="0.139" name="Polyunsaturated"/>
<nutrient amount="0.04" name="Omega-3"/>
<nutrient amount="0.099" name="Omega-6"/>
<nutrient amount="15.0" name="Cholesterol"/>
</food>
