<food fcf="8.79" pcf="4.27" uid="01016" name="Cheese, cottage, lowfat, 1% milkfat" ccf="3.87">
<measure amount="1.0" grams="226.0" name="cup (not packed)"/>
<measure amount="4.0" grams="113.0" name="oz"/>
<nutrient amount="72.0" name="Energy"/>
<nutrient amount="12.39" name="Protein"/>
<nutrient amount="2.72" name="Carbs"/>
<nutrient amount="2.72" name="Sugars"/>
<nutrient amount="1.02" name="Fat"/>
<nutrient amount="82.48" name="Water"/>
<nutrient amount="1.39" name="Ash"/>
<nutrient amount="0.643" name="ALA"/>
<nutrient amount="0.839" name="ASP"/>
<nutrient amount="0.565" name="ARG"/>
<nutrient amount="0.115" name="CYS"/>
<nutrient amount="2.684" name="GLU"/>
<nutrient amount="0.27" name="GLY"/>
<nutrient amount="0.412" name="HIS"/>
<nutrient amount="0.728" name="ILE"/>
<nutrient amount="1.274" name="LEU"/>
<nutrient amount="1.002" name="LYS"/>
<nutrient amount="0.373" name="MET"/>
<nutrient amount="0.668" name="PHE"/>
<nutrient amount="1.435" name="PRO"/>
<nutrient amount="0.695" name="SER"/>
<nutrient amount="0.55" name="THR"/>
<nutrient amount="0.138" name="TRP"/>
<nutrient amount="0.66" name="TYR"/>
<nutrient amount="0.767" name="VAL"/>
<nutrient amount="61.0" name="Calcium"/>
<nutrient amount="0.028" name="Copper"/>
<nutrient amount="0.14" name="Iron"/>
<nutrient amount="5.0" name="Magnesium"/>
<nutrient amount="0.0030" name="Manganese"/>
<nutrient amount="134.0" name="Phosphorus"/>
<nutrient amount="86.0" name="Potassium"/>
<nutrient amount="9.0" name="Selenium"/>
<nutrient amount="406.0" name="Sodium"/>
<nutrient amount="0.38" name="Zinc"/>
<nutrient amount="41.0" name="Vitamin A"/>
<nutrient amount="11.0" name="Retinol"/>
<nutrient amount="3.0" name="Beta-carotene"/>
<nutrient amount="12.0" name="Folate"/>
<nutrient amount="0.021" name="B1 (Thiamine)"/>
<nutrient amount="0.165" name="B2 (Riboflavin)"/>
<nutrient amount="0.128" name="B3 (Niacin)"/>
<nutrient amount="0.215" name="B5 (Pantothenic Acid)"/>
<nutrient amount="0.068" name="B6 (Pyridoxine)"/>
<nutrient amount="0.63" name="B12 (Cyanocobalamin)"/>
<nutrient amount="0.01" name="Vitamin E"/>
<nutrient amount="0.1" name="Vitamin K"/>
<nutrient amount="0.645" name="Saturated"/>
<nutrient amount="0.291" name="Monounsaturated"/>
<nutrient amount="0.031" name="Polyunsaturated"/>
<nutrient amount="0.0090" name="Omega-3"/>
<nutrient amount="0.022" name="Omega-6"/>
<nutrient amount="4.0" name="Cholesterol"/>
</food>
