<food fcf="8.79" pcf="4.27" uid="01029" name="Cheese, mozzarella, part skim milk, low moisture" ccf="3.87">
<measure amount="1.0" grams="132.0" name="cup, diced"/>
<measure amount="1.0" grams="113.0" name="cup, shredded"/>
<measure amount="1.0" grams="28.35" name="oz"/>
<measure amount="1.0" grams="18.0" name="cubic inch"/>
<measure amount="1.0" grams="28.0" name="slice (1 oz)"/>
<nutrient amount="302.0" name="Energy"/>
<nutrient amount="25.96" name="Protein"/>
<nutrient amount="3.83" name="Carbs"/>
<nutrient amount="0.6" name="Sugars"/>
<nutrient amount="20.03" name="Fat"/>
<nutrient amount="46.46" name="Water"/>
<nutrient amount="3.72" name="Ash"/>
<nutrient amount="0.828" name="ALA"/>
<nutrient amount="1.912" name="ASP"/>
<nutrient amount="0.603" name="ARG"/>
<nutrient amount="0.135" name="CYS"/>
<nutrient amount="5.22" name="GLU"/>
<nutrient amount="0.603" name="GLY"/>
<nutrient amount="0.603" name="HIS"/>
<nutrient amount="1.329" name="ILE"/>
<nutrient amount="2.138" name="LEU"/>
<nutrient amount="1.13" name="LYS"/>
<nutrient amount="0.603" name="MET"/>
<nutrient amount="1.184" name="PHE"/>
<nutrient amount="2.753" name="PRO"/>
<nutrient amount="0.86" name="SER"/>
<nutrient amount="1.151" name="THR"/>
<nutrient amount="0.603" name="TRP"/>
<nutrient amount="1.222" name="TYR"/>
<nutrient amount="1.548" name="VAL"/>
<nutrient amount="731.0" name="Calcium"/>
<nutrient amount="0.027" name="Copper"/>
<nutrient amount="0.25" name="Iron"/>
<nutrient amount="26.0" name="Magnesium"/>
<nutrient amount="0.011" name="Manganese"/>
<nutrient amount="524.0" name="Phosphorus"/>
<nutrient amount="95.0" name="Potassium"/>
<nutrient amount="16.3" name="Selenium"/>
<nutrient amount="528.0" name="Sodium"/>
<nutrient amount="3.13" name="Zinc"/>
<nutrient amount="517.0" name="Vitamin A"/>
<nutrient amount="133.0" name="Retinol"/>
<nutrient amount="44.0" name="Beta-carotene"/>
<nutrient amount="10.0" name="Folate"/>
<nutrient amount="0.101" name="B1 (Thiamine)"/>
<nutrient amount="0.329" name="B2 (Riboflavin)"/>
<nutrient amount="0.119" name="B3 (Niacin)"/>
<nutrient amount="0.09" name="B5 (Pantothenic Acid)"/>
<nutrient amount="0.079" name="B6 (Pyridoxine)"/>
<nutrient amount="2.31" name="B12 (Cyanocobalamin)"/>
<nutrient amount="0.37" name="Vitamin E"/>
<nutrient amount="0.08" name="Gamma Tocopherol"/>
<nutrient amount="1.3" name="Vitamin K"/>
<nutrient amount="12.67" name="Saturated"/>
<nutrient amount="5.73" name="Monounsaturated"/>
<nutrient amount="0.626" name="Polyunsaturated"/>
<nutrient amount="0.182" name="Omega-3"/>
<nutrient amount="0.445" name="Omega-6"/>
<nutrient amount="54.0" name="Cholesterol"/>
</food>
