<food fcf="8.79" pcf="4.27" uid="01024" name="Cheese, limburger" ccf="3.87">
<measure amount="1.0" grams="134.0" name="cup"/>
<measure amount="1.0" grams="28.35" name="oz"/>
<measure amount="1.0" grams="18.0" name="cubic inch"/>
<measure amount="1.0" grams="113.0" name="box"/>
<measure amount="1.0" grams="227.0" name="package (8 oz)"/>
<nutrient amount="327.0" name="Energy"/>
<nutrient amount="20.05" name="Protein"/>
<nutrient amount="0.49" name="Carbs"/>
<nutrient amount="0.49" name="Sugars"/>
<nutrient amount="27.25" name="Fat"/>
<nutrient amount="48.42" name="Water"/>
<nutrient amount="3.79" name="Ash"/>
<nutrient amount="0.666" name="ALA"/>
<nutrient amount="1.477" name="ASP"/>
<nutrient amount="0.698" name="ARG"/>
<nutrient amount="0.11" name="CYS"/>
<nutrient amount="4.51" name="GLU"/>
<nutrient amount="0.409" name="GLY"/>
<nutrient amount="0.578" name="HIS"/>
<nutrient amount="1.219" name="ILE"/>
<nutrient amount="2.093" name="LEU"/>
<nutrient amount="1.675" name="LYS"/>
<nutrient amount="0.619" name="MET"/>
<nutrient amount="1.116" name="PHE"/>
<nutrient amount="2.439" name="PRO"/>
<nutrient amount="1.144" name="SER"/>
<nutrient amount="0.739" name="THR"/>
<nutrient amount="0.289" name="TRP"/>
<nutrient amount="1.197" name="TYR"/>
<nutrient amount="1.439" name="VAL"/>
<nutrient amount="497.0" name="Calcium"/>
<nutrient amount="0.021" name="Copper"/>
<nutrient amount="0.13" name="Iron"/>
<nutrient amount="21.0" name="Magnesium"/>
<nutrient amount="0.038" name="Manganese"/>
<nutrient amount="393.0" name="Phosphorus"/>
<nutrient amount="128.0" name="Potassium"/>
<nutrient amount="14.5" name="Selenium"/>
<nutrient amount="800.0" name="Sodium"/>
<nutrient amount="2.1" name="Zinc"/>
<nutrient amount="1155.0" name="Vitamin A"/>
<nutrient amount="339.0" name="Retinol"/>
<nutrient amount="15.0" name="Beta-carotene"/>
<nutrient amount="58.0" name="Folate"/>
<nutrient amount="0.08" name="B1 (Thiamine)"/>
<nutrient amount="0.503" name="B2 (Riboflavin)"/>
<nutrient amount="0.158" name="B3 (Niacin)"/>
<nutrient amount="1.177" name="B5 (Pantothenic Acid)"/>
<nutrient amount="0.086" name="B6 (Pyridoxine)"/>
<nutrient amount="1.04" name="B12 (Cyanocobalamin)"/>
<nutrient amount="0.23" name="Vitamin E"/>
<nutrient amount="2.3" name="Vitamin K"/>
<nutrient amount="16.746" name="Saturated"/>
<nutrient amount="8.606" name="Monounsaturated"/>
<nutrient amount="0.495" name="Polyunsaturated"/>
<nutrient amount="0.156" name="Omega-3"/>
<nutrient amount="0.339" name="Omega-6"/>
<nutrient amount="90.0" name="Cholesterol"/>
</food>
