<food fcf="8.79" pcf="4.27" uid="01027" name="Cheese, mozzarella, whole milk, low moisture" ccf="3.87">
<measure amount="1.0" grams="28.35" name="oz"/>
<measure amount="1.0" grams="18.0" name="cubic inch"/>
<nutrient amount="318.0" name="Energy"/>
<nutrient amount="21.6" name="Protein"/>
<nutrient amount="2.47" name="Carbs"/>
<nutrient amount="1.01" name="Sugars"/>
<nutrient amount="24.64" name="Fat"/>
<nutrient amount="48.38" name="Water"/>
<nutrient amount="2.91" name="Ash"/>
<nutrient amount="0.66" name="ALA"/>
<nutrient amount="1.564" name="ASP"/>
<nutrient amount="0.928" name="ARG"/>
<nutrient amount="0.129" name="CYS"/>
<nutrient amount="5.055" name="GLU"/>
<nutrient amount="0.413" name="GLY"/>
<nutrient amount="0.813" name="HIS"/>
<nutrient amount="1.036" name="ILE"/>
<nutrient amount="2.106" name="LEU"/>
<nutrient amount="2.194" name="LYS"/>
<nutrient amount="0.603" name="MET"/>
<nutrient amount="1.127" name="PHE"/>
<nutrient amount="2.224" name="PRO"/>
<nutrient amount="1.259" name="SER"/>
<nutrient amount="0.823" name="THR"/>
<nutrient amount="0.302" name="TRP"/>
<nutrient amount="1.249" name="TYR"/>
<nutrient amount="1.351" name="VAL"/>
<nutrient amount="575.0" name="Calcium"/>
<nutrient amount="0.022" name="Copper"/>
<nutrient amount="0.2" name="Iron"/>
<nutrient amount="21.0" name="Magnesium"/>
<nutrient amount="0.0090" name="Manganese"/>
<nutrient amount="412.0" name="Phosphorus"/>
<nutrient amount="75.0" name="Potassium"/>
<nutrient amount="16.1" name="Selenium"/>
<nutrient amount="415.0" name="Sodium"/>
<nutrient amount="2.46" name="Zinc"/>
<nutrient amount="745.0" name="Vitamin A"/>
<nutrient amount="192.0" name="Retinol"/>
<nutrient amount="63.0" name="Beta-carotene"/>
<nutrient amount="8.0" name="Folate"/>
<nutrient amount="0.016" name="B1 (Thiamine)"/>
<nutrient amount="0.27" name="B2 (Riboflavin)"/>
<nutrient amount="0.094" name="B3 (Niacin)"/>
<nutrient amount="0.071" name="B5 (Pantothenic Acid)"/>
<nutrient amount="0.062" name="B6 (Pyridoxine)"/>
<nutrient amount="0.73" name="B12 (Cyanocobalamin)"/>
<nutrient amount="0.21" name="Vitamin E"/>
<nutrient amount="2.5" name="Vitamin K"/>
<nutrient amount="15.561" name="Saturated"/>
<nutrient amount="7.027" name="Monounsaturated"/>
<nutrient amount="0.778" name="Polyunsaturated"/>
<nutrient amount="0.212" name="Omega-3"/>
<nutrient amount="0.566" name="Omega-6"/>
<nutrient amount="89.0" name="Cholesterol"/>
</food>
