<food fcf="8.79" pcf="4.27" uid="01026" name="Cheese, mozzarella, whole milk" ccf="3.87">
<measure amount="1.0" grams="112.0" name="cup, shredded"/>
<measure amount="1.0" grams="28.35" name="oz"/>
<measure amount="6.0" grams="170.0" name="slices"/>
<nutrient amount="300.0" name="Energy"/>
<nutrient amount="22.17" name="Protein"/>
<nutrient amount="2.19" name="Carbs"/>
<nutrient amount="1.03" name="Sugars"/>
<nutrient amount="22.35" name="Fat"/>
<nutrient amount="50.01" name="Water"/>
<nutrient amount="3.28" name="Ash"/>
<nutrient amount="0.707" name="ALA"/>
<nutrient amount="1.633" name="ASP"/>
<nutrient amount="0.515" name="ARG"/>
<nutrient amount="0.115" name="CYS"/>
<nutrient amount="4.458" name="GLU"/>
<nutrient amount="0.515" name="GLY"/>
<nutrient amount="0.515" name="HIS"/>
<nutrient amount="1.135" name="ILE"/>
<nutrient amount="1.826" name="LEU"/>
<nutrient amount="0.965" name="LYS"/>
<nutrient amount="0.515" name="MET"/>
<nutrient amount="1.011" name="PHE"/>
<nutrient amount="2.351" name="PRO"/>
<nutrient amount="0.735" name="SER"/>
<nutrient amount="0.983" name="THR"/>
<nutrient amount="0.515" name="TRP"/>
<nutrient amount="1.043" name="TYR"/>
<nutrient amount="1.322" name="VAL"/>
<nutrient amount="505.0" name="Calcium"/>
<nutrient amount="0.011" name="Copper"/>
<nutrient amount="0.44" name="Iron"/>
<nutrient amount="20.0" name="Magnesium"/>
<nutrient amount="0.03" name="Manganese"/>
<nutrient amount="354.0" name="Phosphorus"/>
<nutrient amount="76.0" name="Potassium"/>
<nutrient amount="17.0" name="Selenium"/>
<nutrient amount="627.0" name="Sodium"/>
<nutrient amount="2.92" name="Zinc"/>
<nutrient amount="676.0" name="Vitamin A"/>
<nutrient amount="174.0" name="Retinol"/>
<nutrient amount="57.0" name="Beta-carotene"/>
<nutrient amount="7.0" name="Folate"/>
<nutrient amount="0.03" name="B1 (Thiamine)"/>
<nutrient amount="0.283" name="B2 (Riboflavin)"/>
<nutrient amount="0.104" name="B3 (Niacin)"/>
<nutrient amount="0.141" name="B5 (Pantothenic Acid)"/>
<nutrient amount="0.037" name="B6 (Pyridoxine)"/>
<nutrient amount="2.28" name="B12 (Cyanocobalamin)"/>
<nutrient amount="0.19" name="Vitamin E"/>
<nutrient amount="2.3" name="Vitamin K"/>
<nutrient amount="13.152" name="Saturated"/>
<nutrient amount="6.573" name="Monounsaturated"/>
<nutrient amount="0.765" name="Polyunsaturated"/>
<nutrient amount="0.372" name="Omega-3"/>
<nutrient amount="0.393" name="Omega-6"/>
<nutrient amount="79.0" name="Cholesterol"/>
</food>
