<food fcf="8.79" pcf="4.27" uid="01022" name="Cheese, gouda" ccf="3.87">
<measure amount="1.0" grams="28.35" name="oz"/>
<measure amount="1.0" grams="198.0" name="package (7 oz)"/>
<nutrient amount="356.0" name="Energy"/>
<nutrient amount="24.94" name="Protein"/>
<nutrient amount="2.22" name="Carbs"/>
<nutrient amount="2.22" name="Sugars"/>
<nutrient amount="27.44" name="Fat"/>
<nutrient amount="41.46" name="Water"/>
<nutrient amount="3.94" name="Ash"/>
<nutrient amount="0.762" name="ALA"/>
<nutrient amount="1.743" name="ASP"/>
<nutrient amount="0.962" name="ARG"/>
<nutrient amount="0.254" name="CYS"/>
<nutrient amount="6.137" name="GLU"/>
<nutrient amount="0.485" name="GLY"/>
<nutrient amount="1.032" name="HIS"/>
<nutrient amount="1.306" name="ILE"/>
<nutrient amount="2.564" name="LEU"/>
<nutrient amount="2.654" name="LYS"/>
<nutrient amount="0.719" name="MET"/>
<nutrient amount="1.431" name="PHE"/>
<nutrient amount="3.245" name="PRO"/>
<nutrient amount="1.544" name="SER"/>
<nutrient amount="0.93" name="THR"/>
<nutrient amount="0.352" name="TRP"/>
<nutrient amount="1.454" name="TYR"/>
<nutrient amount="1.806" name="VAL"/>
<nutrient amount="700.0" name="Calcium"/>
<nutrient amount="0.036" name="Copper"/>
<nutrient amount="0.24" name="Iron"/>
<nutrient amount="29.0" name="Magnesium"/>
<nutrient amount="0.011" name="Manganese"/>
<nutrient amount="546.0" name="Phosphorus"/>
<nutrient amount="121.0" name="Potassium"/>
<nutrient amount="14.5" name="Selenium"/>
<nutrient amount="819.0" name="Sodium"/>
<nutrient amount="3.9" name="Zinc"/>
<nutrient amount="563.0" name="Vitamin A"/>
<nutrient amount="164.0" name="Retinol"/>
<nutrient amount="10.0" name="Beta-carotene"/>
<nutrient amount="21.0" name="Folate"/>
<nutrient amount="0.03" name="B1 (Thiamine)"/>
<nutrient amount="0.334" name="B2 (Riboflavin)"/>
<nutrient amount="0.063" name="B3 (Niacin)"/>
<nutrient amount="0.34" name="B5 (Pantothenic Acid)"/>
<nutrient amount="0.08" name="B6 (Pyridoxine)"/>
<nutrient amount="1.54" name="B12 (Cyanocobalamin)"/>
<nutrient amount="0.24" name="Vitamin E"/>
<nutrient amount="2.3" name="Vitamin K"/>
<nutrient amount="17.614" name="Saturated"/>
<nutrient amount="7.747" name="Monounsaturated"/>
<nutrient amount="0.657" name="Polyunsaturated"/>
<nutrient amount="0.394" name="Omega-3"/>
<nutrient amount="0.263" name="Omega-6"/>
<nutrient amount="114.0" name="Cholesterol"/>
</food>
