<food fcf="8.79" pcf="4.27" uid="01030" name="Cheese, muenster" ccf="3.87">
<measure amount="1.0" grams="132.0" name="cup, diced"/>
<measure amount="1.0" grams="113.0" name="cup, shredded"/>
<measure amount="1.0" grams="28.35" name="oz"/>
<measure amount="1.0" grams="18.0" name="cubic inch"/>
<measure amount="1.0" grams="28.0" name="slice (1 oz)"/>
<measure amount="1.0" grams="170.0" name="package (6 oz)"/>
<nutrient amount="368.0" name="Energy"/>
<nutrient amount="23.41" name="Protein"/>
<nutrient amount="1.12" name="Carbs"/>
<nutrient amount="1.12" name="Sugars"/>
<nutrient amount="30.04" name="Fat"/>
<nutrient amount="41.77" name="Water"/>
<nutrient amount="3.66" name="Ash"/>
<nutrient amount="0.675" name="ALA"/>
<nutrient amount="1.6" name="ASP"/>
<nutrient amount="0.881" name="ARG"/>
<nutrient amount="0.132" name="CYS"/>
<nutrient amount="5.555" name="GLU"/>
<nutrient amount="0.44" name="GLY"/>
<nutrient amount="0.829" name="HIS"/>
<nutrient amount="1.145" name="ILE"/>
<nutrient amount="2.26" name="LEU"/>
<nutrient amount="2.139" name="LYS"/>
<nutrient amount="0.569" name="MET"/>
<nutrient amount="1.24" name="PHE"/>
<nutrient amount="2.594" name="PRO"/>
<nutrient amount="1.299" name="SER"/>
<nutrient amount="0.888" name="THR"/>
<nutrient amount="0.327" name="TRP"/>
<nutrient amount="1.123" name="TYR"/>
<nutrient amount="1.482" name="VAL"/>
<nutrient amount="717.0" name="Calcium"/>
<nutrient amount="0.031" name="Copper"/>
<nutrient amount="0.41" name="Iron"/>
<nutrient amount="27.0" name="Magnesium"/>
<nutrient amount="0.0080" name="Manganese"/>
<nutrient amount="468.0" name="Phosphorus"/>
<nutrient amount="134.0" name="Potassium"/>
<nutrient amount="14.5" name="Selenium"/>
<nutrient amount="628.0" name="Sodium"/>
<nutrient amount="2.81" name="Zinc"/>
<nutrient amount="1012.0" name="Vitamin A"/>
<nutrient amount="297.0" name="Retinol"/>
<nutrient amount="13.0" name="Beta-carotene"/>
<nutrient amount="12.0" name="Folate"/>
<nutrient amount="0.013" name="B1 (Thiamine)"/>
<nutrient amount="0.32" name="B2 (Riboflavin)"/>
<nutrient amount="0.103" name="B3 (Niacin)"/>
<nutrient amount="0.19" name="B5 (Pantothenic Acid)"/>
<nutrient amount="0.056" name="B6 (Pyridoxine)"/>
<nutrient amount="1.47" name="B12 (Cyanocobalamin)"/>
<nutrient amount="0.26" name="Vitamin E"/>
<nutrient amount="2.5" name="Vitamin K"/>
<nutrient amount="19.113" name="Saturated"/>
<nutrient amount="8.711" name="Monounsaturated"/>
<nutrient amount="0.661" name="Polyunsaturated"/>
<nutrient amount="0.23" name="Omega-3"/>
<nutrient amount="0.431" name="Omega-6"/>
<nutrient amount="96.0" name="Cholesterol"/>
</food>
