<food fcf="8.79" pcf="4.27" uid="01035" name="Cheese, provolone" ccf="3.87">
<measure amount="1.0" grams="132.0" name="cup, diced"/>
<measure amount="1.0" grams="28.35" name="oz"/>
<measure amount="1.0" grams="17.0" name="cubic inch"/>
<measure amount="1.0" grams="28.0" name="slice (1 oz)"/>
<measure amount="1.0" grams="170.0" name="package (6 oz)"/>
<nutrient amount="351.0" name="Energy"/>
<nutrient amount="25.58" name="Protein"/>
<nutrient amount="2.14" name="Carbs"/>
<nutrient amount="0.56" name="Sugars"/>
<nutrient amount="26.62" name="Fat"/>
<nutrient amount="40.95" name="Water"/>
<nutrient amount="4.71" name="Ash"/>
<nutrient amount="0.706" name="ALA"/>
<nutrient amount="1.744" name="ASP"/>
<nutrient amount="1.022" name="ARG"/>
<nutrient amount="0.116" name="CYS"/>
<nutrient amount="6.235" name="GLU"/>
<nutrient amount="0.433" name="GLY"/>
<nutrient amount="1.115" name="HIS"/>
<nutrient amount="1.091" name="ILE"/>
<nutrient amount="2.297" name="LEU"/>
<nutrient amount="2.646" name="LYS"/>
<nutrient amount="0.686" name="MET"/>
<nutrient amount="1.287" name="PHE"/>
<nutrient amount="2.766" name="PRO"/>
<nutrient amount="1.471" name="SER"/>
<nutrient amount="0.982" name="THR"/>
<nutrient amount="0.345" name="TRP"/>
<nutrient amount="1.52" name="TYR"/>
<nutrient amount="1.64" name="VAL"/>
<nutrient amount="756.0" name="Calcium"/>
<nutrient amount="0.026" name="Copper"/>
<nutrient amount="0.52" name="Iron"/>
<nutrient amount="28.0" name="Magnesium"/>
<nutrient amount="0.01" name="Manganese"/>
<nutrient amount="496.0" name="Phosphorus"/>
<nutrient amount="138.0" name="Potassium"/>
<nutrient amount="14.5" name="Selenium"/>
<nutrient amount="876.0" name="Sodium"/>
<nutrient amount="3.23" name="Zinc"/>
<nutrient amount="880.0" name="Vitamin A"/>
<nutrient amount="230.0" name="Retinol"/>
<nutrient amount="68.0" name="Beta-carotene"/>
<nutrient amount="10.0" name="Folate"/>
<nutrient amount="0.019" name="B1 (Thiamine)"/>
<nutrient amount="0.321" name="B2 (Riboflavin)"/>
<nutrient amount="0.156" name="B3 (Niacin)"/>
<nutrient amount="0.476" name="B5 (Pantothenic Acid)"/>
<nutrient amount="0.073" name="B6 (Pyridoxine)"/>
<nutrient amount="1.46" name="B12 (Cyanocobalamin)"/>
<nutrient amount="0.23" name="Vitamin E"/>
<nutrient amount="2.2" name="Vitamin K"/>
<nutrient amount="17.078" name="Saturated"/>
<nutrient amount="7.393" name="Monounsaturated"/>
<nutrient amount="0.769" name="Polyunsaturated"/>
<nutrient amount="0.275" name="Omega-3"/>
<nutrient amount="0.494" name="Omega-6"/>
<nutrient amount="69.0" name="Cholesterol"/>
</food>
