<food fcf="8.79" pcf="4.27" uid="01032" name="Cheese, parmesan, grated" ccf="3.87">
<measure amount="1.0" grams="100.0" name="cup"/>
<measure amount="1.0" grams="5.0" name="tbsp"/>
<measure amount="1.0" grams="28.35" name="oz"/>
<nutrient amount="431.0" name="Energy"/>
<nutrient amount="38.46" name="Protein"/>
<nutrient amount="4.06" name="Carbs"/>
<nutrient amount="0.9" name="Sugars"/>
<nutrient amount="28.61" name="Fat"/>
<nutrient amount="20.84" name="Water"/>
<nutrient amount="8.03" name="Ash"/>
<nutrient amount="1.163" name="ALA"/>
<nutrient amount="2.673" name="ASP"/>
<nutrient amount="1.567" name="ARG"/>
<nutrient amount="0.122" name="CYS"/>
<nutrient amount="8.696" name="GLU"/>
<nutrient amount="0.759" name="GLY"/>
<nutrient amount="1.092" name="HIS"/>
<nutrient amount="1.969" name="ILE"/>
<nutrient amount="3.718" name="LEU"/>
<nutrient amount="2.98" name="LYS"/>
<nutrient amount="1.016" name="MET"/>
<nutrient amount="2.081" name="PHE"/>
<nutrient amount="4.622" name="PRO"/>
<nutrient amount="2.292" name="SER"/>
<nutrient amount="1.455" name="THR"/>
<nutrient amount="0.518" name="TRP"/>
<nutrient amount="2.328" name="TYR"/>
<nutrient amount="2.524" name="VAL"/>
<nutrient amount="1109.0" name="Calcium"/>
<nutrient amount="0.238" name="Copper"/>
<nutrient amount="0.9" name="Iron"/>
<nutrient amount="38.0" name="Magnesium"/>
<nutrient amount="0.085" name="Manganese"/>
<nutrient amount="729.0" name="Phosphorus"/>
<nutrient amount="125.0" name="Potassium"/>
<nutrient amount="17.7" name="Selenium"/>
<nutrient amount="1529.0" name="Sodium"/>
<nutrient amount="3.87" name="Zinc"/>
<nutrient amount="442.0" name="Vitamin A"/>
<nutrient amount="117.0" name="Retinol"/>
<nutrient amount="31.0" name="Beta-carotene"/>
<nutrient amount="10.0" name="Folate"/>
<nutrient amount="0.029" name="B1 (Thiamine)"/>
<nutrient amount="0.486" name="B2 (Riboflavin)"/>
<nutrient amount="0.114" name="B3 (Niacin)"/>
<nutrient amount="0.325" name="B5 (Pantothenic Acid)"/>
<nutrient amount="0.049" name="B6 (Pyridoxine)"/>
<nutrient amount="2.26" name="B12 (Cyanocobalamin)"/>
<nutrient amount="0.26" name="Vitamin E"/>
<nutrient amount="1.9" name="Vitamin K"/>
<nutrient amount="17.301" name="Saturated"/>
<nutrient amount="8.375" name="Monounsaturated"/>
<nutrient amount="1.173" name="Polyunsaturated"/>
<nutrient amount="0.19" name="Omega-3"/>
<nutrient amount="0.943" name="Omega-6"/>
<nutrient amount="88.0" name="Cholesterol"/>
</food>
