<food fcf="8.79" pcf="4.27" uid="01037" name="Cheese, ricotta, part skim milk" ccf="3.87">
<measure amount="1.0" grams="246.0" name="cup"/>
<measure amount="1.0" grams="28.35" name="oz"/>
<measure amount="0.5" grams="124.0" name="cup"/>
<nutrient amount="138.0" name="Energy"/>
<nutrient amount="11.39" name="Protein"/>
<nutrient amount="5.14" name="Carbs"/>
<nutrient amount="0.31" name="Sugars"/>
<nutrient amount="7.91" name="Fat"/>
<nutrient amount="74.41" name="Water"/>
<nutrient amount="1.15" name="Ash"/>
<nutrient amount="0.505" name="ALA"/>
<nutrient amount="1.007" name="ASP"/>
<nutrient amount="0.639" name="ARG"/>
<nutrient amount="0.1" name="CYS"/>
<nutrient amount="2.474" name="GLU"/>
<nutrient amount="0.298" name="GLY"/>
<nutrient amount="0.464" name="HIS"/>
<nutrient amount="0.596" name="ILE"/>
<nutrient amount="1.235" name="LEU"/>
<nutrient amount="1.353" name="LYS"/>
<nutrient amount="0.284" name="MET"/>
<nutrient amount="0.562" name="PHE"/>
<nutrient amount="1.078" name="PRO"/>
<nutrient amount="0.582" name="SER"/>
<nutrient amount="0.523" name="THR"/>
<nutrient amount="0.127" name="TRP"/>
<nutrient amount="0.596" name="TYR"/>
<nutrient amount="0.7" name="VAL"/>
<nutrient amount="272.0" name="Calcium"/>
<nutrient amount="0.034" name="Copper"/>
<nutrient amount="0.44" name="Iron"/>
<nutrient amount="15.0" name="Magnesium"/>
<nutrient amount="0.01" name="Manganese"/>
<nutrient amount="183.0" name="Phosphorus"/>
<nutrient amount="125.0" name="Potassium"/>
<nutrient amount="16.7" name="Selenium"/>
<nutrient amount="125.0" name="Sodium"/>
<nutrient amount="1.34" name="Zinc"/>
<nutrient amount="384.0" name="Vitamin A"/>
<nutrient amount="105.0" name="Retinol"/>
<nutrient amount="20.0" name="Beta-carotene"/>
<nutrient amount="13.0" name="Folate"/>
<nutrient amount="0.021" name="B1 (Thiamine)"/>
<nutrient amount="0.185" name="B2 (Riboflavin)"/>
<nutrient amount="0.078" name="B3 (Niacin)"/>
<nutrient amount="0.242" name="B5 (Pantothenic Acid)"/>
<nutrient amount="0.02" name="B6 (Pyridoxine)"/>
<nutrient amount="0.29" name="B12 (Cyanocobalamin)"/>
<nutrient amount="0.07" name="Vitamin E"/>
<nutrient amount="0.7" name="Vitamin K"/>
<nutrient amount="4.927" name="Saturated"/>
<nutrient amount="2.314" name="Monounsaturated"/>
<nutrient amount="0.26" name="Polyunsaturated"/>
<nutrient amount="0.07" name="Omega-3"/>
<nutrient amount="0.19" name="Omega-6"/>
<nutrient amount="31.0" name="Cholesterol"/>
</food>
