<food fcf="8.79" pcf="4.27" uid="01046" name="Cheese food, pasteurized process, american, without di sodium phosphate" ccf="3.87">
<measure amount="1.0" grams="113.0" name="cup"/>
<measure amount="1.0" grams="28.35" name="oz"/>
<measure amount="1.0" grams="21.0" name="slice (3/4 oz)"/>
<measure amount="1.0" grams="227.0" name="package (8 oz)"/>
<nutrient amount="330.0" name="Energy"/>
<nutrient amount="18.4" name="Protein"/>
<nutrient amount="7.83" name="Carbs"/>
<nutrient amount="7.43" name="Sugars"/>
<nutrient amount="25.18" name="Fat"/>
<nutrient amount="43.21" name="Water"/>
<nutrient amount="5.38" name="Ash"/>
<nutrient amount="0.566" name="ALA"/>
<nutrient amount="1.3" name="ASP"/>
<nutrient amount="0.67" name="ARG"/>
<nutrient amount="0.19" name="CYS"/>
<nutrient amount="3.816" name="GLU"/>
<nutrient amount="0.351" name="GLY"/>
<nutrient amount="0.489" name="HIS"/>
<nutrient amount="0.937" name="ILE"/>
<nutrient amount="1.738" name="LEU"/>
<nutrient amount="1.421" name="LYS"/>
<nutrient amount="0.415" name="MET"/>
<nutrient amount="0.905" name="PHE"/>
<nutrient amount="2.017" name="PRO"/>
<nutrient amount="1.017" name="SER"/>
<nutrient amount="0.786" name="THR"/>
<nutrient amount="0.263" name="TRP"/>
<nutrient amount="0.909" name="TYR"/>
<nutrient amount="1.103" name="VAL"/>
<nutrient amount="570.0" name="Calcium"/>
<nutrient amount="0.085" name="Copper"/>
<nutrient amount="0.57" name="Iron"/>
<nutrient amount="31.0" name="Magnesium"/>
<nutrient amount="0.073" name="Manganese"/>
<nutrient amount="439.0" name="Phosphorus"/>
<nutrient amount="291.0" name="Potassium"/>
<nutrient amount="16.1" name="Selenium"/>
<nutrient amount="1265.0" name="Sodium"/>
<nutrient amount="3.19" name="Zinc"/>
<nutrient amount="761.0" name="Vitamin A"/>
<nutrient amount="196.0" name="Retinol"/>
<nutrient amount="65.0" name="Beta-carotene"/>
<nutrient amount="7.0" name="Folate"/>
<nutrient amount="0.068" name="B1 (Thiamine)"/>
<nutrient amount="0.517" name="B2 (Riboflavin)"/>
<nutrient amount="0.17" name="B3 (Niacin)"/>
<nutrient amount="0.974" name="B5 (Pantothenic Acid)"/>
<nutrient amount="0.073" name="B6 (Pyridoxine)"/>
<nutrient amount="1.26" name="B12 (Cyanocobalamin)"/>
<nutrient amount="0.22" name="Vitamin E"/>
<nutrient amount="3.4" name="Vitamin K"/>
<nutrient amount="14.895" name="Saturated"/>
<nutrient amount="7.214" name="Monounsaturated"/>
<nutrient amount="1.108" name="Polyunsaturated"/>
<nutrient amount="0.194" name="Omega-3"/>
<nutrient amount="0.8830000000000001" name="Omega-6"/>
<nutrient amount="80.0" name="Cholesterol"/>
</food>
