<food fcf="8.79" pcf="4.27" uid="01047" name="Cheese food, pasteurized process, swiss" ccf="3.87">
<measure amount="1.0" grams="28.35" name="oz"/>
<measure amount="1.0" grams="227.0" name="package (8 oz)"/>
<nutrient amount="323.0" name="Energy"/>
<nutrient amount="21.92" name="Protein"/>
<nutrient amount="4.5" name="Carbs"/>
<nutrient amount="24.14" name="Fat"/>
<nutrient amount="43.67" name="Water"/>
<nutrient amount="5.77" name="Ash"/>
<nutrient amount="0.55" name="ALA"/>
<nutrient amount="1.346" name="ASP"/>
<nutrient amount="0.917" name="ARG"/>
<nutrient amount="0.141" name="CYS"/>
<nutrient amount="4.549" name="GLU"/>
<nutrient amount="0.361" name="GLY"/>
<nutrient amount="0.893" name="HIS"/>
<nutrient amount="1.013" name="ILE"/>
<nutrient amount="1.938" name="LEU"/>
<nutrient amount="2.175" name="LYS"/>
<nutrient amount="0.567" name="MET"/>
<nutrient amount="1.113" name="PHE"/>
<nutrient amount="2.23" name="PRO"/>
<nutrient amount="1.058" name="SER"/>
<nutrient amount="0.711" name="THR"/>
<nutrient amount="0.319" name="TRP"/>
<nutrient amount="1.199" name="TYR"/>
<nutrient amount="1.313" name="VAL"/>
<nutrient amount="723.0" name="Calcium"/>
<nutrient amount="0.03" name="Copper"/>
<nutrient amount="0.6" name="Iron"/>
<nutrient amount="28.0" name="Magnesium"/>
<nutrient amount="0.01" name="Manganese"/>
<nutrient amount="526.0" name="Phosphorus"/>
<nutrient amount="284.0" name="Potassium"/>
<nutrient amount="16.1" name="Selenium"/>
<nutrient amount="1552.0" name="Sodium"/>
<nutrient amount="3.55" name="Zinc"/>
<nutrient amount="856.0" name="Vitamin A"/>
<nutrient amount="233.0" name="Retinol"/>
<nutrient amount="6.0" name="Folate"/>
<nutrient amount="0.014" name="B1 (Thiamine)"/>
<nutrient amount="0.4" name="B2 (Riboflavin)"/>
<nutrient amount="0.104" name="B3 (Niacin)"/>
<nutrient amount="0.5" name="B5 (Pantothenic Acid)"/>
<nutrient amount="0.035" name="B6 (Pyridoxine)"/>
<nutrient amount="2.3" name="B12 (Cyanocobalamin)"/>
<nutrient amount="15.487" name="Saturated"/>
<nutrient amount="6.801" name="Monounsaturated"/>
<nutrient amount="0.6" name="Polyunsaturated"/>
<nutrient amount="0.27" name="Omega-3"/>
<nutrient amount="0.33" name="Omega-6"/>
<nutrient amount="82.0" name="Cholesterol"/>
</food>
