<food fcf="8.79" pcf="4.27" uid="01040" name="Cheese, swiss" ccf="3.87">
<measure amount="1.0" grams="132.0" name="cup, diced"/>
<measure amount="1.0" grams="244.0" name="cup, melted"/>
<measure amount="1.0" grams="108.0" name="cup, shredded"/>
<measure amount="1.0" grams="28.35" name="oz"/>
<measure amount="1.0" grams="15.0" name="cubic inch"/>
<measure amount="1.0" grams="28.0" name="slice (1 oz)"/>
<nutrient amount="380.0" name="Energy"/>
<nutrient amount="26.93" name="Protein"/>
<nutrient amount="5.38" name="Carbs"/>
<nutrient amount="1.32" name="Sugars"/>
<nutrient amount="27.8" name="Fat"/>
<nutrient amount="37.12" name="Water"/>
<nutrient amount="2.77" name="Ash"/>
<nutrient amount="0.914" name="ALA"/>
<nutrient amount="1.569" name="ASP"/>
<nutrient amount="0.927" name="ARG"/>
<nutrient amount="0.29" name="CYS"/>
<nutrient amount="5.704" name="GLU"/>
<nutrient amount="0.508" name="GLY"/>
<nutrient amount="1.065" name="HIS"/>
<nutrient amount="1.537" name="ILE"/>
<nutrient amount="2.959" name="LEU"/>
<nutrient amount="2.585" name="LYS"/>
<nutrient amount="0.784" name="MET"/>
<nutrient amount="1.662" name="PHE"/>
<nutrient amount="3.69" name="PRO"/>
<nutrient amount="1.64" name="SER"/>
<nutrient amount="1.038" name="THR"/>
<nutrient amount="0.401" name="TRP"/>
<nutrient amount="1.693" name="TYR"/>
<nutrient amount="2.139" name="VAL"/>
<nutrient amount="791.0" name="Calcium"/>
<nutrient amount="0.043" name="Copper"/>
<nutrient amount="0.2" name="Iron"/>
<nutrient amount="38.0" name="Magnesium"/>
<nutrient amount="0.0050" name="Manganese"/>
<nutrient amount="567.0" name="Phosphorus"/>
<nutrient amount="77.0" name="Potassium"/>
<nutrient amount="18.2" name="Selenium"/>
<nutrient amount="192.0" name="Sodium"/>
<nutrient amount="4.36" name="Zinc"/>
<nutrient amount="830.0" name="Vitamin A"/>
<nutrient amount="214.0" name="Retinol"/>
<nutrient amount="70.0" name="Beta-carotene"/>
<nutrient amount="6.0" name="Folate"/>
<nutrient amount="0.063" name="B1 (Thiamine)"/>
<nutrient amount="0.296" name="B2 (Riboflavin)"/>
<nutrient amount="0.092" name="B3 (Niacin)"/>
<nutrient amount="0.429" name="B5 (Pantothenic Acid)"/>
<nutrient amount="0.083" name="B6 (Pyridoxine)"/>
<nutrient amount="3.34" name="B12 (Cyanocobalamin)"/>
<nutrient amount="44.0" name="Vitamin D"/>
<nutrient amount="0.38" name="Vitamin E"/>
<nutrient amount="0.03" name="Gamma Tocopherol"/>
<nutrient amount="2.5" name="Vitamin K"/>
<nutrient amount="17.779" name="Saturated"/>
<nutrient amount="7.274" name="Monounsaturated"/>
<nutrient amount="0.972" name="Polyunsaturated"/>
<nutrient amount="0.352" name="Omega-3"/>
<nutrient amount="0.62" name="Omega-6"/>
<nutrient amount="92.0" name="Cholesterol"/>
</food>
