<food fcf="8.79" pcf="4.27" uid="01059" name="Milk, filled, fluid, with blend of hydrogenated vegetable oils" ccf="3.87">
<measure amount="1.0" grams="244.0" name="cup"/>
<measure amount="1.0" grams="976.0" name="quart"/>
<nutrient amount="63.0" name="Energy"/>
<nutrient amount="3.33" name="Protein"/>
<nutrient amount="4.74" name="Carbs"/>
<nutrient amount="3.46" name="Fat"/>
<nutrient amount="87.67" name="Water"/>
<nutrient amount="0.8" name="Ash"/>
<nutrient amount="0.115" name="ALA"/>
<nutrient amount="0.253" name="ASP"/>
<nutrient amount="0.121" name="ARG"/>
<nutrient amount="0.031" name="CYS"/>
<nutrient amount="0.697" name="GLU"/>
<nutrient amount="0.07" name="GLY"/>
<nutrient amount="0.09" name="HIS"/>
<nutrient amount="0.201" name="ILE"/>
<nutrient amount="0.326" name="LEU"/>
<nutrient amount="0.264" name="LYS"/>
<nutrient amount="0.084" name="MET"/>
<nutrient amount="0.161" name="PHE"/>
<nutrient amount="0.323" name="PRO"/>
<nutrient amount="0.181" name="SER"/>
<nutrient amount="0.15" name="THR"/>
<nutrient amount="0.047" name="TRP"/>
<nutrient amount="0.161" name="TYR"/>
<nutrient amount="0.223" name="VAL"/>
<nutrient amount="128.0" name="Calcium"/>
<nutrient amount="0.01" name="Copper"/>
<nutrient amount="0.05" name="Iron"/>
<nutrient amount="13.0" name="Magnesium"/>
<nutrient amount="0.0020" name="Manganese"/>
<nutrient amount="97.0" name="Phosphorus"/>
<nutrient amount="139.0" name="Potassium"/>
<nutrient amount="2.0" name="Selenium"/>
<nutrient amount="57.0" name="Sodium"/>
<nutrient amount="0.36" name="Zinc"/>
<nutrient amount="7.0" name="Vitamin A"/>
<nutrient amount="2.0" name="Retinol"/>
<nutrient amount="5.0" name="Folate"/>
<nutrient amount="0.03" name="B1 (Thiamine)"/>
<nutrient amount="0.123" name="B2 (Riboflavin)"/>
<nutrient amount="0.087" name="B3 (Niacin)"/>
<nutrient amount="0.301" name="B5 (Pantothenic Acid)"/>
<nutrient amount="0.04" name="B6 (Pyridoxine)"/>
<nutrient amount="0.34" name="B12 (Cyanocobalamin)"/>
<nutrient amount="0.9" name="Vitamin C"/>
<nutrient amount="0.768" name="Saturated"/>
<nutrient amount="1.783" name="Monounsaturated"/>
<nutrient amount="0.75" name="Polyunsaturated"/>
<nutrient amount="0.027" name="Omega-3"/>
<nutrient amount="0.717" name="Omega-6"/>
<nutrient amount="2.0" name="Cholesterol"/>
<nutrient amount="6.0" name="Phytosterol"/>
</food>
