<food fcf="8.79" pcf="4.27" uid="01054" name="Cream, whipped, cream topping, pressurized" ccf="3.87">
<measure amount="1.0" grams="60.0" name="cup"/>
<measure amount="1.0" grams="3.0" name="tbsp"/>
<nutrient amount="257.0" name="Energy"/>
<nutrient amount="3.2" name="Protein"/>
<nutrient amount="12.49" name="Carbs"/>
<nutrient amount="8.0" name="Sugars"/>
<nutrient amount="22.22" name="Fat"/>
<nutrient amount="61.33" name="Water"/>
<nutrient amount="0.76" name="Ash"/>
<nutrient amount="0.11" name="ALA"/>
<nutrient amount="0.243" name="ASP"/>
<nutrient amount="0.116" name="ARG"/>
<nutrient amount="0.03" name="CYS"/>
<nutrient amount="0.67" name="GLU"/>
<nutrient amount="0.068" name="GLY"/>
<nutrient amount="0.087" name="HIS"/>
<nutrient amount="0.194" name="ILE"/>
<nutrient amount="0.313" name="LEU"/>
<nutrient amount="0.254" name="LYS"/>
<nutrient amount="0.08" name="MET"/>
<nutrient amount="0.154" name="PHE"/>
<nutrient amount="0.31" name="PRO"/>
<nutrient amount="0.174" name="SER"/>
<nutrient amount="0.144" name="THR"/>
<nutrient amount="0.045" name="TRP"/>
<nutrient amount="0.154" name="TYR"/>
<nutrient amount="0.214" name="VAL"/>
<nutrient amount="101.0" name="Calcium"/>
<nutrient amount="0.01" name="Copper"/>
<nutrient amount="0.05" name="Iron"/>
<nutrient amount="11.0" name="Magnesium"/>
<nutrient amount="0.0010" name="Manganese"/>
<nutrient amount="89.0" name="Phosphorus"/>
<nutrient amount="147.0" name="Potassium"/>
<nutrient amount="1.4" name="Selenium"/>
<nutrient amount="130.0" name="Sodium"/>
<nutrient amount="0.37" name="Zinc"/>
<nutrient amount="685.0" name="Vitamin A"/>
<nutrient amount="184.0" name="Retinol"/>
<nutrient amount="43.0" name="Beta-carotene"/>
<nutrient amount="3.0" name="Folate"/>
<nutrient amount="0.037" name="B1 (Thiamine)"/>
<nutrient amount="0.065" name="B2 (Riboflavin)"/>
<nutrient amount="0.07" name="B3 (Niacin)"/>
<nutrient amount="0.305" name="B5 (Pantothenic Acid)"/>
<nutrient amount="0.041" name="B6 (Pyridoxine)"/>
<nutrient amount="0.29" name="B12 (Cyanocobalamin)"/>
<nutrient amount="0.64" name="Vitamin E"/>
<nutrient amount="1.9" name="Vitamin K"/>
<nutrient amount="13.831" name="Saturated"/>
<nutrient amount="6.418" name="Monounsaturated"/>
<nutrient amount="0.825" name="Polyunsaturated"/>
<nutrient amount="0.323" name="Omega-3"/>
<nutrient amount="0.502" name="Omega-6"/>
<nutrient amount="76.0" name="Cholesterol"/>
</food>
