<food fcf="8.79" pcf="4.27" uid="01055" name="Cream, sour, reduced fat, cultured" ccf="3.87">
<measure amount="1.0" grams="242.0" name="cup"/>
<measure amount="1.0" grams="15.0" name="tbsp"/>
<nutrient amount="135.0" name="Energy"/>
<nutrient amount="2.94" name="Protein"/>
<nutrient amount="4.26" name="Carbs"/>
<nutrient amount="0.16" name="Sugars"/>
<nutrient amount="12.0" name="Fat"/>
<nutrient amount="80.14" name="Water"/>
<nutrient amount="0.66" name="Ash"/>
<nutrient amount="0.101" name="ALA"/>
<nutrient amount="0.223" name="ASP"/>
<nutrient amount="0.106" name="ARG"/>
<nutrient amount="0.027" name="CYS"/>
<nutrient amount="0.616" name="GLU"/>
<nutrient amount="0.063" name="GLY"/>
<nutrient amount="0.08" name="HIS"/>
<nutrient amount="0.178" name="ILE"/>
<nutrient amount="0.288" name="LEU"/>
<nutrient amount="0.233" name="LYS"/>
<nutrient amount="0.074" name="MET"/>
<nutrient amount="0.142" name="PHE"/>
<nutrient amount="0.285" name="PRO"/>
<nutrient amount="0.16" name="SER"/>
<nutrient amount="0.133" name="THR"/>
<nutrient amount="0.041" name="TRP"/>
<nutrient amount="0.142" name="TYR"/>
<nutrient amount="0.197" name="VAL"/>
<nutrient amount="104.0" name="Calcium"/>
<nutrient amount="0.016" name="Copper"/>
<nutrient amount="0.07" name="Iron"/>
<nutrient amount="10.0" name="Magnesium"/>
<nutrient amount="0.0030" name="Manganese"/>
<nutrient amount="95.0" name="Phosphorus"/>
<nutrient amount="129.0" name="Potassium"/>
<nutrient amount="2.1" name="Selenium"/>
<nutrient amount="41.0" name="Sodium"/>
<nutrient amount="0.5" name="Zinc"/>
<nutrient amount="372.0" name="Vitamin A"/>
<nutrient amount="100.0" name="Retinol"/>
<nutrient amount="23.0" name="Beta-carotene"/>
<nutrient amount="11.0" name="Folate"/>
<nutrient amount="0.035" name="B1 (Thiamine)"/>
<nutrient amount="0.149" name="B2 (Riboflavin)"/>
<nutrient amount="0.067" name="B3 (Niacin)"/>
<nutrient amount="0.363" name="B5 (Pantothenic Acid)"/>
<nutrient amount="0.016" name="B6 (Pyridoxine)"/>
<nutrient amount="0.3" name="B12 (Cyanocobalamin)"/>
<nutrient amount="0.9" name="Vitamin C"/>
<nutrient amount="0.34" name="Vitamin E"/>
<nutrient amount="0.6" name="Vitamin K"/>
<nutrient amount="7.47" name="Saturated"/>
<nutrient amount="3.466" name="Monounsaturated"/>
<nutrient amount="0.446" name="Polyunsaturated"/>
<nutrient amount="0.175" name="Omega-3"/>
<nutrient amount="0.271" name="Omega-6"/>
<nutrient amount="39.0" name="Cholesterol"/>
</food>
