<food fcf="8.79" pcf="4.27" uid="01050" name="Cream, fluid, light (coffee cream or table cream)" ccf="3.87">
<measure amount="1.0" grams="240.0" name="cup"/>
<measure amount="1.0" grams="15.0" name="tbsp"/>
<measure amount="1.0" grams="30.0" name="fl oz"/>
<measure amount="1.0" grams="11.1" name="container, individual"/>
<nutrient amount="195.0" name="Energy"/>
<nutrient amount="2.7" name="Protein"/>
<nutrient amount="3.66" name="Carbs"/>
<nutrient amount="0.14" name="Sugars"/>
<nutrient amount="19.31" name="Fat"/>
<nutrient amount="73.75" name="Water"/>
<nutrient amount="0.58" name="Ash"/>
<nutrient amount="0.093" name="ALA"/>
<nutrient amount="0.205" name="ASP"/>
<nutrient amount="0.098" name="ARG"/>
<nutrient amount="0.025" name="CYS"/>
<nutrient amount="0.565" name="GLU"/>
<nutrient amount="0.057" name="GLY"/>
<nutrient amount="0.073" name="HIS"/>
<nutrient amount="0.163" name="ILE"/>
<nutrient amount="0.264" name="LEU"/>
<nutrient amount="0.214" name="LYS"/>
<nutrient amount="0.068" name="MET"/>
<nutrient amount="0.13" name="PHE"/>
<nutrient amount="0.262" name="PRO"/>
<nutrient amount="0.147" name="SER"/>
<nutrient amount="0.122" name="THR"/>
<nutrient amount="0.038" name="TRP"/>
<nutrient amount="0.13" name="TYR"/>
<nutrient amount="0.181" name="VAL"/>
<nutrient amount="96.0" name="Calcium"/>
<nutrient amount="0.0080" name="Copper"/>
<nutrient amount="0.04" name="Iron"/>
<nutrient amount="9.0" name="Magnesium"/>
<nutrient amount="0.0010" name="Manganese"/>
<nutrient amount="80.0" name="Phosphorus"/>
<nutrient amount="122.0" name="Potassium"/>
<nutrient amount="0.6" name="Selenium"/>
<nutrient amount="40.0" name="Sodium"/>
<nutrient amount="0.27" name="Zinc"/>
<nutrient amount="656.0" name="Vitamin A"/>
<nutrient amount="178.0" name="Retinol"/>
<nutrient amount="37.0" name="Beta-carotene"/>
<nutrient amount="2.0" name="Folate"/>
<nutrient amount="0.032" name="B1 (Thiamine)"/>
<nutrient amount="0.148" name="B2 (Riboflavin)"/>
<nutrient amount="0.057" name="B3 (Niacin)"/>
<nutrient amount="0.276" name="B5 (Pantothenic Acid)"/>
<nutrient amount="0.032" name="B6 (Pyridoxine)"/>
<nutrient amount="0.22" name="B12 (Cyanocobalamin)"/>
<nutrient amount="0.8" name="Vitamin C"/>
<nutrient amount="0.55" name="Vitamin E"/>
<nutrient amount="1.7" name="Vitamin K"/>
<nutrient amount="12.02" name="Saturated"/>
<nutrient amount="5.577" name="Monounsaturated"/>
<nutrient amount="0.717" name="Polyunsaturated"/>
<nutrient amount="0.281" name="Omega-3"/>
<nutrient amount="0.436" name="Omega-6"/>
<nutrient amount="66.0" name="Cholesterol"/>
</food>
