<food fcf="8.79" pcf="4.27" uid="01067" name="Cream substitute, liquid, with hydrogenated vegetable oil and soy protein" ccf="3.87">
<measure amount="1.0" grams="240.0" name="cup"/>
<measure amount="1.0" grams="30.0" name="fl oz"/>
<measure amount="1.0" grams="15.0" name="container, individual"/>
<measure amount="0.5" grams="120.0" name="cup"/>
<nutrient amount="136.0" name="Energy"/>
<nutrient amount="1.0" name="Protein"/>
<nutrient amount="11.38" name="Carbs"/>
<nutrient amount="11.38" name="Sugars"/>
<nutrient amount="9.97" name="Fat"/>
<nutrient amount="77.27" name="Water"/>
<nutrient amount="0.38" name="Ash"/>
<nutrient amount="0.047" name="ALA"/>
<nutrient amount="0.125" name="ASP"/>
<nutrient amount="0.08" name="ARG"/>
<nutrient amount="0.018" name="CYS"/>
<nutrient amount="0.201" name="GLU"/>
<nutrient amount="0.047" name="GLY"/>
<nutrient amount="0.028" name="HIS"/>
<nutrient amount="0.056" name="ILE"/>
<nutrient amount="0.085" name="LEU"/>
<nutrient amount="0.068" name="LYS"/>
<nutrient amount="0.015" name="MET"/>
<nutrient amount="0.055" name="PHE"/>
<nutrient amount="0.06" name="PRO"/>
<nutrient amount="0.057" name="SER"/>
<nutrient amount="0.043" name="THR"/>
<nutrient amount="0.015" name="TRP"/>
<nutrient amount="0.037" name="TYR"/>
<nutrient amount="0.056" name="VAL"/>
<nutrient amount="9.0" name="Calcium"/>
<nutrient amount="0.03" name="Iron"/>
<nutrient amount="64.0" name="Phosphorus"/>
<nutrient amount="191.0" name="Potassium"/>
<nutrient amount="1.1" name="Selenium"/>
<nutrient amount="79.0" name="Sodium"/>
<nutrient amount="0.02" name="Zinc"/>
<nutrient amount="15.0" name="Vitamin A"/>
<nutrient amount="9.0" name="Beta-carotene"/>
<nutrient amount="0.81" name="Vitamin E"/>
<nutrient amount="2.5" name="Vitamin K"/>
<nutrient amount="1.937" name="Saturated"/>
<nutrient amount="7.551" name="Monounsaturated"/>
<nutrient amount="0.027" name="Polyunsaturated"/>
<nutrient amount="0.022" name="Omega-6"/>
<nutrient amount="13.0" name="Phytosterol"/>
</food>
