<food fcf="8.79" pcf="4.27" uid="01068" name="Cream substitute, liquid, with lauric acid oil and sodium caseinate" ccf="3.87">
<measure amount="1.0" grams="15.0" name="container, individual"/>
<measure amount="0.5" grams="120.0" name="cup"/>
<nutrient amount="136.0" name="Energy"/>
<nutrient amount="1.0" name="Protein"/>
<nutrient amount="11.38" name="Carbs"/>
<nutrient amount="9.97" name="Fat"/>
<nutrient amount="77.27" name="Water"/>
<nutrient amount="0.38" name="Ash"/>
<nutrient amount="0.031" name="ALA"/>
<nutrient amount="0.071" name="ASP"/>
<nutrient amount="0.04" name="ARG"/>
<nutrient amount="0.0040" name="CYS"/>
<nutrient amount="0.227" name="GLU"/>
<nutrient amount="0.02" name="GLY"/>
<nutrient amount="0.03" name="HIS"/>
<nutrient amount="0.061" name="ILE"/>
<nutrient amount="0.099" name="LEU"/>
<nutrient amount="0.08" name="LYS"/>
<nutrient amount="0.03" name="MET"/>
<nutrient amount="0.054" name="PHE"/>
<nutrient amount="0.113" name="PRO"/>
<nutrient amount="0.062" name="SER"/>
<nutrient amount="0.042" name="THR"/>
<nutrient amount="0.014" name="TRP"/>
<nutrient amount="0.057" name="TYR"/>
<nutrient amount="0.072" name="VAL"/>
<nutrient amount="9.0" name="Calcium"/>
<nutrient amount="0.025" name="Copper"/>
<nutrient amount="0.03" name="Iron"/>
<nutrient amount="0.04" name="Manganese"/>
<nutrient amount="64.0" name="Phosphorus"/>
<nutrient amount="191.0" name="Potassium"/>
<nutrient amount="1.1" name="Selenium"/>
<nutrient amount="79.0" name="Sodium"/>
<nutrient amount="0.02" name="Zinc"/>
<nutrient amount="89.0" name="Vitamin A"/>
<nutrient amount="9.304" name="Saturated"/>
<nutrient amount="0.106" name="Monounsaturated"/>
<nutrient amount="0.0030" name="Polyunsaturated"/>
<nutrient amount="0.0030" name="Omega-6"/>
<nutrient amount="9.0" name="Phytosterol"/>
</food>
