<food fcf="9.0" pcf="4.0" uid="01079" name="Milk, reduced fat, fluid, 2% milkfat, with added vitamin A" ccf="4.0">
<measure amount="1.0" grams="244.0" name="cup"/>
<measure amount="1.0" grams="30.5" name="fl oz"/>
<measure amount="1.0" grams="976.0" name="quart"/>
<nutrient amount="50.0" name="Energy"/>
<nutrient amount="3.3" name="Protein"/>
<nutrient amount="4.68" name="Carbs"/>
<nutrient amount="5.06" name="Sugars"/>
<nutrient amount="1.97" name="Fat"/>
<nutrient amount="89.33" name="Water"/>
<nutrient amount="0.71" name="Ash"/>
<nutrient amount="0.111" name="ALA"/>
<nutrient amount="0.299" name="ASP"/>
<nutrient amount="0.107" name="ARG"/>
<nutrient amount="0.107" name="CYS"/>
<nutrient amount="0.779" name="GLU"/>
<nutrient amount="0.061" name="GLY"/>
<nutrient amount="0.073" name="HIS"/>
<nutrient amount="0.183" name="ILE"/>
<nutrient amount="0.331" name="LEU"/>
<nutrient amount="0.233" name="LYS"/>
<nutrient amount="0.083" name="MET"/>
<nutrient amount="0.162" name="PHE"/>
<nutrient amount="0.368" name="PRO"/>
<nutrient amount="0.103" name="THR"/>
<nutrient amount="0.04" name="TRP"/>
<nutrient amount="0.153" name="TYR"/>
<nutrient amount="0.218" name="VAL"/>
<nutrient amount="117.0" name="Calcium"/>
<nutrient amount="0.012" name="Copper"/>
<nutrient amount="0.03" name="Iron"/>
<nutrient amount="11.0" name="Magnesium"/>
<nutrient amount="0.0030" name="Manganese"/>
<nutrient amount="94.0" name="Phosphorus"/>
<nutrient amount="150.0" name="Potassium"/>
<nutrient amount="2.5" name="Selenium"/>
<nutrient amount="41.0" name="Sodium"/>
<nutrient amount="0.43" name="Zinc"/>
<nutrient amount="189.0" name="Vitamin A"/>
<nutrient amount="55.0" name="Retinol"/>
<nutrient amount="3.0" name="Beta-carotene"/>
<nutrient amount="5.0" name="Folate"/>
<nutrient amount="0.039" name="B1 (Thiamine)"/>
<nutrient amount="0.185" name="B2 (Riboflavin)"/>
<nutrient amount="0.092" name="B3 (Niacin)"/>
<nutrient amount="0.356" name="B5 (Pantothenic Acid)"/>
<nutrient amount="0.038" name="B6 (Pyridoxine)"/>
<nutrient amount="0.46" name="B12 (Cyanocobalamin)"/>
<nutrient amount="0.2" name="Vitamin C"/>
<nutrient amount="43.0" name="Vitamin D"/>
<nutrient amount="0.03" name="Vitamin E"/>
<nutrient amount="0.2" name="Vitamin K"/>
<nutrient amount="1.257" name="Saturated"/>
<nutrient amount="0.56" name="Monounsaturated"/>
<nutrient amount="0.073" name="Polyunsaturated"/>
<nutrient amount="0.016" name="Omega-3"/>
<nutrient amount="0.11699999999999999" name="Omega-6"/>
<nutrient amount="8.0" name="Cholesterol"/>
</food>
