<food fcf="8.79" pcf="4.27" uid="01078" name="Milk, producer, fluid, 3.7% milkfat" ccf="3.87">
<measure amount="1.0" grams="244.0" name="cup"/>
<measure amount="1.0" grams="976.0" name="quart"/>
<nutrient amount="64.0" name="Energy"/>
<nutrient amount="3.28" name="Protein"/>
<nutrient amount="4.65" name="Carbs"/>
<nutrient amount="3.66" name="Fat"/>
<nutrient amount="87.69" name="Water"/>
<nutrient amount="0.72" name="Ash"/>
<nutrient amount="0.113" name="ALA"/>
<nutrient amount="0.249" name="ASP"/>
<nutrient amount="0.119" name="ARG"/>
<nutrient amount="0.03" name="CYS"/>
<nutrient amount="0.687" name="GLU"/>
<nutrient amount="0.069" name="GLY"/>
<nutrient amount="0.089" name="HIS"/>
<nutrient amount="0.198" name="ILE"/>
<nutrient amount="0.321" name="LEU"/>
<nutrient amount="0.26" name="LYS"/>
<nutrient amount="0.082" name="MET"/>
<nutrient amount="0.158" name="PHE"/>
<nutrient amount="0.318" name="PRO"/>
<nutrient amount="0.178" name="SER"/>
<nutrient amount="0.148" name="THR"/>
<nutrient amount="0.046" name="TRP"/>
<nutrient amount="0.158" name="TYR"/>
<nutrient amount="0.22" name="VAL"/>
<nutrient amount="119.0" name="Calcium"/>
<nutrient amount="0.01" name="Copper"/>
<nutrient amount="0.05" name="Iron"/>
<nutrient amount="13.0" name="Magnesium"/>
<nutrient amount="0.0040" name="Manganese"/>
<nutrient amount="93.0" name="Phosphorus"/>
<nutrient amount="151.0" name="Potassium"/>
<nutrient amount="2.0" name="Selenium"/>
<nutrient amount="49.0" name="Sodium"/>
<nutrient amount="0.38" name="Zinc"/>
<nutrient amount="138.0" name="Vitamin A"/>
<nutrient amount="31.0" name="Retinol"/>
<nutrient amount="5.0" name="Folate"/>
<nutrient amount="0.038" name="B1 (Thiamine)"/>
<nutrient amount="0.161" name="B2 (Riboflavin)"/>
<nutrient amount="0.084" name="B3 (Niacin)"/>
<nutrient amount="0.313" name="B5 (Pantothenic Acid)"/>
<nutrient amount="0.042" name="B6 (Pyridoxine)"/>
<nutrient amount="0.36" name="B12 (Cyanocobalamin)"/>
<nutrient amount="1.5" name="Vitamin C"/>
<nutrient amount="2.278" name="Saturated"/>
<nutrient amount="1.057" name="Monounsaturated"/>
<nutrient amount="0.136" name="Polyunsaturated"/>
<nutrient amount="0.053" name="Omega-3"/>
<nutrient amount="0.083" name="Omega-6"/>
<nutrient amount="14.0" name="Cholesterol"/>
</food>
