<food fcf="8.79" pcf="4.27" uid="01077" name="Milk, whole, 3.25% milkfat" ccf="3.87">
<measure amount="1.0" grams="244.0" name="cup"/>
<measure amount="1.0" grams="15.0" name="tbsp"/>
<measure amount="1.0" grams="30.5" name="fl oz"/>
<measure amount="1.0" grams="976.0" name="quart"/>
<nutrient amount="60.0" name="Energy"/>
<nutrient amount="3.22" name="Protein"/>
<nutrient amount="4.52" name="Carbs"/>
<nutrient amount="5.26" name="Sugars"/>
<nutrient amount="3.25" name="Fat"/>
<nutrient amount="88.32" name="Water"/>
<nutrient amount="0.69" name="Ash"/>
<nutrient amount="0.103" name="ALA"/>
<nutrient amount="0.237" name="ASP"/>
<nutrient amount="0.075" name="ARG"/>
<nutrient amount="0.017" name="CYS"/>
<nutrient amount="0.648" name="GLU"/>
<nutrient amount="0.075" name="GLY"/>
<nutrient amount="0.075" name="HIS"/>
<nutrient amount="0.165" name="ILE"/>
<nutrient amount="0.265" name="LEU"/>
<nutrient amount="0.14" name="LYS"/>
<nutrient amount="0.075" name="MET"/>
<nutrient amount="0.147" name="PHE"/>
<nutrient amount="0.342" name="PRO"/>
<nutrient amount="0.107" name="SER"/>
<nutrient amount="0.143" name="THR"/>
<nutrient amount="0.075" name="TRP"/>
<nutrient amount="0.152" name="TYR"/>
<nutrient amount="0.192" name="VAL"/>
<nutrient amount="113.0" name="Calcium"/>
<nutrient amount="0.011" name="Copper"/>
<nutrient amount="0.03" name="Iron"/>
<nutrient amount="10.0" name="Magnesium"/>
<nutrient amount="0.0030" name="Manganese"/>
<nutrient amount="91.0" name="Phosphorus"/>
<nutrient amount="143.0" name="Potassium"/>
<nutrient amount="3.7" name="Selenium"/>
<nutrient amount="40.0" name="Sodium"/>
<nutrient amount="0.4" name="Zinc"/>
<nutrient amount="102.0" name="Vitamin A"/>
<nutrient amount="28.0" name="Retinol"/>
<nutrient amount="5.0" name="Beta-carotene"/>
<nutrient amount="5.0" name="Folate"/>
<nutrient amount="0.044" name="B1 (Thiamine)"/>
<nutrient amount="0.183" name="B2 (Riboflavin)"/>
<nutrient amount="0.107" name="B3 (Niacin)"/>
<nutrient amount="0.362" name="B5 (Pantothenic Acid)"/>
<nutrient amount="0.036" name="B6 (Pyridoxine)"/>
<nutrient amount="0.44" name="B12 (Cyanocobalamin)"/>
<nutrient amount="40.0" name="Vitamin D"/>
<nutrient amount="0.06" name="Vitamin E"/>
<nutrient amount="0.01" name="Gamma Tocopherol"/>
<nutrient amount="0.2" name="Vitamin K"/>
<nutrient amount="1.865" name="Saturated"/>
<nutrient amount="0.812" name="Monounsaturated"/>
<nutrient amount="0.195" name="Polyunsaturated"/>
<nutrient amount="0.075" name="Omega-3"/>
<nutrient amount="0.12" name="Omega-6"/>
<nutrient amount="10.0" name="Cholesterol"/>
</food>
