<food fcf="8.79" pcf="4.27" uid="01089" name="Milk, low sodium,  fluid" ccf="3.87">
<measure amount="1.0" grams="244.0" name="cup"/>
<measure amount="1.0" grams="30.5" name="fl oz"/>
<measure amount="1.0" grams="976.0" name="quart"/>
<nutrient amount="61.0" name="Energy"/>
<nutrient amount="3.1" name="Protein"/>
<nutrient amount="4.46" name="Carbs"/>
<nutrient amount="4.46" name="Sugars"/>
<nutrient amount="3.46" name="Fat"/>
<nutrient amount="88.2" name="Water"/>
<nutrient amount="0.78" name="Ash"/>
<nutrient amount="0.107" name="ALA"/>
<nutrient amount="0.235" name="ASP"/>
<nutrient amount="0.112" name="ARG"/>
<nutrient amount="0.029" name="CYS"/>
<nutrient amount="0.649" name="GLU"/>
<nutrient amount="0.066" name="GLY"/>
<nutrient amount="0.084" name="HIS"/>
<nutrient amount="0.188" name="ILE"/>
<nutrient amount="0.304" name="LEU"/>
<nutrient amount="0.246" name="LYS"/>
<nutrient amount="0.078" name="MET"/>
<nutrient amount="0.15" name="PHE"/>
<nutrient amount="0.3" name="PRO"/>
<nutrient amount="0.169" name="SER"/>
<nutrient amount="0.14" name="THR"/>
<nutrient amount="0.044" name="TRP"/>
<nutrient amount="0.15" name="TYR"/>
<nutrient amount="0.207" name="VAL"/>
<nutrient amount="101.0" name="Calcium"/>
<nutrient amount="0.01" name="Copper"/>
<nutrient amount="0.05" name="Iron"/>
<nutrient amount="5.0" name="Magnesium"/>
<nutrient amount="0.0040" name="Manganese"/>
<nutrient amount="86.0" name="Phosphorus"/>
<nutrient amount="253.0" name="Potassium"/>
<nutrient amount="2.0" name="Selenium"/>
<nutrient amount="3.0" name="Sodium"/>
<nutrient amount="0.38" name="Zinc"/>
<nutrient amount="103.0" name="Vitamin A"/>
<nutrient amount="28.0" name="Retinol"/>
<nutrient amount="6.0" name="Beta-carotene"/>
<nutrient amount="5.0" name="Folate"/>
<nutrient amount="0.02" name="B1 (Thiamine)"/>
<nutrient amount="0.105" name="B2 (Riboflavin)"/>
<nutrient amount="0.043" name="B3 (Niacin)"/>
<nutrient amount="0.304" name="B5 (Pantothenic Acid)"/>
<nutrient amount="0.034" name="B6 (Pyridoxine)"/>
<nutrient amount="0.36" name="B12 (Cyanocobalamin)"/>
<nutrient amount="0.9" name="Vitamin C"/>
<nutrient amount="0.06" name="Vitamin E"/>
<nutrient amount="0.2" name="Vitamin K"/>
<nutrient amount="2.154" name="Saturated"/>
<nutrient amount="0.999" name="Monounsaturated"/>
<nutrient amount="0.128" name="Polyunsaturated"/>
<nutrient amount="0.05" name="Omega-3"/>
<nutrient amount="0.078" name="Omega-6"/>
<nutrient amount="14.0" name="Cholesterol"/>
</food>
