<food fcf="8.79" pcf="4.27" uid="01080" name="Milk, reduced fat, fluid, 2% milkfat, with added nonfat milk solids and vitamin A" ccf="3.87">
<measure amount="1.0" grams="245.0" name="cup"/>
<measure amount="1.0" grams="980.0" name="quart"/>
<nutrient amount="51.0" name="Energy"/>
<nutrient amount="3.48" name="Protein"/>
<nutrient amount="4.97" name="Carbs"/>
<nutrient amount="1.92" name="Fat"/>
<nutrient amount="88.86" name="Water"/>
<nutrient amount="0.77" name="Ash"/>
<nutrient amount="0.12" name="ALA"/>
<nutrient amount="0.264" name="ASP"/>
<nutrient amount="0.126" name="ARG"/>
<nutrient amount="0.032" name="CYS"/>
<nutrient amount="0.729" name="GLU"/>
<nutrient amount="0.074" name="GLY"/>
<nutrient amount="0.094" name="HIS"/>
<nutrient amount="0.211" name="ILE"/>
<nutrient amount="0.341" name="LEU"/>
<nutrient amount="0.276" name="LYS"/>
<nutrient amount="0.087" name="MET"/>
<nutrient amount="0.168" name="PHE"/>
<nutrient amount="0.337" name="PRO"/>
<nutrient amount="0.189" name="SER"/>
<nutrient amount="0.157" name="THR"/>
<nutrient amount="0.049" name="TRP"/>
<nutrient amount="0.168" name="TYR"/>
<nutrient amount="0.233" name="VAL"/>
<nutrient amount="128.0" name="Calcium"/>
<nutrient amount="0.0080" name="Copper"/>
<nutrient amount="0.05" name="Iron"/>
<nutrient amount="14.0" name="Magnesium"/>
<nutrient amount="0.0020" name="Manganese"/>
<nutrient amount="100.0" name="Phosphorus"/>
<nutrient amount="162.0" name="Potassium"/>
<nutrient amount="2.3" name="Selenium"/>
<nutrient amount="52.0" name="Sodium"/>
<nutrient amount="0.4" name="Zinc"/>
<nutrient amount="204.0" name="Vitamin A"/>
<nutrient amount="55.0" name="Retinol"/>
<nutrient amount="5.0" name="Folate"/>
<nutrient amount="0.04" name="B1 (Thiamine)"/>
<nutrient amount="0.173" name="B2 (Riboflavin)"/>
<nutrient amount="0.09" name="B3 (Niacin)"/>
<nutrient amount="0.336" name="B5 (Pantothenic Acid)"/>
<nutrient amount="0.045" name="B6 (Pyridoxine)"/>
<nutrient amount="0.38" name="B12 (Cyanocobalamin)"/>
<nutrient amount="1.0" name="Vitamin C"/>
<nutrient amount="40.0" name="Vitamin D"/>
<nutrient amount="1.195" name="Saturated"/>
<nutrient amount="0.555" name="Monounsaturated"/>
<nutrient amount="0.071" name="Polyunsaturated"/>
<nutrient amount="0.028" name="Omega-3"/>
<nutrient amount="0.043" name="Omega-6"/>
<nutrient amount="8.0" name="Cholesterol"/>
</food>
