<food fcf="8.79" pcf="4.27" uid="01081" name="Milk, reduced fat, fluid, 2% milkfat, protein fortified, with added vitamin A" ccf="3.87">
<measure amount="1.0" grams="246.0" name="cup"/>
<measure amount="1.0" grams="984.0" name="quart"/>
<nutrient amount="56.0" name="Energy"/>
<nutrient amount="3.95" name="Protein"/>
<nutrient amount="5.49" name="Carbs"/>
<nutrient amount="5.26" name="Sugars"/>
<nutrient amount="1.98" name="Fat"/>
<nutrient amount="87.71" name="Water"/>
<nutrient amount="0.87" name="Ash"/>
<nutrient amount="0.136" name="ALA"/>
<nutrient amount="0.3" name="ASP"/>
<nutrient amount="0.143" name="ARG"/>
<nutrient amount="0.037" name="CYS"/>
<nutrient amount="0.827" name="GLU"/>
<nutrient amount="0.084" name="GLY"/>
<nutrient amount="0.107" name="HIS"/>
<nutrient amount="0.239" name="ILE"/>
<nutrient amount="0.387" name="LEU"/>
<nutrient amount="0.313" name="LYS"/>
<nutrient amount="0.099" name="MET"/>
<nutrient amount="0.191" name="PHE"/>
<nutrient amount="0.383" name="PRO"/>
<nutrient amount="0.215" name="SER"/>
<nutrient amount="0.178" name="THR"/>
<nutrient amount="0.056" name="TRP"/>
<nutrient amount="0.191" name="TYR"/>
<nutrient amount="0.264" name="VAL"/>
<nutrient amount="143.0" name="Calcium"/>
<nutrient amount="0.0080" name="Copper"/>
<nutrient amount="0.06" name="Iron"/>
<nutrient amount="16.0" name="Magnesium"/>
<nutrient amount="0.0020" name="Manganese"/>
<nutrient amount="112.0" name="Phosphorus"/>
<nutrient amount="182.0" name="Potassium"/>
<nutrient amount="2.6" name="Selenium"/>
<nutrient amount="59.0" name="Sodium"/>
<nutrient amount="0.45" name="Zinc"/>
<nutrient amount="5.0" name="Vitamin A"/>
<nutrient amount="3.0" name="Beta-carotene"/>
<nutrient amount="6.0" name="Folate"/>
<nutrient amount="0.045" name="B1 (Thiamine)"/>
<nutrient amount="0.194" name="B2 (Riboflavin)"/>
<nutrient amount="0.101" name="B3 (Niacin)"/>
<nutrient amount="0.376" name="B5 (Pantothenic Acid)"/>
<nutrient amount="0.051" name="B6 (Pyridoxine)"/>
<nutrient amount="0.43" name="B12 (Cyanocobalamin)"/>
<nutrient amount="1.1" name="Vitamin C"/>
<nutrient amount="40.0" name="Vitamin D"/>
<nutrient amount="0.04" name="Vitamin E"/>
<nutrient amount="0.1" name="Vitamin K"/>
<nutrient amount="1.232" name="Saturated"/>
<nutrient amount="0.572" name="Monounsaturated"/>
<nutrient amount="0.074" name="Polyunsaturated"/>
<nutrient amount="0.029" name="Omega-3"/>
<nutrient amount="0.045" name="Omega-6"/>
<nutrient amount="8.0" name="Cholesterol"/>
</food>
