<food fcf="8.79" pcf="4.27" uid="01084" name="Milk, lowfat, fluid, 1% milkfat, protein fortified, with added vitamin A" ccf="3.87">
<measure amount="1.0" grams="246.0" name="cup"/>
<measure amount="1.0" grams="984.0" name="quart"/>
<nutrient amount="48.0" name="Energy"/>
<nutrient amount="3.93" name="Protein"/>
<nutrient amount="5.52" name="Carbs"/>
<nutrient amount="1.17" name="Fat"/>
<nutrient amount="88.74" name="Water"/>
<nutrient amount="0.86" name="Ash"/>
<nutrient amount="0.136" name="ALA"/>
<nutrient amount="0.298" name="ASP"/>
<nutrient amount="0.142" name="ARG"/>
<nutrient amount="0.036" name="CYS"/>
<nutrient amount="0.823" name="GLU"/>
<nutrient amount="0.083" name="GLY"/>
<nutrient amount="0.107" name="HIS"/>
<nutrient amount="0.238" name="ILE"/>
<nutrient amount="0.385" name="LEU"/>
<nutrient amount="0.312" name="LYS"/>
<nutrient amount="0.099" name="MET"/>
<nutrient amount="0.19" name="PHE"/>
<nutrient amount="0.381" name="PRO"/>
<nutrient amount="0.214" name="SER"/>
<nutrient amount="0.177" name="THR"/>
<nutrient amount="0.055" name="TRP"/>
<nutrient amount="0.19" name="TYR"/>
<nutrient amount="0.263" name="VAL"/>
<nutrient amount="142.0" name="Calcium"/>
<nutrient amount="0.01" name="Copper"/>
<nutrient amount="0.06" name="Iron"/>
<nutrient amount="16.0" name="Magnesium"/>
<nutrient amount="0.0020" name="Manganese"/>
<nutrient amount="111.0" name="Phosphorus"/>
<nutrient amount="180.0" name="Potassium"/>
<nutrient amount="2.5" name="Selenium"/>
<nutrient amount="58.0" name="Sodium"/>
<nutrient amount="0.45" name="Zinc"/>
<nutrient amount="203.0" name="Vitamin A"/>
<nutrient amount="61.0" name="Retinol"/>
<nutrient amount="6.0" name="Folate"/>
<nutrient amount="0.045" name="B1 (Thiamine)"/>
<nutrient amount="0.192" name="B2 (Riboflavin)"/>
<nutrient amount="0.1" name="B3 (Niacin)"/>
<nutrient amount="0.373" name="B5 (Pantothenic Acid)"/>
<nutrient amount="0.05" name="B6 (Pyridoxine)"/>
<nutrient amount="0.43" name="B12 (Cyanocobalamin)"/>
<nutrient amount="1.2" name="Vitamin C"/>
<nutrient amount="40.0" name="Vitamin D"/>
<nutrient amount="0.728" name="Saturated"/>
<nutrient amount="0.338" name="Monounsaturated"/>
<nutrient amount="0.043" name="Polyunsaturated"/>
<nutrient amount="0.017" name="Omega-3"/>
<nutrient amount="0.026" name="Omega-6"/>
<nutrient amount="4.0" name="Cholesterol"/>
</food>
