<food fcf="8.79" pcf="4.27" uid="01094" name="Milk, buttermilk, dried" ccf="3.87">
<measure amount="1.0" grams="120.0" name="cup"/>
<measure amount="1.0" grams="6.5" name="tbsp"/>
<nutrient amount="387.0" name="Energy"/>
<nutrient amount="34.3" name="Protein"/>
<nutrient amount="49.0" name="Carbs"/>
<nutrient amount="49.0" name="Sugars"/>
<nutrient amount="5.78" name="Fat"/>
<nutrient amount="2.97" name="Water"/>
<nutrient amount="7.95" name="Ash"/>
<nutrient amount="1.183" name="ALA"/>
<nutrient amount="2.602" name="ASP"/>
<nutrient amount="1.242" name="ARG"/>
<nutrient amount="0.317" name="CYS"/>
<nutrient amount="7.183" name="GLU"/>
<nutrient amount="0.726" name="GLY"/>
<nutrient amount="0.93" name="HIS"/>
<nutrient amount="2.075" name="ILE"/>
<nutrient amount="3.36" name="LEU"/>
<nutrient amount="2.72" name="LYS"/>
<nutrient amount="0.86" name="MET"/>
<nutrient amount="1.656" name="PHE"/>
<nutrient amount="3.322" name="PRO"/>
<nutrient amount="1.866" name="SER"/>
<nutrient amount="1.548" name="THR"/>
<nutrient amount="0.484" name="TRP"/>
<nutrient amount="1.656" name="TYR"/>
<nutrient amount="2.296" name="VAL"/>
<nutrient amount="1184.0" name="Calcium"/>
<nutrient amount="0.111" name="Copper"/>
<nutrient amount="0.3" name="Iron"/>
<nutrient amount="110.0" name="Magnesium"/>
<nutrient amount="0.023" name="Manganese"/>
<nutrient amount="933.0" name="Phosphorus"/>
<nutrient amount="1592.0" name="Potassium"/>
<nutrient amount="20.3" name="Selenium"/>
<nutrient amount="517.0" name="Sodium"/>
<nutrient amount="4.02" name="Zinc"/>
<nutrient amount="175.0" name="Vitamin A"/>
<nutrient amount="48.0" name="Retinol"/>
<nutrient amount="9.0" name="Beta-carotene"/>
<nutrient amount="47.0" name="Folate"/>
<nutrient amount="0.392" name="B1 (Thiamine)"/>
<nutrient amount="1.579" name="B2 (Riboflavin)"/>
<nutrient amount="0.876" name="B3 (Niacin)"/>
<nutrient amount="3.17" name="B5 (Pantothenic Acid)"/>
<nutrient amount="0.338" name="B6 (Pyridoxine)"/>
<nutrient amount="3.82" name="B12 (Cyanocobalamin)"/>
<nutrient amount="5.7" name="Vitamin C"/>
<nutrient amount="0.1" name="Vitamin E"/>
<nutrient amount="0.4" name="Vitamin K"/>
<nutrient amount="3.598" name="Saturated"/>
<nutrient amount="1.669" name="Monounsaturated"/>
<nutrient amount="0.215" name="Polyunsaturated"/>
<nutrient amount="0.084" name="Omega-3"/>
<nutrient amount="0.131" name="Omega-6"/>
<nutrient amount="69.0" name="Cholesterol"/>
</food>
