<food fcf="8.79" pcf="4.27" uid="01096" name="Milk, canned, evaporated, without added vitamin A" ccf="3.87">
<measure amount="1.0" grams="252.0" name="cup"/>
<measure amount="1.0" grams="31.5" name="fl oz"/>
<measure amount="1.0" grams="369.0" name="can (13 oz)"/>
<measure amount="0.5" grams="126.0" name="cup"/>
<nutrient amount="134.0" name="Energy"/>
<nutrient amount="6.81" name="Protein"/>
<nutrient amount="10.04" name="Carbs"/>
<nutrient amount="10.04" name="Sugars"/>
<nutrient amount="7.56" name="Fat"/>
<nutrient amount="74.04" name="Water"/>
<nutrient amount="1.55" name="Ash"/>
<nutrient amount="0.235" name="ALA"/>
<nutrient amount="0.517" name="ASP"/>
<nutrient amount="0.247" name="ARG"/>
<nutrient amount="0.063" name="CYS"/>
<nutrient amount="1.426" name="GLU"/>
<nutrient amount="0.144" name="GLY"/>
<nutrient amount="0.185" name="HIS"/>
<nutrient amount="0.412" name="ILE"/>
<nutrient amount="0.667" name="LEU"/>
<nutrient amount="0.54" name="LYS"/>
<nutrient amount="0.171" name="MET"/>
<nutrient amount="0.329" name="PHE"/>
<nutrient amount="0.66" name="PRO"/>
<nutrient amount="0.37" name="SER"/>
<nutrient amount="0.307" name="THR"/>
<nutrient amount="0.096" name="TRP"/>
<nutrient amount="0.329" name="TYR"/>
<nutrient amount="0.456" name="VAL"/>
<nutrient amount="261.0" name="Calcium"/>
<nutrient amount="0.016" name="Copper"/>
<nutrient amount="0.19" name="Iron"/>
<nutrient amount="24.0" name="Magnesium"/>
<nutrient amount="0.0060" name="Manganese"/>
<nutrient amount="203.0" name="Phosphorus"/>
<nutrient amount="303.0" name="Potassium"/>
<nutrient amount="2.3" name="Selenium"/>
<nutrient amount="106.0" name="Sodium"/>
<nutrient amount="0.77" name="Zinc"/>
<nutrient amount="233.0" name="Vitamin A"/>
<nutrient amount="64.0" name="Retinol"/>
<nutrient amount="12.0" name="Beta-carotene"/>
<nutrient amount="8.0" name="Folate"/>
<nutrient amount="0.047" name="B1 (Thiamine)"/>
<nutrient amount="0.316" name="B2 (Riboflavin)"/>
<nutrient amount="0.194" name="B3 (Niacin)"/>
<nutrient amount="0.638" name="B5 (Pantothenic Acid)"/>
<nutrient amount="0.05" name="B6 (Pyridoxine)"/>
<nutrient amount="0.16" name="B12 (Cyanocobalamin)"/>
<nutrient amount="1.9" name="Vitamin C"/>
<nutrient amount="0.14" name="Vitamin E"/>
<nutrient amount="0.5" name="Vitamin K"/>
<nutrient amount="4.591" name="Saturated"/>
<nutrient amount="2.335" name="Monounsaturated"/>
<nutrient amount="0.245" name="Polyunsaturated"/>
<nutrient amount="0.078" name="Omega-3"/>
<nutrient amount="0.167" name="Omega-6"/>
<nutrient amount="29.0" name="Cholesterol"/>
</food>
