<food fcf="8.79" pcf="4.27" uid="01097" name="Milk, canned, evaporated, nonfat" ccf="3.87">
<measure amount="1.0" grams="256.0" name="cup"/>
<measure amount="1.0" grams="31.9" name="fl oz"/>
<measure amount="0.5" grams="128.0" name="cup"/>
<nutrient amount="78.0" name="Energy"/>
<nutrient amount="7.55" name="Protein"/>
<nutrient amount="11.35" name="Carbs"/>
<nutrient amount="11.35" name="Sugars"/>
<nutrient amount="0.2" name="Fat"/>
<nutrient amount="79.4" name="Water"/>
<nutrient amount="1.5" name="Ash"/>
<nutrient amount="0.26" name="ALA"/>
<nutrient amount="0.573" name="ASP"/>
<nutrient amount="0.273" name="ARG"/>
<nutrient amount="0.07" name="CYS"/>
<nutrient amount="1.581" name="GLU"/>
<nutrient amount="0.16" name="GLY"/>
<nutrient amount="0.205" name="HIS"/>
<nutrient amount="0.457" name="ILE"/>
<nutrient amount="0.74" name="LEU"/>
<nutrient amount="0.599" name="LYS"/>
<nutrient amount="0.189" name="MET"/>
<nutrient amount="0.364" name="PHE"/>
<nutrient amount="0.731" name="PRO"/>
<nutrient amount="0.411" name="SER"/>
<nutrient amount="0.341" name="THR"/>
<nutrient amount="0.107" name="TRP"/>
<nutrient amount="0.364" name="TYR"/>
<nutrient amount="0.505" name="VAL"/>
<nutrient amount="290.0" name="Calcium"/>
<nutrient amount="0.016" name="Copper"/>
<nutrient amount="0.29" name="Iron"/>
<nutrient amount="27.0" name="Magnesium"/>
<nutrient amount="0.0060" name="Manganese"/>
<nutrient amount="195.0" name="Phosphorus"/>
<nutrient amount="332.0" name="Potassium"/>
<nutrient amount="2.5" name="Selenium"/>
<nutrient amount="115.0" name="Sodium"/>
<nutrient amount="0.9" name="Zinc"/>
<nutrient amount="394.0" name="Vitamin A"/>
<nutrient amount="118.0" name="Retinol"/>
<nutrient amount="9.0" name="Folate"/>
<nutrient amount="0.045" name="B1 (Thiamine)"/>
<nutrient amount="0.309" name="B2 (Riboflavin)"/>
<nutrient amount="0.174" name="B3 (Niacin)"/>
<nutrient amount="0.738" name="B5 (Pantothenic Acid)"/>
<nutrient amount="0.055" name="B6 (Pyridoxine)"/>
<nutrient amount="0.24" name="B12 (Cyanocobalamin)"/>
<nutrient amount="1.2" name="Vitamin C"/>
<nutrient amount="80.0" name="Vitamin D"/>
<nutrient amount="0.121" name="Saturated"/>
<nutrient amount="0.062" name="Monounsaturated"/>
<nutrient amount="0.0060" name="Polyunsaturated"/>
<nutrient amount="0.0020" name="Omega-3"/>
<nutrient amount="0.0040" name="Omega-6"/>
<nutrient amount="4.0" name="Cholesterol"/>
</food>
