<food fcf="8.79" pcf="4.27" uid="01095" name="Milk, canned, condensed, sweetened" ccf="3.87">
<measure amount="1.0" grams="306.0" name="cup"/>
<measure amount="1.0" grams="38.2" name="fl oz"/>
<nutrient amount="321.0" name="Energy"/>
<nutrient amount="7.91" name="Protein"/>
<nutrient amount="54.4" name="Carbs"/>
<nutrient amount="54.4" name="Sugars"/>
<nutrient amount="8.7" name="Fat"/>
<nutrient amount="27.16" name="Water"/>
<nutrient amount="1.83" name="Ash"/>
<nutrient amount="0.273" name="ALA"/>
<nutrient amount="0.6" name="ASP"/>
<nutrient amount="0.286" name="ARG"/>
<nutrient amount="0.073" name="CYS"/>
<nutrient amount="1.656" name="GLU"/>
<nutrient amount="0.167" name="GLY"/>
<nutrient amount="0.214" name="HIS"/>
<nutrient amount="0.479" name="ILE"/>
<nutrient amount="0.775" name="LEU"/>
<nutrient amount="0.627" name="LYS"/>
<nutrient amount="0.198" name="MET"/>
<nutrient amount="0.382" name="PHE"/>
<nutrient amount="0.766" name="PRO"/>
<nutrient amount="0.43" name="SER"/>
<nutrient amount="0.357" name="THR"/>
<nutrient amount="0.112" name="TRP"/>
<nutrient amount="0.382" name="TYR"/>
<nutrient amount="0.529" name="VAL"/>
<nutrient amount="284.0" name="Calcium"/>
<nutrient amount="0.015" name="Copper"/>
<nutrient amount="0.19" name="Iron"/>
<nutrient amount="26.0" name="Magnesium"/>
<nutrient amount="0.0060" name="Manganese"/>
<nutrient amount="253.0" name="Phosphorus"/>
<nutrient amount="371.0" name="Potassium"/>
<nutrient amount="14.8" name="Selenium"/>
<nutrient amount="127.0" name="Sodium"/>
<nutrient amount="0.94" name="Zinc"/>
<nutrient amount="267.0" name="Vitamin A"/>
<nutrient amount="73.0" name="Retinol"/>
<nutrient amount="14.0" name="Beta-carotene"/>
<nutrient amount="11.0" name="Folate"/>
<nutrient amount="0.09" name="B1 (Thiamine)"/>
<nutrient amount="0.416" name="B2 (Riboflavin)"/>
<nutrient amount="0.21" name="B3 (Niacin)"/>
<nutrient amount="0.75" name="B5 (Pantothenic Acid)"/>
<nutrient amount="0.051" name="B6 (Pyridoxine)"/>
<nutrient amount="0.44" name="B12 (Cyanocobalamin)"/>
<nutrient amount="2.6" name="Vitamin C"/>
<nutrient amount="0.16" name="Vitamin E"/>
<nutrient amount="0.6" name="Vitamin K"/>
<nutrient amount="5.486" name="Saturated"/>
<nutrient amount="2.427" name="Monounsaturated"/>
<nutrient amount="0.337" name="Polyunsaturated"/>
<nutrient amount="0.121" name="Omega-3"/>
<nutrient amount="0.216" name="Omega-6"/>
<nutrient amount="34.0" name="Cholesterol"/>
</food>
