<food fcf="8.79" pcf="4.27" uid="01092" name="Milk, dry, nonfat, instant, with added vitamin A" ccf="3.87">
<measure amount="1.0" grams="68.0" name="cup"/>
<measure amount="1.0" grams="91.0" name="envelope (1-1/3 cup)"/>
<measure amount="0.333" grams="23.0" name="cup (makes 1 cup reconstituted milk)"/>
<nutrient amount="358.0" name="Energy"/>
<nutrient amount="35.1" name="Protein"/>
<nutrient amount="52.19" name="Carbs"/>
<nutrient amount="52.19" name="Sugars"/>
<nutrient amount="0.72" name="Fat"/>
<nutrient amount="3.96" name="Water"/>
<nutrient amount="8.03" name="Ash"/>
<nutrient amount="1.21" name="ALA"/>
<nutrient amount="2.663" name="ASP"/>
<nutrient amount="1.271" name="ARG"/>
<nutrient amount="0.325" name="CYS"/>
<nutrient amount="7.35" name="GLU"/>
<nutrient amount="0.743" name="GLY"/>
<nutrient amount="0.952" name="HIS"/>
<nutrient amount="2.124" name="ILE"/>
<nutrient amount="3.438" name="LEU"/>
<nutrient amount="2.784" name="LYS"/>
<nutrient amount="0.88" name="MET"/>
<nutrient amount="1.694" name="PHE"/>
<nutrient amount="3.4" name="PRO"/>
<nutrient amount="1.909" name="SER"/>
<nutrient amount="1.584" name="THR"/>
<nutrient amount="0.495" name="TRP"/>
<nutrient amount="1.694" name="TYR"/>
<nutrient amount="2.349" name="VAL"/>
<nutrient amount="1231.0" name="Calcium"/>
<nutrient amount="0.041" name="Copper"/>
<nutrient amount="0.31" name="Iron"/>
<nutrient amount="117.0" name="Magnesium"/>
<nutrient amount="0.02" name="Manganese"/>
<nutrient amount="985.0" name="Phosphorus"/>
<nutrient amount="1705.0" name="Potassium"/>
<nutrient amount="27.3" name="Selenium"/>
<nutrient amount="549.0" name="Sodium"/>
<nutrient amount="4.41" name="Zinc"/>
<nutrient amount="2365.0" name="Vitamin A"/>
<nutrient amount="709.0" name="Retinol"/>
<nutrient amount="1.0" name="Beta-carotene"/>
<nutrient amount="50.0" name="Folate"/>
<nutrient amount="0.413" name="B1 (Thiamine)"/>
<nutrient amount="1.744" name="B2 (Riboflavin)"/>
<nutrient amount="0.891" name="B3 (Niacin)"/>
<nutrient amount="3.235" name="B5 (Pantothenic Acid)"/>
<nutrient amount="0.345" name="B6 (Pyridoxine)"/>
<nutrient amount="3.99" name="B12 (Cyanocobalamin)"/>
<nutrient amount="5.6" name="Vitamin C"/>
<nutrient amount="440.0" name="Vitamin D"/>
<nutrient amount="0.01" name="Vitamin E"/>
<nutrient amount="0.467" name="Saturated"/>
<nutrient amount="0.187" name="Monounsaturated"/>
<nutrient amount="0.028" name="Polyunsaturated"/>
<nutrient amount="0.011" name="Omega-3"/>
<nutrient amount="0.018" name="Omega-6"/>
<nutrient amount="18.0" name="Cholesterol"/>
</food>
