<food fcf="8.79" pcf="4.27" uid="01090" name="Milk, dry, whole" ccf="3.87">
<measure amount="1.0" grams="128.0" name="cup"/>
<measure amount="0.25" grams="32.0" name="cup"/>
<nutrient amount="496.0" name="Energy"/>
<nutrient amount="26.32" name="Protein"/>
<nutrient amount="38.42" name="Carbs"/>
<nutrient amount="38.42" name="Sugars"/>
<nutrient amount="26.71" name="Fat"/>
<nutrient amount="2.47" name="Water"/>
<nutrient amount="6.08" name="Ash"/>
<nutrient amount="0.908" name="ALA"/>
<nutrient amount="1.997" name="ASP"/>
<nutrient amount="0.953" name="ARG"/>
<nutrient amount="0.243" name="CYS"/>
<nutrient amount="5.512" name="GLU"/>
<nutrient amount="0.557" name="GLY"/>
<nutrient amount="0.714" name="HIS"/>
<nutrient amount="1.592" name="ILE"/>
<nutrient amount="2.578" name="LEU"/>
<nutrient amount="2.087" name="LYS"/>
<nutrient amount="0.66" name="MET"/>
<nutrient amount="1.271" name="PHE"/>
<nutrient amount="2.549" name="PRO"/>
<nutrient amount="1.432" name="SER"/>
<nutrient amount="1.188" name="THR"/>
<nutrient amount="0.371" name="TRP"/>
<nutrient amount="1.271" name="TYR"/>
<nutrient amount="1.762" name="VAL"/>
<nutrient amount="912.0" name="Calcium"/>
<nutrient amount="0.08" name="Copper"/>
<nutrient amount="0.47" name="Iron"/>
<nutrient amount="85.0" name="Magnesium"/>
<nutrient amount="0.04" name="Manganese"/>
<nutrient amount="776.0" name="Phosphorus"/>
<nutrient amount="1330.0" name="Potassium"/>
<nutrient amount="16.3" name="Selenium"/>
<nutrient amount="371.0" name="Sodium"/>
<nutrient amount="3.34" name="Zinc"/>
<nutrient amount="915.0" name="Vitamin A"/>
<nutrient amount="253.0" name="Retinol"/>
<nutrient amount="43.0" name="Beta-carotene"/>
<nutrient amount="37.0" name="Folate"/>
<nutrient amount="0.283" name="B1 (Thiamine)"/>
<nutrient amount="1.205" name="B2 (Riboflavin)"/>
<nutrient amount="0.646" name="B3 (Niacin)"/>
<nutrient amount="2.271" name="B5 (Pantothenic Acid)"/>
<nutrient amount="0.302" name="B6 (Pyridoxine)"/>
<nutrient amount="3.25" name="B12 (Cyanocobalamin)"/>
<nutrient amount="8.6" name="Vitamin C"/>
<nutrient amount="312.0" name="Vitamin D"/>
<nutrient amount="0.48" name="Vitamin E"/>
<nutrient amount="1.8" name="Vitamin K"/>
<nutrient amount="16.742" name="Saturated"/>
<nutrient amount="7.924" name="Monounsaturated"/>
<nutrient amount="0.665" name="Polyunsaturated"/>
<nutrient amount="0.204" name="Omega-3"/>
<nutrient amount="0.46" name="Omega-6"/>
<nutrient amount="97.0" name="Cholesterol"/>
</food>
