<food fcf="8.79" pcf="4.27" uid="01109" name="Milk, sheep, fluid" ccf="3.87">
<measure amount="1.0" grams="245.0" name="cup"/>
<measure amount="1.0" grams="980.0" name="quart"/>
<nutrient amount="108.0" name="Energy"/>
<nutrient amount="5.98" name="Protein"/>
<nutrient amount="5.36" name="Carbs"/>
<nutrient amount="7.0" name="Fat"/>
<nutrient amount="80.7" name="Water"/>
<nutrient amount="0.96" name="Ash"/>
<nutrient amount="0.269" name="ALA"/>
<nutrient amount="0.328" name="ASP"/>
<nutrient amount="0.198" name="ARG"/>
<nutrient amount="0.035" name="CYS"/>
<nutrient amount="1.019" name="GLU"/>
<nutrient amount="0.041" name="GLY"/>
<nutrient amount="0.167" name="HIS"/>
<nutrient amount="0.338" name="ILE"/>
<nutrient amount="0.587" name="LEU"/>
<nutrient amount="0.513" name="LYS"/>
<nutrient amount="0.155" name="MET"/>
<nutrient amount="0.284" name="PHE"/>
<nutrient amount="0.58" name="PRO"/>
<nutrient amount="0.492" name="SER"/>
<nutrient amount="0.268" name="THR"/>
<nutrient amount="0.084" name="TRP"/>
<nutrient amount="0.281" name="TYR"/>
<nutrient amount="0.448" name="VAL"/>
<nutrient amount="193.0" name="Calcium"/>
<nutrient amount="0.046" name="Copper"/>
<nutrient amount="0.1" name="Iron"/>
<nutrient amount="18.0" name="Magnesium"/>
<nutrient amount="0.018" name="Manganese"/>
<nutrient amount="158.0" name="Phosphorus"/>
<nutrient amount="137.0" name="Potassium"/>
<nutrient amount="1.7" name="Selenium"/>
<nutrient amount="44.0" name="Sodium"/>
<nutrient amount="0.54" name="Zinc"/>
<nutrient amount="147.0" name="Vitamin A"/>
<nutrient amount="44.0" name="Retinol"/>
<nutrient amount="7.0" name="Folate"/>
<nutrient amount="0.065" name="B1 (Thiamine)"/>
<nutrient amount="0.355" name="B2 (Riboflavin)"/>
<nutrient amount="0.417" name="B3 (Niacin)"/>
<nutrient amount="0.407" name="B5 (Pantothenic Acid)"/>
<nutrient amount="0.06" name="B6 (Pyridoxine)"/>
<nutrient amount="0.71" name="B12 (Cyanocobalamin)"/>
<nutrient amount="4.2" name="Vitamin C"/>
<nutrient amount="4.603" name="Saturated"/>
<nutrient amount="1.724" name="Monounsaturated"/>
<nutrient amount="0.308" name="Polyunsaturated"/>
<nutrient amount="0.127" name="Omega-3"/>
<nutrient amount="0.181" name="Omega-6"/>
<nutrient amount="27.0" name="Cholesterol"/>
</food>
