<food fcf="8.79" pcf="4.27" uid="01107" name="Milk, human, mature, fluid" ccf="3.87">
<measure amount="1.0" grams="246.0" name="cup"/>
<measure amount="1.0" grams="30.8" name="fl oz"/>
<nutrient amount="70.0" name="Energy"/>
<nutrient amount="1.03" name="Protein"/>
<nutrient amount="6.89" name="Carbs"/>
<nutrient amount="6.89" name="Sugars"/>
<nutrient amount="4.38" name="Fat"/>
<nutrient amount="87.5" name="Water"/>
<nutrient amount="0.2" name="Ash"/>
<nutrient amount="0.036" name="ALA"/>
<nutrient amount="0.082" name="ASP"/>
<nutrient amount="0.043" name="ARG"/>
<nutrient amount="0.019" name="CYS"/>
<nutrient amount="0.168" name="GLU"/>
<nutrient amount="0.026" name="GLY"/>
<nutrient amount="0.023" name="HIS"/>
<nutrient amount="0.056" name="ILE"/>
<nutrient amount="0.095" name="LEU"/>
<nutrient amount="0.068" name="LYS"/>
<nutrient amount="0.021" name="MET"/>
<nutrient amount="0.046" name="PHE"/>
<nutrient amount="0.082" name="PRO"/>
<nutrient amount="0.043" name="SER"/>
<nutrient amount="0.046" name="THR"/>
<nutrient amount="0.017" name="TRP"/>
<nutrient amount="0.053" name="TYR"/>
<nutrient amount="0.063" name="VAL"/>
<nutrient amount="32.0" name="Calcium"/>
<nutrient amount="0.052" name="Copper"/>
<nutrient amount="0.03" name="Iron"/>
<nutrient amount="3.0" name="Magnesium"/>
<nutrient amount="0.026" name="Manganese"/>
<nutrient amount="14.0" name="Phosphorus"/>
<nutrient amount="51.0" name="Potassium"/>
<nutrient amount="1.8" name="Selenium"/>
<nutrient amount="17.0" name="Sodium"/>
<nutrient amount="0.17" name="Zinc"/>
<nutrient amount="212.0" name="Vitamin A"/>
<nutrient amount="60.0" name="Retinol"/>
<nutrient amount="7.0" name="Beta-carotene"/>
<nutrient amount="5.0" name="Folate"/>
<nutrient amount="0.014" name="B1 (Thiamine)"/>
<nutrient amount="0.036" name="B2 (Riboflavin)"/>
<nutrient amount="0.177" name="B3 (Niacin)"/>
<nutrient amount="0.223" name="B5 (Pantothenic Acid)"/>
<nutrient amount="0.011" name="B6 (Pyridoxine)"/>
<nutrient amount="0.05" name="B12 (Cyanocobalamin)"/>
<nutrient amount="5.0" name="Vitamin C"/>
<nutrient amount="4.0" name="Vitamin D"/>
<nutrient amount="0.08" name="Vitamin E"/>
<nutrient amount="0.3" name="Vitamin K"/>
<nutrient amount="2.009" name="Saturated"/>
<nutrient amount="1.658" name="Monounsaturated"/>
<nutrient amount="0.497" name="Polyunsaturated"/>
<nutrient amount="0.052" name="Omega-3"/>
<nutrient amount="0.4" name="Omega-6"/>
<nutrient amount="14.0" name="Cholesterol"/>
</food>
