<food fcf="8.79" pcf="4.27" uid="01106" name="Milk, goat, fluid" ccf="3.87">
<measure amount="1.0" grams="244.0" name="cup"/>
<measure amount="1.0" grams="30.5" name="fl oz"/>
<measure amount="1.0" grams="976.0" name="quart"/>
<nutrient amount="69.0" name="Energy"/>
<nutrient amount="3.56" name="Protein"/>
<nutrient amount="4.45" name="Carbs"/>
<nutrient amount="4.45" name="Sugars"/>
<nutrient amount="4.14" name="Fat"/>
<nutrient amount="87.03" name="Water"/>
<nutrient amount="0.82" name="Ash"/>
<nutrient amount="0.118" name="ALA"/>
<nutrient amount="0.21" name="ASP"/>
<nutrient amount="0.119" name="ARG"/>
<nutrient amount="0.046" name="CYS"/>
<nutrient amount="0.626" name="GLU"/>
<nutrient amount="0.05" name="GLY"/>
<nutrient amount="0.089" name="HIS"/>
<nutrient amount="0.207" name="ILE"/>
<nutrient amount="0.314" name="LEU"/>
<nutrient amount="0.29" name="LYS"/>
<nutrient amount="0.08" name="MET"/>
<nutrient amount="0.155" name="PHE"/>
<nutrient amount="0.368" name="PRO"/>
<nutrient amount="0.181" name="SER"/>
<nutrient amount="0.163" name="THR"/>
<nutrient amount="0.044" name="TRP"/>
<nutrient amount="0.179" name="TYR"/>
<nutrient amount="0.24" name="VAL"/>
<nutrient amount="134.0" name="Calcium"/>
<nutrient amount="0.046" name="Copper"/>
<nutrient amount="0.05" name="Iron"/>
<nutrient amount="14.0" name="Magnesium"/>
<nutrient amount="0.018" name="Manganese"/>
<nutrient amount="111.0" name="Phosphorus"/>
<nutrient amount="204.0" name="Potassium"/>
<nutrient amount="1.4" name="Selenium"/>
<nutrient amount="50.0" name="Sodium"/>
<nutrient amount="0.3" name="Zinc"/>
<nutrient amount="198.0" name="Vitamin A"/>
<nutrient amount="56.0" name="Retinol"/>
<nutrient amount="7.0" name="Beta-carotene"/>
<nutrient amount="1.0" name="Folate"/>
<nutrient amount="0.048" name="B1 (Thiamine)"/>
<nutrient amount="0.138" name="B2 (Riboflavin)"/>
<nutrient amount="0.277" name="B3 (Niacin)"/>
<nutrient amount="0.31" name="B5 (Pantothenic Acid)"/>
<nutrient amount="0.046" name="B6 (Pyridoxine)"/>
<nutrient amount="0.07" name="B12 (Cyanocobalamin)"/>
<nutrient amount="1.3" name="Vitamin C"/>
<nutrient amount="12.0" name="Vitamin D"/>
<nutrient amount="0.07" name="Vitamin E"/>
<nutrient amount="0.3" name="Vitamin K"/>
<nutrient amount="2.667" name="Saturated"/>
<nutrient amount="1.109" name="Monounsaturated"/>
<nutrient amount="0.149" name="Polyunsaturated"/>
<nutrient amount="0.04" name="Omega-3"/>
<nutrient amount="0.109" name="Omega-6"/>
<nutrient amount="11.0" name="Cholesterol"/>
</food>
