<food fcf="8.79" pcf="4.27" uid="01119" name="Yogurt, vanilla, low fat, 11 grams protein per 8 ounce" ccf="3.87">
<measure amount="1.0" grams="245.0" name="cup (8 fl oz)"/>
<measure amount="1.0" grams="227.0" name="container (8 oz)"/>
<measure amount="0.5" grams="113.0" name="container (4 oz)"/>
<nutrient amount="85.0" name="Energy"/>
<nutrient amount="4.93" name="Protein"/>
<nutrient amount="13.8" name="Carbs"/>
<nutrient amount="13.8" name="Sugars"/>
<nutrient amount="1.25" name="Fat"/>
<nutrient amount="79.0" name="Water"/>
<nutrient amount="1.02" name="Ash"/>
<nutrient amount="0.211" name="ALA"/>
<nutrient amount="0.391" name="ASP"/>
<nutrient amount="0.148" name="ARG"/>
<nutrient amount="0.045" name="CYS"/>
<nutrient amount="0.965" name="GLU"/>
<nutrient amount="0.119" name="GLY"/>
<nutrient amount="0.122" name="HIS"/>
<nutrient amount="0.269" name="ILE"/>
<nutrient amount="0.497" name="LEU"/>
<nutrient amount="0.442" name="LYS"/>
<nutrient amount="0.145" name="MET"/>
<nutrient amount="0.269" name="PHE"/>
<nutrient amount="0.584" name="PRO"/>
<nutrient amount="0.305" name="SER"/>
<nutrient amount="0.202" name="THR"/>
<nutrient amount="0.028" name="TRP"/>
<nutrient amount="0.249" name="TYR"/>
<nutrient amount="0.408" name="VAL"/>
<nutrient amount="171.0" name="Calcium"/>
<nutrient amount="0.013" name="Copper"/>
<nutrient amount="0.07" name="Iron"/>
<nutrient amount="16.0" name="Magnesium"/>
<nutrient amount="0.0040" name="Manganese"/>
<nutrient amount="135.0" name="Phosphorus"/>
<nutrient amount="219.0" name="Potassium"/>
<nutrient amount="4.9" name="Selenium"/>
<nutrient amount="66.0" name="Sodium"/>
<nutrient amount="0.83" name="Zinc"/>
<nutrient amount="43.0" name="Vitamin A"/>
<nutrient amount="12.0" name="Retinol"/>
<nutrient amount="2.0" name="Beta-carotene"/>
<nutrient amount="11.0" name="Folate"/>
<nutrient amount="0.042" name="B1 (Thiamine)"/>
<nutrient amount="0.201" name="B2 (Riboflavin)"/>
<nutrient amount="0.107" name="B3 (Niacin)"/>
<nutrient amount="0.552" name="B5 (Pantothenic Acid)"/>
<nutrient amount="0.045" name="B6 (Pyridoxine)"/>
<nutrient amount="0.53" name="B12 (Cyanocobalamin)"/>
<nutrient amount="0.8" name="Vitamin C"/>
<nutrient amount="0.02" name="Vitamin E"/>
<nutrient amount="0.1" name="Vitamin K"/>
<nutrient amount="0.806" name="Saturated"/>
<nutrient amount="0.343" name="Monounsaturated"/>
<nutrient amount="0.036" name="Polyunsaturated"/>
<nutrient amount="0.01" name="Omega-3"/>
<nutrient amount="0.025" name="Omega-6"/>
<nutrient amount="5.0" name="Cholesterol"/>
</food>
