<food fcf="8.79" pcf="4.27" uid="01117" name="Yogurt, plain, low fat, 12 grams protein per 8 ounce" ccf="3.87">
<measure amount="1.0" grams="245.0" name="cup (8 fl oz)"/>
<measure amount="1.0" grams="227.0" name="container (8 oz)"/>
<measure amount="0.5" grams="113.0" name="container (4 oz)"/>
<nutrient amount="63.0" name="Energy"/>
<nutrient amount="5.25" name="Protein"/>
<nutrient amount="7.04" name="Carbs"/>
<nutrient amount="7.04" name="Sugars"/>
<nutrient amount="1.55" name="Fat"/>
<nutrient amount="85.07" name="Water"/>
<nutrient amount="1.09" name="Ash"/>
<nutrient amount="0.225" name="ALA"/>
<nutrient amount="0.416" name="ASP"/>
<nutrient amount="0.158" name="ARG"/>
<nutrient amount="0.048" name="CYS"/>
<nutrient amount="1.028" name="GLU"/>
<nutrient amount="0.127" name="GLY"/>
<nutrient amount="0.13" name="HIS"/>
<nutrient amount="0.286" name="ILE"/>
<nutrient amount="0.529" name="LEU"/>
<nutrient amount="0.471" name="LYS"/>
<nutrient amount="0.155" name="MET"/>
<nutrient amount="0.286" name="PHE"/>
<nutrient amount="0.622" name="PRO"/>
<nutrient amount="0.325" name="SER"/>
<nutrient amount="0.216" name="THR"/>
<nutrient amount="0.03" name="TRP"/>
<nutrient amount="0.265" name="TYR"/>
<nutrient amount="0.434" name="VAL"/>
<nutrient amount="183.0" name="Calcium"/>
<nutrient amount="0.013" name="Copper"/>
<nutrient amount="0.08" name="Iron"/>
<nutrient amount="17.0" name="Magnesium"/>
<nutrient amount="0.0040" name="Manganese"/>
<nutrient amount="144.0" name="Phosphorus"/>
<nutrient amount="234.0" name="Potassium"/>
<nutrient amount="3.3" name="Selenium"/>
<nutrient amount="70.0" name="Sodium"/>
<nutrient amount="0.89" name="Zinc"/>
<nutrient amount="51.0" name="Vitamin A"/>
<nutrient amount="14.0" name="Retinol"/>
<nutrient amount="2.0" name="Beta-carotene"/>
<nutrient amount="11.0" name="Folate"/>
<nutrient amount="0.044" name="B1 (Thiamine)"/>
<nutrient amount="0.214" name="B2 (Riboflavin)"/>
<nutrient amount="0.114" name="B3 (Niacin)"/>
<nutrient amount="0.591" name="B5 (Pantothenic Acid)"/>
<nutrient amount="0.049" name="B6 (Pyridoxine)"/>
<nutrient amount="0.56" name="B12 (Cyanocobalamin)"/>
<nutrient amount="0.8" name="Vitamin C"/>
<nutrient amount="0.03" name="Vitamin E"/>
<nutrient amount="0.2" name="Vitamin K"/>
<nutrient amount="1.0" name="Saturated"/>
<nutrient amount="0.426" name="Monounsaturated"/>
<nutrient amount="0.044" name="Polyunsaturated"/>
<nutrient amount="0.013" name="Omega-3"/>
<nutrient amount="0.031" name="Omega-6"/>
<nutrient amount="6.0" name="Cholesterol"/>
</food>
