<food fcf="8.79" pcf="4.27" uid="01112" name="Whey, acid, fluid" ccf="3.87">
<measure amount="1.0" grams="246.0" name="cup"/>
<measure amount="1.0" grams="984.0" name="quart"/>
<nutrient amount="24.0" name="Energy"/>
<nutrient amount="0.76" name="Protein"/>
<nutrient amount="5.12" name="Carbs"/>
<nutrient amount="5.12" name="Sugars"/>
<nutrient amount="0.09" name="Fat"/>
<nutrient amount="93.42" name="Water"/>
<nutrient amount="0.61" name="Ash"/>
<nutrient amount="0.033" name="ALA"/>
<nutrient amount="0.074" name="ASP"/>
<nutrient amount="0.021" name="ARG"/>
<nutrient amount="0.014" name="CYS"/>
<nutrient amount="0.136" name="GLU"/>
<nutrient amount="0.014" name="GLY"/>
<nutrient amount="0.015" name="HIS"/>
<nutrient amount="0.038" name="ILE"/>
<nutrient amount="0.072" name="LEU"/>
<nutrient amount="0.065" name="LYS"/>
<nutrient amount="0.014" name="MET"/>
<nutrient amount="0.025" name="PHE"/>
<nutrient amount="0.045" name="PRO"/>
<nutrient amount="0.035" name="SER"/>
<nutrient amount="0.038" name="THR"/>
<nutrient amount="0.016" name="TRP"/>
<nutrient amount="0.019" name="TYR"/>
<nutrient amount="0.038" name="VAL"/>
<nutrient amount="103.0" name="Calcium"/>
<nutrient amount="0.0030" name="Copper"/>
<nutrient amount="0.08" name="Iron"/>
<nutrient amount="10.0" name="Magnesium"/>
<nutrient amount="0.0020" name="Manganese"/>
<nutrient amount="78.0" name="Phosphorus"/>
<nutrient amount="143.0" name="Potassium"/>
<nutrient amount="1.8" name="Selenium"/>
<nutrient amount="48.0" name="Sodium"/>
<nutrient amount="0.43" name="Zinc"/>
<nutrient amount="7.0" name="Vitamin A"/>
<nutrient amount="2.0" name="Retinol"/>
<nutrient amount="2.0" name="Folate"/>
<nutrient amount="0.042" name="B1 (Thiamine)"/>
<nutrient amount="0.14" name="B2 (Riboflavin)"/>
<nutrient amount="0.079" name="B3 (Niacin)"/>
<nutrient amount="0.381" name="B5 (Pantothenic Acid)"/>
<nutrient amount="0.042" name="B6 (Pyridoxine)"/>
<nutrient amount="0.18" name="B12 (Cyanocobalamin)"/>
<nutrient amount="0.1" name="Vitamin C"/>
<nutrient amount="0.057" name="Saturated"/>
<nutrient amount="0.025" name="Monounsaturated"/>
<nutrient amount="0.0040" name="Polyunsaturated"/>
<nutrient amount="0.0030" name="Omega-6"/>
<nutrient amount="1.0" name="Cholesterol"/>
</food>
