<food fcf="9.02" pcf="4.36" uid="01124" name="Egg, white, raw, fresh" ccf="3.68">
<measure amount="1.0" grams="243.0" name="cup"/>
<measure amount="1.0" grams="33.0" name="large"/>
<nutrient amount="52.0" name="Energy"/>
<nutrient amount="10.9" name="Protein"/>
<nutrient amount="0.73" name="Carbs"/>
<nutrient amount="0.71" name="Sugars"/>
<nutrient amount="0.17" name="Fat"/>
<nutrient amount="87.57" name="Water"/>
<nutrient amount="0.63" name="Ash"/>
<nutrient amount="0.704" name="ALA"/>
<nutrient amount="1.22" name="ASP"/>
<nutrient amount="0.648" name="ARG"/>
<nutrient amount="0.287" name="CYS"/>
<nutrient amount="1.55" name="GLU"/>
<nutrient amount="0.413" name="GLY"/>
<nutrient amount="0.29" name="HIS"/>
<nutrient amount="0.661" name="ILE"/>
<nutrient amount="1.016" name="LEU"/>
<nutrient amount="0.806" name="LYS"/>
<nutrient amount="0.399" name="MET"/>
<nutrient amount="0.686" name="PHE"/>
<nutrient amount="0.435" name="PRO"/>
<nutrient amount="0.798" name="SER"/>
<nutrient amount="0.449" name="THR"/>
<nutrient amount="0.125" name="TRP"/>
<nutrient amount="0.457" name="TYR"/>
<nutrient amount="0.809" name="VAL"/>
<nutrient amount="7.0" name="Calcium"/>
<nutrient amount="0.023" name="Copper"/>
<nutrient amount="0.08" name="Iron"/>
<nutrient amount="11.0" name="Magnesium"/>
<nutrient amount="0.011" name="Manganese"/>
<nutrient amount="15.0" name="Phosphorus"/>
<nutrient amount="163.0" name="Potassium"/>
<nutrient amount="20.0" name="Selenium"/>
<nutrient amount="166.0" name="Sodium"/>
<nutrient amount="0.03" name="Zinc"/>
<nutrient amount="4.0" name="Folate"/>
<nutrient amount="0.0040" name="B1 (Thiamine)"/>
<nutrient amount="0.439" name="B2 (Riboflavin)"/>
<nutrient amount="0.105" name="B3 (Niacin)"/>
<nutrient amount="0.19" name="B5 (Pantothenic Acid)"/>
<nutrient amount="0.0050" name="B6 (Pyridoxine)"/>
<nutrient amount="0.09" name="B12 (Cyanocobalamin)"/>
</food>
