<food fcf="9.02" pcf="4.36" uid="01123" name="Egg, whole, raw, fresh" ccf="3.68">
<measure amount="1.0" grams="243.0" name="cup (4.86 large eggs)"/>
<measure amount="1.0" grams="58.0" name="extra large"/>
<measure amount="1.0" grams="65.0" name="jumbo"/>
<measure amount="1.0" grams="50.0" name="large"/>
<measure amount="1.0" grams="50.0" name="large"/>
<measure amount="1.0" grams="44.0" name="medium"/>
<measure amount="1.0" grams="37.0" name="small"/>
<nutrient amount="147.0" name="Energy"/>
<nutrient amount="12.58" name="Protein"/>
<nutrient amount="0.77" name="Carbs"/>
<nutrient amount="0.77" name="Sugars"/>
<nutrient amount="9.94" name="Fat"/>
<nutrient amount="75.84" name="Water"/>
<nutrient amount="0.86" name="Ash"/>
<nutrient amount="0.736" name="ALA"/>
<nutrient amount="1.33" name="ASP"/>
<nutrient amount="0.821" name="ARG"/>
<nutrient amount="0.272" name="CYS"/>
<nutrient amount="1.676" name="GLU"/>
<nutrient amount="0.432" name="GLY"/>
<nutrient amount="0.309" name="HIS"/>
<nutrient amount="0.672" name="ILE"/>
<nutrient amount="1.088" name="LEU"/>
<nutrient amount="0.914" name="LYS"/>
<nutrient amount="0.38" name="MET"/>
<nutrient amount="0.681" name="PHE"/>
<nutrient amount="0.513" name="PRO"/>
<nutrient amount="0.973" name="SER"/>
<nutrient amount="0.556" name="THR"/>
<nutrient amount="0.167" name="TRP"/>
<nutrient amount="0.5" name="TYR"/>
<nutrient amount="0.859" name="VAL"/>
<nutrient amount="53.0" name="Calcium"/>
<nutrient amount="0.102" name="Copper"/>
<nutrient amount="1.83" name="Iron"/>
<nutrient amount="12.0" name="Magnesium"/>
<nutrient amount="0.038" name="Manganese"/>
<nutrient amount="191.0" name="Phosphorus"/>
<nutrient amount="134.0" name="Potassium"/>
<nutrient amount="31.7" name="Selenium"/>
<nutrient amount="140.0" name="Sodium"/>
<nutrient amount="1.11" name="Zinc"/>
<nutrient amount="487.0" name="Vitamin A"/>
<nutrient amount="139.0" name="Retinol"/>
<nutrient amount="10.0" name="Beta-carotene"/>
<nutrient amount="9.0" name="Beta-cryptoxanthin"/>
<nutrient amount="331.0" name="Lutein+Zeaxanthin"/>
<nutrient amount="47.0" name="Folate"/>
<nutrient amount="0.069" name="B1 (Thiamine)"/>
<nutrient amount="0.478" name="B2 (Riboflavin)"/>
<nutrient amount="0.07" name="B3 (Niacin)"/>
<nutrient amount="1.438" name="B5 (Pantothenic Acid)"/>
<nutrient amount="0.143" name="B6 (Pyridoxine)"/>
<nutrient amount="1.29" name="B12 (Cyanocobalamin)"/>
<nutrient amount="35.0" name="Vitamin D"/>
<nutrient amount="0.97" name="Vitamin E"/>
<nutrient amount="0.02" name="Beta Tocopherol"/>
<nutrient amount="0.02" name="Delta Tocopherol"/>
<nutrient amount="0.5" name="Gamma Tocopherol"/>
<nutrient amount="0.3" name="Vitamin K"/>
<nutrient amount="3.099" name="Saturated"/>
<nutrient amount="3.81" name="Monounsaturated"/>
<nutrient amount="1.364" name="Polyunsaturated"/>
<nutrient amount="0.07400000000000001" name="Omega-3"/>
<nutrient amount="1.2899999999999998" name="Omega-6"/>
<nutrient amount="423.0" name="Cholesterol"/>
</food>
