<food fcf="9.02" pcf="4.36" uid="01129" name="Egg, whole, cooked, hard-boiled" ccf="3.68">
<measure amount="1.0" grams="136.0" name="cup, chopped"/>
<measure amount="1.0" grams="8.5" name="tbsp"/>
<measure amount="1.0" grams="50.0" name="large"/>
<nutrient amount="155.0" name="Energy"/>
<nutrient amount="12.58" name="Protein"/>
<nutrient amount="1.12" name="Carbs"/>
<nutrient amount="1.12" name="Sugars"/>
<nutrient amount="10.61" name="Fat"/>
<nutrient amount="74.62" name="Water"/>
<nutrient amount="1.08" name="Ash"/>
<nutrient amount="0.7" name="ALA"/>
<nutrient amount="1.264" name="ASP"/>
<nutrient amount="0.755" name="ARG"/>
<nutrient amount="0.292" name="CYS"/>
<nutrient amount="1.644" name="GLU"/>
<nutrient amount="0.423" name="GLY"/>
<nutrient amount="0.298" name="HIS"/>
<nutrient amount="0.686" name="ILE"/>
<nutrient amount="1.075" name="LEU"/>
<nutrient amount="0.904" name="LYS"/>
<nutrient amount="0.392" name="MET"/>
<nutrient amount="0.668" name="PHE"/>
<nutrient amount="0.501" name="PRO"/>
<nutrient amount="0.936" name="SER"/>
<nutrient amount="0.604" name="THR"/>
<nutrient amount="0.153" name="TRP"/>
<nutrient amount="0.513" name="TYR"/>
<nutrient amount="0.767" name="VAL"/>
<nutrient amount="50.0" name="Calcium"/>
<nutrient amount="0.013" name="Copper"/>
<nutrient amount="1.19" name="Iron"/>
<nutrient amount="10.0" name="Magnesium"/>
<nutrient amount="0.026" name="Manganese"/>
<nutrient amount="172.0" name="Phosphorus"/>
<nutrient amount="126.0" name="Potassium"/>
<nutrient amount="30.8" name="Selenium"/>
<nutrient amount="124.0" name="Sodium"/>
<nutrient amount="1.05" name="Zinc"/>
<nutrient amount="586.0" name="Vitamin A"/>
<nutrient amount="168.0" name="Retinol"/>
<nutrient amount="11.0" name="Beta-carotene"/>
<nutrient amount="10.0" name="Beta-cryptoxanthin"/>
<nutrient amount="353.0" name="Lutein+Zeaxanthin"/>
<nutrient amount="44.0" name="Folate"/>
<nutrient amount="0.066" name="B1 (Thiamine)"/>
<nutrient amount="0.513" name="B2 (Riboflavin)"/>
<nutrient amount="0.064" name="B3 (Niacin)"/>
<nutrient amount="1.398" name="B5 (Pantothenic Acid)"/>
<nutrient amount="0.121" name="B6 (Pyridoxine)"/>
<nutrient amount="1.11" name="B12 (Cyanocobalamin)"/>
<nutrient amount="1.03" name="Vitamin E"/>
<nutrient amount="0.3" name="Vitamin K"/>
<nutrient amount="3.267" name="Saturated"/>
<nutrient amount="4.077" name="Monounsaturated"/>
<nutrient amount="1.414" name="Polyunsaturated"/>
<nutrient amount="0.07800000000000001" name="Omega-3"/>
<nutrient amount="1.337" name="Omega-6"/>
<nutrient amount="424.0" name="Cholesterol"/>
</food>
