<food fcf="8.79" pcf="4.27" uid="01120" name="Yogurt, fruit, low fat, 9 grams protein per 8 ounce" ccf="3.87">
<measure amount="1.0" grams="245.0" name="cup (8 fl oz)"/>
<measure amount="1.0" grams="125.0" name="container (4.4 oz)"/>
<measure amount="1.0" grams="142.0" name="container (5 oz)"/>
<measure amount="1.0" grams="170.0" name="container (6 oz)"/>
<measure amount="1.0" grams="227.0" name="container (8 oz)"/>
<measure amount="0.5" grams="113.0" name="container (4 oz)"/>
<nutrient amount="99.0" name="Energy"/>
<nutrient amount="3.98" name="Protein"/>
<nutrient amount="18.64" name="Carbs"/>
<nutrient amount="18.64" name="Sugars"/>
<nutrient amount="1.15" name="Fat"/>
<nutrient amount="75.3" name="Water"/>
<nutrient amount="0.93" name="Ash"/>
<nutrient amount="0.17" name="ALA"/>
<nutrient amount="0.316" name="ASP"/>
<nutrient amount="0.12" name="ARG"/>
<nutrient amount="0.036" name="CYS"/>
<nutrient amount="0.779" name="GLU"/>
<nutrient amount="0.096" name="GLY"/>
<nutrient amount="0.099" name="HIS"/>
<nutrient amount="0.217" name="ILE"/>
<nutrient amount="0.401" name="LEU"/>
<nutrient amount="0.357" name="LYS"/>
<nutrient amount="0.117" name="MET"/>
<nutrient amount="0.217" name="PHE"/>
<nutrient amount="0.472" name="PRO"/>
<nutrient amount="0.246" name="SER"/>
<nutrient amount="0.163" name="THR"/>
<nutrient amount="0.022" name="TRP"/>
<nutrient amount="0.201" name="TYR"/>
<nutrient amount="0.329" name="VAL"/>
<nutrient amount="138.0" name="Calcium"/>
<nutrient amount="0.079" name="Copper"/>
<nutrient amount="0.06" name="Iron"/>
<nutrient amount="13.0" name="Magnesium"/>
<nutrient amount="0.064" name="Manganese"/>
<nutrient amount="109.0" name="Phosphorus"/>
<nutrient amount="177.0" name="Potassium"/>
<nutrient amount="2.8" name="Selenium"/>
<nutrient amount="53.0" name="Sodium"/>
<nutrient amount="0.67" name="Zinc"/>
<nutrient amount="40.0" name="Vitamin A"/>
<nutrient amount="11.0" name="Retinol"/>
<nutrient amount="2.0" name="Beta-carotene"/>
<nutrient amount="9.0" name="Folate"/>
<nutrient amount="0.034" name="B1 (Thiamine)"/>
<nutrient amount="0.162" name="B2 (Riboflavin)"/>
<nutrient amount="0.086" name="B3 (Niacin)"/>
<nutrient amount="0.446" name="B5 (Pantothenic Acid)"/>
<nutrient amount="0.037" name="B6 (Pyridoxine)"/>
<nutrient amount="0.43" name="B12 (Cyanocobalamin)"/>
<nutrient amount="0.6" name="Vitamin C"/>
<nutrient amount="0.02" name="Vitamin E"/>
<nutrient amount="0.1" name="Vitamin K"/>
<nutrient amount="0.742" name="Saturated"/>
<nutrient amount="0.316" name="Monounsaturated"/>
<nutrient amount="0.033" name="Polyunsaturated"/>
<nutrient amount="0.01" name="Omega-3"/>
<nutrient amount="0.023" name="Omega-6"/>
<nutrient amount="5.0" name="Cholesterol"/>
</food>
