<food fcf="9.02" pcf="4.36" uid="01134" name="Egg, whole, dried, stabilized, glucose reduced" ccf="3.68">
<measure amount="1.0" grams="85.0" name="cup, sifted"/>
<measure amount="1.0" grams="5.0" name="tbsp"/>
<nutrient amount="615.0" name="Energy"/>
<nutrient amount="48.17" name="Protein"/>
<nutrient amount="2.38" name="Carbs"/>
<nutrient amount="43.95" name="Fat"/>
<nutrient amount="1.87" name="Water"/>
<nutrient amount="3.63" name="Ash"/>
<nutrient amount="2.813" name="ALA"/>
<nutrient amount="4.778" name="ASP"/>
<nutrient amount="3.083" name="ARG"/>
<nutrient amount="1.148" name="CYS"/>
<nutrient amount="6.135" name="GLU"/>
<nutrient amount="1.603" name="GLY"/>
<nutrient amount="1.164" name="HIS"/>
<nutrient amount="3.014" name="ILE"/>
<nutrient amount="4.231" name="LEU"/>
<nutrient amount="3.252" name="LYS"/>
<nutrient amount="1.557" name="MET"/>
<nutrient amount="2.721" name="PHE"/>
<nutrient amount="1.911" name="PRO"/>
<nutrient amount="3.661" name="SER"/>
<nutrient amount="2.366" name="THR"/>
<nutrient amount="0.771" name="TRP"/>
<nutrient amount="2.004" name="TYR"/>
<nutrient amount="3.468" name="VAL"/>
<nutrient amount="222.0" name="Calcium"/>
<nutrient amount="0.27" name="Copper"/>
<nutrient amount="8.28" name="Iron"/>
<nutrient amount="49.0" name="Magnesium"/>
<nutrient amount="0.15" name="Manganese"/>
<nutrient amount="715.0" name="Phosphorus"/>
<nutrient amount="515.0" name="Potassium"/>
<nutrient amount="121.1" name="Selenium"/>
<nutrient amount="548.0" name="Sodium"/>
<nutrient amount="5.71" name="Zinc"/>
<nutrient amount="2050.0" name="Vitamin A"/>
<nutrient amount="616.0" name="Retinol"/>
<nutrient amount="193.0" name="Folate"/>
<nutrient amount="0.325" name="B1 (Thiamine)"/>
<nutrient amount="1.232" name="B2 (Riboflavin)"/>
<nutrient amount="0.259" name="B3 (Niacin)"/>
<nutrient amount="6.71" name="B5 (Pantothenic Acid)"/>
<nutrient amount="0.42" name="B6 (Pyridoxine)"/>
<nutrient amount="10.51" name="B12 (Cyanocobalamin)"/>
<nutrient amount="13.198" name="Saturated"/>
<nutrient amount="17.564" name="Monounsaturated"/>
<nutrient amount="5.713" name="Polyunsaturated"/>
<nutrient amount="0.124" name="Omega-3"/>
<nutrient amount="5.2490000000000006" name="Omega-6"/>
<nutrient amount="2017.0" name="Cholesterol"/>
</food>
