<food fcf="9.02" pcf="4.36" uid="01136" name="Egg, white, dried, powder, glucose reduced" ccf="3.68">
<measure amount="1.0" grams="107.0" name="cup, sifted"/>
<measure amount="1.0" grams="14.0" name="tbsp"/>
<nutrient amount="376.0" name="Energy"/>
<nutrient amount="82.4" name="Protein"/>
<nutrient amount="4.47" name="Carbs"/>
<nutrient amount="4.47" name="Sugars"/>
<nutrient amount="0.04" name="Fat"/>
<nutrient amount="8.54" name="Water"/>
<nutrient amount="4.55" name="Ash"/>
<nutrient amount="5.313" name="ALA"/>
<nutrient amount="7.291" name="ASP"/>
<nutrient amount="4.812" name="ARG"/>
<nutrient amount="2.044" name="CYS"/>
<nutrient amount="11.496" name="GLU"/>
<nutrient amount="3.085" name="GLY"/>
<nutrient amount="1.872" name="HIS"/>
<nutrient amount="5.023" name="ILE"/>
<nutrient amount="7.172" name="LEU"/>
<nutrient amount="5.076" name="LYS"/>
<nutrient amount="3.204" name="MET"/>
<nutrient amount="5.181" name="PHE"/>
<nutrient amount="3.098" name="PRO"/>
<nutrient amount="6.078" name="SER"/>
<nutrient amount="3.665" name="THR"/>
<nutrient amount="1.266" name="TRP"/>
<nutrient amount="3.309" name="TYR"/>
<nutrient amount="6.17" name="VAL"/>
<nutrient amount="89.0" name="Calcium"/>
<nutrient amount="0.17" name="Copper"/>
<nutrient amount="0.24" name="Iron"/>
<nutrient amount="72.0" name="Magnesium"/>
<nutrient amount="0.05" name="Manganese"/>
<nutrient amount="89.0" name="Phosphorus"/>
<nutrient amount="1116.0" name="Potassium"/>
<nutrient amount="125.1" name="Selenium"/>
<nutrient amount="1238.0" name="Sodium"/>
<nutrient amount="0.16" name="Zinc"/>
<nutrient amount="96.0" name="Folate"/>
<nutrient amount="0.037" name="B1 (Thiamine)"/>
<nutrient amount="2.316" name="B2 (Riboflavin)"/>
<nutrient amount="0.723" name="B3 (Niacin)"/>
<nutrient amount="1.958" name="B5 (Pantothenic Acid)"/>
<nutrient amount="0.024" name="B6 (Pyridoxine)"/>
<nutrient amount="0.53" name="B12 (Cyanocobalamin)"/>
</food>
