<food fcf="9.02" pcf="4.36" uid="01131" name="Egg, whole, cooked, poached" ccf="3.68">
<measure amount="1.0" grams="50.0" name="large"/>
<nutrient amount="147.0" name="Energy"/>
<nutrient amount="12.53" name="Protein"/>
<nutrient amount="0.76" name="Carbs"/>
<nutrient amount="0.77" name="Sugars"/>
<nutrient amount="9.9" name="Fat"/>
<nutrient amount="75.54" name="Water"/>
<nutrient amount="1.26" name="Ash"/>
<nutrient amount="0.733" name="ALA"/>
<nutrient amount="1.325" name="ASP"/>
<nutrient amount="0.818" name="ARG"/>
<nutrient amount="0.271" name="CYS"/>
<nutrient amount="1.669" name="GLU"/>
<nutrient amount="0.43" name="GLY"/>
<nutrient amount="0.308" name="HIS"/>
<nutrient amount="0.67" name="ILE"/>
<nutrient amount="1.083" name="LEU"/>
<nutrient amount="0.91" name="LYS"/>
<nutrient amount="0.379" name="MET"/>
<nutrient amount="0.678" name="PHE"/>
<nutrient amount="0.511" name="PRO"/>
<nutrient amount="0.969" name="SER"/>
<nutrient amount="0.554" name="THR"/>
<nutrient amount="0.166" name="TRP"/>
<nutrient amount="0.498" name="TYR"/>
<nutrient amount="0.856" name="VAL"/>
<nutrient amount="53.0" name="Calcium"/>
<nutrient amount="0.102" name="Copper"/>
<nutrient amount="1.83" name="Iron"/>
<nutrient amount="12.0" name="Magnesium"/>
<nutrient amount="0.039" name="Manganese"/>
<nutrient amount="190.0" name="Phosphorus"/>
<nutrient amount="133.0" name="Potassium"/>
<nutrient amount="31.6" name="Selenium"/>
<nutrient amount="294.0" name="Sodium"/>
<nutrient amount="1.1" name="Zinc"/>
<nutrient amount="485.0" name="Vitamin A"/>
<nutrient amount="138.0" name="Retinol"/>
<nutrient amount="10.0" name="Beta-carotene"/>
<nutrient amount="9.0" name="Beta-cryptoxanthin"/>
<nutrient amount="330.0" name="Lutein+Zeaxanthin"/>
<nutrient amount="47.0" name="Folate"/>
<nutrient amount="0.069" name="B1 (Thiamine)"/>
<nutrient amount="0.476" name="B2 (Riboflavin)"/>
<nutrient amount="0.07" name="B3 (Niacin)"/>
<nutrient amount="1.433" name="B5 (Pantothenic Acid)"/>
<nutrient amount="0.142" name="B6 (Pyridoxine)"/>
<nutrient amount="1.28" name="B12 (Cyanocobalamin)"/>
<nutrient amount="34.0" name="Vitamin D"/>
<nutrient amount="0.96" name="Vitamin E"/>
<nutrient amount="0.02" name="Beta Tocopherol"/>
<nutrient amount="0.02" name="Delta Tocopherol"/>
<nutrient amount="0.5" name="Gamma Tocopherol"/>
<nutrient amount="0.3" name="Vitamin K"/>
<nutrient amount="3.087" name="Saturated"/>
<nutrient amount="3.795" name="Monounsaturated"/>
<nutrient amount="1.359" name="Polyunsaturated"/>
<nutrient amount="0.07400000000000001" name="Omega-3"/>
<nutrient amount="1.284" name="Omega-6"/>
<nutrient amount="422.0" name="Cholesterol"/>
</food>
