<food fcf="9.02" pcf="4.36" uid="01139" name="Egg, goose, whole, fresh, raw" ccf="3.68">
<measure amount="1.0" grams="144.0" name="egg"/>
<nutrient amount="185.0" name="Energy"/>
<nutrient amount="13.87" name="Protein"/>
<nutrient amount="1.35" name="Carbs"/>
<nutrient amount="0.94" name="Sugars"/>
<nutrient amount="13.27" name="Fat"/>
<nutrient amount="70.43" name="Water"/>
<nutrient amount="1.08" name="Ash"/>
<nutrient amount="0.683" name="ALA"/>
<nutrient amount="0.841" name="ASP"/>
<nutrient amount="0.828" name="ARG"/>
<nutrient amount="0.309" name="CYS"/>
<nutrient amount="1.937" name="GLU"/>
<nutrient amount="0.457" name="GLY"/>
<nutrient amount="0.346" name="HIS"/>
<nutrient amount="0.647" name="ILE"/>
<nutrient amount="1.188" name="LEU"/>
<nutrient amount="1.03" name="LYS"/>
<nutrient amount="0.624" name="MET"/>
<nutrient amount="0.91" name="PHE"/>
<nutrient amount="0.52" name="PRO"/>
<nutrient amount="1.043" name="SER"/>
<nutrient amount="0.797" name="THR"/>
<nutrient amount="0.282" name="TRP"/>
<nutrient amount="0.664" name="TYR"/>
<nutrient amount="0.958" name="VAL"/>
<nutrient amount="60.0" name="Calcium"/>
<nutrient amount="0.062" name="Copper"/>
<nutrient amount="3.64" name="Iron"/>
<nutrient amount="16.0" name="Magnesium"/>
<nutrient amount="0.038" name="Manganese"/>
<nutrient amount="208.0" name="Phosphorus"/>
<nutrient amount="210.0" name="Potassium"/>
<nutrient amount="36.9" name="Selenium"/>
<nutrient amount="138.0" name="Sodium"/>
<nutrient amount="1.33" name="Zinc"/>
<nutrient amount="650.0" name="Vitamin A"/>
<nutrient amount="185.0" name="Retinol"/>
<nutrient amount="13.0" name="Beta-carotene"/>
<nutrient amount="12.0" name="Beta-cryptoxanthin"/>
<nutrient amount="442.0" name="Lutein+Zeaxanthin"/>
<nutrient amount="76.0" name="Folate"/>
<nutrient amount="0.147" name="B1 (Thiamine)"/>
<nutrient amount="0.382" name="B2 (Riboflavin)"/>
<nutrient amount="0.189" name="B3 (Niacin)"/>
<nutrient amount="1.759" name="B5 (Pantothenic Acid)"/>
<nutrient amount="0.236" name="B6 (Pyridoxine)"/>
<nutrient amount="5.1" name="B12 (Cyanocobalamin)"/>
<nutrient amount="1.29" name="Vitamin E"/>
<nutrient amount="0.4" name="Vitamin K"/>
<nutrient amount="3.595" name="Saturated"/>
<nutrient amount="5.747" name="Monounsaturated"/>
<nutrient amount="1.672" name="Polyunsaturated"/>
<nutrient amount="0.554" name="Omega-3"/>
<nutrient amount="0.9590000000000001" name="Omega-6"/>
<nutrient amount="852.0" name="Cholesterol"/>
</food>
