<food fcf="9.02" pcf="4.36" uid="01132" name="Egg, whole, cooked, scrambled" ccf="3.68">
<measure amount="1.0" grams="220.0" name="cup"/>
<measure amount="1.0" grams="13.7" name="tbsp"/>
<measure amount="1.0" grams="61.0" name="large"/>
<nutrient amount="166.0" name="Energy"/>
<nutrient amount="11.09" name="Protein"/>
<nutrient amount="2.2" name="Carbs"/>
<nutrient amount="1.73" name="Sugars"/>
<nutrient amount="12.21" name="Fat"/>
<nutrient amount="73.15" name="Water"/>
<nutrient amount="1.36" name="Ash"/>
<nutrient amount="0.598" name="ALA"/>
<nutrient amount="1.09" name="ASP"/>
<nutrient amount="0.644" name="ARG"/>
<nutrient amount="0.245" name="CYS"/>
<nutrient amount="1.508" name="GLU"/>
<nutrient amount="0.361" name="GLY"/>
<nutrient amount="0.264" name="HIS"/>
<nutrient amount="0.608" name="ILE"/>
<nutrient amount="0.954" name="LEU"/>
<nutrient amount="0.8" name="LYS"/>
<nutrient amount="0.34" name="MET"/>
<nutrient amount="0.583" name="PHE"/>
<nutrient amount="0.487" name="PRO"/>
<nutrient amount="0.806" name="SER"/>
<nutrient amount="0.528" name="THR"/>
<nutrient amount="0.136" name="TRP"/>
<nutrient amount="0.457" name="TYR"/>
<nutrient amount="0.678" name="VAL"/>
<nutrient amount="71.0" name="Calcium"/>
<nutrient amount="0.014" name="Copper"/>
<nutrient amount="1.2" name="Iron"/>
<nutrient amount="12.0" name="Magnesium"/>
<nutrient amount="0.022" name="Manganese"/>
<nutrient amount="170.0" name="Phosphorus"/>
<nutrient amount="138.0" name="Potassium"/>
<nutrient amount="22.5" name="Selenium"/>
<nutrient amount="280.0" name="Sodium"/>
<nutrient amount="1.0" name="Zinc"/>
<nutrient amount="526.0" name="Vitamin A"/>
<nutrient amount="140.0" name="Retinol"/>
<nutrient amount="33.0" name="Beta-carotene"/>
<nutrient amount="7.0" name="Beta-cryptoxanthin"/>
<nutrient amount="245.0" name="Lutein+Zeaxanthin"/>
<nutrient amount="30.0" name="Folate"/>
<nutrient amount="0.052" name="B1 (Thiamine)"/>
<nutrient amount="0.437" name="B2 (Riboflavin)"/>
<nutrient amount="0.079" name="B3 (Niacin)"/>
<nutrient amount="1.007" name="B5 (Pantothenic Acid)"/>
<nutrient amount="0.118" name="B6 (Pyridoxine)"/>
<nutrient amount="0.77" name="B12 (Cyanocobalamin)"/>
<nutrient amount="0.2" name="Vitamin C"/>
<nutrient amount="34.0" name="Vitamin D"/>
<nutrient amount="0.85" name="Vitamin E"/>
<nutrient amount="0.01" name="Beta Tocopherol"/>
<nutrient amount="0.02" name="Delta Tocopherol"/>
<nutrient amount="0.37" name="Gamma Tocopherol"/>
<nutrient amount="4.0" name="Vitamin K"/>
<nutrient amount="3.679" name="Saturated"/>
<nutrient amount="4.768" name="Monounsaturated"/>
<nutrient amount="2.148" name="Polyunsaturated"/>
<nutrient amount="0.116" name="Omega-3"/>
<nutrient amount="2.032" name="Omega-6"/>
<nutrient amount="352.0" name="Cholesterol"/>
<nutrient amount="10.0" name="Phytosterol"/>
</food>
