<food fcf="8.84" pcf="4.36" uid="01142" name="Egg substitute, frozen" ccf="3.68">
<measure amount="1.0" grams="240.0" name="cup"/>
<measure amount="0.25" grams="60.0" name="cup"/>
<nutrient amount="160.0" name="Energy"/>
<nutrient amount="11.29" name="Protein"/>
<nutrient amount="3.2" name="Carbs"/>
<nutrient amount="3.2" name="Sugars"/>
<nutrient amount="11.11" name="Fat"/>
<nutrient amount="73.1" name="Water"/>
<nutrient amount="1.3" name="Ash"/>
<nutrient amount="0.624" name="ALA"/>
<nutrient amount="0.928" name="ASP"/>
<nutrient amount="0.577" name="ARG"/>
<nutrient amount="0.229" name="CYS"/>
<nutrient amount="1.69" name="GLU"/>
<nutrient amount="0.365" name="GLY"/>
<nutrient amount="0.257" name="HIS"/>
<nutrient amount="0.66" name="ILE"/>
<nutrient amount="0.972" name="LEU"/>
<nutrient amount="0.713" name="LYS"/>
<nutrient amount="0.387" name="MET"/>
<nutrient amount="0.645" name="PHE"/>
<nutrient amount="0.558" name="PRO"/>
<nutrient amount="0.751" name="SER"/>
<nutrient amount="0.484" name="THR"/>
<nutrient amount="0.164" name="TRP"/>
<nutrient amount="0.456" name="TYR"/>
<nutrient amount="0.792" name="VAL"/>
<nutrient amount="73.0" name="Calcium"/>
<nutrient amount="0.022" name="Copper"/>
<nutrient amount="1.98" name="Iron"/>
<nutrient amount="15.0" name="Magnesium"/>
<nutrient amount="0.0060" name="Manganese"/>
<nutrient amount="72.0" name="Phosphorus"/>
<nutrient amount="213.0" name="Potassium"/>
<nutrient amount="41.3" name="Selenium"/>
<nutrient amount="199.0" name="Sodium"/>
<nutrient amount="0.98" name="Zinc"/>
<nutrient amount="225.0" name="Vitamin A"/>
<nutrient amount="135.0" name="Beta-carotene"/>
<nutrient amount="16.0" name="Folate"/>
<nutrient amount="0.12" name="B1 (Thiamine)"/>
<nutrient amount="0.386" name="B2 (Riboflavin)"/>
<nutrient amount="0.14" name="B3 (Niacin)"/>
<nutrient amount="1.66" name="B5 (Pantothenic Acid)"/>
<nutrient amount="0.133" name="B6 (Pyridoxine)"/>
<nutrient amount="0.34" name="B12 (Cyanocobalamin)"/>
<nutrient amount="0.5" name="Vitamin C"/>
<nutrient amount="1.59" name="Vitamin E"/>
<nutrient amount="0.2" name="Vitamin K"/>
<nutrient amount="1.93" name="Saturated"/>
<nutrient amount="2.435" name="Monounsaturated"/>
<nutrient amount="6.241" name="Polyunsaturated"/>
<nutrient amount="0.064" name="Omega-3"/>
<nutrient amount="6.177" name="Omega-6"/>
<nutrient amount="2.0" name="Cholesterol"/>
<nutrient amount="95.0" name="Phytosterol"/>
</food>
