<food fcf="8.79" pcf="4.27" uid="01149" name="Cheese food, pasteurized process, american, with di sodium phosphate" ccf="3.87">
<measure amount="1.0" grams="28.35" name="oz"/>
<measure amount="1.0" grams="227.0" name="package (8 oz)"/>
<nutrient amount="328.0" name="Energy"/>
<nutrient amount="19.61" name="Protein"/>
<nutrient amount="7.29" name="Carbs"/>
<nutrient amount="7.43" name="Sugars"/>
<nutrient amount="24.6" name="Fat"/>
<nutrient amount="43.15" name="Water"/>
<nutrient amount="5.35" name="Ash"/>
<nutrient amount="0.491" name="ALA"/>
<nutrient amount="1.205" name="ASP"/>
<nutrient amount="0.821" name="ARG"/>
<nutrient amount="0.126" name="CYS"/>
<nutrient amount="4.07" name="GLU"/>
<nutrient amount="0.323" name="GLY"/>
<nutrient amount="0.799" name="HIS"/>
<nutrient amount="0.907" name="ILE"/>
<nutrient amount="1.733" name="LEU"/>
<nutrient amount="1.946" name="LYS"/>
<nutrient amount="0.507" name="MET"/>
<nutrient amount="0.996" name="PHE"/>
<nutrient amount="1.995" name="PRO"/>
<nutrient amount="0.946" name="SER"/>
<nutrient amount="0.637" name="THR"/>
<nutrient amount="0.286" name="TRP"/>
<nutrient amount="1.073" name="TYR"/>
<nutrient amount="1.174" name="VAL"/>
<nutrient amount="574.0" name="Calcium"/>
<nutrient amount="0.03" name="Copper"/>
<nutrient amount="0.84" name="Iron"/>
<nutrient amount="31.0" name="Magnesium"/>
<nutrient amount="0.01" name="Manganese"/>
<nutrient amount="754.0" name="Phosphorus"/>
<nutrient amount="279.0" name="Potassium"/>
<nutrient amount="16.0" name="Selenium"/>
<nutrient amount="1596.0" name="Sodium"/>
<nutrient amount="2.99" name="Zinc"/>
<nutrient amount="752.0" name="Vitamin A"/>
<nutrient amount="193.0" name="Retinol"/>
<nutrient amount="65.0" name="Beta-carotene"/>
<nutrient amount="7.0" name="Folate"/>
<nutrient amount="0.029" name="B1 (Thiamine)"/>
<nutrient amount="0.442" name="B2 (Riboflavin)"/>
<nutrient amount="0.14" name="B3 (Niacin)"/>
<nutrient amount="0.558" name="B5 (Pantothenic Acid)"/>
<nutrient amount="0.141" name="B6 (Pyridoxine)"/>
<nutrient amount="1.12" name="B12 (Cyanocobalamin)"/>
<nutrient amount="15.443" name="Saturated"/>
<nutrient amount="7.206" name="Monounsaturated"/>
<nutrient amount="0.723" name="Polyunsaturated"/>
<nutrient amount="0.259" name="Omega-3"/>
<nutrient amount="0.464" name="Omega-6"/>
<nutrient amount="64.0" name="Cholesterol"/>
</food>
