<food fcf="9.02" pcf="4.36" uid="01140" name="Egg, quail, whole, fresh, raw" ccf="3.68">
<measure amount="1.0" grams="9.0" name="egg"/>
<nutrient amount="158.0" name="Energy"/>
<nutrient amount="13.05" name="Protein"/>
<nutrient amount="0.41" name="Carbs"/>
<nutrient amount="0.41" name="Sugars"/>
<nutrient amount="11.09" name="Fat"/>
<nutrient amount="74.35" name="Water"/>
<nutrient amount="1.1" name="Ash"/>
<nutrient amount="0.762" name="ALA"/>
<nutrient amount="1.294" name="ASP"/>
<nutrient amount="0.835" name="ARG"/>
<nutrient amount="0.311" name="CYS"/>
<nutrient amount="1.662" name="GLU"/>
<nutrient amount="0.434" name="GLY"/>
<nutrient amount="0.315" name="HIS"/>
<nutrient amount="0.816" name="ILE"/>
<nutrient amount="1.146" name="LEU"/>
<nutrient amount="0.881" name="LYS"/>
<nutrient amount="0.421" name="MET"/>
<nutrient amount="0.737" name="PHE"/>
<nutrient amount="0.518" name="PRO"/>
<nutrient amount="0.992" name="SER"/>
<nutrient amount="0.641" name="THR"/>
<nutrient amount="0.209" name="TRP"/>
<nutrient amount="0.543" name="TYR"/>
<nutrient amount="0.94" name="VAL"/>
<nutrient amount="64.0" name="Calcium"/>
<nutrient amount="0.062" name="Copper"/>
<nutrient amount="3.65" name="Iron"/>
<nutrient amount="13.0" name="Magnesium"/>
<nutrient amount="0.038" name="Manganese"/>
<nutrient amount="226.0" name="Phosphorus"/>
<nutrient amount="132.0" name="Potassium"/>
<nutrient amount="32.0" name="Selenium"/>
<nutrient amount="141.0" name="Sodium"/>
<nutrient amount="1.47" name="Zinc"/>
<nutrient amount="543.0" name="Vitamin A"/>
<nutrient amount="155.0" name="Retinol"/>
<nutrient amount="11.0" name="Beta-carotene"/>
<nutrient amount="10.0" name="Beta-cryptoxanthin"/>
<nutrient amount="369.0" name="Lutein+Zeaxanthin"/>
<nutrient amount="66.0" name="Folate"/>
<nutrient amount="0.13" name="B1 (Thiamine)"/>
<nutrient amount="0.79" name="B2 (Riboflavin)"/>
<nutrient amount="0.15" name="B3 (Niacin)"/>
<nutrient amount="1.761" name="B5 (Pantothenic Acid)"/>
<nutrient amount="0.15" name="B6 (Pyridoxine)"/>
<nutrient amount="1.58" name="B12 (Cyanocobalamin)"/>
<nutrient amount="1.08" name="Vitamin E"/>
<nutrient amount="0.3" name="Vitamin K"/>
<nutrient amount="3.557" name="Saturated"/>
<nutrient amount="4.324" name="Monounsaturated"/>
<nutrient amount="1.324" name="Polyunsaturated"/>
<nutrient amount="0.044" name="Omega-3"/>
<nutrient amount="1.0619999999999998" name="Omega-6"/>
<nutrient amount="844.0" name="Cholesterol"/>
</food>
