<food fcf="8.79" pcf="4.27" uid="01152" name="Milk, reduced fat, fluid, 2% milkfat, with added nonfat milk solids, without added vitamin A" ccf="3.87">
<measure amount="1.0" grams="245.0" name="cup"/>
<measure amount="1.0" grams="980.0" name="quart"/>
<nutrient amount="56.0" name="Energy"/>
<nutrient amount="3.95" name="Protein"/>
<nutrient amount="5.49" name="Carbs"/>
<nutrient amount="1.98" name="Fat"/>
<nutrient amount="87.71" name="Water"/>
<nutrient amount="0.87" name="Ash"/>
<nutrient amount="0.123" name="ALA"/>
<nutrient amount="0.271" name="ASP"/>
<nutrient amount="0.129" name="ARG"/>
<nutrient amount="0.033" name="CYS"/>
<nutrient amount="0.748" name="GLU"/>
<nutrient amount="0.076" name="GLY"/>
<nutrient amount="0.097" name="HIS"/>
<nutrient amount="0.216" name="ILE"/>
<nutrient amount="0.35" name="LEU"/>
<nutrient amount="0.283" name="LYS"/>
<nutrient amount="0.09" name="MET"/>
<nutrient amount="0.172" name="PHE"/>
<nutrient amount="0.346" name="PRO"/>
<nutrient amount="0.194" name="SER"/>
<nutrient amount="0.161" name="THR"/>
<nutrient amount="0.05" name="TRP"/>
<nutrient amount="0.172" name="TYR"/>
<nutrient amount="0.239" name="VAL"/>
<nutrient amount="143.0" name="Calcium"/>
<nutrient amount="0.011" name="Copper"/>
<nutrient amount="0.06" name="Iron"/>
<nutrient amount="15.0" name="Magnesium"/>
<nutrient amount="0.0020" name="Manganese"/>
<nutrient amount="112.0" name="Phosphorus"/>
<nutrient amount="182.0" name="Potassium"/>
<nutrient amount="2.6" name="Selenium"/>
<nutrient amount="59.0" name="Sodium"/>
<nutrient amount="0.41" name="Zinc"/>
<nutrient amount="75.0" name="Vitamin A"/>
<nutrient amount="16.0" name="Retinol"/>
<nutrient amount="5.0" name="Folate"/>
<nutrient amount="0.045" name="B1 (Thiamine)"/>
<nutrient amount="0.194" name="B2 (Riboflavin)"/>
<nutrient amount="0.101" name="B3 (Niacin)"/>
<nutrient amount="0.339" name="B5 (Pantothenic Acid)"/>
<nutrient amount="0.046" name="B6 (Pyridoxine)"/>
<nutrient amount="0.39" name="B12 (Cyanocobalamin)"/>
<nutrient amount="1.1" name="Vitamin C"/>
<nutrient amount="1.232" name="Saturated"/>
<nutrient amount="0.065" name="Monounsaturated"/>
<nutrient amount="0.0090" name="Polyunsaturated"/>
<nutrient amount="0.0030" name="Omega-3"/>
<nutrient amount="0.045" name="Omega-6"/>
<nutrient amount="8.0" name="Cholesterol"/>
</food>
