<food fcf="8.79" pcf="4.27" uid="01156" name="Cheese, goat, hard type" ccf="3.87">
<measure amount="1.0" grams="28.35" name="oz"/>
<nutrient amount="452.0" name="Energy"/>
<nutrient amount="30.52" name="Protein"/>
<nutrient amount="2.17" name="Carbs"/>
<nutrient amount="2.17" name="Sugars"/>
<nutrient amount="35.59" name="Fat"/>
<nutrient amount="29.01" name="Water"/>
<nutrient amount="3.72" name="Ash"/>
<nutrient amount="0.526" name="ALA"/>
<nutrient amount="1.517" name="ASP"/>
<nutrient amount="0.904" name="ARG"/>
<nutrient amount="0.139" name="CYS"/>
<nutrient amount="5.688" name="GLU"/>
<nutrient amount="0.344" name="GLY"/>
<nutrient amount="0.832" name="HIS"/>
<nutrient amount="1.263" name="ILE"/>
<nutrient amount="2.631" name="LEU"/>
<nutrient amount="2.191" name="LYS"/>
<nutrient amount="0.813" name="MET"/>
<nutrient amount="1.215" name="PHE"/>
<nutrient amount="3.693" name="PRO"/>
<nutrient amount="1.172" name="SER"/>
<nutrient amount="1.139" name="THR"/>
<nutrient amount="0.321" name="TRP"/>
<nutrient amount="1.191" name="TYR"/>
<nutrient amount="2.1" name="VAL"/>
<nutrient amount="895.0" name="Calcium"/>
<nutrient amount="0.627" name="Copper"/>
<nutrient amount="1.88" name="Iron"/>
<nutrient amount="54.0" name="Magnesium"/>
<nutrient amount="0.252" name="Manganese"/>
<nutrient amount="729.0" name="Phosphorus"/>
<nutrient amount="48.0" name="Potassium"/>
<nutrient amount="5.5" name="Selenium"/>
<nutrient amount="346.0" name="Sodium"/>
<nutrient amount="1.59" name="Zinc"/>
<nutrient amount="1745.0" name="Vitamin A"/>
<nutrient amount="478.0" name="Retinol"/>
<nutrient amount="91.0" name="Beta-carotene"/>
<nutrient amount="4.0" name="Folate"/>
<nutrient amount="0.14" name="B1 (Thiamine)"/>
<nutrient amount="1.19" name="B2 (Riboflavin)"/>
<nutrient amount="2.4" name="B3 (Niacin)"/>
<nutrient amount="0.41" name="B5 (Pantothenic Acid)"/>
<nutrient amount="0.08" name="B6 (Pyridoxine)"/>
<nutrient amount="0.12" name="B12 (Cyanocobalamin)"/>
<nutrient amount="0.31" name="Vitamin E"/>
<nutrient amount="3.0" name="Vitamin K"/>
<nutrient amount="24.609" name="Saturated"/>
<nutrient amount="8.117" name="Monounsaturated"/>
<nutrient amount="0.845" name="Polyunsaturated"/>
<nutrient amount="0.845" name="Omega-6"/>
<nutrient amount="105.0" name="Cholesterol"/>
</food>
