<food fcf="8.79" pcf="4.27" uid="01151" name="Milk, nonfat, fluid, without added vitamin A (fat free or skim)" ccf="3.87">
<measure amount="1.0" grams="245.0" name="cup"/>
<measure amount="1.0" grams="980.0" name="quart"/>
<nutrient amount="35.0" name="Energy"/>
<nutrient amount="3.41" name="Protein"/>
<nutrient amount="4.85" name="Carbs"/>
<nutrient amount="5.09" name="Sugars"/>
<nutrient amount="0.18" name="Fat"/>
<nutrient amount="90.8" name="Water"/>
<nutrient amount="0.76" name="Ash"/>
<nutrient amount="0.118" name="ALA"/>
<nutrient amount="0.259" name="ASP"/>
<nutrient amount="0.123" name="ARG"/>
<nutrient amount="0.032" name="CYS"/>
<nutrient amount="0.714" name="GLU"/>
<nutrient amount="0.072" name="GLY"/>
<nutrient amount="0.092" name="HIS"/>
<nutrient amount="0.206" name="ILE"/>
<nutrient amount="0.334" name="LEU"/>
<nutrient amount="0.27" name="LYS"/>
<nutrient amount="0.086" name="MET"/>
<nutrient amount="0.165" name="PHE"/>
<nutrient amount="0.33" name="PRO"/>
<nutrient amount="0.185" name="SER"/>
<nutrient amount="0.154" name="THR"/>
<nutrient amount="0.048" name="TRP"/>
<nutrient amount="0.165" name="TYR"/>
<nutrient amount="0.228" name="VAL"/>
<nutrient amount="123.0" name="Calcium"/>
<nutrient amount="0.011" name="Copper"/>
<nutrient amount="0.04" name="Iron"/>
<nutrient amount="11.0" name="Magnesium"/>
<nutrient amount="0.0020" name="Manganese"/>
<nutrient amount="101.0" name="Phosphorus"/>
<nutrient amount="166.0" name="Potassium"/>
<nutrient amount="2.1" name="Selenium"/>
<nutrient amount="52.0" name="Sodium"/>
<nutrient amount="0.4" name="Zinc"/>
<nutrient amount="7.0" name="Vitamin A"/>
<nutrient amount="2.0" name="Retinol"/>
<nutrient amount="5.0" name="Folate"/>
<nutrient amount="0.036" name="B1 (Thiamine)"/>
<nutrient amount="0.14" name="B2 (Riboflavin)"/>
<nutrient amount="0.088" name="B3 (Niacin)"/>
<nutrient amount="0.329" name="B5 (Pantothenic Acid)"/>
<nutrient amount="0.04" name="B6 (Pyridoxine)"/>
<nutrient amount="0.38" name="B12 (Cyanocobalamin)"/>
<nutrient amount="1.0" name="Vitamin C"/>
<nutrient amount="0.04" name="Vitamin E"/>
<nutrient amount="0.117" name="Saturated"/>
<nutrient amount="0.047" name="Monounsaturated"/>
<nutrient amount="0.0070" name="Polyunsaturated"/>
<nutrient amount="0.0020" name="Omega-3"/>
<nutrient amount="0.0050" name="Omega-6"/>
<nutrient amount="2.0" name="Cholesterol"/>
</food>
