<food fcf="8.79" pcf="4.27" uid="01157" name="Cheese, goat, semisoft type" ccf="3.87">
<measure amount="1.0" grams="28.35" name="oz"/>
<nutrient amount="364.0" name="Energy"/>
<nutrient amount="21.58" name="Protein"/>
<nutrient amount="2.54" name="Carbs"/>
<nutrient amount="2.54" name="Sugars"/>
<nutrient amount="29.84" name="Fat"/>
<nutrient amount="45.52" name="Water"/>
<nutrient amount="2.94" name="Ash"/>
<nutrient amount="0.372" name="ALA"/>
<nutrient amount="1.072" name="ASP"/>
<nutrient amount="0.639" name="ARG"/>
<nutrient amount="0.098" name="CYS"/>
<nutrient amount="4.022" name="GLU"/>
<nutrient amount="0.244" name="GLY"/>
<nutrient amount="0.589" name="HIS"/>
<nutrient amount="0.893" name="ILE"/>
<nutrient amount="1.861" name="LEU"/>
<nutrient amount="1.549" name="LYS"/>
<nutrient amount="0.575" name="MET"/>
<nutrient amount="0.859" name="PHE"/>
<nutrient amount="2.612" name="PRO"/>
<nutrient amount="0.829" name="SER"/>
<nutrient amount="0.805" name="THR"/>
<nutrient amount="0.227" name="TRP"/>
<nutrient amount="0.842" name="TYR"/>
<nutrient amount="1.485" name="VAL"/>
<nutrient amount="298.0" name="Calcium"/>
<nutrient amount="0.564" name="Copper"/>
<nutrient amount="1.62" name="Iron"/>
<nutrient amount="29.0" name="Magnesium"/>
<nutrient amount="0.093" name="Manganese"/>
<nutrient amount="375.0" name="Phosphorus"/>
<nutrient amount="158.0" name="Potassium"/>
<nutrient amount="3.8" name="Selenium"/>
<nutrient amount="515.0" name="Sodium"/>
<nutrient amount="0.66" name="Zinc"/>
<nutrient amount="1464.0" name="Vitamin A"/>
<nutrient amount="401.0" name="Retinol"/>
<nutrient amount="77.0" name="Beta-carotene"/>
<nutrient amount="2.0" name="Folate"/>
<nutrient amount="0.072" name="B1 (Thiamine)"/>
<nutrient amount="0.676" name="B2 (Riboflavin)"/>
<nutrient amount="1.148" name="B3 (Niacin)"/>
<nutrient amount="0.19" name="B5 (Pantothenic Acid)"/>
<nutrient amount="0.06" name="B6 (Pyridoxine)"/>
<nutrient amount="0.22" name="B12 (Cyanocobalamin)"/>
<nutrient amount="0.26" name="Vitamin E"/>
<nutrient amount="2.5" name="Vitamin K"/>
<nutrient amount="20.639" name="Saturated"/>
<nutrient amount="6.808" name="Monounsaturated"/>
<nutrient amount="0.709" name="Polyunsaturated"/>
<nutrient amount="0.709" name="Omega-6"/>
<nutrient amount="79.0" name="Cholesterol"/>
</food>
