<food fcf="8.79" pcf="4.27" uid="01161" name="Cheese substitute, mozzarella" ccf="3.87">
<measure amount="1.0" grams="113.0" name="cup, shredded"/>
<measure amount="1.0" grams="28.35" name="oz"/>
<measure amount="1.0" grams="18.0" name="cubic inch"/>
<measure amount="1.0" grams="28.0" name="slice"/>
<measure amount="3.0" grams="85.0" name="oz"/>
<nutrient amount="248.0" name="Energy"/>
<nutrient amount="11.47" name="Protein"/>
<nutrient amount="23.67" name="Carbs"/>
<nutrient amount="23.67" name="Sugars"/>
<nutrient amount="12.22" name="Fat"/>
<nutrient amount="47.36" name="Water"/>
<nutrient amount="5.27" name="Ash"/>
<nutrient amount="0.273" name="ALA"/>
<nutrient amount="0.682" name="ASP"/>
<nutrient amount="0.388" name="ARG"/>
<nutrient amount="0.05" name="CYS"/>
<nutrient amount="2.172" name="GLU"/>
<nutrient amount="0.167" name="GLY"/>
<nutrient amount="0.286" name="HIS"/>
<nutrient amount="0.57" name="ILE"/>
<nutrient amount="0.924" name="LEU"/>
<nutrient amount="0.793" name="LYS"/>
<nutrient amount="0.282" name="MET"/>
<nutrient amount="0.525" name="PHE"/>
<nutrient amount="1.036" name="PRO"/>
<nutrient amount="0.532" name="SER"/>
<nutrient amount="0.397" name="THR"/>
<nutrient amount="0.151" name="TRP"/>
<nutrient amount="0.572" name="TYR"/>
<nutrient amount="0.68" name="VAL"/>
<nutrient amount="610.0" name="Calcium"/>
<nutrient amount="0.11" name="Copper"/>
<nutrient amount="0.4" name="Iron"/>
<nutrient amount="41.0" name="Magnesium"/>
<nutrient amount="0.028" name="Manganese"/>
<nutrient amount="583.0" name="Phosphorus"/>
<nutrient amount="455.0" name="Potassium"/>
<nutrient amount="19.2" name="Selenium"/>
<nutrient amount="685.0" name="Sodium"/>
<nutrient amount="1.92" name="Zinc"/>
<nutrient amount="1457.0" name="Vitamin A"/>
<nutrient amount="437.0" name="Retinol"/>
<nutrient amount="11.0" name="Folate"/>
<nutrient amount="0.026" name="B1 (Thiamine)"/>
<nutrient amount="0.444" name="B2 (Riboflavin)"/>
<nutrient amount="0.317" name="B3 (Niacin)"/>
<nutrient amount="0.083" name="B5 (Pantothenic Acid)"/>
<nutrient amount="0.051" name="B6 (Pyridoxine)"/>
<nutrient amount="0.81" name="B12 (Cyanocobalamin)"/>
<nutrient amount="0.1" name="Vitamin C"/>
<nutrient amount="0.11" name="Vitamin E"/>
<nutrient amount="1.0" name="Vitamin K"/>
<nutrient amount="3.711" name="Saturated"/>
<nutrient amount="6.243" name="Monounsaturated"/>
<nutrient amount="1.738" name="Polyunsaturated"/>
<nutrient amount="0.074" name="Omega-3"/>
<nutrient amount="1.664" name="Omega-6"/>
</food>
