<food fcf="8.79" pcf="4.27" uid="01167" name="Cheese, mexican, queso chihuahua" ccf="3.87">
<measure amount="1.0" grams="132.0" name="cup, diced"/>
<measure amount="1.0" grams="113.0" name="cup, shredded"/>
<measure amount="1.0" grams="28.35" name="oz"/>
<measure amount="1.0" grams="17.0" name="cubic inch"/>
<measure amount="1.0" grams="28.0" name="slice (1 oz)"/>
<nutrient amount="374.0" name="Energy"/>
<nutrient amount="21.56" name="Protein"/>
<nutrient amount="5.56" name="Carbs"/>
<nutrient amount="5.56" name="Sugars"/>
<nutrient amount="29.68" name="Fat"/>
<nutrient amount="39.13" name="Water"/>
<nutrient amount="4.06" name="Ash"/>
<nutrient amount="0.821" name="ALA"/>
<nutrient amount="1.397" name="ASP"/>
<nutrient amount="0.777" name="ARG"/>
<nutrient amount="0.144" name="CYS"/>
<nutrient amount="4.503" name="GLU"/>
<nutrient amount="0.384" name="GLY"/>
<nutrient amount="0.598" name="HIS"/>
<nutrient amount="1.076" name="ILE"/>
<nutrient amount="2.017" name="LEU"/>
<nutrient amount="1.536" name="LYS"/>
<nutrient amount="0.608" name="MET"/>
<nutrient amount="1.037" name="PHE"/>
<nutrient amount="2.249" name="PRO"/>
<nutrient amount="1.115" name="SER"/>
<nutrient amount="0.818" name="THR"/>
<nutrient amount="0.198" name="TRP"/>
<nutrient amount="1.019" name="TYR"/>
<nutrient amount="1.266" name="VAL"/>
<nutrient amount="651.0" name="Calcium"/>
<nutrient amount="0.024" name="Copper"/>
<nutrient amount="0.47" name="Iron"/>
<nutrient amount="23.0" name="Magnesium"/>
<nutrient amount="0.071" name="Manganese"/>
<nutrient amount="442.0" name="Phosphorus"/>
<nutrient amount="52.0" name="Potassium"/>
<nutrient amount="14.5" name="Selenium"/>
<nutrient amount="617.0" name="Sodium"/>
<nutrient amount="3.5" name="Zinc"/>
<nutrient amount="193.0" name="Vitamin A"/>
<nutrient amount="56.0" name="Retinol"/>
<nutrient amount="4.0" name="Beta-carotene"/>
<nutrient amount="2.0" name="Folate"/>
<nutrient amount="0.018" name="B1 (Thiamine)"/>
<nutrient amount="0.225" name="B2 (Riboflavin)"/>
<nutrient amount="0.15" name="B3 (Niacin)"/>
<nutrient amount="0.279" name="B5 (Pantothenic Acid)"/>
<nutrient amount="0.055" name="B6 (Pyridoxine)"/>
<nutrient amount="1.03" name="B12 (Cyanocobalamin)"/>
<nutrient amount="0.26" name="Vitamin E"/>
<nutrient amount="2.5" name="Vitamin K"/>
<nutrient amount="18.843" name="Saturated"/>
<nutrient amount="8.443" name="Monounsaturated"/>
<nutrient amount="0.892" name="Polyunsaturated"/>
<nutrient amount="0.346" name="Omega-3"/>
<nutrient amount="0.547" name="Omega-6"/>
<nutrient amount="105.0" name="Cholesterol"/>
</food>
