<food fcf="9.02" pcf="4.36" uid="01172" name="Egg, white, raw, frozen" ccf="3.68">
<nutrient amount="47.0" name="Energy"/>
<nutrient amount="9.8" name="Protein"/>
<nutrient amount="1.05" name="Carbs"/>
<nutrient amount="88.55" name="Water"/>
<nutrient amount="0.6" name="Ash"/>
<nutrient amount="0.566" name="ALA"/>
<nutrient amount="0.997" name="ASP"/>
<nutrient amount="0.533" name="ARG"/>
<nutrient amount="0.254" name="CYS"/>
<nutrient amount="1.301" name="GLU"/>
<nutrient amount="0.343" name="GLY"/>
<nutrient amount="0.221" name="HIS"/>
<nutrient amount="0.554" name="ILE"/>
<nutrient amount="0.826" name="LEU"/>
<nutrient amount="0.666" name="LYS"/>
<nutrient amount="0.337" name="MET"/>
<nutrient amount="0.572" name="PHE"/>
<nutrient amount="0.381" name="PRO"/>
<nutrient amount="0.676" name="SER"/>
<nutrient amount="0.445" name="THR"/>
<nutrient amount="0.121" name="TRP"/>
<nutrient amount="0.381" name="TYR"/>
<nutrient amount="0.624" name="VAL"/>
<nutrient amount="7.0" name="Calcium"/>
<nutrient amount="0.012" name="Copper"/>
<nutrient amount="0.05" name="Iron"/>
<nutrient amount="10.0" name="Magnesium"/>
<nutrient amount="0.0070" name="Manganese"/>
<nutrient amount="13.0" name="Phosphorus"/>
<nutrient amount="136.0" name="Potassium"/>
<nutrient amount="17.6" name="Selenium"/>
<nutrient amount="158.0" name="Sodium"/>
<nutrient amount="0.02" name="Zinc"/>
<nutrient amount="3.0" name="Folate"/>
<nutrient amount="0.0050" name="B1 (Thiamine)"/>
<nutrient amount="0.4" name="B2 (Riboflavin)"/>
<nutrient amount="0.1" name="B3 (Niacin)"/>
<nutrient amount="0.155" name="B5 (Pantothenic Acid)"/>
<nutrient amount="0.0040" name="B6 (Pyridoxine)"/>
<nutrient amount="0.06" name="B12 (Cyanocobalamin)"/>
</food>
