<food fcf="9.0" pcf="4.0" uid="01178" name="Sour cream, reduced fat" ccf="4.0">
<nutrient amount="181.0" name="Energy"/>
<nutrient amount="7.0" name="Protein"/>
<nutrient amount="7.0" name="Carbs"/>
<nutrient amount="0.3" name="Sugars"/>
<nutrient amount="14.1" name="Fat"/>
<nutrient amount="71.0" name="Water"/>
<nutrient amount="0.9" name="Ash"/>
<nutrient amount="141.0" name="Calcium"/>
<nutrient amount="0.01" name="Copper"/>
<nutrient amount="0.06" name="Iron"/>
<nutrient amount="11.0" name="Magnesium"/>
<nutrient amount="85.0" name="Phosphorus"/>
<nutrient amount="211.0" name="Potassium"/>
<nutrient amount="4.1" name="Selenium"/>
<nutrient amount="70.0" name="Sodium"/>
<nutrient amount="0.27" name="Zinc"/>
<nutrient amount="436.0" name="Vitamin A"/>
<nutrient amount="117.0" name="Retinol"/>
<nutrient amount="27.0" name="Beta-carotene"/>
<nutrient amount="11.0" name="Folate"/>
<nutrient amount="0.04" name="B1 (Thiamine)"/>
<nutrient amount="0.24" name="B2 (Riboflavin)"/>
<nutrient amount="0.07" name="B3 (Niacin)"/>
<nutrient amount="0.02" name="B6 (Pyridoxine)"/>
<nutrient amount="0.3" name="B12 (Cyanocobalamin)"/>
<nutrient amount="0.9" name="Vitamin C"/>
<nutrient amount="0.4" name="Vitamin E"/>
<nutrient amount="0.7" name="Vitamin K"/>
<nutrient amount="8.7" name="Saturated"/>
<nutrient amount="4.1" name="Monounsaturated"/>
<nutrient amount="0.5" name="Polyunsaturated"/>
<nutrient amount="0.2" name="Omega-3"/>
<nutrient amount="0.31" name="Omega-6"/>
<nutrient amount="35.0" name="Cholesterol"/>
</food>
