<food fcf="8.79" pcf="4.27" uid="01186" name="Cheese, cream, fat free" ccf="3.87">
<nutrient amount="96.0" name="Energy"/>
<nutrient amount="14.41" name="Protein"/>
<nutrient amount="5.8" name="Carbs"/>
<nutrient amount="0.4" name="Sugars"/>
<nutrient amount="1.36" name="Fat"/>
<nutrient amount="75.53" name="Water"/>
<nutrient amount="2.57" name="Ash"/>
<nutrient amount="185.0" name="Calcium"/>
<nutrient amount="0.05" name="Copper"/>
<nutrient amount="0.18" name="Iron"/>
<nutrient amount="14.0" name="Magnesium"/>
<nutrient amount="0.05" name="Manganese"/>
<nutrient amount="434.0" name="Phosphorus"/>
<nutrient amount="163.0" name="Potassium"/>
<nutrient amount="4.9" name="Selenium"/>
<nutrient amount="545.0" name="Sodium"/>
<nutrient amount="0.88" name="Zinc"/>
<nutrient amount="936.0" name="Vitamin A"/>
<nutrient amount="279.0" name="Retinol"/>
<nutrient amount="3.0" name="Beta-carotene"/>
<nutrient amount="37.0" name="Folate"/>
<nutrient amount="0.05" name="B1 (Thiamine)"/>
<nutrient amount="0.172" name="B2 (Riboflavin)"/>
<nutrient amount="0.16" name="B3 (Niacin)"/>
<nutrient amount="0.194" name="B5 (Pantothenic Acid)"/>
<nutrient amount="0.05" name="B6 (Pyridoxine)"/>
<nutrient amount="0.55" name="B12 (Cyanocobalamin)"/>
<nutrient amount="0.01" name="Vitamin E"/>
<nutrient amount="0.1" name="Vitamin K"/>
<nutrient amount="0.899" name="Saturated"/>
<nutrient amount="0.333" name="Monounsaturated"/>
<nutrient amount="0.059" name="Polyunsaturated"/>
<nutrient amount="0.009999999999999998" name="Omega-3"/>
<nutrient amount="0.048" name="Omega-6"/>
<nutrient amount="8.0" name="Cholesterol"/>
</food>
