<food fcf="9.0" pcf="4.0" uid="01182" name="USDA Commodity, cheese, cheddar, reduced fat" ccf="4.0">
<nutrient amount="282.0" name="Energy"/>
<nutrient amount="27.2" name="Protein"/>
<nutrient amount="2.0" name="Carbs"/>
<nutrient amount="0.58" name="Sugars"/>
<nutrient amount="18.3" name="Fat"/>
<nutrient amount="48.2" name="Water"/>
<nutrient amount="4.3" name="Ash"/>
<nutrient amount="905.0" name="Calcium"/>
<nutrient amount="0.021" name="Copper"/>
<nutrient amount="0.13" name="Iron"/>
<nutrient amount="35.0" name="Magnesium"/>
<nutrient amount="583.0" name="Phosphorus"/>
<nutrient amount="93.0" name="Potassium"/>
<nutrient amount="15.5" name="Selenium"/>
<nutrient amount="725.0" name="Sodium"/>
<nutrient amount="4.3" name="Zinc"/>
<nutrient amount="633.0" name="Vitamin A"/>
<nutrient amount="142.0" name="Retinol"/>
<nutrient amount="95.0" name="Beta-carotene"/>
<nutrient amount="20.0" name="Folate"/>
<nutrient amount="0.03" name="B1 (Thiamine)"/>
<nutrient amount="0.3" name="B2 (Riboflavin)"/>
<nutrient amount="0.06" name="B3 (Niacin)"/>
<nutrient amount="0.084" name="B6 (Pyridoxine)"/>
<nutrient amount="1.66" name="B12 (Cyanocobalamin)"/>
<nutrient amount="0.16" name="Vitamin E"/>
<nutrient amount="1.5" name="Vitamin K"/>
<nutrient amount="11.6" name="Saturated"/>
<nutrient amount="5.02" name="Monounsaturated"/>
<nutrient amount="0.75" name="Polyunsaturated"/>
<nutrient amount="0.13" name="Omega-3"/>
<nutrient amount="0.6" name="Omega-6"/>
<nutrient amount="56.0" name="Cholesterol"/>
</food>
