<food fcf="9.0" pcf="4.0" uid="01189" name="KRAFT CHEEZ WHIZ LIGHT Pasteurized Process Cheese Product" ccf="4.0">
<measure amount="2.0" grams="35.0" name="tbsp"/>
<nutrient amount="215.0" name="Energy"/>
<nutrient amount="16.3" name="Protein"/>
<nutrient amount="16.2" name="Carbs"/>
<nutrient amount="0.2" name="Fiber"/>
<nutrient amount="8.2" name="Sugars"/>
<nutrient amount="9.5" name="Fat"/>
<nutrient amount="51.5" name="Water"/>
<nutrient amount="6.4" name="Ash"/>
<nutrient amount="418.0" name="Calcium"/>
<nutrient amount="0.16" name="Iron"/>
<nutrient amount="943.0" name="Phosphorus"/>
<nutrient amount="297.0" name="Potassium"/>
<nutrient amount="1705.0" name="Sodium"/>
<nutrient amount="2.36" name="Zinc"/>
<nutrient amount="628.0" name="Vitamin A"/>
<nutrient amount="0.33" name="B2 (Riboflavin)"/>
<nutrient amount="0.4" name="Vitamin C"/>
<nutrient amount="6.4" name="Saturated"/>
<nutrient amount="35.0" name="Cholesterol"/>
</food>
