<food fcf="9.0" pcf="4.0" uid="01184" name="Yogurt, vanilla or lemon flavor, nonfat milk, sweetened with low-calorie sweetener" ccf="4.0">
<nutrient amount="43.0" name="Energy"/>
<nutrient amount="3.86" name="Protein"/>
<nutrient amount="7.5" name="Carbs"/>
<nutrient amount="7.5" name="Sugars"/>
<nutrient amount="0.18" name="Fat"/>
<nutrient amount="87.43" name="Water"/>
<nutrient amount="1.0" name="Ash"/>
<nutrient amount="143.0" name="Calcium"/>
<nutrient amount="0.079" name="Copper"/>
<nutrient amount="0.12" name="Iron"/>
<nutrient amount="13.0" name="Magnesium"/>
<nutrient amount="109.0" name="Phosphorus"/>
<nutrient amount="177.0" name="Potassium"/>
<nutrient amount="3.1" name="Selenium"/>
<nutrient amount="59.0" name="Sodium"/>
<nutrient amount="0.67" name="Zinc"/>
<nutrient amount="8.0" name="Folate"/>
<nutrient amount="0.034" name="B1 (Thiamine)"/>
<nutrient amount="0.162" name="B2 (Riboflavin)"/>
<nutrient amount="0.086" name="B3 (Niacin)"/>
<nutrient amount="0.037" name="B6 (Pyridoxine)"/>
<nutrient amount="0.43" name="B12 (Cyanocobalamin)"/>
<nutrient amount="1.1" name="Vitamin C"/>
<nutrient amount="0.116" name="Saturated"/>
<nutrient amount="0.049" name="Monounsaturated"/>
<nutrient amount="0.0050" name="Polyunsaturated"/>
<nutrient amount="0.0010" name="Omega-3"/>
<nutrient amount="0.0040" name="Omega-6"/>
<nutrient amount="2.0" name="Cholesterol"/>
</food>
