<food fcf="9.0" pcf="4.0" uid="01195" name="KRAFT BREYERS Lowfat Strawberry Yogurt (1% Milkfat)" ccf="4.0">
<measure amount="1.0" grams="227.0" name="container (8 oz)"/>
<nutrient amount="96.0" name="Energy"/>
<nutrient amount="3.8" name="Protein"/>
<nutrient amount="18.2" name="Carbs"/>
<nutrient amount="0.2" name="Fiber"/>
<nutrient amount="17.4" name="Sugars"/>
<nutrient amount="0.8" name="Fat"/>
<nutrient amount="76.5" name="Water"/>
<nutrient amount="0.7" name="Ash"/>
<nutrient amount="125.0" name="Calcium"/>
<nutrient amount="0.1" name="Iron"/>
<nutrient amount="89.0" name="Phosphorus"/>
<nutrient amount="192.0" name="Potassium"/>
<nutrient amount="52.0" name="Sodium"/>
<nutrient amount="34.0" name="Vitamin A"/>
<nutrient amount="0.19" name="B2 (Riboflavin)"/>
<nutrient amount="0.53" name="B12 (Cyanocobalamin)"/>
<nutrient amount="0.5" name="Saturated"/>
<nutrient amount="9.0" name="Cholesterol"/>
</food>
