<food fcf="9.0" pcf="4.0" uid="01192" name="KRAFT VELVEETA LIGHT Reduced Fat Pasteurized Process Cheese Product" ccf="4.0">
<measure amount="1.0" grams="28.0" name="oz"/>
<nutrient amount="222.0" name="Energy"/>
<nutrient amount="19.6" name="Protein"/>
<nutrient amount="11.8" name="Carbs"/>
<nutrient amount="8.5" name="Sugars"/>
<nutrient amount="10.6" name="Fat"/>
<nutrient amount="51.3" name="Water"/>
<nutrient amount="6.6" name="Ash"/>
<nutrient amount="574.0" name="Calcium"/>
<nutrient amount="0.14" name="Iron"/>
<nutrient amount="1024.0" name="Phosphorus"/>
<nutrient amount="345.0" name="Potassium"/>
<nutrient amount="1586.0" name="Sodium"/>
<nutrient amount="2.49" name="Zinc"/>
<nutrient amount="982.0" name="Vitamin A"/>
<nutrient amount="0.65" name="B2 (Riboflavin)"/>
<nutrient amount="0.1" name="Vitamin C"/>
<nutrient amount="7.1" name="Saturated"/>
<nutrient amount="42.0" name="Cholesterol"/>
</food>
