<food fcf="9.0" pcf="4.0" uid="01198" name="KRAFT BREYERS LIGHT Nonfat Strawberry Yogurt (with Aspartame and Fructose Sweeteners)" ccf="4.0">
<measure amount="1.0" grams="227.0" name="container (8 oz)"/>
<nutrient amount="55.0" name="Energy"/>
<nutrient amount="3.4" name="Protein"/>
<nutrient amount="9.9" name="Carbs"/>
<nutrient amount="7.7" name="Sugars"/>
<nutrient amount="0.2" name="Fat"/>
<nutrient amount="86.0" name="Water"/>
<nutrient amount="0.6" name="Ash"/>
<nutrient amount="95.0" name="Calcium"/>
<nutrient amount="0.11" name="Iron"/>
<nutrient amount="68.0" name="Phosphorus"/>
<nutrient amount="146.0" name="Potassium"/>
<nutrient amount="45.0" name="Sodium"/>
<nutrient amount="4.0" name="Vitamin A"/>
<nutrient amount="0.14" name="B2 (Riboflavin)"/>
<nutrient amount="0.41" name="B12 (Cyanocobalamin)"/>
<nutrient amount="0.6" name="Vitamin C"/>
<nutrient amount="0.1" name="Saturated"/>
<nutrient amount="5.0" name="Cholesterol"/>
</food>
