<food fcf="9.0" pcf="4.0" uid="01199" name="Cream, half and half, fat free" ccf="4.0">
<measure amount="1.0" grams="242.0" name="cup"/>
<measure amount="1.0" grams="15.0" name="tbsp"/>
<measure amount="1.0" grams="30.2" name="fl oz"/>
<measure amount="1.0" grams="15.0" name="container, individual (.5 fl oz)"/>
<nutrient amount="59.0" name="Energy"/>
<nutrient amount="2.6" name="Protein"/>
<nutrient amount="9.0" name="Carbs"/>
<nutrient amount="5.0" name="Sugars"/>
<nutrient amount="1.4" name="Fat"/>
<nutrient amount="86.0" name="Water"/>
<nutrient amount="1.0" name="Ash"/>
<nutrient amount="96.0" name="Calcium"/>
<nutrient amount="0.016" name="Copper"/>
<nutrient amount="16.0" name="Magnesium"/>
<nutrient amount="0.0020" name="Manganese"/>
<nutrient amount="151.0" name="Phosphorus"/>
<nutrient amount="206.0" name="Potassium"/>
<nutrient amount="2.9" name="Selenium"/>
<nutrient amount="144.0" name="Sodium"/>
<nutrient amount="0.81" name="Zinc"/>
<nutrient amount="43.0" name="Vitamin A"/>
<nutrient amount="12.0" name="Retinol"/>
<nutrient amount="3.0" name="Beta-carotene"/>
<nutrient amount="4.0" name="Folate"/>
<nutrient amount="0.056" name="B1 (Thiamine)"/>
<nutrient amount="0.237" name="B2 (Riboflavin)"/>
<nutrient amount="0.124" name="B3 (Niacin)"/>
<nutrient amount="0.459" name="B5 (Pantothenic Acid)"/>
<nutrient amount="0.062" name="B6 (Pyridoxine)"/>
<nutrient amount="0.52" name="B12 (Cyanocobalamin)"/>
<nutrient amount="0.7" name="Vitamin C"/>
<nutrient amount="0.04" name="Vitamin E"/>
<nutrient amount="0.2" name="Vitamin K"/>
<nutrient amount="0.841" name="Saturated"/>
<nutrient amount="0.384" name="Monounsaturated"/>
<nutrient amount="0.052" name="Polyunsaturated"/>
<nutrient amount="0.02" name="Omega-3"/>
<nutrient amount="0.032" name="Omega-6"/>
<nutrient amount="5.0" name="Cholesterol"/>
</food>
