<food fcf="9.0" pcf="4.0" uid="01194" name="KRAFT BREAKSTONE'S FREE Fat Free Sour Cream" ccf="4.0">
<measure amount="2.0" grams="32.0" name="tbsp"/>
<nutrient amount="91.0" name="Energy"/>
<nutrient amount="4.7" name="Protein"/>
<nutrient amount="15.1" name="Carbs"/>
<nutrient amount="7.2" name="Sugars"/>
<nutrient amount="1.3" name="Fat"/>
<nutrient amount="77.7" name="Water"/>
<nutrient amount="1.2" name="Ash"/>
<nutrient amount="141.0" name="Calcium"/>
<nutrient amount="0.05" name="Iron"/>
<nutrient amount="116.0" name="Phosphorus"/>
<nutrient amount="219.0" name="Potassium"/>
<nutrient amount="72.0" name="Sodium"/>
<nutrient amount="679.0" name="Vitamin A"/>
<nutrient amount="1.2" name="Vitamin C"/>
<nutrient amount="0.8" name="Saturated"/>
<nutrient amount="9.0" name="Cholesterol"/>
</food>
