<food fcf="8.37" pcf="2.44" uid="02003" name="Spices, basil, dried" ccf="3.0">
<measure amount="1.0" grams="0.7" name="tsp, leaves"/>
<measure amount="1.0" grams="2.1" name="tbsp, leaves"/>
<measure amount="1.0" grams="1.4" name="tsp, ground"/>
<measure amount="1.0" grams="4.5" name="tbsp, ground"/>
<nutrient amount="251.0" name="Energy"/>
<nutrient amount="14.37" name="Protein"/>
<nutrient amount="60.96" name="Carbs"/>
<nutrient amount="40.5" name="Fiber"/>
<nutrient amount="1.71" name="Sugars"/>
<nutrient amount="3.98" name="Fat"/>
<nutrient amount="6.43" name="Water"/>
<nutrient amount="14.27" name="Ash"/>
<nutrient amount="0.747" name="ALA"/>
<nutrient amount="1.696" name="ASP"/>
<nutrient amount="0.662" name="ARG"/>
<nutrient amount="0.159" name="CYS"/>
<nutrient amount="1.565" name="GLU"/>
<nutrient amount="0.69" name="GLY"/>
<nutrient amount="0.287" name="HIS"/>
<nutrient amount="0.588" name="ILE"/>
<nutrient amount="1.078" name="LEU"/>
<nutrient amount="0.618" name="LYS"/>
<nutrient amount="0.202" name="MET"/>
<nutrient amount="0.733" name="PHE"/>
<nutrient amount="0.588" name="PRO"/>
<nutrient amount="0.561" name="SER"/>
<nutrient amount="0.588" name="THR"/>
<nutrient amount="0.221" name="TRP"/>
<nutrient amount="0.432" name="TYR"/>
<nutrient amount="0.717" name="VAL"/>
<nutrient amount="2113.0" name="Calcium"/>
<nutrient amount="1.367" name="Copper"/>
<nutrient amount="42.0" name="Iron"/>
<nutrient amount="422.0" name="Magnesium"/>
<nutrient amount="3.167" name="Manganese"/>
<nutrient amount="490.0" name="Phosphorus"/>
<nutrient amount="3433.0" name="Potassium"/>
<nutrient amount="2.8" name="Selenium"/>
<nutrient amount="34.0" name="Sodium"/>
<nutrient amount="5.82" name="Zinc"/>
<nutrient amount="9375.0" name="Vitamin A"/>
<nutrient amount="5584.0" name="Beta-carotene"/>
<nutrient amount="81.0" name="Beta-cryptoxanthin"/>
<nutrient amount="393.0" name="Lycopene"/>
<nutrient amount="1150.0" name="Lutein+Zeaxanthin"/>
<nutrient amount="274.0" name="Folate"/>
<nutrient amount="0.148" name="B1 (Thiamine)"/>
<nutrient amount="0.316" name="B2 (Riboflavin)"/>
<nutrient amount="6.948" name="B3 (Niacin)"/>
<nutrient amount="2.32" name="B6 (Pyridoxine)"/>
<nutrient amount="61.2" name="Vitamin C"/>
<nutrient amount="7.48" name="Vitamin E"/>
<nutrient amount="0.03" name="Beta Tocopherol"/>
<nutrient amount="0.71" name="Gamma Tocopherol"/>
<nutrient amount="1714.5" name="Vitamin K"/>
<nutrient amount="0.24" name="Saturated"/>
<nutrient amount="0.453" name="Monounsaturated"/>
<nutrient amount="2.168" name="Polyunsaturated"/>
<nutrient amount="1.509" name="Omega-3"/>
<nutrient amount="0.659" name="Omega-6"/>
<nutrient amount="106.0" name="Phytosterol"/>
</food>
