<food fcf="8.37" pcf="3.36" uid="02002" name="Spices, anise seed" ccf="2.9">
<measure amount="1.0" grams="6.7" name="tbsp"/>
<measure amount="1.0" grams="2.1" name="tsp"/>
<nutrient amount="337.0" name="Energy"/>
<nutrient amount="17.6" name="Protein"/>
<nutrient amount="50.02" name="Carbs"/>
<nutrient amount="14.6" name="Fiber"/>
<nutrient amount="15.9" name="Fat"/>
<nutrient amount="9.54" name="Water"/>
<nutrient amount="6.95" name="Ash"/>
<nutrient amount="646.0" name="Calcium"/>
<nutrient amount="0.91" name="Copper"/>
<nutrient amount="36.96" name="Iron"/>
<nutrient amount="170.0" name="Magnesium"/>
<nutrient amount="2.3" name="Manganese"/>
<nutrient amount="440.0" name="Phosphorus"/>
<nutrient amount="1441.0" name="Potassium"/>
<nutrient amount="5.0" name="Selenium"/>
<nutrient amount="16.0" name="Sodium"/>
<nutrient amount="5.3" name="Zinc"/>
<nutrient amount="311.0" name="Vitamin A"/>
<nutrient amount="10.0" name="Folate"/>
<nutrient amount="0.34" name="B1 (Thiamine)"/>
<nutrient amount="0.29" name="B2 (Riboflavin)"/>
<nutrient amount="3.06" name="B3 (Niacin)"/>
<nutrient amount="0.797" name="B5 (Pantothenic Acid)"/>
<nutrient amount="0.65" name="B6 (Pyridoxine)"/>
<nutrient amount="21.0" name="Vitamin C"/>
<nutrient amount="0.586" name="Saturated"/>
<nutrient amount="9.78" name="Monounsaturated"/>
<nutrient amount="3.15" name="Polyunsaturated"/>
<nutrient amount="3.15" name="Omega-6"/>
</food>
