<food fcf="8.37" pcf="2.44" uid="02008" name="Spices, chervil, dried" ccf="3.0">
<measure amount="1.0" grams="1.9" name="tbsp"/>
<measure amount="1.0" grams="0.6" name="tsp"/>
<nutrient amount="237.0" name="Energy"/>
<nutrient amount="23.2" name="Protein"/>
<nutrient amount="49.1" name="Carbs"/>
<nutrient amount="11.3" name="Fiber"/>
<nutrient amount="3.9" name="Fat"/>
<nutrient amount="7.2" name="Water"/>
<nutrient amount="16.6" name="Ash"/>
<nutrient amount="1346.0" name="Calcium"/>
<nutrient amount="0.44" name="Copper"/>
<nutrient amount="31.95" name="Iron"/>
<nutrient amount="130.0" name="Magnesium"/>
<nutrient amount="2.1" name="Manganese"/>
<nutrient amount="450.0" name="Phosphorus"/>
<nutrient amount="4740.0" name="Potassium"/>
<nutrient amount="29.3" name="Selenium"/>
<nutrient amount="83.0" name="Sodium"/>
<nutrient amount="8.8" name="Zinc"/>
<nutrient amount="5850.0" name="Vitamin A"/>
<nutrient amount="274.0" name="Folate"/>
<nutrient amount="0.38" name="B1 (Thiamine)"/>
<nutrient amount="0.68" name="B2 (Riboflavin)"/>
<nutrient amount="5.4" name="B3 (Niacin)"/>
<nutrient amount="0.93" name="B6 (Pyridoxine)"/>
<nutrient amount="50.0" name="Vitamin C"/>
<nutrient amount="0.169" name="Saturated"/>
<nutrient amount="1.399" name="Monounsaturated"/>
<nutrient amount="1.8" name="Polyunsaturated"/>
<nutrient amount="1.8" name="Omega-6"/>
</food>
