<food fcf="8.37" pcf="3.36" uid="02001" name="Spices, allspice, ground" ccf="2.35">
<measure amount="1.0" grams="6.0" name="tbsp"/>
<measure amount="1.0" grams="1.9" name="tsp"/>
<nutrient amount="263.0" name="Energy"/>
<nutrient amount="6.09" name="Protein"/>
<nutrient amount="72.12" name="Carbs"/>
<nutrient amount="21.6" name="Fiber"/>
<nutrient amount="8.69" name="Fat"/>
<nutrient amount="8.46" name="Water"/>
<nutrient amount="4.65" name="Ash"/>
<nutrient amount="661.0" name="Calcium"/>
<nutrient amount="0.553" name="Copper"/>
<nutrient amount="7.06" name="Iron"/>
<nutrient amount="135.0" name="Magnesium"/>
<nutrient amount="2.943" name="Manganese"/>
<nutrient amount="113.0" name="Phosphorus"/>
<nutrient amount="1044.0" name="Potassium"/>
<nutrient amount="2.7" name="Selenium"/>
<nutrient amount="77.0" name="Sodium"/>
<nutrient amount="1.01" name="Zinc"/>
<nutrient amount="540.0" name="Vitamin A"/>
<nutrient amount="36.0" name="Folate"/>
<nutrient amount="0.101" name="B1 (Thiamine)"/>
<nutrient amount="0.063" name="B2 (Riboflavin)"/>
<nutrient amount="2.86" name="B3 (Niacin)"/>
<nutrient amount="0.21" name="B6 (Pyridoxine)"/>
<nutrient amount="39.2" name="Vitamin C"/>
<nutrient amount="2.55" name="Saturated"/>
<nutrient amount="0.66" name="Monounsaturated"/>
<nutrient amount="2.36" name="Polyunsaturated"/>
<nutrient amount="0.07" name="Omega-3"/>
<nutrient amount="2.29" name="Omega-6"/>
<nutrient amount="61.0" name="Phytosterol"/>
</food>
