<food fcf="8.37" pcf="3.36" uid="02005" name="Spices, caraway seed" ccf="2.9">
<measure amount="1.0" grams="6.7" name="tbsp"/>
<measure amount="1.0" grams="2.1" name="tsp"/>
<nutrient amount="333.0" name="Energy"/>
<nutrient amount="19.77" name="Protein"/>
<nutrient amount="49.9" name="Carbs"/>
<nutrient amount="38.0" name="Fiber"/>
<nutrient amount="0.64" name="Sugars"/>
<nutrient amount="14.59" name="Fat"/>
<nutrient amount="9.87" name="Water"/>
<nutrient amount="5.87" name="Ash"/>
<nutrient amount="0.914" name="ALA"/>
<nutrient amount="2.084" name="ASP"/>
<nutrient amount="1.252" name="ARG"/>
<nutrient amount="0.329" name="CYS"/>
<nutrient amount="3.169" name="GLU"/>
<nutrient amount="1.322" name="GLY"/>
<nutrient amount="0.55" name="HIS"/>
<nutrient amount="0.826" name="ILE"/>
<nutrient amount="1.218" name="LEU"/>
<nutrient amount="1.031" name="LYS"/>
<nutrient amount="0.361" name="MET"/>
<nutrient amount="0.867" name="PHE"/>
<nutrient amount="0.917" name="PRO"/>
<nutrient amount="0.946" name="SER"/>
<nutrient amount="0.756" name="THR"/>
<nutrient amount="0.244" name="TRP"/>
<nutrient amount="0.642" name="TYR"/>
<nutrient amount="1.037" name="VAL"/>
<nutrient amount="689.0" name="Calcium"/>
<nutrient amount="0.91" name="Copper"/>
<nutrient amount="16.23" name="Iron"/>
<nutrient amount="258.0" name="Magnesium"/>
<nutrient amount="1.3" name="Manganese"/>
<nutrient amount="568.0" name="Phosphorus"/>
<nutrient amount="1351.0" name="Potassium"/>
<nutrient amount="12.1" name="Selenium"/>
<nutrient amount="17.0" name="Sodium"/>
<nutrient amount="5.5" name="Zinc"/>
<nutrient amount="363.0" name="Vitamin A"/>
<nutrient amount="189.0" name="Beta-carotene"/>
<nutrient amount="58.0" name="Beta-cryptoxanthin"/>
<nutrient amount="6.0" name="Lycopene"/>
<nutrient amount="205.0" name="Lutein+Zeaxanthin"/>
<nutrient amount="10.0" name="Folate"/>
<nutrient amount="0.383" name="B1 (Thiamine)"/>
<nutrient amount="0.379" name="B2 (Riboflavin)"/>
<nutrient amount="3.606" name="B3 (Niacin)"/>
<nutrient amount="0.36" name="B6 (Pyridoxine)"/>
<nutrient amount="21.0" name="Vitamin C"/>
<nutrient amount="2.5" name="Vitamin E"/>
<nutrient amount="0.62" name="Saturated"/>
<nutrient amount="7.125" name="Monounsaturated"/>
<nutrient amount="3.272" name="Polyunsaturated"/>
<nutrient amount="0.15" name="Omega-3"/>
<nutrient amount="3.122" name="Omega-6"/>
<nutrient amount="76.0" name="Phytosterol"/>
</food>
