<food fcf="8.37" pcf="3.47" uid="02019" name="Spices, fenugreek seed" ccf="3.25">
<measure amount="1.0" grams="11.1" name="tbsp"/>
<measure amount="1.0" grams="3.7" name="tsp"/>
<nutrient amount="323.0" name="Energy"/>
<nutrient amount="23.0" name="Protein"/>
<nutrient amount="58.35" name="Carbs"/>
<nutrient amount="24.6" name="Fiber"/>
<nutrient amount="6.41" name="Fat"/>
<nutrient amount="8.84" name="Water"/>
<nutrient amount="3.4" name="Ash"/>
<nutrient amount="1.02" name="ALA"/>
<nutrient amount="2.708" name="ASP"/>
<nutrient amount="2.465" name="ARG"/>
<nutrient amount="0.369" name="CYS"/>
<nutrient amount="3.988" name="GLU"/>
<nutrient amount="1.306" name="GLY"/>
<nutrient amount="0.668" name="HIS"/>
<nutrient amount="1.241" name="ILE"/>
<nutrient amount="1.757" name="LEU"/>
<nutrient amount="1.684" name="LYS"/>
<nutrient amount="0.338" name="MET"/>
<nutrient amount="1.089" name="PHE"/>
<nutrient amount="1.198" name="PRO"/>
<nutrient amount="1.215" name="SER"/>
<nutrient amount="0.898" name="THR"/>
<nutrient amount="0.391" name="TRP"/>
<nutrient amount="0.764" name="TYR"/>
<nutrient amount="1.102" name="VAL"/>
<nutrient amount="176.0" name="Calcium"/>
<nutrient amount="1.11" name="Copper"/>
<nutrient amount="33.53" name="Iron"/>
<nutrient amount="191.0" name="Magnesium"/>
<nutrient amount="1.228" name="Manganese"/>
<nutrient amount="296.0" name="Phosphorus"/>
<nutrient amount="770.0" name="Potassium"/>
<nutrient amount="6.3" name="Selenium"/>
<nutrient amount="67.0" name="Sodium"/>
<nutrient amount="2.5" name="Zinc"/>
<nutrient amount="60.0" name="Vitamin A"/>
<nutrient amount="57.0" name="Folate"/>
<nutrient amount="0.322" name="B1 (Thiamine)"/>
<nutrient amount="0.366" name="B2 (Riboflavin)"/>
<nutrient amount="1.64" name="B3 (Niacin)"/>
<nutrient amount="0.6" name="B6 (Pyridoxine)"/>
<nutrient amount="3.0" name="Vitamin C"/>
<nutrient amount="1.46" name="Saturated"/>
<nutrient amount="140.0" name="Phytosterol"/>
</food>
