<food fcf="8.37" pcf="1.82" uid="02010" name="Spices, cinnamon, ground" ccf="2.85">
<measure amount="1.0" grams="6.8" name="tbsp"/>
<measure amount="1.0" grams="2.3" name="tsp"/>
<nutrient amount="261.0" name="Energy"/>
<nutrient amount="3.89" name="Protein"/>
<nutrient amount="79.85" name="Carbs"/>
<nutrient amount="54.3" name="Fiber"/>
<nutrient amount="2.17" name="Sugars"/>
<nutrient amount="3.19" name="Fat"/>
<nutrient amount="9.52" name="Water"/>
<nutrient amount="3.55" name="Ash"/>
<nutrient amount="1228.0" name="Calcium"/>
<nutrient amount="0.233" name="Copper"/>
<nutrient amount="38.07" name="Iron"/>
<nutrient amount="56.0" name="Magnesium"/>
<nutrient amount="16.667" name="Manganese"/>
<nutrient amount="61.0" name="Phosphorus"/>
<nutrient amount="500.0" name="Potassium"/>
<nutrient amount="1.1" name="Selenium"/>
<nutrient amount="26.0" name="Sodium"/>
<nutrient amount="1.97" name="Zinc"/>
<nutrient amount="280.0" name="Vitamin A"/>
<nutrient amount="39.0" name="Beta-carotene"/>
<nutrient amount="258.0" name="Beta-cryptoxanthin"/>
<nutrient amount="29.0" name="Lycopene"/>
<nutrient amount="420.0" name="Lutein+Zeaxanthin"/>
<nutrient amount="29.0" name="Folate"/>
<nutrient amount="0.077" name="B1 (Thiamine)"/>
<nutrient amount="0.14" name="B2 (Riboflavin)"/>
<nutrient amount="1.3" name="B3 (Niacin)"/>
<nutrient amount="0.31" name="B6 (Pyridoxine)"/>
<nutrient amount="28.5" name="Vitamin C"/>
<nutrient amount="0.95" name="Vitamin E"/>
<nutrient amount="0.66" name="Gamma Tocopherol"/>
<nutrient amount="31.2" name="Vitamin K"/>
<nutrient amount="0.65" name="Saturated"/>
<nutrient amount="0.48" name="Monounsaturated"/>
<nutrient amount="0.53" name="Polyunsaturated"/>
<nutrient amount="0.53" name="Omega-6"/>
<nutrient amount="26.0" name="Phytosterol"/>
</food>
