<food fcf="8.37" pcf="3.36" uid="02016" name="Spices, dill seed" ccf="2.35">
<measure amount="1.0" grams="6.6" name="tbsp"/>
<measure amount="1.0" grams="2.1" name="tsp"/>
<nutrient amount="305.0" name="Energy"/>
<nutrient amount="15.98" name="Protein"/>
<nutrient amount="55.17" name="Carbs"/>
<nutrient amount="21.1" name="Fiber"/>
<nutrient amount="14.54" name="Fat"/>
<nutrient amount="7.7" name="Water"/>
<nutrient amount="6.62" name="Ash"/>
<nutrient amount="1.263" name="ARG"/>
<nutrient amount="0.32" name="HIS"/>
<nutrient amount="0.767" name="ILE"/>
<nutrient amount="0.925" name="LEU"/>
<nutrient amount="1.038" name="LYS"/>
<nutrient amount="0.143" name="MET"/>
<nutrient amount="0.67" name="PHE"/>
<nutrient amount="0.575" name="THR"/>
<nutrient amount="1.12" name="VAL"/>
<nutrient amount="1516.0" name="Calcium"/>
<nutrient amount="0.78" name="Copper"/>
<nutrient amount="16.33" name="Iron"/>
<nutrient amount="256.0" name="Magnesium"/>
<nutrient amount="1.833" name="Manganese"/>
<nutrient amount="277.0" name="Phosphorus"/>
<nutrient amount="1186.0" name="Potassium"/>
<nutrient amount="12.1" name="Selenium"/>
<nutrient amount="20.0" name="Sodium"/>
<nutrient amount="5.2" name="Zinc"/>
<nutrient amount="53.0" name="Vitamin A"/>
<nutrient amount="10.0" name="Folate"/>
<nutrient amount="0.418" name="B1 (Thiamine)"/>
<nutrient amount="0.284" name="B2 (Riboflavin)"/>
<nutrient amount="2.807" name="B3 (Niacin)"/>
<nutrient amount="0.25" name="B6 (Pyridoxine)"/>
<nutrient amount="21.0" name="Vitamin C"/>
<nutrient amount="0.73" name="Saturated"/>
<nutrient amount="9.41" name="Monounsaturated"/>
<nutrient amount="1.01" name="Polyunsaturated"/>
<nutrient amount="0.15" name="Omega-3"/>
<nutrient amount="0.96" name="Omega-6"/>
<nutrient amount="124.0" name="Phytosterol"/>
</food>
