<food fcf="8.37" pcf="3.47" uid="02025" name="Spices, nutmeg, ground" ccf="4.07">
<measure amount="1.0" grams="7.0" name="tbsp"/>
<measure amount="1.0" grams="2.2" name="tsp"/>
<nutrient amount="525.0" name="Energy"/>
<nutrient amount="5.84" name="Protein"/>
<nutrient amount="49.29" name="Carbs"/>
<nutrient amount="20.8" name="Fiber"/>
<nutrient amount="28.49" name="Sugars"/>
<nutrient amount="36.31" name="Fat"/>
<nutrient amount="6.23" name="Water"/>
<nutrient amount="2.34" name="Ash"/>
<nutrient amount="184.0" name="Calcium"/>
<nutrient amount="1.027" name="Copper"/>
<nutrient amount="3.04" name="Iron"/>
<nutrient amount="183.0" name="Magnesium"/>
<nutrient amount="2.9" name="Manganese"/>
<nutrient amount="213.0" name="Phosphorus"/>
<nutrient amount="350.0" name="Potassium"/>
<nutrient amount="1.6" name="Selenium"/>
<nutrient amount="16.0" name="Sodium"/>
<nutrient amount="2.15" name="Zinc"/>
<nutrient amount="102.0" name="Vitamin A"/>
<nutrient amount="16.0" name="Beta-carotene"/>
<nutrient amount="90.0" name="Beta-cryptoxanthin"/>
<nutrient amount="76.0" name="Folate"/>
<nutrient amount="0.346" name="B1 (Thiamine)"/>
<nutrient amount="0.057" name="B2 (Riboflavin)"/>
<nutrient amount="1.299" name="B3 (Niacin)"/>
<nutrient amount="0.16" name="B6 (Pyridoxine)"/>
<nutrient amount="3.0" name="Vitamin C"/>
<nutrient amount="0.53" name="Gamma Tocopherol"/>
<nutrient amount="25.94" name="Saturated"/>
<nutrient amount="3.22" name="Monounsaturated"/>
<nutrient amount="0.35" name="Polyunsaturated"/>
<nutrient amount="0.35" name="Omega-6"/>
<nutrient amount="62.0" name="Phytosterol"/>
</food>
