<food fcf="8.37" pcf="3.36" uid="02028" name="Spices, paprika" ccf="2.35">
<measure amount="1.0" grams="6.9" name="tbsp"/>
<measure amount="1.0" grams="2.1" name="tsp"/>
<nutrient amount="289.0" name="Energy"/>
<nutrient amount="14.76" name="Protein"/>
<nutrient amount="55.74" name="Carbs"/>
<nutrient amount="37.4" name="Fiber"/>
<nutrient amount="10.34" name="Sugars"/>
<nutrient amount="12.95" name="Fat"/>
<nutrient amount="9.54" name="Water"/>
<nutrient amount="7.02" name="Ash"/>
<nutrient amount="177.0" name="Calcium"/>
<nutrient amount="0.607" name="Copper"/>
<nutrient amount="23.59" name="Iron"/>
<nutrient amount="185.0" name="Magnesium"/>
<nutrient amount="0.843" name="Manganese"/>
<nutrient amount="345.0" name="Phosphorus"/>
<nutrient amount="2344.0" name="Potassium"/>
<nutrient amount="4.0" name="Selenium"/>
<nutrient amount="34.0" name="Sodium"/>
<nutrient amount="4.06" name="Zinc"/>
<nutrient amount="52735.0" name="Vitamin A"/>
<nutrient amount="27679.0" name="Beta-carotene"/>
<nutrient amount="7923.0" name="Beta-cryptoxanthin"/>
<nutrient amount="13157.0" name="Lutein+Zeaxanthin"/>
<nutrient amount="106.0" name="Folate"/>
<nutrient amount="0.645" name="B1 (Thiamine)"/>
<nutrient amount="1.743" name="B2 (Riboflavin)"/>
<nutrient amount="15.32" name="B3 (Niacin)"/>
<nutrient amount="1.78" name="B5 (Pantothenic Acid)"/>
<nutrient amount="4.02" name="B6 (Pyridoxine)"/>
<nutrient amount="71.1" name="Vitamin C"/>
<nutrient amount="29.83" name="Vitamin E"/>
<nutrient amount="0.35" name="Beta Tocopherol"/>
<nutrient amount="0.07" name="Delta Tocopherol"/>
<nutrient amount="3.25" name="Gamma Tocopherol"/>
<nutrient amount="80.3" name="Vitamin K"/>
<nutrient amount="2.1" name="Saturated"/>
<nutrient amount="1.23" name="Monounsaturated"/>
<nutrient amount="8.32" name="Polyunsaturated"/>
<nutrient amount="0.9" name="Omega-3"/>
<nutrient amount="7.42" name="Omega-6"/>
<nutrient amount="175.0" name="Phytosterol"/>
</food>
