<food fcf="8.37" pcf="2.78" uid="02021" name="Spices, ginger, ground" ccf="3.84">
<measure amount="1.0" grams="5.4" name="tbsp"/>
<measure amount="1.0" grams="1.8" name="tsp"/>
<nutrient amount="347.0" name="Energy"/>
<nutrient amount="9.12" name="Protein"/>
<nutrient amount="70.79" name="Carbs"/>
<nutrient amount="12.5" name="Fiber"/>
<nutrient amount="3.39" name="Sugars"/>
<nutrient amount="5.95" name="Fat"/>
<nutrient amount="9.38" name="Water"/>
<nutrient amount="4.77" name="Ash"/>
<nutrient amount="0.163" name="ALA"/>
<nutrient amount="1.09" name="ASP"/>
<nutrient amount="0.226" name="ARG"/>
<nutrient amount="0.042" name="CYS"/>
<nutrient amount="0.848" name="GLU"/>
<nutrient amount="0.226" name="GLY"/>
<nutrient amount="0.158" name="HIS"/>
<nutrient amount="0.266" name="ILE"/>
<nutrient amount="0.387" name="LEU"/>
<nutrient amount="0.299" name="LYS"/>
<nutrient amount="0.067" name="MET"/>
<nutrient amount="0.236" name="PHE"/>
<nutrient amount="0.216" name="PRO"/>
<nutrient amount="0.236" name="SER"/>
<nutrient amount="0.187" name="THR"/>
<nutrient amount="0.063" name="TRP"/>
<nutrient amount="0.102" name="TYR"/>
<nutrient amount="0.382" name="VAL"/>
<nutrient amount="116.0" name="Calcium"/>
<nutrient amount="0.48" name="Copper"/>
<nutrient amount="11.52" name="Iron"/>
<nutrient amount="184.0" name="Magnesium"/>
<nutrient amount="26.5" name="Manganese"/>
<nutrient amount="148.0" name="Phosphorus"/>
<nutrient amount="1343.0" name="Potassium"/>
<nutrient amount="38.5" name="Selenium"/>
<nutrient amount="32.0" name="Sodium"/>
<nutrient amount="4.72" name="Zinc"/>
<nutrient amount="147.0" name="Vitamin A"/>
<nutrient amount="88.0" name="Beta-carotene"/>
<nutrient amount="39.0" name="Folate"/>
<nutrient amount="0.046" name="B1 (Thiamine)"/>
<nutrient amount="0.185" name="B2 (Riboflavin)"/>
<nutrient amount="5.155" name="B3 (Niacin)"/>
<nutrient amount="0.84" name="B6 (Pyridoxine)"/>
<nutrient amount="7.0" name="Vitamin C"/>
<nutrient amount="18.02" name="Vitamin E"/>
<nutrient amount="0.01" name="Beta Tocopherol"/>
<nutrient amount="2.82" name="Gamma Tocopherol"/>
<nutrient amount="0.8" name="Vitamin K"/>
<nutrient amount="1.94" name="Saturated"/>
<nutrient amount="1.0" name="Monounsaturated"/>
<nutrient amount="1.31" name="Polyunsaturated"/>
<nutrient amount="0.29" name="Omega-3"/>
<nutrient amount="1.02" name="Omega-6"/>
<nutrient amount="83.0" name="Phytosterol"/>
</food>
