<food fcf="8.37" pcf="1.83" uid="02032" name="Spices, pepper, white" ccf="3.78">
<measure amount="1.0" grams="7.1" name="tbsp"/>
<measure amount="1.0" grams="2.4" name="tsp"/>
<nutrient amount="296.0" name="Energy"/>
<nutrient amount="10.4" name="Protein"/>
<nutrient amount="68.61" name="Carbs"/>
<nutrient amount="26.2" name="Fiber"/>
<nutrient amount="2.12" name="Fat"/>
<nutrient amount="11.42" name="Water"/>
<nutrient amount="1.59" name="Ash"/>
<nutrient amount="265.0" name="Calcium"/>
<nutrient amount="0.91" name="Copper"/>
<nutrient amount="14.31" name="Iron"/>
<nutrient amount="90.0" name="Magnesium"/>
<nutrient amount="4.3" name="Manganese"/>
<nutrient amount="176.0" name="Phosphorus"/>
<nutrient amount="73.0" name="Potassium"/>
<nutrient amount="3.1" name="Selenium"/>
<nutrient amount="5.0" name="Sodium"/>
<nutrient amount="1.13" name="Zinc"/>
<nutrient amount="10.0" name="Folate"/>
<nutrient amount="0.022" name="B1 (Thiamine)"/>
<nutrient amount="0.126" name="B2 (Riboflavin)"/>
<nutrient amount="0.212" name="B3 (Niacin)"/>
<nutrient amount="0.1" name="B6 (Pyridoxine)"/>
<nutrient amount="21.0" name="Vitamin C"/>
<nutrient amount="0.626" name="Saturated"/>
<nutrient amount="0.789" name="Monounsaturated"/>
<nutrient amount="0.616" name="Polyunsaturated"/>
<nutrient amount="55.0" name="Phytosterol"/>
</food>
