<food fcf="8.37" pcf="1.83" uid="02030" name="Spices, pepper, black" ccf="3.2">
<measure amount="1.0" grams="6.4" name="tbsp"/>
<measure amount="1.0" grams="2.1" name="tsp"/>
<measure amount="1.0" grams="0.1" name="dash"/>
<nutrient amount="255.0" name="Energy"/>
<nutrient amount="10.95" name="Protein"/>
<nutrient amount="64.81" name="Carbs"/>
<nutrient amount="26.5" name="Fiber"/>
<nutrient amount="0.64" name="Sugars"/>
<nutrient amount="3.26" name="Fat"/>
<nutrient amount="10.51" name="Water"/>
<nutrient amount="4.33" name="Ash"/>
<nutrient amount="437.0" name="Calcium"/>
<nutrient amount="1.127" name="Copper"/>
<nutrient amount="28.86" name="Iron"/>
<nutrient amount="194.0" name="Magnesium"/>
<nutrient amount="5.625" name="Manganese"/>
<nutrient amount="173.0" name="Phosphorus"/>
<nutrient amount="1259.0" name="Potassium"/>
<nutrient amount="3.1" name="Selenium"/>
<nutrient amount="44.0" name="Sodium"/>
<nutrient amount="1.42" name="Zinc"/>
<nutrient amount="299.0" name="Vitamin A"/>
<nutrient amount="156.0" name="Beta-carotene"/>
<nutrient amount="48.0" name="Beta-cryptoxanthin"/>
<nutrient amount="6.0" name="Lycopene"/>
<nutrient amount="205.0" name="Lutein+Zeaxanthin"/>
<nutrient amount="10.0" name="Folate"/>
<nutrient amount="0.109" name="B1 (Thiamine)"/>
<nutrient amount="0.24" name="B2 (Riboflavin)"/>
<nutrient amount="1.142" name="B3 (Niacin)"/>
<nutrient amount="0.34" name="B6 (Pyridoxine)"/>
<nutrient amount="21.0" name="Vitamin C"/>
<nutrient amount="0.72" name="Vitamin E"/>
<nutrient amount="0.09" name="Delta Tocopherol"/>
<nutrient amount="4.56" name="Gamma Tocopherol"/>
<nutrient amount="163.7" name="Vitamin K"/>
<nutrient amount="0.98" name="Saturated"/>
<nutrient amount="1.01" name="Monounsaturated"/>
<nutrient amount="1.13" name="Polyunsaturated"/>
<nutrient amount="0.16" name="Omega-3"/>
<nutrient amount="0.97" name="Omega-6"/>
<nutrient amount="92.0" name="Phytosterol"/>
</food>
