<food fcf="8.37" pcf="2.44" uid="02039" name="Spices, savory, ground" ccf="3.0">
<measure amount="1.0" grams="4.4" name="tbsp"/>
<measure amount="1.0" grams="1.4" name="tsp"/>
<nutrient amount="272.0" name="Energy"/>
<nutrient amount="6.73" name="Protein"/>
<nutrient amount="68.73" name="Carbs"/>
<nutrient amount="45.7" name="Fiber"/>
<nutrient amount="5.91" name="Fat"/>
<nutrient amount="9.0" name="Water"/>
<nutrient amount="9.63" name="Ash"/>
<nutrient amount="2132.0" name="Calcium"/>
<nutrient amount="0.847" name="Copper"/>
<nutrient amount="37.88" name="Iron"/>
<nutrient amount="377.0" name="Magnesium"/>
<nutrient amount="6.1" name="Manganese"/>
<nutrient amount="140.0" name="Phosphorus"/>
<nutrient amount="1051.0" name="Potassium"/>
<nutrient amount="4.6" name="Selenium"/>
<nutrient amount="24.0" name="Sodium"/>
<nutrient amount="4.3" name="Zinc"/>
<nutrient amount="5130.0" name="Vitamin A"/>
<nutrient amount="0.366" name="B1 (Thiamine)"/>
<nutrient amount="4.08" name="B3 (Niacin)"/>
<nutrient amount="1.81" name="B6 (Pyridoxine)"/>
<nutrient amount="50.0" name="Vitamin C"/>
<nutrient amount="3.26" name="Saturated"/>
<nutrient amount="31.0" name="Phytosterol"/>
</food>
