<food fcf="8.37" pcf="2.44" uid="02049" name="Thyme, fresh" ccf="3.0">
<measure amount="1.0" grams="0.8" name="tsp"/>
<measure amount="0.5" grams="0.4" name="tsp"/>
<nutrient amount="101.0" name="Energy"/>
<nutrient amount="5.56" name="Protein"/>
<nutrient amount="24.45" name="Carbs"/>
<nutrient amount="14.0" name="Fiber"/>
<nutrient amount="1.68" name="Fat"/>
<nutrient amount="65.11" name="Water"/>
<nutrient amount="3.2" name="Ash"/>
<nutrient amount="0.285" name="ILE"/>
<nutrient amount="0.262" name="LEU"/>
<nutrient amount="0.126" name="LYS"/>
<nutrient amount="0.154" name="THR"/>
<nutrient amount="0.114" name="TRP"/>
<nutrient amount="0.307" name="VAL"/>
<nutrient amount="405.0" name="Calcium"/>
<nutrient amount="0.555" name="Copper"/>
<nutrient amount="17.45" name="Iron"/>
<nutrient amount="160.0" name="Magnesium"/>
<nutrient amount="1.719" name="Manganese"/>
<nutrient amount="106.0" name="Phosphorus"/>
<nutrient amount="609.0" name="Potassium"/>
<nutrient amount="9.0" name="Sodium"/>
<nutrient amount="1.81" name="Zinc"/>
<nutrient amount="4751.0" name="Vitamin A"/>
<nutrient amount="2851.0" name="Beta-carotene"/>
<nutrient amount="45.0" name="Folate"/>
<nutrient amount="0.048" name="B1 (Thiamine)"/>
<nutrient amount="0.471" name="B2 (Riboflavin)"/>
<nutrient amount="1.824" name="B3 (Niacin)"/>
<nutrient amount="0.409" name="B5 (Pantothenic Acid)"/>
<nutrient amount="0.348" name="B6 (Pyridoxine)"/>
<nutrient amount="160.1" name="Vitamin C"/>
<nutrient amount="0.467" name="Saturated"/>
<nutrient amount="0.081" name="Monounsaturated"/>
<nutrient amount="0.532" name="Polyunsaturated"/>
<nutrient amount="0.447" name="Omega-3"/>
<nutrient amount="0.085" name="Omega-6"/>
</food>
