<food fcf="8.37" pcf="3.47" uid="02046" name="Mustard, prepared, yellow" ccf="3.34">
<measure amount="1.0" grams="250.0" name="cup"/>
<measure amount="1.0" grams="5.0" name="tsp or 1 packet"/>
<nutrient amount="66.0" name="Energy"/>
<nutrient amount="3.95" name="Protein"/>
<nutrient amount="7.78" name="Carbs"/>
<nutrient amount="3.2" name="Fiber"/>
<nutrient amount="2.84" name="Sugars"/>
<nutrient amount="3.11" name="Fat"/>
<nutrient amount="81.64" name="Water"/>
<nutrient amount="3.52" name="Ash"/>
<nutrient amount="0.162" name="ALA"/>
<nutrient amount="0.269" name="ASP"/>
<nutrient amount="0.24" name="ARG"/>
<nutrient amount="0.08" name="CYS"/>
<nutrient amount="0.681" name="GLU"/>
<nutrient amount="0.179" name="GLY"/>
<nutrient amount="0.104" name="HIS"/>
<nutrient amount="0.148" name="ILE"/>
<nutrient amount="0.244" name="LEU"/>
<nutrient amount="0.208" name="LYS"/>
<nutrient amount="0.066" name="MET"/>
<nutrient amount="0.146" name="PHE"/>
<nutrient amount="0.266" name="PRO"/>
<nutrient amount="0.148" name="SER"/>
<nutrient amount="0.15" name="THR"/>
<nutrient amount="0.072" name="TRP"/>
<nutrient amount="0.102" name="TYR"/>
<nutrient amount="0.181" name="VAL"/>
<nutrient amount="80.0" name="Calcium"/>
<nutrient amount="0.14" name="Copper"/>
<nutrient amount="1.85" name="Iron"/>
<nutrient amount="38.0" name="Magnesium"/>
<nutrient amount="0.3" name="Manganese"/>
<nutrient amount="88.0" name="Phosphorus"/>
<nutrient amount="151.0" name="Potassium"/>
<nutrient amount="36.0" name="Selenium"/>
<nutrient amount="1120.0" name="Sodium"/>
<nutrient amount="0.6" name="Zinc"/>
<nutrient amount="132.0" name="Vitamin A"/>
<nutrient amount="70.0" name="Beta-carotene"/>
<nutrient amount="19.0" name="Beta-cryptoxanthin"/>
<nutrient amount="75.0" name="Lutein+Zeaxanthin"/>
<nutrient amount="8.0" name="Folate"/>
<nutrient amount="0.051" name="B1 (Thiamine)"/>
<nutrient amount="0.025" name="B2 (Riboflavin)"/>
<nutrient amount="0.46" name="B3 (Niacin)"/>
<nutrient amount="0.348" name="B5 (Pantothenic Acid)"/>
<nutrient amount="0.071" name="B6 (Pyridoxine)"/>
<nutrient amount="2.9" name="Vitamin C"/>
<nutrient amount="0.3" name="Vitamin E"/>
<nutrient amount="1.93" name="Gamma Tocopherol"/>
<nutrient amount="2.2" name="Vitamin K"/>
<nutrient amount="0.158" name="Saturated"/>
<nutrient amount="2.144" name="Monounsaturated"/>
<nutrient amount="0.583" name="Polyunsaturated"/>
<nutrient amount="0.29" name="Omega-3"/>
<nutrient amount="0.28" name="Omega-6"/>
</food>
