<food fcf="8.37" pcf="2.44" uid="02044" name="Basil, fresh" ccf="3.57">
<measure amount="2.0" grams="5.3" name="tbsp"/>
<measure amount="5.0" grams="2.5" name="leaves"/>
<nutrient amount="27.0" name="Energy"/>
<nutrient amount="2.54" name="Protein"/>
<nutrient amount="4.34" name="Carbs"/>
<nutrient amount="3.9" name="Fiber"/>
<nutrient amount="0.3" name="Sugars"/>
<nutrient amount="0.61" name="Fat"/>
<nutrient amount="90.96" name="Water"/>
<nutrient amount="1.55" name="Ash"/>
<nutrient amount="0.132" name="ALA"/>
<nutrient amount="0.301" name="ASP"/>
<nutrient amount="0.117" name="ARG"/>
<nutrient amount="0.028" name="CYS"/>
<nutrient amount="0.277" name="GLU"/>
<nutrient amount="0.122" name="GLY"/>
<nutrient amount="0.051" name="HIS"/>
<nutrient amount="0.104" name="ILE"/>
<nutrient amount="0.191" name="LEU"/>
<nutrient amount="0.11" name="LYS"/>
<nutrient amount="0.036" name="MET"/>
<nutrient amount="0.13" name="PHE"/>
<nutrient amount="0.104" name="PRO"/>
<nutrient amount="0.099" name="SER"/>
<nutrient amount="0.104" name="THR"/>
<nutrient amount="0.039" name="TRP"/>
<nutrient amount="0.077" name="TYR"/>
<nutrient amount="0.127" name="VAL"/>
<nutrient amount="154.0" name="Calcium"/>
<nutrient amount="0.29" name="Copper"/>
<nutrient amount="3.17" name="Iron"/>
<nutrient amount="81.0" name="Magnesium"/>
<nutrient amount="1.446" name="Manganese"/>
<nutrient amount="69.0" name="Phosphorus"/>
<nutrient amount="462.0" name="Potassium"/>
<nutrient amount="0.3" name="Selenium"/>
<nutrient amount="4.0" name="Sodium"/>
<nutrient amount="0.85" name="Zinc"/>
<nutrient amount="5275.0" name="Vitamin A"/>
<nutrient amount="3142.0" name="Beta-carotene"/>
<nutrient amount="46.0" name="Beta-cryptoxanthin"/>
<nutrient amount="5650.0" name="Lutein+Zeaxanthin"/>
<nutrient amount="64.0" name="Folate"/>
<nutrient amount="0.026" name="B1 (Thiamine)"/>
<nutrient amount="0.073" name="B2 (Riboflavin)"/>
<nutrient amount="0.925" name="B3 (Niacin)"/>
<nutrient amount="0.238" name="B5 (Pantothenic Acid)"/>
<nutrient amount="0.129" name="B6 (Pyridoxine)"/>
<nutrient amount="18.0" name="Vitamin C"/>
<nutrient amount="414.8" name="Vitamin K"/>
<nutrient amount="0.041" name="Saturated"/>
<nutrient amount="0.088" name="Monounsaturated"/>
<nutrient amount="0.389" name="Polyunsaturated"/>
<nutrient amount="0.316" name="Omega-3"/>
<nutrient amount="0.073" name="Omega-6"/>
</food>
