<food fcf="8.37" pcf="2.44" uid="02045" name="Dill weed, fresh" ccf="3.57">
<measure amount="1.0" grams="8.9" name="cup sprigs"/>
<measure amount="5.0" grams="1.0" name="sprigs"/>
<nutrient amount="43.0" name="Energy"/>
<nutrient amount="3.46" name="Protein"/>
<nutrient amount="7.02" name="Carbs"/>
<nutrient amount="2.1" name="Fiber"/>
<nutrient amount="1.12" name="Fat"/>
<nutrient amount="85.95" name="Water"/>
<nutrient amount="2.45" name="Ash"/>
<nutrient amount="0.227" name="ALA"/>
<nutrient amount="0.343" name="ASP"/>
<nutrient amount="0.142" name="ARG"/>
<nutrient amount="0.017" name="CYS"/>
<nutrient amount="0.29" name="GLU"/>
<nutrient amount="0.169" name="GLY"/>
<nutrient amount="0.071" name="HIS"/>
<nutrient amount="0.195" name="ILE"/>
<nutrient amount="0.159" name="LEU"/>
<nutrient amount="0.246" name="LYS"/>
<nutrient amount="0.011" name="MET"/>
<nutrient amount="0.065" name="PHE"/>
<nutrient amount="0.248" name="PRO"/>
<nutrient amount="0.158" name="SER"/>
<nutrient amount="0.068" name="THR"/>
<nutrient amount="0.014" name="TRP"/>
<nutrient amount="0.096" name="TYR"/>
<nutrient amount="0.154" name="VAL"/>
<nutrient amount="208.0" name="Calcium"/>
<nutrient amount="0.146" name="Copper"/>
<nutrient amount="6.59" name="Iron"/>
<nutrient amount="55.0" name="Magnesium"/>
<nutrient amount="1.264" name="Manganese"/>
<nutrient amount="66.0" name="Phosphorus"/>
<nutrient amount="738.0" name="Potassium"/>
<nutrient amount="61.0" name="Sodium"/>
<nutrient amount="0.91" name="Zinc"/>
<nutrient amount="7718.0" name="Vitamin A"/>
<nutrient amount="150.0" name="Folate"/>
<nutrient amount="0.058" name="B1 (Thiamine)"/>
<nutrient amount="0.296" name="B2 (Riboflavin)"/>
<nutrient amount="1.57" name="B3 (Niacin)"/>
<nutrient amount="0.397" name="B5 (Pantothenic Acid)"/>
<nutrient amount="0.185" name="B6 (Pyridoxine)"/>
<nutrient amount="85.0" name="Vitamin C"/>
<nutrient amount="0.06" name="Saturated"/>
<nutrient amount="0.802" name="Monounsaturated"/>
<nutrient amount="0.095" name="Polyunsaturated"/>
<nutrient amount="0.013" name="Omega-3"/>
<nutrient amount="0.082" name="Omega-6"/>
</food>
