<food fcf="9.0" pcf="4.0" uid="02047" name="Salt, table" ccf="4.0">
<measure amount="1.0" grams="292.0" name="cup"/>
<measure amount="1.0" grams="18.0" name="tbsp"/>
<measure amount="1.0" grams="6.0" name="tsp"/>
<measure amount="1.0" grams="0.4" name="dash"/>
<nutrient amount="0.2" name="Water"/>
<nutrient amount="99.8" name="Ash"/>
<nutrient amount="24.0" name="Calcium"/>
<nutrient amount="0.03" name="Copper"/>
<nutrient amount="0.33" name="Iron"/>
<nutrient amount="1.0" name="Magnesium"/>
<nutrient amount="0.1" name="Manganese"/>
<nutrient amount="8.0" name="Potassium"/>
<nutrient amount="0.1" name="Selenium"/>
<nutrient amount="38758.0" name="Sodium"/>
<nutrient amount="0.1" name="Zinc"/>
</food>
