<food fcf="8.37" pcf="2.78" uid="02055" name="Horseradish, prepared" ccf="3.44">
<measure amount="1.0" grams="15.0" name="tbsp"/>
<measure amount="1.0" grams="5.0" name="tsp"/>
<nutrient amount="48.0" name="Energy"/>
<nutrient amount="1.18" name="Protein"/>
<nutrient amount="11.29" name="Carbs"/>
<nutrient amount="3.3" name="Fiber"/>
<nutrient amount="7.99" name="Sugars"/>
<nutrient amount="0.69" name="Fat"/>
<nutrient amount="85.08" name="Water"/>
<nutrient amount="1.76" name="Ash"/>
<nutrient amount="56.0" name="Calcium"/>
<nutrient amount="0.058" name="Copper"/>
<nutrient amount="0.42" name="Iron"/>
<nutrient amount="27.0" name="Magnesium"/>
<nutrient amount="0.126" name="Manganese"/>
<nutrient amount="31.0" name="Phosphorus"/>
<nutrient amount="246.0" name="Potassium"/>
<nutrient amount="2.8" name="Selenium"/>
<nutrient amount="314.0" name="Sodium"/>
<nutrient amount="0.83" name="Zinc"/>
<nutrient amount="2.0" name="Vitamin A"/>
<nutrient amount="1.0" name="Beta-carotene"/>
<nutrient amount="10.0" name="Lutein+Zeaxanthin"/>
<nutrient amount="57.0" name="Folate"/>
<nutrient amount="0.0080" name="B1 (Thiamine)"/>
<nutrient amount="0.024" name="B2 (Riboflavin)"/>
<nutrient amount="0.386" name="B3 (Niacin)"/>
<nutrient amount="0.093" name="B5 (Pantothenic Acid)"/>
<nutrient amount="0.073" name="B6 (Pyridoxine)"/>
<nutrient amount="24.9" name="Vitamin C"/>
<nutrient amount="0.01" name="Vitamin E"/>
<nutrient amount="1.3" name="Vitamin K"/>
<nutrient amount="0.09" name="Saturated"/>
<nutrient amount="0.13" name="Monounsaturated"/>
<nutrient amount="0.339" name="Polyunsaturated"/>
<nutrient amount="0.053" name="Omega-3"/>
<nutrient amount="0.285" name="Omega-6"/>
<nutrient amount="9.0" name="Phytosterol"/>
</food>
