<food fcf="9.0" pcf="4.0" uid="02053" name="Vinegar, distilled" ccf="4.0">
<measure amount="1.0" grams="238.0" name="cup"/>
<measure amount="1.0" grams="14.9" name="tbsp"/>
<measure amount="1.0" grams="5.0" name="tsp"/>
<nutrient amount="18.0" name="Energy"/>
<nutrient amount="0.04" name="Carbs"/>
<nutrient amount="0.04" name="Sugars"/>
<nutrient amount="94.78" name="Water"/>
<nutrient amount="6.0" name="Calcium"/>
<nutrient amount="0.0060" name="Copper"/>
<nutrient amount="0.03" name="Iron"/>
<nutrient amount="1.0" name="Magnesium"/>
<nutrient amount="0.055" name="Manganese"/>
<nutrient amount="4.0" name="Phosphorus"/>
<nutrient amount="2.0" name="Potassium"/>
<nutrient amount="0.5" name="Selenium"/>
<nutrient amount="2.0" name="Sodium"/>
<nutrient amount="0.01" name="Zinc"/>
</food>
