<food fcf="8.37" pcf="1.82" uid="02054" name="Capers, canned" ccf="2.35">
<measure amount="1.0" grams="8.6" name="tbsp, drained"/>
<nutrient amount="23.0" name="Energy"/>
<nutrient amount="2.36" name="Protein"/>
<nutrient amount="4.89" name="Carbs"/>
<nutrient amount="3.2" name="Fiber"/>
<nutrient amount="0.41" name="Sugars"/>
<nutrient amount="0.86" name="Fat"/>
<nutrient amount="83.85" name="Water"/>
<nutrient amount="8.04" name="Ash"/>
<nutrient amount="40.0" name="Calcium"/>
<nutrient amount="0.374" name="Copper"/>
<nutrient amount="1.67" name="Iron"/>
<nutrient amount="33.0" name="Magnesium"/>
<nutrient amount="0.078" name="Manganese"/>
<nutrient amount="10.0" name="Phosphorus"/>
<nutrient amount="40.0" name="Potassium"/>
<nutrient amount="1.2" name="Selenium"/>
<nutrient amount="2964.0" name="Sodium"/>
<nutrient amount="0.32" name="Zinc"/>
<nutrient amount="138.0" name="Vitamin A"/>
<nutrient amount="83.0" name="Beta-carotene"/>
<nutrient amount="23.0" name="Folate"/>
<nutrient amount="0.018" name="B1 (Thiamine)"/>
<nutrient amount="0.139" name="B2 (Riboflavin)"/>
<nutrient amount="0.652" name="B3 (Niacin)"/>
<nutrient amount="0.027" name="B5 (Pantothenic Acid)"/>
<nutrient amount="0.023" name="B6 (Pyridoxine)"/>
<nutrient amount="4.3" name="Vitamin C"/>
<nutrient amount="0.88" name="Vitamin E"/>
<nutrient amount="24.6" name="Vitamin K"/>
<nutrient amount="0.233" name="Saturated"/>
<nutrient amount="0.063" name="Monounsaturated"/>
<nutrient amount="0.304" name="Polyunsaturated"/>
<nutrient amount="0.184" name="Omega-3"/>
<nutrient amount="0.113" name="Omega-6"/>
<nutrient amount="48.0" name="Phytosterol"/>
</food>
