<food fcf="8.37" pcf="2.44" uid="02052" name="Vanilla extract, imitation, no alcohol" ccf="3.9">
<measure amount="1.0" grams="13.0" name="tbsp"/>
<measure amount="1.0" grams="4.2" name="tsp"/>
<nutrient amount="56.0" name="Energy"/>
<nutrient amount="0.03" name="Protein"/>
<nutrient amount="14.4" name="Carbs"/>
<nutrient amount="14.4" name="Sugars"/>
<nutrient amount="85.58" name="Water"/>
<nutrient amount="3.0" name="Calcium"/>
<nutrient amount="0.0030" name="Copper"/>
<nutrient amount="0.05" name="Iron"/>
<nutrient amount="1.0" name="Magnesium"/>
<nutrient amount="0.0010" name="Manganese"/>
<nutrient amount="3.0" name="Sodium"/>
<nutrient amount="0.01" name="Zinc"/>
<nutrient amount="0.0030" name="B1 (Thiamine)"/>
<nutrient amount="0.029" name="B2 (Riboflavin)"/>
<nutrient amount="0.129" name="B3 (Niacin)"/>
<nutrient amount="0.011" name="B5 (Pantothenic Acid)"/>
<nutrient amount="0.0080" name="B6 (Pyridoxine)"/>
</food>
