<food fcf="8.37" pcf="2.44" uid="02051" name="Vanilla extract, imitation, alcohol" ccf="3.9">
<measure amount="1.0" grams="13.0" name="tbsp"/>
<measure amount="1.0" grams="4.2" name="tsp"/>
<nutrient amount="237.0" name="Energy"/>
<nutrient amount="0.05" name="Protein"/>
<nutrient amount="2.41" name="Carbs"/>
<nutrient amount="32.9" name="Alcohol"/>
<nutrient amount="64.46" name="Water"/>
<nutrient amount="0.22" name="Ash"/>
<nutrient amount="0.023" name="Copper"/>
<nutrient amount="0.13" name="Iron"/>
<nutrient amount="5.0" name="Magnesium"/>
<nutrient amount="0.482" name="Manganese"/>
<nutrient amount="22.0" name="Phosphorus"/>
<nutrient amount="98.0" name="Potassium"/>
<nutrient amount="4.0" name="Sodium"/>
<nutrient amount="0.06" name="Zinc"/>
<nutrient amount="0.0080" name="B1 (Thiamine)"/>
<nutrient amount="0.071" name="B2 (Riboflavin)"/>
<nutrient amount="0.318" name="B3 (Niacin)"/>
<nutrient amount="0.026" name="B5 (Pantothenic Acid)"/>
<nutrient amount="0.019" name="B6 (Pyridoxine)"/>
</food>
