<food fcf="8.37" pcf="2.44" uid="02065" name="Spearmint, fresh" ccf="3.57">
<measure amount="2.0" grams="11.4" name="tbsp"/>
<nutrient amount="44.0" name="Energy"/>
<nutrient amount="3.29" name="Protein"/>
<nutrient amount="8.41" name="Carbs"/>
<nutrient amount="6.8" name="Fiber"/>
<nutrient amount="0.73" name="Fat"/>
<nutrient amount="85.55" name="Water"/>
<nutrient amount="2.03" name="Ash"/>
<nutrient amount="0.171" name="ALA"/>
<nutrient amount="0.388" name="ASP"/>
<nutrient amount="0.151" name="ARG"/>
<nutrient amount="0.036" name="CYS"/>
<nutrient amount="0.358" name="GLU"/>
<nutrient amount="0.158" name="GLY"/>
<nutrient amount="0.066" name="HIS"/>
<nutrient amount="0.135" name="ILE"/>
<nutrient amount="0.247" name="LEU"/>
<nutrient amount="0.141" name="LYS"/>
<nutrient amount="0.046" name="MET"/>
<nutrient amount="0.168" name="PHE"/>
<nutrient amount="0.135" name="PRO"/>
<nutrient amount="0.128" name="SER"/>
<nutrient amount="0.135" name="THR"/>
<nutrient amount="0.05" name="TRP"/>
<nutrient amount="0.099" name="TYR"/>
<nutrient amount="0.164" name="VAL"/>
<nutrient amount="199.0" name="Calcium"/>
<nutrient amount="0.24" name="Copper"/>
<nutrient amount="11.87" name="Iron"/>
<nutrient amount="63.0" name="Magnesium"/>
<nutrient amount="1.118" name="Manganese"/>
<nutrient amount="60.0" name="Phosphorus"/>
<nutrient amount="458.0" name="Potassium"/>
<nutrient amount="30.0" name="Sodium"/>
<nutrient amount="1.09" name="Zinc"/>
<nutrient amount="4054.0" name="Vitamin A"/>
<nutrient amount="105.0" name="Folate"/>
<nutrient amount="0.078" name="B1 (Thiamine)"/>
<nutrient amount="0.175" name="B2 (Riboflavin)"/>
<nutrient amount="0.948" name="B3 (Niacin)"/>
<nutrient amount="0.25" name="B5 (Pantothenic Acid)"/>
<nutrient amount="0.158" name="B6 (Pyridoxine)"/>
<nutrient amount="13.3" name="Vitamin C"/>
<nutrient amount="0.191" name="Saturated"/>
<nutrient amount="0.025" name="Monounsaturated"/>
<nutrient amount="0.394" name="Polyunsaturated"/>
<nutrient amount="0.338" name="Omega-3"/>
<nutrient amount="0.054" name="Omega-6"/>
<nutrient amount="10.0" name="Phytosterol"/>
</food>
