<food fcf="8.37" pcf="2.44" uid="02063" name="Rosemary, fresh" ccf="3.57">
<measure amount="1.0" grams="1.7" name="tbsp"/>
<measure amount="1.0" grams="0.7" name="tsp"/>
<nutrient amount="131.0" name="Energy"/>
<nutrient amount="3.31" name="Protein"/>
<nutrient amount="20.7" name="Carbs"/>
<nutrient amount="14.1" name="Fiber"/>
<nutrient amount="5.86" name="Fat"/>
<nutrient amount="67.77" name="Water"/>
<nutrient amount="2.35" name="Ash"/>
<nutrient amount="0.172" name="ALA"/>
<nutrient amount="0.391" name="ASP"/>
<nutrient amount="0.153" name="ARG"/>
<nutrient amount="0.037" name="CYS"/>
<nutrient amount="0.361" name="GLU"/>
<nutrient amount="0.159" name="GLY"/>
<nutrient amount="0.066" name="HIS"/>
<nutrient amount="0.136" name="ILE"/>
<nutrient amount="0.249" name="LEU"/>
<nutrient amount="0.143" name="LYS"/>
<nutrient amount="0.047" name="MET"/>
<nutrient amount="0.169" name="PHE"/>
<nutrient amount="0.136" name="PRO"/>
<nutrient amount="0.129" name="SER"/>
<nutrient amount="0.136" name="THR"/>
<nutrient amount="0.051" name="TRP"/>
<nutrient amount="0.1" name="TYR"/>
<nutrient amount="0.165" name="VAL"/>
<nutrient amount="317.0" name="Calcium"/>
<nutrient amount="0.301" name="Copper"/>
<nutrient amount="6.65" name="Iron"/>
<nutrient amount="91.0" name="Magnesium"/>
<nutrient amount="0.96" name="Manganese"/>
<nutrient amount="66.0" name="Phosphorus"/>
<nutrient amount="668.0" name="Potassium"/>
<nutrient amount="26.0" name="Sodium"/>
<nutrient amount="0.93" name="Zinc"/>
<nutrient amount="2924.0" name="Vitamin A"/>
<nutrient amount="109.0" name="Folate"/>
<nutrient amount="0.036" name="B1 (Thiamine)"/>
<nutrient amount="0.152" name="B2 (Riboflavin)"/>
<nutrient amount="0.912" name="B3 (Niacin)"/>
<nutrient amount="0.804" name="B5 (Pantothenic Acid)"/>
<nutrient amount="0.336" name="B6 (Pyridoxine)"/>
<nutrient amount="21.8" name="Vitamin C"/>
<nutrient amount="2.838" name="Saturated"/>
<nutrient amount="1.16" name="Monounsaturated"/>
<nutrient amount="0.901" name="Polyunsaturated"/>
<nutrient amount="0.414" name="Omega-3"/>
<nutrient amount="0.447" name="Omega-6"/>
<nutrient amount="44.0" name="Phytosterol"/>
</food>
