<food fcf="8.37" pcf="2.44" uid="02066" name="Spearmint, dried" ccf="3.57">
<measure amount="1.0" grams="1.6" name="tbsp"/>
<measure amount="1.0" grams="0.5" name="tsp"/>
<nutrient amount="285.0" name="Energy"/>
<nutrient amount="19.93" name="Protein"/>
<nutrient amount="52.04" name="Carbs"/>
<nutrient amount="29.8" name="Fiber"/>
<nutrient amount="6.03" name="Fat"/>
<nutrient amount="11.3" name="Water"/>
<nutrient amount="10.7" name="Ash"/>
<nutrient amount="1.036" name="ALA"/>
<nutrient amount="2.353" name="ASP"/>
<nutrient amount="0.918" name="ARG"/>
<nutrient amount="0.22" name="CYS"/>
<nutrient amount="2.172" name="GLU"/>
<nutrient amount="0.957" name="GLY"/>
<nutrient amount="0.399" name="HIS"/>
<nutrient amount="0.816" name="ILE"/>
<nutrient amount="1.496" name="LEU"/>
<nutrient amount="0.858" name="LYS"/>
<nutrient amount="0.281" name="MET"/>
<nutrient amount="1.017" name="PHE"/>
<nutrient amount="0.816" name="PRO"/>
<nutrient amount="0.778" name="SER"/>
<nutrient amount="0.816" name="THR"/>
<nutrient amount="0.306" name="TRP"/>
<nutrient amount="0.6" name="TYR"/>
<nutrient amount="0.995" name="VAL"/>
<nutrient amount="1488.0" name="Calcium"/>
<nutrient amount="1.542" name="Copper"/>
<nutrient amount="87.47" name="Iron"/>
<nutrient amount="602.0" name="Magnesium"/>
<nutrient amount="11.482" name="Manganese"/>
<nutrient amount="276.0" name="Phosphorus"/>
<nutrient amount="1924.0" name="Potassium"/>
<nutrient amount="344.0" name="Sodium"/>
<nutrient amount="2.41" name="Zinc"/>
<nutrient amount="10579.0" name="Vitamin A"/>
<nutrient amount="530.0" name="Folate"/>
<nutrient amount="0.288" name="B1 (Thiamine)"/>
<nutrient amount="1.421" name="B2 (Riboflavin)"/>
<nutrient amount="6.561" name="B3 (Niacin)"/>
<nutrient amount="1.399" name="B5 (Pantothenic Acid)"/>
<nutrient amount="2.579" name="B6 (Pyridoxine)"/>
<nutrient amount="1.577" name="Saturated"/>
<nutrient amount="0.21" name="Monounsaturated"/>
<nutrient amount="3.257" name="Polyunsaturated"/>
<nutrient amount="2.792" name="Omega-3"/>
<nutrient amount="0.446" name="Omega-6"/>
<nutrient amount="82.0" name="Phytosterol"/>
</food>
