<food fcf="9.02" pcf="4.27" uid="03007" name="Babyfood, meat, pork, strained" ccf="4.0">
<measure amount="1.0" grams="28.35" name="oz"/>
<measure amount="1.0" grams="71.0" name="jar"/>
<nutrient amount="124.0" name="Energy"/>
<nutrient amount="14.0" name="Protein"/>
<nutrient amount="7.1" name="Fat"/>
<nutrient amount="78.4" name="Water"/>
<nutrient amount="1.1" name="Ash"/>
<nutrient amount="0.879" name="ALA"/>
<nutrient amount="1.31" name="ASP"/>
<nutrient amount="0.948" name="ARG"/>
<nutrient amount="0.154" name="CYS"/>
<nutrient amount="2.133" name="GLU"/>
<nutrient amount="0.76" name="GLY"/>
<nutrient amount="0.447" name="HIS"/>
<nutrient amount="0.68" name="ILE"/>
<nutrient amount="1.127" name="LEU"/>
<nutrient amount="1.158" name="LYS"/>
<nutrient amount="0.398" name="MET"/>
<nutrient amount="0.57" name="PHE"/>
<nutrient amount="0.747" name="PRO"/>
<nutrient amount="0.541" name="SER"/>
<nutrient amount="0.617" name="THR"/>
<nutrient amount="0.136" name="TRP"/>
<nutrient amount="0.51" name="TYR"/>
<nutrient amount="0.702" name="VAL"/>
<nutrient amount="5.0" name="Calcium"/>
<nutrient amount="0.072" name="Copper"/>
<nutrient amount="1.0" name="Iron"/>
<nutrient amount="10.0" name="Magnesium"/>
<nutrient amount="94.0" name="Phosphorus"/>
<nutrient amount="223.0" name="Potassium"/>
<nutrient amount="12.9" name="Selenium"/>
<nutrient amount="42.0" name="Sodium"/>
<nutrient amount="2.27" name="Zinc"/>
<nutrient amount="38.0" name="Vitamin A"/>
<nutrient amount="11.0" name="Retinol"/>
<nutrient amount="2.0" name="Folate"/>
<nutrient amount="0.146" name="B1 (Thiamine)"/>
<nutrient amount="0.203" name="B2 (Riboflavin)"/>
<nutrient amount="2.269" name="B3 (Niacin)"/>
<nutrient amount="0.272" name="B5 (Pantothenic Acid)"/>
<nutrient amount="0.205" name="B6 (Pyridoxine)"/>
<nutrient amount="0.99" name="B12 (Cyanocobalamin)"/>
<nutrient amount="1.8" name="Vitamin C"/>
<nutrient amount="0.4" name="Vitamin E"/>
<nutrient amount="2.4" name="Saturated"/>
<nutrient amount="3.58" name="Monounsaturated"/>
<nutrient amount="0.78" name="Polyunsaturated"/>
<nutrient amount="0.03" name="Omega-3"/>
<nutrient amount="0.69" name="Omega-6"/>
<nutrient amount="48.0" name="Cholesterol"/>
</food>
