<food fcf="9.02" pcf="4.27" uid="03005" name="Babyfood, meat, veal, strained" ccf="4.0">
<measure amount="1.0" grams="15.0" name="tbsp"/>
<measure amount="1.0" grams="28.35" name="oz"/>
<measure amount="1.0" grams="71.0" name="jar"/>
<measure amount="1.0" grams="71.0" name="jar Beech-Nut Stage 1 (2.5 oz)"/>
<measure amount="1.0" grams="71.0" name="jar Gerber Second Foods (2.5 oz)"/>
<measure amount="1.0" grams="71.0" name="jar Heinz Strained-2 (2.5 oz)"/>
<nutrient amount="101.0" name="Energy"/>
<nutrient amount="13.5" name="Protein"/>
<nutrient amount="4.8" name="Fat"/>
<nutrient amount="80.9" name="Water"/>
<nutrient amount="0.9" name="Ash"/>
<nutrient amount="0.845" name="ALA"/>
<nutrient amount="1.193" name="ASP"/>
<nutrient amount="0.897" name="ARG"/>
<nutrient amount="0.175" name="CYS"/>
<nutrient amount="1.939" name="GLU"/>
<nutrient amount="0.927" name="GLY"/>
<nutrient amount="0.415" name="HIS"/>
<nutrient amount="0.61" name="ILE"/>
<nutrient amount="1.044" name="LEU"/>
<nutrient amount="1.085" name="LYS"/>
<nutrient amount="0.298" name="MET"/>
<nutrient amount="0.523" name="PHE"/>
<nutrient amount="0.746" name="PRO"/>
<nutrient amount="0.48" name="SER"/>
<nutrient amount="0.564" name="THR"/>
<nutrient amount="0.156" name="TRP"/>
<nutrient amount="0.432" name="TYR"/>
<nutrient amount="0.657" name="VAL"/>
<nutrient amount="7.0" name="Calcium"/>
<nutrient amount="0.04" name="Copper"/>
<nutrient amount="1.27" name="Iron"/>
<nutrient amount="12.0" name="Magnesium"/>
<nutrient amount="98.0" name="Phosphorus"/>
<nutrient amount="216.0" name="Potassium"/>
<nutrient amount="6.1" name="Selenium"/>
<nutrient amount="64.0" name="Sodium"/>
<nutrient amount="2.0" name="Zinc"/>
<nutrient amount="6.0" name="Folate"/>
<nutrient amount="0.016" name="B1 (Thiamine)"/>
<nutrient amount="0.159" name="B2 (Riboflavin)"/>
<nutrient amount="3.552" name="B3 (Niacin)"/>
<nutrient amount="0.43" name="B5 (Pantothenic Acid)"/>
<nutrient amount="0.149" name="B6 (Pyridoxine)"/>
<nutrient amount="1.3" name="B12 (Cyanocobalamin)"/>
<nutrient amount="2.3" name="Vitamin C"/>
<nutrient amount="0.26" name="Vitamin E"/>
<nutrient amount="3.0" name="Vitamin K"/>
<nutrient amount="2.29" name="Saturated"/>
<nutrient amount="2.05" name="Monounsaturated"/>
<nutrient amount="0.16" name="Polyunsaturated"/>
<nutrient amount="0.03" name="Omega-3"/>
<nutrient amount="0.12000000000000001" name="Omega-6"/>
<nutrient amount="26.0" name="Cholesterol"/>
</food>
