<food fcf="9.02" pcf="4.27" uid="03009" name="Babyfood, meat, ham, junior" ccf="4.0">
<measure amount="1.0" grams="28.35" name="oz"/>
<measure amount="1.0" grams="71.0" name="jar"/>
<nutrient amount="125.0" name="Energy"/>
<nutrient amount="15.1" name="Protein"/>
<nutrient amount="6.7" name="Fat"/>
<nutrient amount="78.5" name="Water"/>
<nutrient amount="0.7" name="Ash"/>
<nutrient amount="0.911" name="ALA"/>
<nutrient amount="1.442" name="ASP"/>
<nutrient amount="1.022" name="ARG"/>
<nutrient amount="0.186" name="CYS"/>
<nutrient amount="2.271" name="GLU"/>
<nutrient amount="0.866" name="GLY"/>
<nutrient amount="0.514" name="HIS"/>
<nutrient amount="0.718" name="ILE"/>
<nutrient amount="1.208" name="LEU"/>
<nutrient amount="1.283" name="LYS"/>
<nutrient amount="0.386" name="MET"/>
<nutrient amount="0.576" name="PHE"/>
<nutrient amount="0.702" name="PRO"/>
<nutrient amount="0.547" name="SER"/>
<nutrient amount="0.656" name="THR"/>
<nutrient amount="0.149" name="TRP"/>
<nutrient amount="0.506" name="TYR"/>
<nutrient amount="0.779" name="VAL"/>
<nutrient amount="5.0" name="Calcium"/>
<nutrient amount="0.068" name="Copper"/>
<nutrient amount="1.01" name="Iron"/>
<nutrient amount="11.0" name="Magnesium"/>
<nutrient amount="89.0" name="Phosphorus"/>
<nutrient amount="210.0" name="Potassium"/>
<nutrient amount="15.0" name="Selenium"/>
<nutrient amount="67.0" name="Sodium"/>
<nutrient amount="1.7" name="Zinc"/>
<nutrient amount="32.0" name="Vitamin A"/>
<nutrient amount="2.0" name="Folate"/>
<nutrient amount="0.142" name="B1 (Thiamine)"/>
<nutrient amount="0.194" name="B2 (Riboflavin)"/>
<nutrient amount="2.84" name="B3 (Niacin)"/>
<nutrient amount="0.531" name="B5 (Pantothenic Acid)"/>
<nutrient amount="0.2" name="B6 (Pyridoxine)"/>
<nutrient amount="0.1" name="B12 (Cyanocobalamin)"/>
<nutrient amount="2.1" name="Vitamin C"/>
<nutrient amount="0.4" name="Vitamin E"/>
<nutrient amount="2.24" name="Saturated"/>
<nutrient amount="3.18" name="Monounsaturated"/>
<nutrient amount="0.91" name="Polyunsaturated"/>
<nutrient amount="0.03" name="Omega-3"/>
<nutrient amount="0.87" name="Omega-6"/>
<nutrient amount="29.0" name="Cholesterol"/>
</food>
