<food fcf="9.02" pcf="4.27" uid="03016" name="Babyfood, meat, turkey, junior" ccf="4.0">
<measure amount="1.0" grams="15.0" name="tbsp"/>
<measure amount="1.0" grams="28.35" name="oz"/>
<measure amount="1.0" grams="71.0" name="jar"/>
<measure amount="1.0" grams="71.0" name="jar Gerber Third Foods (2.5 oz)"/>
<nutrient amount="129.0" name="Energy"/>
<nutrient amount="15.4" name="Protein"/>
<nutrient amount="7.1" name="Fat"/>
<nutrient amount="77.5" name="Water"/>
<nutrient amount="0.8" name="Ash"/>
<nutrient amount="0.974" name="ALA"/>
<nutrient amount="1.534" name="ASP"/>
<nutrient amount="0.979" name="ARG"/>
<nutrient amount="0.187" name="CYS"/>
<nutrient amount="2.439" name="GLU"/>
<nutrient amount="1.013" name="GLY"/>
<nutrient amount="0.393" name="HIS"/>
<nutrient amount="0.772" name="ILE"/>
<nutrient amount="1.225" name="LEU"/>
<nutrient amount="1.274" name="LYS"/>
<nutrient amount="0.477" name="MET"/>
<nutrient amount="0.634" name="PHE"/>
<nutrient amount="0.757" name="PRO"/>
<nutrient amount="0.605" name="SER"/>
<nutrient amount="0.681" name="THR"/>
<nutrient amount="0.16" name="TRP"/>
<nutrient amount="0.541" name="TYR"/>
<nutrient amount="0.782" name="VAL"/>
<nutrient amount="28.0" name="Calcium"/>
<nutrient amount="0.043" name="Copper"/>
<nutrient amount="1.35" name="Iron"/>
<nutrient amount="12.0" name="Magnesium"/>
<nutrient amount="95.0" name="Phosphorus"/>
<nutrient amount="180.0" name="Potassium"/>
<nutrient amount="17.0" name="Selenium"/>
<nutrient amount="72.0" name="Sodium"/>
<nutrient amount="1.8" name="Zinc"/>
<nutrient amount="12.0" name="Folate"/>
<nutrient amount="0.016" name="B1 (Thiamine)"/>
<nutrient amount="0.25" name="B2 (Riboflavin)"/>
<nutrient amount="3.483" name="B3 (Niacin)"/>
<nutrient amount="0.609" name="B5 (Pantothenic Acid)"/>
<nutrient amount="0.166" name="B6 (Pyridoxine)"/>
<nutrient amount="1.07" name="B12 (Cyanocobalamin)"/>
<nutrient amount="2.4" name="Vitamin C"/>
<nutrient amount="0.21" name="Vitamin E"/>
<nutrient amount="2.4" name="Vitamin K"/>
<nutrient amount="2.31" name="Saturated"/>
<nutrient amount="2.64" name="Monounsaturated"/>
<nutrient amount="1.76" name="Polyunsaturated"/>
<nutrient amount="0.08" name="Omega-3"/>
<nutrient amount="1.6800000000000002" name="Omega-6"/>
<nutrient amount="53.0" name="Cholesterol"/>
</food>
