<food fcf="9.02" pcf="4.27" uid="03012" name="Babyfood, meat, chicken, strained" ccf="4.0">
<measure amount="1.0" grams="15.0" name="tbsp"/>
<measure amount="1.0" grams="28.35" name="oz"/>
<measure amount="1.0" grams="71.0" name="jar"/>
<measure amount="1.0" grams="71.0" name="jar Beech-Nut Stage 1 (2.5 oz)"/>
<measure amount="1.0" grams="71.0" name="jar Gerber Second Foods (2.5 oz)"/>
<measure amount="1.0" grams="71.0" name="jar Heinz Strained-2 (2.5 oz)"/>
<nutrient amount="93.0" name="Energy"/>
<nutrient amount="11.8" name="Protein"/>
<nutrient amount="1.47" name="Carbs"/>
<nutrient amount="4.1" name="Fat"/>
<nutrient amount="81.88" name="Water"/>
<nutrient amount="0.75" name="Ash"/>
<nutrient amount="0.871" name="ALA"/>
<nutrient amount="1.269" name="ASP"/>
<nutrient amount="0.957" name="ARG"/>
<nutrient amount="0.18" name="CYS"/>
<nutrient amount="1.982" name="GLU"/>
<nutrient amount="0.913" name="GLY"/>
<nutrient amount="0.415" name="HIS"/>
<nutrient amount="0.645" name="ILE"/>
<nutrient amount="1.058" name="LEU"/>
<nutrient amount="1.144" name="LYS"/>
<nutrient amount="0.367" name="MET"/>
<nutrient amount="0.558" name="PHE"/>
<nutrient amount="0.707" name="PRO"/>
<nutrient amount="0.498" name="SER"/>
<nutrient amount="0.615" name="THR"/>
<nutrient amount="0.156" name="TRP"/>
<nutrient amount="0.439" name="TYR"/>
<nutrient amount="0.689" name="VAL"/>
<nutrient amount="64.0" name="Calcium"/>
<nutrient amount="0.045" name="Copper"/>
<nutrient amount="1.4" name="Iron"/>
<nutrient amount="13.0" name="Magnesium"/>
<nutrient amount="97.0" name="Phosphorus"/>
<nutrient amount="141.0" name="Potassium"/>
<nutrient amount="11.0" name="Selenium"/>
<nutrient amount="47.0" name="Sodium"/>
<nutrient amount="1.21" name="Zinc"/>
<nutrient amount="21.0" name="Vitamin A"/>
<nutrient amount="6.0" name="Retinol"/>
<nutrient amount="3.0" name="Folate"/>
<nutrient amount="0.014" name="B1 (Thiamine)"/>
<nutrient amount="0.152" name="B2 (Riboflavin)"/>
<nutrient amount="3.255" name="B3 (Niacin)"/>
<nutrient amount="0.68" name="B5 (Pantothenic Acid)"/>
<nutrient amount="0.2" name="B6 (Pyridoxine)"/>
<nutrient amount="0.4" name="B12 (Cyanocobalamin)"/>
<nutrient amount="1.7" name="Vitamin C"/>
<nutrient amount="0.25" name="Vitamin E"/>
<nutrient amount="1.0" name="Vitamin K"/>
<nutrient amount="1.001" name="Saturated"/>
<nutrient amount="1.827" name="Monounsaturated"/>
<nutrient amount="0.985" name="Polyunsaturated"/>
<nutrient amount="0.021" name="Omega-3"/>
<nutrient amount="0.964" name="Omega-6"/>
<nutrient amount="61.0" name="Cholesterol"/>
</food>
