<food fcf="9.02" pcf="4.27" uid="03015" name="Babyfood, meat, turkey, strained" ccf="4.0">
<measure amount="1.0" grams="15.0" name="tbsp"/>
<measure amount="1.0" grams="28.35" name="oz"/>
<measure amount="1.0" grams="71.0" name="jar"/>
<measure amount="1.0" grams="71.0" name="jar Beech-Nut Stage 1 (2.5 oz)"/>
<measure amount="1.0" grams="71.0" name="jar Gerber Second Foods (2.5 oz)"/>
<measure amount="1.0" grams="71.0" name="jar Heinz Strained-2 (2.5 oz)"/>
<nutrient amount="114.0" name="Energy"/>
<nutrient amount="14.3" name="Protein"/>
<nutrient amount="0.1" name="Carbs"/>
<nutrient amount="5.8" name="Fat"/>
<nutrient amount="78.9" name="Water"/>
<nutrient amount="0.9" name="Ash"/>
<nutrient amount="0.905" name="ALA"/>
<nutrient amount="1.426" name="ASP"/>
<nutrient amount="0.909" name="ARG"/>
<nutrient amount="0.174" name="CYS"/>
<nutrient amount="2.267" name="GLU"/>
<nutrient amount="0.941" name="GLY"/>
<nutrient amount="0.366" name="HIS"/>
<nutrient amount="0.717" name="ILE"/>
<nutrient amount="1.138" name="LEU"/>
<nutrient amount="1.184" name="LYS"/>
<nutrient amount="0.443" name="MET"/>
<nutrient amount="0.59" name="PHE"/>
<nutrient amount="0.704" name="PRO"/>
<nutrient amount="0.562" name="SER"/>
<nutrient amount="0.633" name="THR"/>
<nutrient amount="0.149" name="TRP"/>
<nutrient amount="0.503" name="TYR"/>
<nutrient amount="0.727" name="VAL"/>
<nutrient amount="23.0" name="Calcium"/>
<nutrient amount="0.04" name="Copper"/>
<nutrient amount="1.2" name="Iron"/>
<nutrient amount="14.0" name="Magnesium"/>
<nutrient amount="126.0" name="Phosphorus"/>
<nutrient amount="231.0" name="Potassium"/>
<nutrient amount="16.5" name="Selenium"/>
<nutrient amount="55.0" name="Sodium"/>
<nutrient amount="1.83" name="Zinc"/>
<nutrient amount="11.0" name="Folate"/>
<nutrient amount="0.018" name="B1 (Thiamine)"/>
<nutrient amount="0.209" name="B2 (Riboflavin)"/>
<nutrient amount="3.667" name="B3 (Niacin)"/>
<nutrient amount="0.57" name="B5 (Pantothenic Acid)"/>
<nutrient amount="0.18" name="B6 (Pyridoxine)"/>
<nutrient amount="1.0" name="B12 (Cyanocobalamin)"/>
<nutrient amount="2.2" name="Vitamin C"/>
<nutrient amount="0.2" name="Vitamin E"/>
<nutrient amount="2.2" name="Vitamin K"/>
<nutrient amount="1.91" name="Saturated"/>
<nutrient amount="2.18" name="Monounsaturated"/>
<nutrient amount="1.45" name="Polyunsaturated"/>
<nutrient amount="0.06" name="Omega-3"/>
<nutrient amount="1.3900000000000001" name="Omega-6"/>
<nutrient amount="59.0" name="Cholesterol"/>
</food>
