<food fcf="8.7" pcf="4.0" uid="03014" name="Babyfood, meat, chicken sticks, junior" ccf="2.7">
<measure amount="1.0" grams="10.0" name="stick"/>
<measure amount="1.0" grams="71.0" name="jar"/>
<measure amount="1.0" grams="71.0" name="jar Gerber Graduate (2.5 oz)"/>
<nutrient amount="188.0" name="Energy"/>
<nutrient amount="14.6" name="Protein"/>
<nutrient amount="1.5" name="Carbs"/>
<nutrient amount="0.2" name="Fiber"/>
<nutrient amount="1.4" name="Sugars"/>
<nutrient amount="14.4" name="Fat"/>
<nutrient amount="68.3" name="Water"/>
<nutrient amount="1.2" name="Ash"/>
<nutrient amount="0.792" name="ALA"/>
<nutrient amount="1.263" name="ASP"/>
<nutrient amount="1.003" name="ARG"/>
<nutrient amount="0.127" name="CYS"/>
<nutrient amount="2.201" name="GLU"/>
<nutrient amount="0.811" name="GLY"/>
<nutrient amount="0.462" name="HIS"/>
<nutrient amount="0.729" name="ILE"/>
<nutrient amount="1.142" name="LEU"/>
<nutrient amount="1.16" name="LYS"/>
<nutrient amount="0.323" name="MET"/>
<nutrient amount="0.673" name="PHE"/>
<nutrient amount="0.902" name="PRO"/>
<nutrient amount="0.534" name="SER"/>
<nutrient amount="0.572" name="THR"/>
<nutrient amount="0.117" name="TRP"/>
<nutrient amount="0.497" name="TYR"/>
<nutrient amount="0.764" name="VAL"/>
<nutrient amount="73.0" name="Calcium"/>
<nutrient amount="0.045" name="Copper"/>
<nutrient amount="1.56" name="Iron"/>
<nutrient amount="14.0" name="Magnesium"/>
<nutrient amount="121.0" name="Phosphorus"/>
<nutrient amount="106.0" name="Potassium"/>
<nutrient amount="10.3" name="Selenium"/>
<nutrient amount="479.0" name="Sodium"/>
<nutrient amount="1.01" name="Zinc"/>
<nutrient amount="11.0" name="Vitamin A"/>
<nutrient amount="3.0" name="Retinol"/>
<nutrient amount="11.0" name="Folate"/>
<nutrient amount="0.017" name="B1 (Thiamine)"/>
<nutrient amount="0.197" name="B2 (Riboflavin)"/>
<nutrient amount="2.005" name="B3 (Niacin)"/>
<nutrient amount="0.726" name="B5 (Pantothenic Acid)"/>
<nutrient amount="0.103" name="B6 (Pyridoxine)"/>
<nutrient amount="0.4" name="B12 (Cyanocobalamin)"/>
<nutrient amount="1.7" name="Vitamin C"/>
<nutrient amount="0.37" name="Vitamin E"/>
<nutrient amount="0.4" name="Vitamin K"/>
<nutrient amount="4.094" name="Saturated"/>
<nutrient amount="6.267" name="Monounsaturated"/>
<nutrient amount="2.986" name="Polyunsaturated"/>
<nutrient amount="0.111" name="Omega-3"/>
<nutrient amount="2.764" name="Omega-6"/>
<nutrient amount="78.0" name="Cholesterol"/>
</food>
