<food fcf="8.7" pcf="4.0" uid="03021" name="Babyfood, meat, meat sticks, junior" ccf="2.7">
<measure amount="1.0" grams="10.0" name="stick"/>
<measure amount="1.0" grams="71.0" name="jar"/>
<measure amount="1.0" grams="71.0" name="jar Gerber Graduate (2.5 oz)"/>
<nutrient amount="184.0" name="Energy"/>
<nutrient amount="13.4" name="Protein"/>
<nutrient amount="1.1" name="Carbs"/>
<nutrient amount="0.2" name="Fiber"/>
<nutrient amount="0.8" name="Sugars"/>
<nutrient amount="14.6" name="Fat"/>
<nutrient amount="69.5" name="Water"/>
<nutrient amount="1.4" name="Ash"/>
<nutrient amount="0.785" name="ALA"/>
<nutrient amount="1.126" name="ASP"/>
<nutrient amount="0.871" name="ARG"/>
<nutrient amount="0.073" name="CYS"/>
<nutrient amount="2.023" name="GLU"/>
<nutrient amount="0.682" name="GLY"/>
<nutrient amount="0.461" name="HIS"/>
<nutrient amount="0.667" name="ILE"/>
<nutrient amount="1.042" name="LEU"/>
<nutrient amount="1.034" name="LYS"/>
<nutrient amount="0.309" name="MET"/>
<nutrient amount="0.607" name="PHE"/>
<nutrient amount="0.759" name="PRO"/>
<nutrient amount="0.495" name="SER"/>
<nutrient amount="0.581" name="THR"/>
<nutrient amount="0.092" name="TRP"/>
<nutrient amount="0.521" name="TYR"/>
<nutrient amount="0.691" name="VAL"/>
<nutrient amount="34.0" name="Calcium"/>
<nutrient amount="0.068" name="Copper"/>
<nutrient amount="1.38" name="Iron"/>
<nutrient amount="11.0" name="Magnesium"/>
<nutrient amount="103.0" name="Phosphorus"/>
<nutrient amount="114.0" name="Potassium"/>
<nutrient amount="13.3" name="Selenium"/>
<nutrient amount="547.0" name="Sodium"/>
<nutrient amount="1.9" name="Zinc"/>
<nutrient amount="69.0" name="Vitamin A"/>
<nutrient amount="21.0" name="Retinol"/>
<nutrient amount="3.0" name="Folate"/>
<nutrient amount="0.059" name="B1 (Thiamine)"/>
<nutrient amount="0.172" name="B2 (Riboflavin)"/>
<nutrient amount="1.481" name="B3 (Niacin)"/>
<nutrient amount="0.481" name="B5 (Pantothenic Acid)"/>
<nutrient amount="0.08" name="B6 (Pyridoxine)"/>
<nutrient amount="0.29" name="B12 (Cyanocobalamin)"/>
<nutrient amount="2.4" name="Vitamin C"/>
<nutrient amount="0.28" name="Vitamin E"/>
<nutrient amount="0.5" name="Vitamin K"/>
<nutrient amount="5.82" name="Saturated"/>
<nutrient amount="6.48" name="Monounsaturated"/>
<nutrient amount="1.59" name="Polyunsaturated"/>
<nutrient amount="0.07" name="Omega-3"/>
<nutrient amount="1.52" name="Omega-6"/>
<nutrient amount="70.0" name="Cholesterol"/>
</food>
