<food fcf="8.9" pcf="4.1" uid="03041" name="Babyfood, dinner, vegetables and dumplings and beef, strained" ccf="4.1">
<measure amount="1.0" grams="28.35" name="oz"/>
<measure amount="1.0" grams="113.0" name="jar"/>
<nutrient amount="48.0" name="Energy"/>
<nutrient amount="2.0" name="Protein"/>
<nutrient amount="7.7" name="Carbs"/>
<nutrient amount="0.9" name="Fat"/>
<nutrient amount="88.9" name="Water"/>
<nutrient amount="0.5" name="Ash"/>
<nutrient amount="14.0" name="Calcium"/>
<nutrient amount="0.029" name="Copper"/>
<nutrient amount="0.39" name="Iron"/>
<nutrient amount="6.0" name="Magnesium"/>
<nutrient amount="28.0" name="Phosphorus"/>
<nutrient amount="46.0" name="Potassium"/>
<nutrient amount="2.1" name="Selenium"/>
<nutrient amount="49.0" name="Sodium"/>
<nutrient amount="0.4" name="Zinc"/>
<nutrient amount="416.0" name="Vitamin A"/>
<nutrient amount="7.0" name="Folate"/>
<nutrient amount="0.049" name="B1 (Thiamine)"/>
<nutrient amount="0.04" name="B2 (Riboflavin)"/>
<nutrient amount="0.574" name="B3 (Niacin)"/>
<nutrient amount="0.208" name="B5 (Pantothenic Acid)"/>
<nutrient amount="0.047" name="B6 (Pyridoxine)"/>
<nutrient amount="0.09" name="B12 (Cyanocobalamin)"/>
<nutrient amount="0.8" name="Vitamin C"/>
<nutrient amount="0.24" name="Vitamin E"/>
</food>
