<food fcf="9.0" pcf="4.0" uid="03046" name="Babyfood, ravioli, cheese filled, with tomato sauce" ccf="4.0">
<measure amount="1.0" grams="16.0" name="tbsp"/>
<measure amount="1.0" grams="8.0" name="piece"/>
<nutrient amount="99.0" name="Energy"/>
<nutrient amount="3.6" name="Protein"/>
<nutrient amount="16.3" name="Carbs"/>
<nutrient amount="0.1" name="Fiber"/>
<nutrient amount="0.59" name="Sugars"/>
<nutrient amount="2.2" name="Fat"/>
<nutrient amount="76.5" name="Water"/>
<nutrient amount="1.4" name="Ash"/>
<nutrient amount="54.0" name="Calcium"/>
<nutrient amount="0.04" name="Copper"/>
<nutrient amount="0.8" name="Iron"/>
<nutrient amount="7.0" name="Magnesium"/>
<nutrient amount="56.0" name="Phosphorus"/>
<nutrient amount="32.0" name="Potassium"/>
<nutrient amount="13.4" name="Selenium"/>
<nutrient amount="297.0" name="Sodium"/>
<nutrient amount="0.35" name="Zinc"/>
<nutrient amount="494.0" name="Vitamin A"/>
<nutrient amount="32.0" name="Retinol"/>
<nutrient amount="2.0" name="Alpha-carotene"/>
<nutrient amount="230.0" name="Beta-carotene"/>
<nutrient amount="3.0" name="Beta-cryptoxanthin"/>
<nutrient amount="1632.0" name="Lycopene"/>
<nutrient amount="69.0" name="Lutein+Zeaxanthin"/>
<nutrient amount="36.0" name="Folate"/>
<nutrient amount="0.12" name="B1 (Thiamine)"/>
<nutrient amount="0.14" name="B2 (Riboflavin)"/>
<nutrient amount="1.65" name="B3 (Niacin)"/>
<nutrient amount="0.09" name="B6 (Pyridoxine)"/>
<nutrient amount="0.05" name="B12 (Cyanocobalamin)"/>
<nutrient amount="0.1" name="Vitamin C"/>
<nutrient amount="0.42" name="Vitamin E"/>
<nutrient amount="9.4" name="Vitamin K"/>
<nutrient amount="0.96" name="Saturated"/>
<nutrient amount="0.57" name="Monounsaturated"/>
<nutrient amount="0.48" name="Polyunsaturated"/>
<nutrient amount="0.036000000000000004" name="Omega-3"/>
<nutrient amount="0.426" name="Omega-6"/>
<nutrient amount="7.0" name="Cholesterol"/>
</food>
