<food fcf="8.9" pcf="4.1" uid="03043" name="Babyfood, dinner, beef lasagna, toddler" ccf="4.1">
<measure amount="1.0" grams="28.35" name="oz"/>
<measure amount="1.0" grams="170.0" name="jar"/>
<nutrient amount="77.0" name="Energy"/>
<nutrient amount="4.2" name="Protein"/>
<nutrient amount="10.0" name="Carbs"/>
<nutrient amount="2.1" name="Fat"/>
<nutrient amount="82.3" name="Water"/>
<nutrient amount="1.4" name="Ash"/>
<nutrient amount="0.265" name="ALA"/>
<nutrient amount="0.353" name="ASP"/>
<nutrient amount="0.253" name="ARG"/>
<nutrient amount="0.048" name="CYS"/>
<nutrient amount="0.889" name="GLU"/>
<nutrient amount="0.279" name="GLY"/>
<nutrient amount="0.102" name="HIS"/>
<nutrient amount="0.206" name="ILE"/>
<nutrient amount="0.324" name="LEU"/>
<nutrient amount="0.297" name="LYS"/>
<nutrient amount="0.082" name="MET"/>
<nutrient amount="0.182" name="PHE"/>
<nutrient amount="0.326" name="PRO"/>
<nutrient amount="0.12" name="SER"/>
<nutrient amount="0.163" name="THR"/>
<nutrient amount="0.047" name="TRP"/>
<nutrient amount="0.132" name="TYR"/>
<nutrient amount="0.231" name="VAL"/>
<nutrient amount="18.0" name="Calcium"/>
<nutrient amount="0.097" name="Copper"/>
<nutrient amount="0.87" name="Iron"/>
<nutrient amount="11.0" name="Magnesium"/>
<nutrient amount="40.0" name="Phosphorus"/>
<nutrient amount="122.0" name="Potassium"/>
<nutrient amount="8.4" name="Selenium"/>
<nutrient amount="454.0" name="Sodium"/>
<nutrient amount="0.7" name="Zinc"/>
<nutrient amount="1163.0" name="Vitamin A"/>
<nutrient amount="6.0" name="Folate"/>
<nutrient amount="0.072" name="B1 (Thiamine)"/>
<nutrient amount="0.089" name="B2 (Riboflavin)"/>
<nutrient amount="1.353" name="B3 (Niacin)"/>
<nutrient amount="0.071" name="B6 (Pyridoxine)"/>
<nutrient amount="0.51" name="B12 (Cyanocobalamin)"/>
<nutrient amount="1.9" name="Vitamin C"/>
</food>
