<food fcf="9.0" pcf="4.0" uid="03047" name="Babyfood, dinner, beef noodle, strained" ccf="4.0">
<measure amount="1.0" grams="16.0" name="tbsp"/>
<measure amount="1.0" grams="28.35" name="oz"/>
<measure amount="1.0" grams="113.0" name="jar"/>
<measure amount="1.0" grams="113.0" name="jar Gerber Second Food (4 oz)"/>
<measure amount="1.0" grams="113.0" name="jar Beech-Nut Stage 2 (4 oz)"/>
<measure amount="1.0" grams="113.0" name="jar Heinz Strained-2 (4 oz)"/>
<nutrient amount="63.0" name="Energy"/>
<nutrient amount="2.44" name="Protein"/>
<nutrient amount="8.18" name="Carbs"/>
<nutrient amount="1.3" name="Fiber"/>
<nutrient amount="1.42" name="Sugars"/>
<nutrient amount="2.26" name="Fat"/>
<nutrient amount="86.84" name="Water"/>
<nutrient amount="0.28" name="Ash"/>
<nutrient amount="10.0" name="Calcium"/>
<nutrient amount="0.05" name="Copper"/>
<nutrient amount="0.41" name="Iron"/>
<nutrient amount="10.0" name="Magnesium"/>
<nutrient amount="0.12" name="Manganese"/>
<nutrient amount="38.0" name="Phosphorus"/>
<nutrient amount="87.0" name="Potassium"/>
<nutrient amount="3.6" name="Selenium"/>
<nutrient amount="15.0" name="Sodium"/>
<nutrient amount="0.6" name="Zinc"/>
<nutrient amount="716.0" name="Vitamin A"/>
<nutrient amount="159.0" name="Alpha-carotene"/>
<nutrient amount="350.0" name="Beta-carotene"/>
<nutrient amount="476.0" name="Lycopene"/>
<nutrient amount="23.0" name="Lutein+Zeaxanthin"/>
<nutrient amount="8.0" name="Folate"/>
<nutrient amount="0.035" name="B1 (Thiamine)"/>
<nutrient amount="0.035" name="B2 (Riboflavin)"/>
<nutrient amount="0.616" name="B3 (Niacin)"/>
<nutrient amount="0.101" name="B5 (Pantothenic Acid)"/>
<nutrient amount="0.036" name="B6 (Pyridoxine)"/>
<nutrient amount="0.19" name="B12 (Cyanocobalamin)"/>
<nutrient amount="0.1" name="Vitamin C"/>
<nutrient amount="0.31" name="Vitamin E"/>
<nutrient amount="1.6" name="Vitamin K"/>
<nutrient amount="0.937" name="Saturated"/>
<nutrient amount="0.941" name="Monounsaturated"/>
<nutrient amount="0.141" name="Polyunsaturated"/>
<nutrient amount="0.017" name="Omega-3"/>
<nutrient amount="0.117" name="Omega-6"/>
<nutrient amount="8.0" name="Cholesterol"/>
</food>
