<food fcf="8.9" pcf="4.1" uid="03049" name="Babyfood, dinner, beef and rice, toddler" ccf="4.1">
<measure amount="1.0" grams="28.35" name="oz"/>
<measure amount="1.0" grams="170.0" name="jar"/>
<nutrient amount="82.0" name="Energy"/>
<nutrient amount="5.0" name="Protein"/>
<nutrient amount="8.8" name="Carbs"/>
<nutrient amount="2.9" name="Fat"/>
<nutrient amount="81.9" name="Water"/>
<nutrient amount="1.4" name="Ash"/>
<nutrient amount="0.339" name="ALA"/>
<nutrient amount="0.464" name="ASP"/>
<nutrient amount="0.338" name="ARG"/>
<nutrient amount="0.054" name="CYS"/>
<nutrient amount="0.87" name="GLU"/>
<nutrient amount="0.364" name="GLY"/>
<nutrient amount="0.128" name="HIS"/>
<nutrient amount="0.245" name="ILE"/>
<nutrient amount="0.392" name="LEU"/>
<nutrient amount="0.376" name="LYS"/>
<nutrient amount="0.123" name="MET"/>
<nutrient amount="0.197" name="PHE"/>
<nutrient amount="0.306" name="PRO"/>
<nutrient amount="0.179" name="SER"/>
<nutrient amount="0.2" name="THR"/>
<nutrient amount="0.046" name="TRP"/>
<nutrient amount="0.161" name="TYR"/>
<nutrient amount="0.275" name="VAL"/>
<nutrient amount="11.0" name="Calcium"/>
<nutrient amount="0.054" name="Copper"/>
<nutrient amount="0.69" name="Iron"/>
<nutrient amount="8.0" name="Magnesium"/>
<nutrient amount="35.0" name="Phosphorus"/>
<nutrient amount="120.0" name="Potassium"/>
<nutrient amount="8.4" name="Selenium"/>
<nutrient amount="357.0" name="Sodium"/>
<nutrient amount="0.92" name="Zinc"/>
<nutrient amount="502.0" name="Vitamin A"/>
<nutrient amount="6.0" name="Folate"/>
<nutrient amount="0.016" name="B1 (Thiamine)"/>
<nutrient amount="0.069" name="B2 (Riboflavin)"/>
<nutrient amount="1.343" name="B3 (Niacin)"/>
<nutrient amount="0.139" name="B6 (Pyridoxine)"/>
<nutrient amount="0.51" name="B12 (Cyanocobalamin)"/>
<nutrient amount="3.9" name="Vitamin C"/>
</food>
