<food fcf="8.9" pcf="3.7" uid="03052" name="Babyfood, dinner, beef stew, toddler" ccf="3.9">
<measure amount="1.0" grams="28.35" name="oz"/>
<measure amount="1.0" grams="170.0" name="jar"/>
<measure amount="1.0" grams="170.0" name="jar Beech-Nut Table Time (6 oz)"/>
<nutrient amount="51.0" name="Energy"/>
<nutrient amount="5.1" name="Protein"/>
<nutrient amount="5.5" name="Carbs"/>
<nutrient amount="1.1" name="Fiber"/>
<nutrient amount="1.39" name="Sugars"/>
<nutrient amount="1.2" name="Fat"/>
<nutrient amount="86.9" name="Water"/>
<nutrient amount="1.4" name="Ash"/>
<nutrient amount="0.332" name="ALA"/>
<nutrient amount="0.485" name="ASP"/>
<nutrient amount="0.353" name="ARG"/>
<nutrient amount="0.053" name="CYS"/>
<nutrient amount="0.823" name="GLU"/>
<nutrient amount="0.351" name="GLY"/>
<nutrient amount="0.128" name="HIS"/>
<nutrient amount="0.246" name="ILE"/>
<nutrient amount="0.388" name="LEU"/>
<nutrient amount="0.394" name="LYS"/>
<nutrient amount="0.142" name="MET"/>
<nutrient amount="0.201" name="PHE"/>
<nutrient amount="0.321" name="PRO"/>
<nutrient amount="0.192" name="SER"/>
<nutrient amount="0.21" name="THR"/>
<nutrient amount="0.053" name="TRP"/>
<nutrient amount="0.159" name="TYR"/>
<nutrient amount="0.272" name="VAL"/>
<nutrient amount="9.0" name="Calcium"/>
<nutrient amount="0.072" name="Copper"/>
<nutrient amount="0.72" name="Iron"/>
<nutrient amount="11.0" name="Magnesium"/>
<nutrient amount="44.0" name="Phosphorus"/>
<nutrient amount="142.0" name="Potassium"/>
<nutrient amount="4.5" name="Selenium"/>
<nutrient amount="345.0" name="Sodium"/>
<nutrient amount="0.87" name="Zinc"/>
<nutrient amount="1649.0" name="Vitamin A"/>
<nutrient amount="346.0" name="Alpha-carotene"/>
<nutrient amount="816.0" name="Beta-carotene"/>
<nutrient amount="2575.0" name="Lycopene"/>
<nutrient amount="26.0" name="Lutein+Zeaxanthin"/>
<nutrient amount="6.0" name="Folate"/>
<nutrient amount="0.014" name="B1 (Thiamine)"/>
<nutrient amount="0.065" name="B2 (Riboflavin)"/>
<nutrient amount="1.313" name="B3 (Niacin)"/>
<nutrient amount="0.074" name="B6 (Pyridoxine)"/>
<nutrient amount="0.51" name="B12 (Cyanocobalamin)"/>
<nutrient amount="3.0" name="Vitamin C"/>
<nutrient amount="0.5" name="Vitamin E"/>
<nutrient amount="2.5" name="Vitamin K"/>
<nutrient amount="0.58" name="Saturated"/>
<nutrient amount="0.44" name="Monounsaturated"/>
<nutrient amount="0.1" name="Polyunsaturated"/>
<nutrient amount="0.01" name="Omega-3"/>
<nutrient amount="0.09999999999999999" name="Omega-6"/>
<nutrient amount="13.0" name="Cholesterol"/>
</food>
