<food fcf="9.0" pcf="4.0" uid="03055" name="Babyfood, dinner, beef with vegetables" ccf="4.0">
<measure amount="1.0" grams="113.0" name="jar Beech-Nut Stage 2 (4 oz)"/>
<nutrient amount="96.0" name="Energy"/>
<nutrient amount="2.03" name="Protein"/>
<nutrient amount="6.36" name="Carbs"/>
<nutrient amount="1.8" name="Fiber"/>
<nutrient amount="2.16" name="Sugars"/>
<nutrient amount="6.93" name="Fat"/>
<nutrient amount="84.3" name="Water"/>
<nutrient amount="0.38" name="Ash"/>
<nutrient amount="19.0" name="Calcium"/>
<nutrient amount="0.036" name="Copper"/>
<nutrient amount="0.33" name="Iron"/>
<nutrient amount="15.0" name="Magnesium"/>
<nutrient amount="0.0060" name="Manganese"/>
<nutrient amount="24.0" name="Phosphorus"/>
<nutrient amount="127.0" name="Potassium"/>
<nutrient amount="2.2" name="Selenium"/>
<nutrient amount="23.0" name="Sodium"/>
<nutrient amount="0.35" name="Zinc"/>
<nutrient amount="4436.0" name="Vitamin A"/>
<nutrient amount="993.0" name="Alpha-carotene"/>
<nutrient amount="2165.0" name="Beta-carotene"/>
<nutrient amount="58.0" name="Lutein+Zeaxanthin"/>
<nutrient amount="11.0" name="Folate"/>
<nutrient amount="0.03" name="B1 (Thiamine)"/>
<nutrient amount="0.06" name="B2 (Riboflavin)"/>
<nutrient amount="0.7" name="B3 (Niacin)"/>
<nutrient amount="0.259" name="B5 (Pantothenic Acid)"/>
<nutrient amount="0.083" name="B6 (Pyridoxine)"/>
<nutrient amount="0.09" name="B12 (Cyanocobalamin)"/>
<nutrient amount="0.57" name="Vitamin E"/>
<nutrient amount="11.6" name="Vitamin K"/>
<nutrient amount="2.84" name="Saturated"/>
<nutrient amount="3.12" name="Monounsaturated"/>
<nutrient amount="0.9" name="Polyunsaturated"/>
<nutrient amount="0.149" name="Omega-3"/>
<nutrient amount="0.751" name="Omega-6"/>
<nutrient amount="12.0" name="Cholesterol"/>
</food>
