<food fcf="9.0" pcf="4.0" uid="03062" name="Babyfood, dinner, vegetables and ham, junior" ccf="4.0">
<measure amount="1.0" grams="256.0" name="cup"/>
<measure amount="1.0" grams="16.0" name="tbsp"/>
<measure amount="1.0" grams="28.35" name="oz"/>
<measure amount="1.0" grams="170.0" name="jar"/>
<measure amount="1.0" grams="170.0" name="jar Gerber Third Foods (6 oz)"/>
<measure amount="1.0" grams="170.0" name="jar Heinz Junior-3 (6 oz)"/>
<nutrient amount="60.0" name="Energy"/>
<nutrient amount="2.02" name="Protein"/>
<nutrient amount="8.65" name="Carbs"/>
<nutrient amount="1.0" name="Fiber"/>
<nutrient amount="0.99" name="Sugars"/>
<nutrient amount="1.89" name="Fat"/>
<nutrient amount="87.0" name="Water"/>
<nutrient amount="0.45" name="Ash"/>
<nutrient amount="14.0" name="Calcium"/>
<nutrient amount="0.03" name="Copper"/>
<nutrient amount="0.24" name="Iron"/>
<nutrient amount="8.0" name="Magnesium"/>
<nutrient amount="0.07" name="Manganese"/>
<nutrient amount="33.0" name="Phosphorus"/>
<nutrient amount="97.0" name="Potassium"/>
<nutrient amount="2.4" name="Selenium"/>
<nutrient amount="87.0" name="Sodium"/>
<nutrient amount="0.3" name="Zinc"/>
<nutrient amount="2872.0" name="Vitamin A"/>
<nutrient amount="645.0" name="Alpha-carotene"/>
<nutrient amount="1401.0" name="Beta-carotene"/>
<nutrient amount="685.0" name="Lycopene"/>
<nutrient amount="49.0" name="Lutein+Zeaxanthin"/>
<nutrient amount="8.0" name="Folate"/>
<nutrient amount="0.032" name="B1 (Thiamine)"/>
<nutrient amount="0.04" name="B2 (Riboflavin)"/>
<nutrient amount="0.512" name="B3 (Niacin)"/>
<nutrient amount="0.046" name="B6 (Pyridoxine)"/>
<nutrient amount="0.03" name="B12 (Cyanocobalamin)"/>
<nutrient amount="1.1" name="Vitamin C"/>
<nutrient amount="0.31" name="Vitamin E"/>
<nutrient amount="2.7" name="Vitamin K"/>
<nutrient amount="0.483" name="Saturated"/>
<nutrient amount="0.811" name="Monounsaturated"/>
<nutrient amount="0.448" name="Polyunsaturated"/>
<nutrient amount="0.039" name="Omega-3"/>
<nutrient amount="0.40700000000000003" name="Omega-6"/>
<nutrient amount="3.0" name="Cholesterol"/>
</food>
