<food fcf="9.0" pcf="4.0" uid="03061" name="Babyfood, dinner, vegetables and ham, strained" ccf="4.0">
<measure amount="1.0" grams="256.0" name="cup"/>
<measure amount="1.0" grams="16.0" name="tbsp"/>
<measure amount="1.0" grams="28.35" name="oz"/>
<measure amount="1.0" grams="113.0" name="jar"/>
<measure amount="1.0" grams="113.0" name="jar Gerber Second Food (4 oz)"/>
<measure amount="1.0" grams="113.0" name="jar Beech-Nut Stage 2 (4 oz)"/>
<measure amount="1.0" grams="113.0" name="jar Heinz Strained-2 (4 oz)"/>
<nutrient amount="59.0" name="Energy"/>
<nutrient amount="2.19" name="Protein"/>
<nutrient amount="7.8" name="Carbs"/>
<nutrient amount="1.6" name="Fiber"/>
<nutrient amount="1.37" name="Sugars"/>
<nutrient amount="2.14" name="Fat"/>
<nutrient amount="87.47" name="Water"/>
<nutrient amount="0.41" name="Ash"/>
<nutrient amount="16.0" name="Calcium"/>
<nutrient amount="0.07" name="Copper"/>
<nutrient amount="0.41" name="Iron"/>
<nutrient amount="12.0" name="Magnesium"/>
<nutrient amount="0.14" name="Manganese"/>
<nutrient amount="33.0" name="Phosphorus"/>
<nutrient amount="141.0" name="Potassium"/>
<nutrient amount="2.4" name="Selenium"/>
<nutrient amount="16.0" name="Sodium"/>
<nutrient amount="0.32" name="Zinc"/>
<nutrient amount="2872.0" name="Vitamin A"/>
<nutrient amount="645.0" name="Alpha-carotene"/>
<nutrient amount="1401.0" name="Beta-carotene"/>
<nutrient amount="685.0" name="Lycopene"/>
<nutrient amount="49.0" name="Lutein+Zeaxanthin"/>
<nutrient amount="3.0" name="Folate"/>
<nutrient amount="0.035" name="B1 (Thiamine)"/>
<nutrient amount="0.054" name="B2 (Riboflavin)"/>
<nutrient amount="0.676" name="B3 (Niacin)"/>
<nutrient amount="0.151" name="B5 (Pantothenic Acid)"/>
<nutrient amount="0.072" name="B6 (Pyridoxine)"/>
<nutrient amount="0.06" name="B12 (Cyanocobalamin)"/>
<nutrient amount="1.6" name="Vitamin C"/>
<nutrient amount="0.31" name="Vitamin E"/>
<nutrient amount="2.7" name="Vitamin K"/>
<nutrient amount="0.764" name="Saturated"/>
<nutrient amount="0.963" name="Monounsaturated"/>
<nutrient amount="0.234" name="Polyunsaturated"/>
<nutrient amount="0.026" name="Omega-3"/>
<nutrient amount="0.20500000000000002" name="Omega-6"/>
<nutrient amount="5.0" name="Cholesterol"/>
</food>
