<food fcf="8.9" pcf="4.1" uid="03079" name="Babyfood, dinner, vegetables and noodles and turkey, strained" ccf="4.1">
<measure amount="1.0" grams="28.35" name="oz"/>
<measure amount="1.0" grams="113.0" name="jar"/>
<nutrient amount="44.0" name="Energy"/>
<nutrient amount="1.2" name="Protein"/>
<nutrient amount="6.8" name="Carbs"/>
<nutrient amount="1.1" name="Fiber"/>
<nutrient amount="1.2" name="Fat"/>
<nutrient amount="90.3" name="Water"/>
<nutrient amount="0.4" name="Ash"/>
<nutrient amount="32.0" name="Calcium"/>
<nutrient amount="0.022" name="Copper"/>
<nutrient amount="0.19" name="Iron"/>
<nutrient amount="8.0" name="Magnesium"/>
<nutrient amount="25.0" name="Phosphorus"/>
<nutrient amount="63.0" name="Potassium"/>
<nutrient amount="2.8" name="Selenium"/>
<nutrient amount="21.0" name="Sodium"/>
<nutrient amount="0.27" name="Zinc"/>
<nutrient amount="991.0" name="Vitamin A"/>
<nutrient amount="2.0" name="Folate"/>
<nutrient amount="0.018" name="B1 (Thiamine)"/>
<nutrient amount="0.044" name="B2 (Riboflavin)"/>
<nutrient amount="0.25" name="B3 (Niacin)"/>
<nutrient amount="0.186" name="B5 (Pantothenic Acid)"/>
<nutrient amount="0.016" name="B6 (Pyridoxine)"/>
<nutrient amount="0.1" name="B12 (Cyanocobalamin)"/>
<nutrient amount="0.8" name="Vitamin C"/>
</food>
