<food fcf="8.9" pcf="3.7" uid="03072" name="Babyfood, dinner, chicken stew, toddler" ccf="3.9">
<measure amount="1.0" grams="16.0" name="tbsp"/>
<measure amount="1.0" grams="28.35" name="oz"/>
<measure amount="1.0" grams="177.0" name="jar (6.25 oz)"/>
<measure amount="1.0" grams="170.0" name="jar"/>
<nutrient amount="78.0" name="Energy"/>
<nutrient amount="5.2" name="Protein"/>
<nutrient amount="6.4" name="Carbs"/>
<nutrient amount="0.6" name="Fiber"/>
<nutrient amount="1.68" name="Sugars"/>
<nutrient amount="3.7" name="Fat"/>
<nutrient amount="83.3" name="Water"/>
<nutrient amount="1.4" name="Ash"/>
<nutrient amount="0.298" name="ALA"/>
<nutrient amount="0.471" name="ASP"/>
<nutrient amount="0.331" name="ARG"/>
<nutrient amount="0.052" name="CYS"/>
<nutrient amount="0.898" name="GLU"/>
<nutrient amount="0.295" name="GLY"/>
<nutrient amount="0.128" name="HIS"/>
<nutrient amount="0.257" name="ILE"/>
<nutrient amount="0.405" name="LEU"/>
<nutrient amount="0.41" name="LYS"/>
<nutrient amount="0.112" name="MET"/>
<nutrient amount="0.213" name="PHE"/>
<nutrient amount="0.354" name="PRO"/>
<nutrient amount="0.209" name="SER"/>
<nutrient amount="0.221" name="THR"/>
<nutrient amount="0.057" name="TRP"/>
<nutrient amount="0.172" name="TYR"/>
<nutrient amount="0.292" name="VAL"/>
<nutrient amount="36.0" name="Calcium"/>
<nutrient amount="0.02" name="Copper"/>
<nutrient amount="0.66" name="Iron"/>
<nutrient amount="10.0" name="Magnesium"/>
<nutrient amount="51.0" name="Phosphorus"/>
<nutrient amount="92.0" name="Potassium"/>
<nutrient amount="5.5" name="Selenium"/>
<nutrient amount="200.0" name="Sodium"/>
<nutrient amount="0.41" name="Zinc"/>
<nutrient amount="1010.0" name="Vitamin A"/>
<nutrient amount="2.0" name="Retinol"/>
<nutrient amount="214.0" name="Alpha-carotene"/>
<nutrient amount="495.0" name="Beta-carotene"/>
<nutrient amount="178.0" name="Lutein+Zeaxanthin"/>
<nutrient amount="16.0" name="Folate"/>
<nutrient amount="0.031" name="B1 (Thiamine)"/>
<nutrient amount="0.074" name="B2 (Riboflavin)"/>
<nutrient amount="1.153" name="B3 (Niacin)"/>
<nutrient amount="0.046" name="B6 (Pyridoxine)"/>
<nutrient amount="0.14" name="B12 (Cyanocobalamin)"/>
<nutrient amount="1.9" name="Vitamin C"/>
<nutrient amount="0.22" name="Vitamin E"/>
<nutrient amount="3.7" name="Vitamin K"/>
<nutrient amount="1.1" name="Saturated"/>
<nutrient amount="1.7" name="Monounsaturated"/>
<nutrient amount="0.77" name="Polyunsaturated"/>
<nutrient amount="0.03" name="Omega-3"/>
<nutrient amount="0.75" name="Omega-6"/>
<nutrient amount="29.0" name="Cholesterol"/>
</food>
