<food fcf="8.9" pcf="4.1" uid="03076" name="Babyfood, dinner, vegetables, noodles and chicken, junior" ccf="4.1">
<measure amount="1.0" grams="28.35" name="oz"/>
<measure amount="1.0" grams="170.0" name="jar"/>
<nutrient amount="64.0" name="Energy"/>
<nutrient amount="1.7" name="Protein"/>
<nutrient amount="9.1" name="Carbs"/>
<nutrient amount="1.1" name="Fiber"/>
<nutrient amount="2.2" name="Fat"/>
<nutrient amount="86.2" name="Water"/>
<nutrient amount="0.7" name="Ash"/>
<nutrient amount="26.0" name="Calcium"/>
<nutrient amount="0.058" name="Copper"/>
<nutrient amount="0.49" name="Iron"/>
<nutrient amount="11.0" name="Magnesium"/>
<nutrient amount="33.0" name="Phosphorus"/>
<nutrient amount="59.0" name="Potassium"/>
<nutrient amount="3.2" name="Selenium"/>
<nutrient amount="26.0" name="Sodium"/>
<nutrient amount="0.32" name="Zinc"/>
<nutrient amount="1051.0" name="Vitamin A"/>
<nutrient amount="3.0" name="Folate"/>
<nutrient amount="0.042" name="B1 (Thiamine)"/>
<nutrient amount="0.037" name="B2 (Riboflavin)"/>
<nutrient amount="0.675" name="B3 (Niacin)"/>
<nutrient amount="0.204" name="B5 (Pantothenic Acid)"/>
<nutrient amount="0.023" name="B6 (Pyridoxine)"/>
<nutrient amount="0.09" name="B12 (Cyanocobalamin)"/>
<nutrient amount="0.8" name="Vitamin C"/>
</food>
