<food fcf="8.9" pcf="4.1" uid="03075" name="Babyfood, dinner, vegetables, noodles and chicken, strained" ccf="4.1">
<measure amount="1.0" grams="28.35" name="oz"/>
<measure amount="1.0" grams="113.0" name="jar"/>
<nutrient amount="63.0" name="Energy"/>
<nutrient amount="2.0" name="Protein"/>
<nutrient amount="7.9" name="Carbs"/>
<nutrient amount="1.1" name="Fiber"/>
<nutrient amount="2.5" name="Fat"/>
<nutrient amount="87.2" name="Water"/>
<nutrient amount="0.4" name="Ash"/>
<nutrient amount="28.0" name="Calcium"/>
<nutrient amount="0.054" name="Copper"/>
<nutrient amount="0.35" name="Iron"/>
<nutrient amount="10.0" name="Magnesium"/>
<nutrient amount="31.0" name="Phosphorus"/>
<nutrient amount="55.0" name="Potassium"/>
<nutrient amount="3.2" name="Selenium"/>
<nutrient amount="20.0" name="Sodium"/>
<nutrient amount="0.25" name="Zinc"/>
<nutrient amount="1417.0" name="Vitamin A"/>
<nutrient amount="3.0" name="Folate"/>
<nutrient amount="0.032" name="B1 (Thiamine)"/>
<nutrient amount="0.049" name="B2 (Riboflavin)"/>
<nutrient amount="0.407" name="B3 (Niacin)"/>
<nutrient amount="0.19" name="B5 (Pantothenic Acid)"/>
<nutrient amount="0.021" name="B6 (Pyridoxine)"/>
<nutrient amount="0.08" name="B12 (Cyanocobalamin)"/>
<nutrient amount="0.7" name="Vitamin C"/>
</food>
