<food fcf="8.9" pcf="3.7" uid="03086" name="Babyfood, dinner, vegetables and turkey, toddler" ccf="3.9">
<measure amount="1.0" grams="28.35" name="oz"/>
<measure amount="1.0" grams="170.0" name="jar"/>
<nutrient amount="80.0" name="Energy"/>
<nutrient amount="4.8" name="Protein"/>
<nutrient amount="8.0" name="Carbs"/>
<nutrient amount="3.4" name="Fat"/>
<nutrient amount="82.3" name="Water"/>
<nutrient amount="1.4" name="Ash"/>
<nutrient amount="0.229" name="ALA"/>
<nutrient amount="0.48" name="ASP"/>
<nutrient amount="0.295" name="ARG"/>
<nutrient amount="0.052" name="CYS"/>
<nutrient amount="0.915" name="GLU"/>
<nutrient amount="0.192" name="GLY"/>
<nutrient amount="0.114" name="HIS"/>
<nutrient amount="0.249" name="ILE"/>
<nutrient amount="0.389" name="LEU"/>
<nutrient amount="0.331" name="LYS"/>
<nutrient amount="0.088" name="MET"/>
<nutrient amount="0.2" name="PHE"/>
<nutrient amount="0.333" name="PRO"/>
<nutrient amount="0.193" name="SER"/>
<nutrient amount="0.186" name="THR"/>
<nutrient amount="0.06" name="TRP"/>
<nutrient amount="0.174" name="TYR"/>
<nutrient amount="0.278" name="VAL"/>
<nutrient amount="46.0" name="Calcium"/>
<nutrient amount="0.042" name="Copper"/>
<nutrient amount="0.6" name="Iron"/>
<nutrient amount="16.0" name="Magnesium"/>
<nutrient amount="57.0" name="Phosphorus"/>
<nutrient amount="166.0" name="Potassium"/>
<nutrient amount="1.9" name="Selenium"/>
<nutrient amount="334.0" name="Sodium"/>
<nutrient amount="0.32" name="Zinc"/>
<nutrient amount="2099.0" name="Vitamin A"/>
<nutrient amount="3.0" name="Folate"/>
<nutrient amount="0.02" name="B1 (Thiamine)"/>
<nutrient amount="0.09" name="B2 (Riboflavin)"/>
<nutrient amount="0.586" name="B3 (Niacin)"/>
<nutrient amount="0.06" name="B6 (Pyridoxine)"/>
<nutrient amount="0.44" name="B12 (Cyanocobalamin)"/>
<nutrient amount="3.4" name="Vitamin C"/>
</food>
