<food fcf="8.9" pcf="4.1" uid="03081" name="Babyfood, dinner, vegetables and noodles and turkey, junior" ccf="4.1">
<measure amount="1.0" grams="28.35" name="oz"/>
<measure amount="1.0" grams="170.0" name="jar"/>
<nutrient amount="52.0" name="Energy"/>
<nutrient amount="1.8" name="Protein"/>
<nutrient amount="7.6" name="Carbs"/>
<nutrient amount="1.1" name="Fiber"/>
<nutrient amount="1.5" name="Fat"/>
<nutrient amount="88.7" name="Water"/>
<nutrient amount="0.4" name="Ash"/>
<nutrient amount="32.0" name="Calcium"/>
<nutrient amount="0.026" name="Copper"/>
<nutrient amount="0.26" name="Iron"/>
<nutrient amount="9.0" name="Magnesium"/>
<nutrient amount="29.0" name="Phosphorus"/>
<nutrient amount="73.0" name="Potassium"/>
<nutrient amount="2.8" name="Selenium"/>
<nutrient amount="17.0" name="Sodium"/>
<nutrient amount="0.3" name="Zinc"/>
<nutrient amount="994.0" name="Vitamin A"/>
<nutrient amount="3.0" name="Folate"/>
<nutrient amount="0.024" name="B1 (Thiamine)"/>
<nutrient amount="0.04" name="B2 (Riboflavin)"/>
<nutrient amount="0.299" name="B3 (Niacin)"/>
<nutrient amount="0.217" name="B5 (Pantothenic Acid)"/>
<nutrient amount="0.018" name="B6 (Pyridoxine)"/>
<nutrient amount="0.12" name="B12 (Cyanocobalamin)"/>
<nutrient amount="0.8" name="Vitamin C"/>
</food>
