<food fcf="9.0" pcf="4.0" uid="03082" name="Babyfood, dinner, turkey and rice, strained" ccf="4.0">
<measure amount="1.0" grams="16.0" name="tbsp"/>
<measure amount="1.0" grams="28.35" name="oz"/>
<measure amount="1.0" grams="113.0" name="jar"/>
<measure amount="1.0" grams="113.0" name="jar Gerber Second Food (4 oz)"/>
<measure amount="1.0" grams="113.0" name="jar Beech-Nut Stage 2 (4 oz)"/>
<measure amount="1.0" grams="113.0" name="jar Heinz Strained-2 (4 oz)"/>
<nutrient amount="52.0" name="Energy"/>
<nutrient amount="2.27" name="Protein"/>
<nutrient amount="7.94" name="Carbs"/>
<nutrient amount="0.9" name="Fiber"/>
<nutrient amount="1.66" name="Sugars"/>
<nutrient amount="1.24" name="Fat"/>
<nutrient amount="88.22" name="Water"/>
<nutrient amount="0.33" name="Ash"/>
<nutrient amount="18.0" name="Calcium"/>
<nutrient amount="0.03" name="Copper"/>
<nutrient amount="0.29" name="Iron"/>
<nutrient amount="8.0" name="Magnesium"/>
<nutrient amount="0.13" name="Manganese"/>
<nutrient amount="34.0" name="Phosphorus"/>
<nutrient amount="91.0" name="Potassium"/>
<nutrient amount="3.0" name="Selenium"/>
<nutrient amount="20.0" name="Sodium"/>
<nutrient amount="0.4" name="Zinc"/>
<nutrient amount="1622.0" name="Vitamin A"/>
<nutrient amount="368.0" name="Alpha-carotene"/>
<nutrient amount="789.0" name="Beta-carotene"/>
<nutrient amount="38.0" name="Lutein+Zeaxanthin"/>
<nutrient amount="4.0" name="Folate"/>
<nutrient amount="0.022" name="B1 (Thiamine)"/>
<nutrient amount="0.04" name="B2 (Riboflavin)"/>
<nutrient amount="0.648" name="B3 (Niacin)"/>
<nutrient amount="0.177" name="B5 (Pantothenic Acid)"/>
<nutrient amount="0.052" name="B6 (Pyridoxine)"/>
<nutrient amount="0.02" name="B12 (Cyanocobalamin)"/>
<nutrient amount="0.2" name="Vitamin C"/>
<nutrient amount="0.14" name="Vitamin E"/>
<nutrient amount="1.5" name="Vitamin K"/>
<nutrient amount="0.338" name="Saturated"/>
<nutrient amount="0.446" name="Monounsaturated"/>
<nutrient amount="0.308" name="Polyunsaturated"/>
<nutrient amount="0.023" name="Omega-3"/>
<nutrient amount="0.28" name="Omega-6"/>
<nutrient amount="5.0" name="Cholesterol"/>
</food>
