<food fcf="9.0" pcf="4.0" uid="03084" name="Babyfood, dinner, vegetables and turkey, strained" ccf="4.0">
<measure amount="1.0" grams="256.0" name="cup"/>
<measure amount="1.0" grams="16.0" name="tbsp"/>
<measure amount="1.0" grams="28.35" name="oz"/>
<measure amount="1.0" grams="113.0" name="jar"/>
<measure amount="1.0" grams="113.0" name="jar Earth's Best (4.5 oz)"/>
<measure amount="1.0" grams="113.0" name="jar Gerber Second Food (4 oz)"/>
<nutrient amount="48.0" name="Energy"/>
<nutrient amount="2.32" name="Protein"/>
<nutrient amount="7.62" name="Carbs"/>
<nutrient amount="1.5" name="Fiber"/>
<nutrient amount="1.54" name="Sugars"/>
<nutrient amount="0.9" name="Fat"/>
<nutrient amount="88.82" name="Water"/>
<nutrient amount="0.35" name="Ash"/>
<nutrient amount="27.0" name="Calcium"/>
<nutrient amount="0.09" name="Copper"/>
<nutrient amount="0.37" name="Iron"/>
<nutrient amount="13.0" name="Magnesium"/>
<nutrient amount="0.14" name="Manganese"/>
<nutrient amount="44.0" name="Phosphorus"/>
<nutrient amount="102.0" name="Potassium"/>
<nutrient amount="1.9" name="Selenium"/>
<nutrient amount="20.0" name="Sodium"/>
<nutrient amount="0.7" name="Zinc"/>
<nutrient amount="4396.0" name="Vitamin A"/>
<nutrient amount="998.0" name="Alpha-carotene"/>
<nutrient amount="2139.0" name="Beta-carotene"/>
<nutrient amount="76.0" name="Lutein+Zeaxanthin"/>
<nutrient amount="10.0" name="Folate"/>
<nutrient amount="0.02" name="B1 (Thiamine)"/>
<nutrient amount="0.024" name="B2 (Riboflavin)"/>
<nutrient amount="0.466" name="B3 (Niacin)"/>
<nutrient amount="0.224" name="B5 (Pantothenic Acid)"/>
<nutrient amount="0.044" name="B6 (Pyridoxine)"/>
<nutrient amount="0.02" name="B12 (Cyanocobalamin)"/>
<nutrient amount="0.7" name="Vitamin C"/>
<nutrient amount="0.3" name="Vitamin E"/>
<nutrient amount="3.9" name="Vitamin K"/>
<nutrient amount="0.236" name="Saturated"/>
<nutrient amount="0.294" name="Monounsaturated"/>
<nutrient amount="0.241" name="Polyunsaturated"/>
<nutrient amount="0.018000000000000002" name="Omega-3"/>
<nutrient amount="0.214" name="Omega-6"/>
<nutrient amount="4.0" name="Cholesterol"/>
</food>
