<food fcf="9.0" pcf="4.0" uid="03085" name="Babyfood, dinner, vegetables and turkey, junior" ccf="4.0">
<measure amount="1.0" grams="256.0" name="cup"/>
<measure amount="1.0" grams="16.0" name="tbsp"/>
<measure amount="1.0" grams="28.35" name="oz"/>
<measure amount="1.0" grams="170.0" name="jar"/>
<measure amount="1.0" grams="170.0" name="jar Gerber Third Foods (6 oz)"/>
<nutrient amount="53.0" name="Energy"/>
<nutrient amount="1.72" name="Protein"/>
<nutrient amount="7.55" name="Carbs"/>
<nutrient amount="0.9" name="Fiber"/>
<nutrient amount="1.36" name="Sugars"/>
<nutrient amount="1.74" name="Fat"/>
<nutrient amount="88.5" name="Water"/>
<nutrient amount="0.49" name="Ash"/>
<nutrient amount="16.0" name="Calcium"/>
<nutrient amount="0.02" name="Copper"/>
<nutrient amount="0.36" name="Iron"/>
<nutrient amount="9.0" name="Magnesium"/>
<nutrient amount="0.06" name="Manganese"/>
<nutrient amount="32.0" name="Phosphorus"/>
<nutrient amount="98.0" name="Potassium"/>
<nutrient amount="1.9" name="Selenium"/>
<nutrient amount="89.0" name="Sodium"/>
<nutrient amount="0.3" name="Zinc"/>
<nutrient amount="4325.0" name="Vitamin A"/>
<nutrient amount="976.0" name="Alpha-carotene"/>
<nutrient amount="2107.0" name="Beta-carotene"/>
<nutrient amount="174.0" name="Lutein+Zeaxanthin"/>
<nutrient amount="7.0" name="Folate"/>
<nutrient amount="0.022" name="B1 (Thiamine)"/>
<nutrient amount="0.032" name="B2 (Riboflavin)"/>
<nutrient amount="0.539" name="B3 (Niacin)"/>
<nutrient amount="0.162" name="B5 (Pantothenic Acid)"/>
<nutrient amount="0.052" name="B6 (Pyridoxine)"/>
<nutrient amount="0.01" name="B12 (Cyanocobalamin)"/>
<nutrient amount="0.4" name="Vitamin C"/>
<nutrient amount="0.31" name="Vitamin E"/>
<nutrient amount="4.8" name="Vitamin K"/>
<nutrient amount="0.485" name="Saturated"/>
<nutrient amount="0.687" name="Monounsaturated"/>
<nutrient amount="0.391" name="Polyunsaturated"/>
<nutrient amount="0.023000000000000003" name="Omega-3"/>
<nutrient amount="0.361" name="Omega-6"/>
<nutrient amount="4.0" name="Cholesterol"/>
</food>
