<food fcf="8.37" pcf="2.44" uid="03092" name="Babyfood, vegetables, green beans, junior" ccf="3.57">
<measure amount="1.0" grams="240.0" name="cup"/>
<measure amount="1.0" grams="15.0" name="tbsp"/>
<measure amount="1.0" grams="28.35" name="oz"/>
<measure amount="1.0" grams="170.0" name="jar"/>
<measure amount="1.0" grams="170.0" name="jar Beech-Nut Stage 3 (6 oz)"/>
<nutrient amount="25.0" name="Energy"/>
<nutrient amount="1.2" name="Protein"/>
<nutrient amount="5.7" name="Carbs"/>
<nutrient amount="1.9" name="Fiber"/>
<nutrient amount="1.08" name="Sugars"/>
<nutrient amount="0.1" name="Fat"/>
<nutrient amount="92.5" name="Water"/>
<nutrient amount="0.4" name="Ash"/>
<nutrient amount="0.056" name="ALA"/>
<nutrient amount="0.234" name="ASP"/>
<nutrient amount="0.066" name="ARG"/>
<nutrient amount="0.01" name="CYS"/>
<nutrient amount="0.157" name="GLU"/>
<nutrient amount="0.049" name="GLY"/>
<nutrient amount="0.033" name="HIS"/>
<nutrient amount="0.054" name="ILE"/>
<nutrient amount="0.078" name="LEU"/>
<nutrient amount="0.059" name="LYS"/>
<nutrient amount="0.018" name="MET"/>
<nutrient amount="0.049" name="PHE"/>
<nutrient amount="0.061" name="PRO"/>
<nutrient amount="0.063" name="SER"/>
<nutrient amount="0.051" name="THR"/>
<nutrient amount="0.014" name="TRP"/>
<nutrient amount="0.042" name="TYR"/>
<nutrient amount="0.065" name="VAL"/>
<nutrient amount="65.0" name="Calcium"/>
<nutrient amount="0.049" name="Copper"/>
<nutrient amount="1.08" name="Iron"/>
<nutrient amount="22.0" name="Magnesium"/>
<nutrient amount="19.0" name="Phosphorus"/>
<nutrient amount="128.0" name="Potassium"/>
<nutrient amount="0.3" name="Selenium"/>
<nutrient amount="2.0" name="Sodium"/>
<nutrient amount="0.19" name="Zinc"/>
<nutrient amount="433.0" name="Vitamin A"/>
<nutrient amount="292.0" name="Beta-carotene"/>
<nutrient amount="493.0" name="Lutein+Zeaxanthin"/>
<nutrient amount="33.0" name="Folate"/>
<nutrient amount="0.021" name="B1 (Thiamine)"/>
<nutrient amount="0.102" name="B2 (Riboflavin)"/>
<nutrient amount="0.321" name="B3 (Niacin)"/>
<nutrient amount="0.151" name="B5 (Pantothenic Acid)"/>
<nutrient amount="0.035" name="B6 (Pyridoxine)"/>
<nutrient amount="8.4" name="Vitamin C"/>
<nutrient amount="0.32" name="Vitamin E"/>
<nutrient amount="11.1" name="Vitamin K"/>
<nutrient amount="0.023" name="Saturated"/>
<nutrient amount="0.0040" name="Monounsaturated"/>
<nutrient amount="0.052" name="Polyunsaturated"/>
<nutrient amount="0.032" name="Omega-3"/>
<nutrient amount="0.02" name="Omega-6"/>
</food>
