<food fcf="8.37" pcf="2.44" uid="03091" name="Babyfood, vegetables, green beans, strained" ccf="3.57">
<measure amount="1.0" grams="240.0" name="cup"/>
<measure amount="1.0" grams="15.0" name="tbsp"/>
<measure amount="1.0" grams="28.35" name="oz"/>
<measure amount="1.0" grams="113.0" name="jar"/>
<measure amount="1.0" grams="113.0" name="jar Beech-Nut Stage I (4 oz)"/>
<measure amount="1.0" grams="71.0" name="jar Gerber First Foods (2.5 oz)"/>
<measure amount="1.0" grams="113.0" name="jar Gerber Second Food (4 oz)"/>
<measure amount="1.0" grams="113.0" name="jar Heinz Strained-2 (4 oz)"/>
<measure amount="1.0" grams="71.0" name="jar Heinz Beginner-1 (2.5 oz)"/>
<nutrient amount="25.0" name="Energy"/>
<nutrient amount="1.3" name="Protein"/>
<nutrient amount="5.9" name="Carbs"/>
<nutrient amount="1.9" name="Fiber"/>
<nutrient amount="1.15" name="Sugars"/>
<nutrient amount="0.1" name="Fat"/>
<nutrient amount="92.0" name="Water"/>
<nutrient amount="0.6" name="Ash"/>
<nutrient amount="0.06" name="ALA"/>
<nutrient amount="0.254" name="ASP"/>
<nutrient amount="0.072" name="ARG"/>
<nutrient amount="0.011" name="CYS"/>
<nutrient amount="0.171" name="GLU"/>
<nutrient amount="0.053" name="GLY"/>
<nutrient amount="0.036" name="HIS"/>
<nutrient amount="0.058" name="ILE"/>
<nutrient amount="0.085" name="LEU"/>
<nutrient amount="0.065" name="LYS"/>
<nutrient amount="0.019" name="MET"/>
<nutrient amount="0.053" name="PHE"/>
<nutrient amount="0.066" name="PRO"/>
<nutrient amount="0.069" name="SER"/>
<nutrient amount="0.055" name="THR"/>
<nutrient amount="0.015" name="TRP"/>
<nutrient amount="0.046" name="TYR"/>
<nutrient amount="0.071" name="VAL"/>
<nutrient amount="39.0" name="Calcium"/>
<nutrient amount="0.051" name="Copper"/>
<nutrient amount="0.75" name="Iron"/>
<nutrient amount="24.0" name="Magnesium"/>
<nutrient amount="20.0" name="Phosphorus"/>
<nutrient amount="158.0" name="Potassium"/>
<nutrient amount="0.3" name="Selenium"/>
<nutrient amount="2.0" name="Sodium"/>
<nutrient amount="0.21" name="Zinc"/>
<nutrient amount="448.0" name="Vitamin A"/>
<nutrient amount="312.0" name="Beta-carotene"/>
<nutrient amount="526.0" name="Lutein+Zeaxanthin"/>
<nutrient amount="35.0" name="Folate"/>
<nutrient amount="0.026" name="B1 (Thiamine)"/>
<nutrient amount="0.085" name="B2 (Riboflavin)"/>
<nutrient amount="0.346" name="B3 (Niacin)"/>
<nutrient amount="0.16" name="B5 (Pantothenic Acid)"/>
<nutrient amount="0.038" name="B6 (Pyridoxine)"/>
<nutrient amount="5.2" name="Vitamin C"/>
<nutrient amount="0.52" name="Vitamin E"/>
<nutrient amount="11.9" name="Vitamin K"/>
<nutrient amount="0.023" name="Saturated"/>
<nutrient amount="0.0040" name="Monounsaturated"/>
<nutrient amount="0.052" name="Polyunsaturated"/>
<nutrient amount="0.032" name="Omega-3"/>
<nutrient amount="0.02" name="Omega-6"/>
</food>
