<food fcf="9.0" pcf="4.0" uid="03096" name="Babyfood, vegetable, green beans and potatoes" ccf="4.0">
<measure amount="1.0" grams="113.0" name="jar, Gerber (4 oz)"/>
<nutrient amount="63.0" name="Energy"/>
<nutrient amount="2.2" name="Protein"/>
<nutrient amount="9.0" name="Carbs"/>
<nutrient amount="1.4" name="Fiber"/>
<nutrient amount="2.35" name="Sugars"/>
<nutrient amount="1.9" name="Fat"/>
<nutrient amount="86.2" name="Water"/>
<nutrient amount="0.7" name="Ash"/>
<nutrient amount="60.0" name="Calcium"/>
<nutrient amount="0.04" name="Copper"/>
<nutrient amount="0.5" name="Iron"/>
<nutrient amount="20.0" name="Magnesium"/>
<nutrient amount="0.28" name="Manganese"/>
<nutrient amount="61.0" name="Phosphorus"/>
<nutrient amount="148.0" name="Potassium"/>
<nutrient amount="0.7" name="Selenium"/>
<nutrient amount="18.0" name="Sodium"/>
<nutrient amount="0.3" name="Zinc"/>
<nutrient amount="85.0" name="Vitamin A"/>
<nutrient amount="12.0" name="Retinol"/>
<nutrient amount="28.0" name="Beta-carotene"/>
<nutrient amount="50.0" name="Lutein+Zeaxanthin"/>
<nutrient amount="10.0" name="Folate"/>
<nutrient amount="0.04" name="B1 (Thiamine)"/>
<nutrient amount="0.11" name="B2 (Riboflavin)"/>
<nutrient amount="0.46" name="B3 (Niacin)"/>
<nutrient amount="0.286" name="B5 (Pantothenic Acid)"/>
<nutrient amount="0.08" name="B6 (Pyridoxine)"/>
<nutrient amount="0.15" name="B12 (Cyanocobalamin)"/>
<nutrient amount="1.1" name="Vitamin C"/>
<nutrient amount="0.08" name="Vitamin E"/>
<nutrient amount="1.4" name="Vitamin K"/>
<nutrient amount="1.117" name="Saturated"/>
<nutrient amount="0.539" name="Monounsaturated"/>
<nutrient amount="0.132" name="Polyunsaturated"/>
<nutrient amount="0.043" name="Omega-3"/>
<nutrient amount="0.088" name="Omega-6"/>
<nutrient amount="5.0" name="Cholesterol"/>
</food>
