<food fcf="8.7" pcf="4.2" uid="03090" name="Babyfood, dinner, macaroni and cheese, junior" ccf="4.0">
<measure amount="1.0" grams="28.35" name="oz"/>
<measure amount="1.0" grams="170.0" name="jar"/>
<nutrient amount="61.0" name="Energy"/>
<nutrient amount="2.6" name="Protein"/>
<nutrient amount="8.2" name="Carbs"/>
<nutrient amount="0.3" name="Fiber"/>
<nutrient amount="1.32" name="Sugars"/>
<nutrient amount="2.0" name="Fat"/>
<nutrient amount="86.5" name="Water"/>
<nutrient amount="0.7" name="Ash"/>
<nutrient amount="0.085" name="ALA"/>
<nutrient amount="0.167" name="ASP"/>
<nutrient amount="0.102" name="ARG"/>
<nutrient amount="0.032" name="CYS"/>
<nutrient amount="0.665" name="GLU"/>
<nutrient amount="0.058" name="GLY"/>
<nutrient amount="0.062" name="HIS"/>
<nutrient amount="0.13" name="ILE"/>
<nutrient amount="0.234" name="LEU"/>
<nutrient amount="0.148" name="LYS"/>
<nutrient amount="0.09" name="MET"/>
<nutrient amount="0.132" name="PHE"/>
<nutrient amount="0.293" name="PRO"/>
<nutrient amount="0.104" name="SER"/>
<nutrient amount="0.078" name="THR"/>
<nutrient amount="0.032" name="TRP"/>
<nutrient amount="0.123" name="TYR"/>
<nutrient amount="0.147" name="VAL"/>
<nutrient amount="51.0" name="Calcium"/>
<nutrient amount="0.021" name="Copper"/>
<nutrient amount="0.3" name="Iron"/>
<nutrient amount="7.0" name="Magnesium"/>
<nutrient amount="59.0" name="Phosphorus"/>
<nutrient amount="44.0" name="Potassium"/>
<nutrient amount="3.8" name="Selenium"/>
<nutrient amount="76.0" name="Sodium"/>
<nutrient amount="0.32" name="Zinc"/>
<nutrient amount="106.0" name="Vitamin A"/>
<nutrient amount="29.0" name="Retinol"/>
<nutrient amount="5.0" name="Beta-carotene"/>
<nutrient amount="1.0" name="Lutein+Zeaxanthin"/>
<nutrient amount="11.0" name="Folate"/>
<nutrient amount="0.056" name="B1 (Thiamine)"/>
<nutrient amount="0.064" name="B2 (Riboflavin)"/>
<nutrient amount="0.545" name="B3 (Niacin)"/>
<nutrient amount="0.016" name="B6 (Pyridoxine)"/>
<nutrient amount="0.03" name="B12 (Cyanocobalamin)"/>
<nutrient amount="1.3" name="Vitamin C"/>
<nutrient amount="0.03" name="Vitamin E"/>
<nutrient amount="0.2" name="Vitamin K"/>
<nutrient amount="1.175" name="Saturated"/>
<nutrient amount="0.534" name="Monounsaturated"/>
<nutrient amount="0.132" name="Polyunsaturated"/>
<nutrient amount="0.027" name="Omega-3"/>
<nutrient amount="0.105" name="Omega-6"/>
<nutrient amount="6.0" name="Cholesterol"/>
</food>
