<food fcf="8.37" pcf="2.78" uid="03108" name="Babyfood, vegetables, sweet potatoes strained" ccf="4.03">
<measure amount="1.0" grams="224.0" name="cup"/>
<measure amount="1.0" grams="14.0" name="tbsp"/>
<measure amount="1.0" grams="28.35" name="oz"/>
<measure amount="1.0" grams="113.0" name="jar"/>
<measure amount="1.0" grams="71.0" name="jar Beech-Nut Baby's First (2.5 oz)"/>
<measure amount="1.0" grams="113.0" name="jar Beech-Nut Stage I (4 oz)"/>
<measure amount="1.0" grams="71.0" name="jar Gerber First Foods (2.5 oz)"/>
<measure amount="1.0" grams="128.0" name="jar Earth's Best (4.5 oz)"/>
<measure amount="1.0" grams="113.0" name="jar Gerber Second Food (4 oz)"/>
<measure amount="1.0" grams="113.0" name="jar Heinz Strained-2 (4 oz)"/>
<measure amount="1.0" grams="71.0" name="jar Heinz Beginner-1 (2.5 oz)"/>
<nutrient amount="57.0" name="Energy"/>
<nutrient amount="1.1" name="Protein"/>
<nutrient amount="13.2" name="Carbs"/>
<nutrient amount="1.5" name="Fiber"/>
<nutrient amount="4.05" name="Sugars"/>
<nutrient amount="0.1" name="Fat"/>
<nutrient amount="84.8" name="Water"/>
<nutrient amount="0.8" name="Ash"/>
<nutrient amount="0.061" name="ALA"/>
<nutrient amount="0.199" name="ASP"/>
<nutrient amount="0.054" name="ARG"/>
<nutrient amount="0.015" name="CYS"/>
<nutrient amount="0.118" name="GLU"/>
<nutrient amount="0.05" name="GLY"/>
<nutrient amount="0.026" name="HIS"/>
<nutrient amount="0.051" name="ILE"/>
<nutrient amount="0.078" name="LEU"/>
<nutrient amount="0.044" name="LYS"/>
<nutrient amount="0.024" name="MET"/>
<nutrient amount="0.062" name="PHE"/>
<nutrient amount="0.055" name="PRO"/>
<nutrient amount="0.051" name="SER"/>
<nutrient amount="0.054" name="THR"/>
<nutrient amount="0.022" name="TRP"/>
<nutrient amount="0.041" name="TYR"/>
<nutrient amount="0.073" name="VAL"/>
<nutrient amount="16.0" name="Calcium"/>
<nutrient amount="0.081" name="Copper"/>
<nutrient amount="0.37" name="Iron"/>
<nutrient amount="13.0" name="Magnesium"/>
<nutrient amount="24.0" name="Phosphorus"/>
<nutrient amount="263.0" name="Potassium"/>
<nutrient amount="0.7" name="Selenium"/>
<nutrient amount="20.0" name="Sodium"/>
<nutrient amount="0.21" name="Zinc"/>
<nutrient amount="6438.0" name="Vitamin A"/>
<nutrient amount="3863.0" name="Beta-carotene"/>
<nutrient amount="10.0" name="Folate"/>
<nutrient amount="0.028" name="B1 (Thiamine)"/>
<nutrient amount="0.033" name="B2 (Riboflavin)"/>
<nutrient amount="0.358" name="B3 (Niacin)"/>
<nutrient amount="0.39" name="B5 (Pantothenic Acid)"/>
<nutrient amount="0.093" name="B6 (Pyridoxine)"/>
<nutrient amount="9.9" name="Vitamin C"/>
<nutrient amount="0.52" name="Vitamin E"/>
<nutrient amount="1.4" name="Vitamin K"/>
<nutrient amount="0.021" name="Saturated"/>
<nutrient amount="0.0040" name="Monounsaturated"/>
<nutrient amount="0.044" name="Polyunsaturated"/>
<nutrient amount="0.0070" name="Omega-3"/>
<nutrient amount="0.037" name="Omega-6"/>
</food>
