<food fcf="8.37" pcf="2.44" uid="03104" name="Babyfood, vegetables, squash, strained" ccf="3.57">
<measure amount="1.0" grams="224.0" name="cup"/>
<measure amount="1.0" grams="14.0" name="tbsp"/>
<measure amount="1.0" grams="28.35" name="oz"/>
<measure amount="1.0" grams="113.0" name="jar"/>
<measure amount="1.0" grams="71.0" name="jar Beech-Nut Baby's First (2.5 oz)"/>
<measure amount="1.0" grams="113.0" name="jar Beech-Nut Stage I (4 oz)"/>
<measure amount="1.0" grams="71.0" name="jar Gerber First Foods (2.5 oz)"/>
<measure amount="1.0" grams="128.0" name="jar Earth's Best (4.5 oz)"/>
<measure amount="1.0" grams="113.0" name="jar Gerber Second Food (4 oz)"/>
<measure amount="1.0" grams="113.0" name="jar Heinz Strained-2 (4 oz)"/>
<measure amount="1.0" grams="71.0" name="jar Heinz Beginner-1 (2.5 oz)"/>
<nutrient amount="24.0" name="Energy"/>
<nutrient amount="0.8" name="Protein"/>
<nutrient amount="5.6" name="Carbs"/>
<nutrient amount="2.1" name="Fiber"/>
<nutrient amount="2.23" name="Sugars"/>
<nutrient amount="0.2" name="Fat"/>
<nutrient amount="92.7" name="Water"/>
<nutrient amount="0.6" name="Ash"/>
<nutrient amount="0.035" name="ALA"/>
<nutrient amount="0.089" name="ASP"/>
<nutrient amount="0.046" name="ARG"/>
<nutrient amount="0.0070" name="CYS"/>
<nutrient amount="0.146" name="GLU"/>
<nutrient amount="0.031" name="GLY"/>
<nutrient amount="0.016" name="HIS"/>
<nutrient amount="0.033" name="ILE"/>
<nutrient amount="0.047" name="LEU"/>
<nutrient amount="0.031" name="LYS"/>
<nutrient amount="0.01" name="MET"/>
<nutrient amount="0.029" name="PHE"/>
<nutrient amount="0.03" name="PRO"/>
<nutrient amount="0.033" name="SER"/>
<nutrient amount="0.025" name="THR"/>
<nutrient amount="0.012" name="TRP"/>
<nutrient amount="0.028" name="TYR"/>
<nutrient amount="0.036" name="VAL"/>
<nutrient amount="24.0" name="Calcium"/>
<nutrient amount="0.054" name="Copper"/>
<nutrient amount="0.3" name="Iron"/>
<nutrient amount="12.0" name="Magnesium"/>
<nutrient amount="15.0" name="Phosphorus"/>
<nutrient amount="179.0" name="Potassium"/>
<nutrient amount="0.2" name="Selenium"/>
<nutrient amount="2.0" name="Sodium"/>
<nutrient amount="0.14" name="Zinc"/>
<nutrient amount="2023.0" name="Vitamin A"/>
<nutrient amount="264.0" name="Alpha-carotene"/>
<nutrient amount="1082.0" name="Beta-carotene"/>
<nutrient amount="958.0" name="Lutein+Zeaxanthin"/>
<nutrient amount="15.0" name="Folate"/>
<nutrient amount="0.011" name="B1 (Thiamine)"/>
<nutrient amount="0.056" name="B2 (Riboflavin)"/>
<nutrient amount="0.354" name="B3 (Niacin)"/>
<nutrient amount="0.22" name="B5 (Pantothenic Acid)"/>
<nutrient amount="0.063" name="B6 (Pyridoxine)"/>
<nutrient amount="7.7" name="Vitamin C"/>
<nutrient amount="0.52" name="Vitamin E"/>
<nutrient amount="3.0" name="Vitamin K"/>
<nutrient amount="0.041" name="Saturated"/>
<nutrient amount="0.015" name="Monounsaturated"/>
<nutrient amount="0.084" name="Polyunsaturated"/>
<nutrient amount="0.052" name="Omega-3"/>
<nutrient amount="0.031" name="Omega-6"/>
</food>
