<food fcf="8.37" pcf="2.78" uid="03100" name="Babyfood, vegetables, carrots, junior" ccf="3.84">
<measure amount="1.0" grams="224.0" name="cup"/>
<measure amount="1.0" grams="14.0" name="tbsp"/>
<measure amount="1.0" grams="28.35" name="oz"/>
<measure amount="1.0" grams="170.0" name="jar"/>
<measure amount="1.0" grams="170.0" name="jar Beech-Nut Stage 3 (6 oz)"/>
<measure amount="1.0" grams="170.0" name="jar Gerber Third Foods (6 oz)"/>
<measure amount="1.0" grams="170.0" name="jar Heinz Junior-3 (6 oz)"/>
<nutrient amount="32.0" name="Energy"/>
<nutrient amount="0.8" name="Protein"/>
<nutrient amount="7.2" name="Carbs"/>
<nutrient amount="1.7" name="Fiber"/>
<nutrient amount="3.16" name="Sugars"/>
<nutrient amount="0.2" name="Fat"/>
<nutrient amount="91.0" name="Water"/>
<nutrient amount="0.7" name="Ash"/>
<nutrient amount="0.041" name="ALA"/>
<nutrient amount="0.127" name="ASP"/>
<nutrient amount="0.052" name="ARG"/>
<nutrient amount="0.0060" name="CYS"/>
<nutrient amount="0.225" name="GLU"/>
<nutrient amount="0.022" name="GLY"/>
<nutrient amount="0.013" name="HIS"/>
<nutrient amount="0.024" name="ILE"/>
<nutrient amount="0.033" name="LEU"/>
<nutrient amount="0.021" name="LYS"/>
<nutrient amount="0.0090" name="MET"/>
<nutrient amount="0.025" name="PHE"/>
<nutrient amount="0.021" name="PRO"/>
<nutrient amount="0.024" name="SER"/>
<nutrient amount="0.023" name="THR"/>
<nutrient amount="0.011" name="TRP"/>
<nutrient amount="0.02" name="TYR"/>
<nutrient amount="0.031" name="VAL"/>
<nutrient amount="23.0" name="Calcium"/>
<nutrient amount="0.047" name="Copper"/>
<nutrient amount="0.39" name="Iron"/>
<nutrient amount="11.0" name="Magnesium"/>
<nutrient amount="20.0" name="Phosphorus"/>
<nutrient amount="202.0" name="Potassium"/>
<nutrient amount="0.2" name="Selenium"/>
<nutrient amount="49.0" name="Sodium"/>
<nutrient amount="0.18" name="Zinc"/>
<nutrient amount="11810.0" name="Vitamin A"/>
<nutrient amount="2682.0" name="Alpha-carotene"/>
<nutrient amount="5745.0" name="Beta-carotene"/>
<nutrient amount="230.0" name="Lutein+Zeaxanthin"/>
<nutrient amount="17.0" name="Folate"/>
<nutrient amount="0.024" name="B1 (Thiamine)"/>
<nutrient amount="0.041" name="B2 (Riboflavin)"/>
<nutrient amount="0.497" name="B3 (Niacin)"/>
<nutrient amount="0.278" name="B5 (Pantothenic Acid)"/>
<nutrient amount="0.08" name="B6 (Pyridoxine)"/>
<nutrient amount="5.5" name="Vitamin C"/>
<nutrient amount="0.52" name="Vitamin E"/>
<nutrient amount="12.5" name="Vitamin K"/>
<nutrient amount="0.036" name="Saturated"/>
<nutrient amount="0.0090" name="Monounsaturated"/>
<nutrient amount="0.093" name="Polyunsaturated"/>
<nutrient amount="0.011" name="Omega-3"/>
<nutrient amount="0.08" name="Omega-6"/>
</food>
