<food fcf="8.37" pcf="2.44" uid="03119" name="Babyfood, vegetables, corn, creamed, strained" ccf="3.57">
<measure amount="1.0" grams="240.0" name="cup"/>
<measure amount="1.0" grams="15.0" name="tbsp"/>
<measure amount="1.0" grams="28.35" name="oz"/>
<measure amount="1.0" grams="113.0" name="jar"/>
<measure amount="1.0" grams="113.0" name="jar Gerber Second Food (4 oz)"/>
<measure amount="1.0" grams="113.0" name="jar Beech-Nut Stage 2 (4 oz)"/>
<measure amount="1.0" grams="113.0" name="jar Heinz Strained-2 (4 oz)"/>
<nutrient amount="57.0" name="Energy"/>
<nutrient amount="1.4" name="Protein"/>
<nutrient amount="14.1" name="Carbs"/>
<nutrient amount="2.1" name="Fiber"/>
<nutrient amount="1.23" name="Sugars"/>
<nutrient amount="0.4" name="Fat"/>
<nutrient amount="83.6" name="Water"/>
<nutrient amount="0.5" name="Ash"/>
<nutrient amount="0.07" name="ALA"/>
<nutrient amount="0.099" name="ASP"/>
<nutrient amount="0.06" name="ARG"/>
<nutrient amount="0.018" name="CYS"/>
<nutrient amount="0.275" name="GLU"/>
<nutrient amount="0.036" name="GLY"/>
<nutrient amount="0.046" name="HIS"/>
<nutrient amount="0.065" name="ILE"/>
<nutrient amount="0.14" name="LEU"/>
<nutrient amount="0.081" name="LYS"/>
<nutrient amount="0.04" name="MET"/>
<nutrient amount="0.049" name="PHE"/>
<nutrient amount="0.161" name="PRO"/>
<nutrient amount="0.062" name="SER"/>
<nutrient amount="0.052" name="THR"/>
<nutrient amount="0.015" name="TRP"/>
<nutrient amount="0.067" name="TYR"/>
<nutrient amount="0.077" name="VAL"/>
<nutrient amount="20.0" name="Calcium"/>
<nutrient amount="0.034" name="Copper"/>
<nutrient amount="0.28" name="Iron"/>
<nutrient amount="8.0" name="Magnesium"/>
<nutrient amount="33.0" name="Phosphorus"/>
<nutrient amount="90.0" name="Potassium"/>
<nutrient amount="1.3" name="Selenium"/>
<nutrient amount="43.0" name="Sodium"/>
<nutrient amount="0.19" name="Zinc"/>
<nutrient amount="75.0" name="Vitamin A"/>
<nutrient amount="2.0" name="Retinol"/>
<nutrient amount="20.0" name="Alpha-carotene"/>
<nutrient amount="26.0" name="Beta-carotene"/>
<nutrient amount="5.0" name="Beta-cryptoxanthin"/>
<nutrient amount="357.0" name="Lutein+Zeaxanthin"/>
<nutrient amount="17.0" name="Folate"/>
<nutrient amount="0.013" name="B1 (Thiamine)"/>
<nutrient amount="0.047" name="B2 (Riboflavin)"/>
<nutrient amount="0.512" name="B3 (Niacin)"/>
<nutrient amount="0.29" name="B5 (Pantothenic Acid)"/>
<nutrient amount="0.041" name="B6 (Pyridoxine)"/>
<nutrient amount="0.02" name="B12 (Cyanocobalamin)"/>
<nutrient amount="2.1" name="Vitamin C"/>
<nutrient amount="0.04" name="Vitamin E"/>
<nutrient amount="0.076" name="Saturated"/>
<nutrient amount="0.116" name="Monounsaturated"/>
<nutrient amount="0.176" name="Polyunsaturated"/>
<nutrient amount="0.0060" name="Omega-3"/>
<nutrient amount="0.171" name="Omega-6"/>
<nutrient amount="1.0" name="Cholesterol"/>
</food>
