<food fcf="9.0" pcf="4.0" uid="03112" name="Babyfood, potatoes, toddler" ccf="4.0">
<measure amount="1.0" grams="163.0" name="cup"/>
<measure amount="1.0" grams="10.0" name="tbsp"/>
<measure amount="1.0" grams="71.0" name="jar Gerber Graduate (4.5 oz)"/>
<nutrient amount="52.0" name="Energy"/>
<nutrient amount="1.0" name="Protein"/>
<nutrient amount="11.73" name="Carbs"/>
<nutrient amount="0.9" name="Fiber"/>
<nutrient amount="0.91" name="Sugars"/>
<nutrient amount="0.1" name="Fat"/>
<nutrient amount="86.8" name="Water"/>
<nutrient amount="0.37" name="Ash"/>
<nutrient amount="4.0" name="Calcium"/>
<nutrient amount="0.07" name="Copper"/>
<nutrient amount="0.2" name="Iron"/>
<nutrient amount="15.0" name="Magnesium"/>
<nutrient amount="0.07" name="Manganese"/>
<nutrient amount="23.0" name="Phosphorus"/>
<nutrient amount="110.0" name="Potassium"/>
<nutrient amount="0.8" name="Selenium"/>
<nutrient amount="57.0" name="Sodium"/>
<nutrient amount="0.17" name="Zinc"/>
<nutrient amount="6.0" name="Folate"/>
<nutrient amount="0.02" name="B1 (Thiamine)"/>
<nutrient amount="0.01" name="B2 (Riboflavin)"/>
<nutrient amount="0.35" name="B3 (Niacin)"/>
<nutrient amount="0.305" name="B5 (Pantothenic Acid)"/>
<nutrient amount="0.07" name="B6 (Pyridoxine)"/>
<nutrient amount="10.5" name="Vitamin C"/>
<nutrient amount="0.02" name="Vitamin E"/>
<nutrient amount="0.2" name="Vitamin K"/>
<nutrient amount="0.015" name="Saturated"/>
<nutrient amount="0.0020" name="Monounsaturated"/>
<nutrient amount="0.025" name="Polyunsaturated"/>
<nutrient amount="0.0060" name="Omega-3"/>
<nutrient amount="0.019" name="Omega-6"/>
</food>
