<food fcf="9.0" pcf="4.0" uid="03115" name="Babyfood, apples, dices, toddler" ccf="4.0">
<nutrient amount="51.0" name="Energy"/>
<nutrient amount="0.2" name="Protein"/>
<nutrient amount="12.1" name="Carbs"/>
<nutrient amount="0.9" name="Fiber"/>
<nutrient amount="10.83" name="Sugars"/>
<nutrient amount="0.1" name="Fat"/>
<nutrient amount="87.5" name="Water"/>
<nutrient amount="0.13" name="Ash"/>
<nutrient amount="10.0" name="Calcium"/>
<nutrient amount="0.02" name="Copper"/>
<nutrient amount="0.2" name="Iron"/>
<nutrient amount="6.0" name="Magnesium"/>
<nutrient amount="0.04" name="Manganese"/>
<nutrient amount="13.0" name="Phosphorus"/>
<nutrient amount="50.0" name="Potassium"/>
<nutrient amount="0.3" name="Selenium"/>
<nutrient amount="13.0" name="Sodium"/>
<nutrient amount="0.04" name="Zinc"/>
<nutrient amount="31.0" name="Vitamin A"/>
<nutrient amount="14.0" name="Beta-carotene"/>
<nutrient amount="10.0" name="Beta-cryptoxanthin"/>
<nutrient amount="19.0" name="Lutein+Zeaxanthin"/>
<nutrient amount="1.0" name="Folate"/>
<nutrient amount="0.01" name="B1 (Thiamine)"/>
<nutrient amount="0.02" name="B2 (Riboflavin)"/>
<nutrient amount="0.08" name="B3 (Niacin)"/>
<nutrient amount="0.039" name="B5 (Pantothenic Acid)"/>
<nutrient amount="0.05" name="B6 (Pyridoxine)"/>
<nutrient amount="31.3" name="Vitamin C"/>
<nutrient amount="0.23" name="Vitamin E"/>
<nutrient amount="0.6" name="Vitamin K"/>
<nutrient amount="0.02" name="Saturated"/>
<nutrient amount="0.0040" name="Monounsaturated"/>
<nutrient amount="0.03" name="Polyunsaturated"/>
<nutrient amount="0.0050" name="Omega-3"/>
<nutrient amount="0.025" name="Omega-6"/>
</food>
