<food fcf="8.37" pcf="2.44" uid="03128" name="Babyfood, fruit, apricot with tapioca, junior" ccf="3.57">
<measure amount="1.0" grams="15.0" name="tbsp"/>
<measure amount="1.0" grams="28.35" name="oz"/>
<measure amount="1.0" grams="170.0" name="jar"/>
<measure amount="1.0" grams="170.0" name="jar Gerber Third Foods (6 oz)"/>
<measure amount="1.0" grams="170.0" name="jar Heinz Junior-3 (6 oz)"/>
<nutrient amount="63.0" name="Energy"/>
<nutrient amount="0.3" name="Protein"/>
<nutrient amount="17.3" name="Carbs"/>
<nutrient amount="1.5" name="Fiber"/>
<nutrient amount="1.4" name="Sugars"/>
<nutrient amount="82.1" name="Water"/>
<nutrient amount="0.4" name="Ash"/>
<nutrient amount="8.0" name="Calcium"/>
<nutrient amount="0.036" name="Copper"/>
<nutrient amount="0.27" name="Iron"/>
<nutrient amount="4.0" name="Magnesium"/>
<nutrient amount="10.0" name="Phosphorus"/>
<nutrient amount="125.0" name="Potassium"/>
<nutrient amount="0.3" name="Selenium"/>
<nutrient amount="6.0" name="Sodium"/>
<nutrient amount="0.04" name="Zinc"/>
<nutrient amount="723.0" name="Vitamin A"/>
<nutrient amount="7.0" name="Alpha-carotene"/>
<nutrient amount="411.0" name="Beta-carotene"/>
<nutrient amount="39.0" name="Beta-cryptoxanthin"/>
<nutrient amount="12.0" name="Lutein+Zeaxanthin"/>
<nutrient amount="2.0" name="Folate"/>
<nutrient amount="0.0080" name="B1 (Thiamine)"/>
<nutrient amount="0.013" name="B2 (Riboflavin)"/>
<nutrient amount="0.196" name="B3 (Niacin)"/>
<nutrient amount="0.138" name="B5 (Pantothenic Acid)"/>
<nutrient amount="0.028" name="B6 (Pyridoxine)"/>
<nutrient amount="17.9" name="Vitamin C"/>
<nutrient amount="0.6" name="Vitamin E"/>
<nutrient amount="0.4" name="Vitamin K"/>
</food>
