<food fcf="8.37" pcf="2.44" uid="03127" name="Babyfood, vegetables, spinach, creamed, strained" ccf="3.57">
<measure amount="1.0" grams="240.0" name="cup"/>
<measure amount="1.0" grams="15.0" name="tbsp"/>
<measure amount="1.0" grams="28.35" name="oz"/>
<measure amount="1.0" grams="113.0" name="jar"/>
<measure amount="1.0" grams="113.0" name="jar Gerber Second Food (4 oz)"/>
<nutrient amount="37.0" name="Energy"/>
<nutrient amount="2.5" name="Protein"/>
<nutrient amount="5.7" name="Carbs"/>
<nutrient amount="1.8" name="Fiber"/>
<nutrient amount="2.33" name="Sugars"/>
<nutrient amount="1.3" name="Fat"/>
<nutrient amount="89.6" name="Water"/>
<nutrient amount="1.0" name="Ash"/>
<nutrient amount="0.117" name="ALA"/>
<nutrient amount="0.203" name="ASP"/>
<nutrient amount="0.152" name="ARG"/>
<nutrient amount="0.031" name="CYS"/>
<nutrient amount="0.421" name="GLU"/>
<nutrient amount="0.097" name="GLY"/>
<nutrient amount="0.064" name="HIS"/>
<nutrient amount="0.112" name="ILE"/>
<nutrient amount="0.221" name="LEU"/>
<nutrient amount="0.148" name="LYS"/>
<nutrient amount="0.055" name="MET"/>
<nutrient amount="0.096" name="PHE"/>
<nutrient amount="0.207" name="PRO"/>
<nutrient amount="0.103" name="SER"/>
<nutrient amount="0.101" name="THR"/>
<nutrient amount="0.036" name="TRP"/>
<nutrient amount="0.115" name="TYR"/>
<nutrient amount="0.151" name="VAL"/>
<nutrient amount="89.0" name="Calcium"/>
<nutrient amount="0.06" name="Copper"/>
<nutrient amount="0.62" name="Iron"/>
<nutrient amount="55.0" name="Magnesium"/>
<nutrient amount="54.0" name="Phosphorus"/>
<nutrient amount="191.0" name="Potassium"/>
<nutrient amount="2.4" name="Selenium"/>
<nutrient amount="49.0" name="Sodium"/>
<nutrient amount="0.31" name="Zinc"/>
<nutrient amount="4170.0" name="Vitamin A"/>
<nutrient amount="23.0" name="Retinol"/>
<nutrient amount="2456.0" name="Beta-carotene"/>
<nutrient amount="4505.0" name="Lutein+Zeaxanthin"/>
<nutrient amount="61.0" name="Folate"/>
<nutrient amount="0.015" name="B1 (Thiamine)"/>
<nutrient amount="0.104" name="B2 (Riboflavin)"/>
<nutrient amount="0.216" name="B3 (Niacin)"/>
<nutrient amount="0.075" name="B6 (Pyridoxine)"/>
<nutrient amount="0.06" name="B12 (Cyanocobalamin)"/>
<nutrient amount="8.7" name="Vitamin C"/>
<nutrient amount="0.83" name="Vitamin E"/>
<nutrient amount="196.7" name="Vitamin K"/>
<nutrient amount="0.702" name="Saturated"/>
<nutrient amount="0.332" name="Monounsaturated"/>
<nutrient amount="0.133" name="Polyunsaturated"/>
<nutrient amount="0.071" name="Omega-3"/>
<nutrient amount="0.06" name="Omega-6"/>
<nutrient amount="5.0" name="Cholesterol"/>
</food>
