<food fcf="8.37" pcf="2.44" uid="03129" name="Babyfood, fruit, bananas with tapioca, strained" ccf="3.57">
<measure amount="1.0" grams="15.0" name="tbsp"/>
<measure amount="1.0" grams="28.35" name="oz"/>
<measure amount="1.0" grams="113.0" name="jar"/>
<measure amount="1.0" grams="113.0" name="jar Gerber Second Food (4 oz)"/>
<measure amount="1.0" grams="120.0" name="jar Heinz Strained-2 (4.25 oz)"/>
<nutrient amount="57.0" name="Energy"/>
<nutrient amount="0.4" name="Protein"/>
<nutrient amount="15.3" name="Carbs"/>
<nutrient amount="1.6" name="Fiber"/>
<nutrient amount="0.38" name="Sugars"/>
<nutrient amount="0.1" name="Fat"/>
<nutrient amount="84.0" name="Water"/>
<nutrient amount="0.3" name="Ash"/>
<nutrient amount="5.0" name="Calcium"/>
<nutrient amount="0.04" name="Copper"/>
<nutrient amount="0.2" name="Iron"/>
<nutrient amount="10.0" name="Magnesium"/>
<nutrient amount="7.0" name="Phosphorus"/>
<nutrient amount="88.0" name="Potassium"/>
<nutrient amount="0.6" name="Selenium"/>
<nutrient amount="9.0" name="Sodium"/>
<nutrient amount="0.06" name="Zinc"/>
<nutrient amount="43.0" name="Vitamin A"/>
<nutrient amount="17.0" name="Alpha-carotene"/>
<nutrient amount="17.0" name="Beta-carotene"/>
<nutrient amount="6.0" name="Folate"/>
<nutrient amount="0.012" name="B1 (Thiamine)"/>
<nutrient amount="0.031" name="B2 (Riboflavin)"/>
<nutrient amount="0.183" name="B3 (Niacin)"/>
<nutrient amount="0.15" name="B5 (Pantothenic Acid)"/>
<nutrient amount="0.115" name="B6 (Pyridoxine)"/>
<nutrient amount="16.7" name="Vitamin C"/>
<nutrient amount="0.6" name="Vitamin E"/>
<nutrient amount="0.035" name="Saturated"/>
<nutrient amount="0.01" name="Monounsaturated"/>
<nutrient amount="0.019" name="Polyunsaturated"/>
<nutrient amount="0.0070" name="Omega-3"/>
<nutrient amount="0.012" name="Omega-6"/>
</food>
