<food fcf="8.37" pcf="2.44" uid="03121" name="Babyfood, vegetables, peas, strained" ccf="3.57">
<measure amount="1.0" grams="240.0" name="cup"/>
<measure amount="1.0" grams="15.0" name="tbsp"/>
<measure amount="1.0" grams="28.35" name="oz"/>
<measure amount="1.0" grams="113.0" name="jar"/>
<measure amount="1.0" grams="71.0" name="jar Beech-Nut Baby's First (2.5 oz)"/>
<measure amount="1.0" grams="113.0" name="jar Beech-Nut Stage I (4 oz)"/>
<measure amount="1.0" grams="71.0" name="jar Gerber First Foods (2.5 oz)"/>
<measure amount="1.0" grams="113.0" name="jar Gerber Second Food (4 oz)"/>
<measure amount="1.0" grams="113.0" name="jar Heinz Strained-2 (4 oz)"/>
<measure amount="1.0" grams="71.0" name="jar Heinz Beginner-1 (2.5 oz)"/>
<nutrient amount="40.0" name="Energy"/>
<nutrient amount="3.5" name="Protein"/>
<nutrient amount="8.1" name="Carbs"/>
<nutrient amount="2.1" name="Fiber"/>
<nutrient amount="3.35" name="Sugars"/>
<nutrient amount="0.3" name="Fat"/>
<nutrient amount="87.5" name="Water"/>
<nutrient amount="0.5" name="Ash"/>
<nutrient amount="0.185" name="ALA"/>
<nutrient amount="0.311" name="ASP"/>
<nutrient amount="0.389" name="ARG"/>
<nutrient amount="0.026" name="CYS"/>
<nutrient amount="0.507" name="GLU"/>
<nutrient amount="0.133" name="GLY"/>
<nutrient amount="0.075" name="HIS"/>
<nutrient amount="0.151" name="ILE"/>
<nutrient amount="0.235" name="LEU"/>
<nutrient amount="0.234" name="LYS"/>
<nutrient amount="0.04" name="MET"/>
<nutrient amount="0.143" name="PHE"/>
<nutrient amount="0.165" name="PRO"/>
<nutrient amount="0.132" name="SER"/>
<nutrient amount="0.136" name="THR"/>
<nutrient amount="0.034" name="TRP"/>
<nutrient amount="0.119" name="TYR"/>
<nutrient amount="0.169" name="VAL"/>
<nutrient amount="20.0" name="Calcium"/>
<nutrient amount="0.064" name="Copper"/>
<nutrient amount="0.96" name="Iron"/>
<nutrient amount="15.0" name="Magnesium"/>
<nutrient amount="43.0" name="Phosphorus"/>
<nutrient amount="112.0" name="Potassium"/>
<nutrient amount="0.1" name="Selenium"/>
<nutrient amount="4.0" name="Sodium"/>
<nutrient amount="0.35" name="Zinc"/>
<nutrient amount="565.0" name="Vitamin A"/>
<nutrient amount="13.0" name="Alpha-carotene"/>
<nutrient amount="265.0" name="Beta-carotene"/>
<nutrient amount="1465.0" name="Lutein+Zeaxanthin"/>
<nutrient amount="26.0" name="Folate"/>
<nutrient amount="0.081" name="B1 (Thiamine)"/>
<nutrient amount="0.061" name="B2 (Riboflavin)"/>
<nutrient amount="1.018" name="B3 (Niacin)"/>
<nutrient amount="0.28" name="B5 (Pantothenic Acid)"/>
<nutrient amount="0.069" name="B6 (Pyridoxine)"/>
<nutrient amount="6.9" name="Vitamin C"/>
<nutrient amount="0.52" name="Vitamin E"/>
<nutrient amount="14.6" name="Vitamin K"/>
<nutrient amount="0.054" name="Saturated"/>
<nutrient amount="0.027" name="Monounsaturated"/>
<nutrient amount="0.141" name="Polyunsaturated"/>
<nutrient amount="0.027" name="Omega-3"/>
<nutrient amount="0.115" name="Omega-6"/>
</food>
