<food fcf="8.37" pcf="3.36" uid="03132" name="Babyfood, fruit, pears, strained" ccf="3.6">
<measure amount="1.0" grams="16.0" name="tbsp"/>
<measure amount="1.0" grams="28.35" name="oz"/>
<measure amount="1.0" grams="113.0" name="jar"/>
<measure amount="1.0" grams="71.0" name="jar Beech-Nut Baby's First (2.5 oz)"/>
<measure amount="1.0" grams="113.0" name="jar Beech-Nut Stage I (4 oz)"/>
<measure amount="1.0" grams="71.0" name="jar Gerber First Foods (2.5 oz)"/>
<measure amount="1.0" grams="113.0" name="jar Earth's Best (4.5 oz)"/>
<measure amount="1.0" grams="113.0" name="jar Gerber Second Food (4 oz)"/>
<measure amount="1.0" grams="113.0" name="jar Heinz Strained-2 (4 oz)"/>
<measure amount="1.0" grams="71.0" name="jar Heinz Beginner-1 (2.5 oz)"/>
<nutrient amount="41.0" name="Energy"/>
<nutrient amount="0.3" name="Protein"/>
<nutrient amount="10.8" name="Carbs"/>
<nutrient amount="3.6" name="Fiber"/>
<nutrient amount="6.98" name="Sugars"/>
<nutrient amount="0.2" name="Fat"/>
<nutrient amount="88.4" name="Water"/>
<nutrient amount="0.3" name="Ash"/>
<nutrient amount="8.0" name="Calcium"/>
<nutrient amount="0.065" name="Copper"/>
<nutrient amount="0.24" name="Iron"/>
<nutrient amount="8.0" name="Magnesium"/>
<nutrient amount="12.0" name="Phosphorus"/>
<nutrient amount="130.0" name="Potassium"/>
<nutrient amount="0.4" name="Selenium"/>
<nutrient amount="2.0" name="Sodium"/>
<nutrient amount="0.08" name="Zinc"/>
<nutrient amount="33.0" name="Vitamin A"/>
<nutrient amount="9.0" name="Beta-carotene"/>
<nutrient amount="1.0" name="Beta-cryptoxanthin"/>
<nutrient amount="36.0" name="Lutein+Zeaxanthin"/>
<nutrient amount="4.0" name="Folate"/>
<nutrient amount="0.013" name="B1 (Thiamine)"/>
<nutrient amount="0.028" name="B2 (Riboflavin)"/>
<nutrient amount="0.189" name="B3 (Niacin)"/>
<nutrient amount="0.09" name="B5 (Pantothenic Acid)"/>
<nutrient amount="0.0080" name="B6 (Pyridoxine)"/>
<nutrient amount="24.5" name="Vitamin C"/>
<nutrient amount="0.09" name="Vitamin E"/>
<nutrient amount="3.2" name="Vitamin K"/>
<nutrient amount="0.012" name="Saturated"/>
<nutrient amount="0.042" name="Monounsaturated"/>
<nutrient amount="0.046" name="Polyunsaturated"/>
<nutrient amount="0.046" name="Omega-6"/>
</food>
