<food fcf="8.37" pcf="3.36" uid="03133" name="Babyfood, fruit, pears, junior" ccf="3.6">
<measure amount="1.0" grams="16.0" name="tbsp"/>
<measure amount="1.0" grams="28.35" name="oz"/>
<measure amount="1.0" grams="170.0" name="jar"/>
<measure amount="1.0" grams="170.0" name="jar Beech-Nut Stage 3 (6 oz)"/>
<measure amount="1.0" grams="170.0" name="jar Gerber Third Foods (6 oz)"/>
<measure amount="1.0" grams="170.0" name="jar Heinz Junior-3 (6 oz)"/>
<nutrient amount="43.0" name="Energy"/>
<nutrient amount="0.3" name="Protein"/>
<nutrient amount="11.6" name="Carbs"/>
<nutrient amount="3.6" name="Fiber"/>
<nutrient amount="7.34" name="Sugars"/>
<nutrient amount="0.1" name="Fat"/>
<nutrient amount="87.8" name="Water"/>
<nutrient amount="0.2" name="Ash"/>
<nutrient amount="8.0" name="Calcium"/>
<nutrient amount="0.08" name="Copper"/>
<nutrient amount="0.25" name="Iron"/>
<nutrient amount="9.0" name="Magnesium"/>
<nutrient amount="12.0" name="Phosphorus"/>
<nutrient amount="115.0" name="Potassium"/>
<nutrient amount="0.4" name="Selenium"/>
<nutrient amount="2.0" name="Sodium"/>
<nutrient amount="0.08" name="Zinc"/>
<nutrient amount="34.0" name="Vitamin A"/>
<nutrient amount="10.0" name="Beta-carotene"/>
<nutrient amount="1.0" name="Beta-cryptoxanthin"/>
<nutrient amount="38.0" name="Lutein+Zeaxanthin"/>
<nutrient amount="4.0" name="Folate"/>
<nutrient amount="0.014" name="B1 (Thiamine)"/>
<nutrient amount="0.03" name="B2 (Riboflavin)"/>
<nutrient amount="0.188" name="B3 (Niacin)"/>
<nutrient amount="0.095" name="B5 (Pantothenic Acid)"/>
<nutrient amount="0.01" name="B6 (Pyridoxine)"/>
<nutrient amount="22.0" name="Vitamin C"/>
<nutrient amount="0.6" name="Vitamin E"/>
<nutrient amount="3.4" name="Vitamin K"/>
<nutrient amount="0.0060" name="Saturated"/>
<nutrient amount="0.021" name="Monounsaturated"/>
<nutrient amount="0.023" name="Polyunsaturated"/>
<nutrient amount="0.023" name="Omega-6"/>
</food>
