<food fcf="8.37" pcf="2.44" uid="03131" name="Babyfood, fruit, peaches, junior" ccf="3.57">
<measure amount="1.0" grams="16.0" name="tbsp"/>
<measure amount="1.0" grams="28.35" name="oz"/>
<measure amount="1.0" grams="170.0" name="jar"/>
<measure amount="1.0" grams="170.0" name="jar Beech-Nut Stage 3 (6 oz)"/>
<measure amount="1.0" grams="170.0" name="jar Gerber Third Foods (6 oz)"/>
<measure amount="1.0" grams="170.0" name="jar Heinz Junior-3 (6 oz)"/>
<nutrient amount="71.0" name="Energy"/>
<nutrient amount="0.5" name="Protein"/>
<nutrient amount="18.9" name="Carbs"/>
<nutrient amount="1.5" name="Fiber"/>
<nutrient amount="14.99" name="Sugars"/>
<nutrient amount="0.2" name="Fat"/>
<nutrient amount="80.1" name="Water"/>
<nutrient amount="0.3" name="Ash"/>
<nutrient amount="5.0" name="Calcium"/>
<nutrient amount="0.05" name="Copper"/>
<nutrient amount="0.27" name="Iron"/>
<nutrient amount="5.0" name="Magnesium"/>
<nutrient amount="11.0" name="Phosphorus"/>
<nutrient amount="155.0" name="Potassium"/>
<nutrient amount="0.4" name="Selenium"/>
<nutrient amount="5.0" name="Sodium"/>
<nutrient amount="0.06" name="Zinc"/>
<nutrient amount="178.0" name="Vitamin A"/>
<nutrient amount="88.0" name="Beta-carotene"/>
<nutrient amount="37.0" name="Beta-cryptoxanthin"/>
<nutrient amount="163.0" name="Lutein+Zeaxanthin"/>
<nutrient amount="4.0" name="Folate"/>
<nutrient amount="0.014" name="B1 (Thiamine)"/>
<nutrient amount="0.032" name="B2 (Riboflavin)"/>
<nutrient amount="0.647" name="B3 (Niacin)"/>
<nutrient amount="0.13" name="B5 (Pantothenic Acid)"/>
<nutrient amount="0.018" name="B6 (Pyridoxine)"/>
<nutrient amount="18.9" name="Vitamin C"/>
<nutrient amount="1.31" name="Vitamin E"/>
<nutrient amount="4.6" name="Vitamin K"/>
<nutrient amount="0.02" name="Saturated"/>
<nutrient amount="0.07" name="Monounsaturated"/>
<nutrient amount="0.094" name="Polyunsaturated"/>
<nutrient amount="0.0020" name="Omega-3"/>
<nutrient amount="0.092" name="Omega-6"/>
</food>
