<food fcf="8.37" pcf="3.36" uid="03143" name="Babyfood, fruit, applesauce and apricots, junior" ccf="3.6">
<measure amount="1.0" grams="16.0" name="tbsp"/>
<measure amount="1.0" grams="28.35" name="oz"/>
<measure amount="1.0" grams="170.0" name="jar"/>
<measure amount="1.0" grams="170.0" name="jar Heinz Junior-3 (6 oz)"/>
<nutrient amount="47.0" name="Energy"/>
<nutrient amount="0.2" name="Protein"/>
<nutrient amount="12.4" name="Carbs"/>
<nutrient amount="1.8" name="Fiber"/>
<nutrient amount="8.72" name="Sugars"/>
<nutrient amount="0.2" name="Fat"/>
<nutrient amount="86.9" name="Water"/>
<nutrient amount="0.24" name="Ash"/>
<nutrient amount="6.0" name="Calcium"/>
<nutrient amount="0.044" name="Copper"/>
<nutrient amount="0.26" name="Iron"/>
<nutrient amount="4.0" name="Magnesium"/>
<nutrient amount="10.0" name="Phosphorus"/>
<nutrient amount="109.0" name="Potassium"/>
<nutrient amount="0.3" name="Selenium"/>
<nutrient amount="3.0" name="Sodium"/>
<nutrient amount="0.03" name="Zinc"/>
<nutrient amount="33.0" name="Vitamin A"/>
<nutrient amount="15.0" name="Beta-carotene"/>
<nutrient amount="11.0" name="Beta-cryptoxanthin"/>
<nutrient amount="15.0" name="Lutein+Zeaxanthin"/>
<nutrient amount="1.0" name="Folate"/>
<nutrient amount="0.014" name="B1 (Thiamine)"/>
<nutrient amount="0.03" name="B2 (Riboflavin)"/>
<nutrient amount="0.145" name="B3 (Niacin)"/>
<nutrient amount="0.125" name="B5 (Pantothenic Acid)"/>
<nutrient amount="0.03" name="B6 (Pyridoxine)"/>
<nutrient amount="17.9" name="Vitamin C"/>
<nutrient amount="0.04" name="Vitamin E"/>
<nutrient amount="0.5" name="Vitamin K"/>
<nutrient amount="0.028" name="Saturated"/>
<nutrient amount="0.03" name="Monounsaturated"/>
<nutrient amount="0.051" name="Polyunsaturated"/>
<nutrient amount="0.0090" name="Omega-3"/>
<nutrient amount="0.044" name="Omega-6"/>
</food>
