<food fcf="8.37" pcf="3.36" uid="03150" name="Babyfood, fruit, applesauce and pineapple, strained" ccf="3.6">
<measure amount="1.0" grams="28.35" name="oz"/>
<measure amount="1.0" grams="113.0" name="jar"/>
<nutrient amount="37.0" name="Energy"/>
<nutrient amount="0.1" name="Protein"/>
<nutrient amount="10.1" name="Carbs"/>
<nutrient amount="1.5" name="Fiber"/>
<nutrient amount="0.1" name="Fat"/>
<nutrient amount="89.5" name="Water"/>
<nutrient amount="0.2" name="Ash"/>
<nutrient amount="4.0" name="Calcium"/>
<nutrient amount="0.035" name="Copper"/>
<nutrient amount="0.1" name="Iron"/>
<nutrient amount="3.0" name="Magnesium"/>
<nutrient amount="6.0" name="Phosphorus"/>
<nutrient amount="78.0" name="Potassium"/>
<nutrient amount="0.3" name="Selenium"/>
<nutrient amount="2.0" name="Sodium"/>
<nutrient amount="0.02" name="Zinc"/>
<nutrient amount="2.0" name="Folate"/>
<nutrient amount="0.021" name="B1 (Thiamine)"/>
<nutrient amount="0.026" name="B2 (Riboflavin)"/>
<nutrient amount="0.078" name="B3 (Niacin)"/>
<nutrient amount="0.101" name="B5 (Pantothenic Acid)"/>
<nutrient amount="0.039" name="B6 (Pyridoxine)"/>
<nutrient amount="28.1" name="Vitamin C"/>
<nutrient amount="0.01" name="Saturated"/>
<nutrient amount="0.0090" name="Monounsaturated"/>
<nutrient amount="0.032" name="Polyunsaturated"/>
<nutrient amount="0.012" name="Omega-3"/>
<nutrient amount="0.021" name="Omega-6"/>
</food>
