<food fcf="8.37" pcf="3.36" uid="03157" name="Babyfood, fruit, bananas and pineapple with tapioca, strained" ccf="3.6">
<measure amount="1.0" grams="15.0" name="tbsp"/>
<measure amount="1.0" grams="28.35" name="oz"/>
<measure amount="1.0" grams="113.0" name="jar"/>
<measure amount="1.0" grams="113.0" name="jar Gerber Second Food (4 oz)"/>
<measure amount="1.0" grams="120.0" name="jar Heinz Strained-2 (4.25 oz)"/>
<nutrient amount="65.0" name="Energy"/>
<nutrient amount="0.2" name="Protein"/>
<nutrient amount="17.8" name="Carbs"/>
<nutrient amount="1.6" name="Fiber"/>
<nutrient amount="10.73" name="Sugars"/>
<nutrient amount="81.7" name="Water"/>
<nutrient amount="0.53" name="Ash"/>
<nutrient amount="7.0" name="Calcium"/>
<nutrient amount="0.039" name="Copper"/>
<nutrient amount="0.23" name="Iron"/>
<nutrient amount="6.0" name="Magnesium"/>
<nutrient amount="5.0" name="Phosphorus"/>
<nutrient amount="68.0" name="Potassium"/>
<nutrient amount="0.6" name="Selenium"/>
<nutrient amount="6.0" name="Sodium"/>
<nutrient amount="0.04" name="Zinc"/>
<nutrient amount="60.0" name="Vitamin A"/>
<nutrient amount="12.0" name="Alpha-carotene"/>
<nutrient amount="30.0" name="Beta-carotene"/>
<nutrient amount="11.0" name="Lutein+Zeaxanthin"/>
<nutrient amount="18.0" name="Folate"/>
<nutrient amount="0.019" name="B1 (Thiamine)"/>
<nutrient amount="0.019" name="B2 (Riboflavin)"/>
<nutrient amount="0.168" name="B3 (Niacin)"/>
<nutrient amount="0.143" name="B5 (Pantothenic Acid)"/>
<nutrient amount="0.082" name="B6 (Pyridoxine)"/>
<nutrient amount="19.2" name="Vitamin C"/>
<nutrient amount="0.06" name="Vitamin E"/>
<nutrient amount="0.6" name="Vitamin K"/>
<nutrient amount="0.057" name="Polyunsaturated"/>
</food>
