<food fcf="8.37" pcf="3.36" uid="03159" name="Babyfood, fruit, pears and pineapple, junior" ccf="3.6">
<measure amount="1.0" grams="16.0" name="tbsp"/>
<measure amount="1.0" grams="28.35" name="oz"/>
<measure amount="1.0" grams="170.0" name="jar"/>
<measure amount="1.0" grams="170.0" name="jar Gerber Third Foods (6 oz)"/>
<nutrient amount="44.0" name="Energy"/>
<nutrient amount="0.3" name="Protein"/>
<nutrient amount="11.4" name="Carbs"/>
<nutrient amount="2.6" name="Fiber"/>
<nutrient amount="7.36" name="Sugars"/>
<nutrient amount="0.2" name="Fat"/>
<nutrient amount="87.8" name="Water"/>
<nutrient amount="0.3" name="Ash"/>
<nutrient amount="10.0" name="Calcium"/>
<nutrient amount="0.105" name="Copper"/>
<nutrient amount="0.21" name="Iron"/>
<nutrient amount="7.0" name="Magnesium"/>
<nutrient amount="10.0" name="Phosphorus"/>
<nutrient amount="118.0" name="Potassium"/>
<nutrient amount="0.4" name="Selenium"/>
<nutrient amount="1.0" name="Sodium"/>
<nutrient amount="0.13" name="Zinc"/>
<nutrient amount="32.0" name="Vitamin A"/>
<nutrient amount="18.0" name="Beta-carotene"/>
<nutrient amount="2.0" name="Beta-cryptoxanthin"/>
<nutrient amount="32.0" name="Lutein+Zeaxanthin"/>
<nutrient amount="3.0" name="Folate"/>
<nutrient amount="0.024" name="B1 (Thiamine)"/>
<nutrient amount="0.023" name="B2 (Riboflavin)"/>
<nutrient amount="0.183" name="B3 (Niacin)"/>
<nutrient amount="0.095" name="B5 (Pantothenic Acid)"/>
<nutrient amount="0.013" name="B6 (Pyridoxine)"/>
<nutrient amount="16.8" name="Vitamin C"/>
<nutrient amount="0.08" name="Vitamin E"/>
<nutrient amount="3.0" name="Vitamin K"/>
<nutrient amount="0.013" name="Saturated"/>
<nutrient amount="0.031" name="Monounsaturated"/>
<nutrient amount="0.058" name="Polyunsaturated"/>
<nutrient amount="0.016" name="Omega-3"/>
<nutrient amount="0.043" name="Omega-6"/>
</food>
