<food fcf="8.37" pcf="3.36" uid="03158" name="Babyfood, fruit, pears and pineapple, strained" ccf="3.6">
<measure amount="1.0" grams="16.0" name="tbsp"/>
<measure amount="1.0" grams="28.35" name="oz"/>
<measure amount="1.0" grams="113.0" name="jar"/>
<measure amount="1.0" grams="113.0" name="jar Gerber Second Food (4 oz)"/>
<measure amount="1.0" grams="113.0" name="jar Beech-Nut Stage 2 (4 oz)"/>
<measure amount="1.0" grams="113.0" name="jar Heinz Strained-2 (4 oz)"/>
<nutrient amount="41.0" name="Energy"/>
<nutrient amount="0.3" name="Protein"/>
<nutrient amount="10.9" name="Carbs"/>
<nutrient amount="2.6" name="Fiber"/>
<nutrient amount="7.79" name="Sugars"/>
<nutrient amount="0.1" name="Fat"/>
<nutrient amount="88.5" name="Water"/>
<nutrient amount="0.3" name="Ash"/>
<nutrient amount="10.0" name="Calcium"/>
<nutrient amount="0.14" name="Copper"/>
<nutrient amount="0.25" name="Iron"/>
<nutrient amount="7.0" name="Magnesium"/>
<nutrient amount="9.0" name="Phosphorus"/>
<nutrient amount="116.0" name="Potassium"/>
<nutrient amount="0.4" name="Selenium"/>
<nutrient amount="4.0" name="Sodium"/>
<nutrient amount="0.07" name="Zinc"/>
<nutrient amount="29.0" name="Vitamin A"/>
<nutrient amount="17.0" name="Beta-carotene"/>
<nutrient amount="1.0" name="Beta-cryptoxanthin"/>
<nutrient amount="15.0" name="Lutein+Zeaxanthin"/>
<nutrient amount="3.0" name="Folate"/>
<nutrient amount="0.021" name="B1 (Thiamine)"/>
<nutrient amount="0.028" name="B2 (Riboflavin)"/>
<nutrient amount="0.207" name="B3 (Niacin)"/>
<nutrient amount="0.089" name="B5 (Pantothenic Acid)"/>
<nutrient amount="0.016" name="B6 (Pyridoxine)"/>
<nutrient amount="27.5" name="Vitamin C"/>
<nutrient amount="0.04" name="Vitamin E"/>
<nutrient amount="1.6" name="Vitamin K"/>
<nutrient amount="0.0070" name="Saturated"/>
<nutrient amount="0.016" name="Monounsaturated"/>
<nutrient amount="0.029" name="Polyunsaturated"/>
<nutrient amount="0.0080" name="Omega-3"/>
<nutrient amount="0.021" name="Omega-6"/>
</food>
