<food fcf="8.37" pcf="3.36" uid="03151" name="Babyfood, fruit, applesauce and pineapple, junior" ccf="3.6">
<measure amount="1.0" grams="28.35" name="oz"/>
<measure amount="1.0" grams="170.0" name="jar"/>
<nutrient amount="39.0" name="Energy"/>
<nutrient amount="0.1" name="Protein"/>
<nutrient amount="10.5" name="Carbs"/>
<nutrient amount="1.5" name="Fiber"/>
<nutrient amount="0.1" name="Fat"/>
<nutrient amount="89.1" name="Water"/>
<nutrient amount="0.2" name="Ash"/>
<nutrient amount="4.0" name="Calcium"/>
<nutrient amount="0.036" name="Copper"/>
<nutrient amount="0.1" name="Iron"/>
<nutrient amount="4.0" name="Magnesium"/>
<nutrient amount="6.0" name="Phosphorus"/>
<nutrient amount="76.0" name="Potassium"/>
<nutrient amount="0.3" name="Selenium"/>
<nutrient amount="2.0" name="Sodium"/>
<nutrient amount="0.03" name="Zinc"/>
<nutrient amount="21.0" name="Vitamin A"/>
<nutrient amount="2.0" name="Folate"/>
<nutrient amount="0.022" name="B1 (Thiamine)"/>
<nutrient amount="0.027" name="B2 (Riboflavin)"/>
<nutrient amount="0.079" name="B3 (Niacin)"/>
<nutrient amount="0.104" name="B5 (Pantothenic Acid)"/>
<nutrient amount="0.039" name="B6 (Pyridoxine)"/>
<nutrient amount="26.8" name="Vitamin C"/>
<nutrient amount="0.011" name="Saturated"/>
<nutrient amount="0.0090" name="Monounsaturated"/>
<nutrient amount="0.032" name="Polyunsaturated"/>
<nutrient amount="0.011" name="Omega-3"/>
<nutrient amount="0.021" name="Omega-6"/>
</food>
