<food fcf="8.37" pcf="3.36" uid="03156" name="Babyfood, fruit, bananas and pineapple with tapioca, junior" ccf="3.6">
<measure amount="1.0" grams="15.0" name="tbsp"/>
<measure amount="1.0" grams="28.35" name="oz"/>
<measure amount="1.0" grams="170.0" name="jar"/>
<measure amount="1.0" grams="170.0" name="jar Gerber Third Foods (6 oz)"/>
<measure amount="1.0" grams="170.0" name="jar Heinz Junior-3 (6 oz)"/>
<nutrient amount="68.0" name="Energy"/>
<nutrient amount="0.2" name="Protein"/>
<nutrient amount="18.4" name="Carbs"/>
<nutrient amount="1.6" name="Fiber"/>
<nutrient amount="8.41" name="Sugars"/>
<nutrient amount="0.1" name="Fat"/>
<nutrient amount="81.1" name="Water"/>
<nutrient amount="0.2" name="Ash"/>
<nutrient amount="7.0" name="Calcium"/>
<nutrient amount="0.04" name="Copper"/>
<nutrient amount="0.13" name="Iron"/>
<nutrient amount="6.0" name="Magnesium"/>
<nutrient amount="5.0" name="Phosphorus"/>
<nutrient amount="78.0" name="Potassium"/>
<nutrient amount="0.6" name="Selenium"/>
<nutrient amount="8.0" name="Sodium"/>
<nutrient amount="0.03" name="Zinc"/>
<nutrient amount="40.0" name="Vitamin A"/>
<nutrient amount="1.0" name="Alpha-carotene"/>
<nutrient amount="23.0" name="Beta-carotene"/>
<nutrient amount="2.0" name="Lutein+Zeaxanthin"/>
<nutrient amount="6.0" name="Folate"/>
<nutrient amount="0.015" name="B1 (Thiamine)"/>
<nutrient amount="0.019" name="B2 (Riboflavin)"/>
<nutrient amount="0.182" name="B3 (Niacin)"/>
<nutrient amount="0.148" name="B5 (Pantothenic Acid)"/>
<nutrient amount="0.092" name="B6 (Pyridoxine)"/>
<nutrient amount="21.2" name="Vitamin C"/>
<nutrient amount="0.02" name="Vitamin E"/>
<nutrient amount="0.6" name="Vitamin K"/>
<nutrient amount="0.036" name="Saturated"/>
<nutrient amount="0.0090" name="Monounsaturated"/>
<nutrient amount="0.02" name="Polyunsaturated"/>
<nutrient amount="0.0080" name="Omega-3"/>
<nutrient amount="0.012" name="Omega-6"/>
</food>
