<food fcf="8.37" pcf="3.36" uid="03153" name="Babyfood, fruit, apple and raspberry,  junior" ccf="3.6">
<measure amount="1.0" grams="28.35" name="oz"/>
<measure amount="1.0" grams="170.0" name="jar"/>
<nutrient amount="58.0" name="Energy"/>
<nutrient amount="0.2" name="Protein"/>
<nutrient amount="15.4" name="Carbs"/>
<nutrient amount="2.1" name="Fiber"/>
<nutrient amount="12.96" name="Sugars"/>
<nutrient amount="0.2" name="Fat"/>
<nutrient amount="84.0" name="Water"/>
<nutrient amount="0.2" name="Ash"/>
<nutrient amount="5.0" name="Calcium"/>
<nutrient amount="0.053" name="Copper"/>
<nutrient amount="0.22" name="Iron"/>
<nutrient amount="4.0" name="Magnesium"/>
<nutrient amount="8.0" name="Phosphorus"/>
<nutrient amount="72.0" name="Potassium"/>
<nutrient amount="0.3" name="Selenium"/>
<nutrient amount="2.0" name="Sodium"/>
<nutrient amount="0.03" name="Zinc"/>
<nutrient amount="34.0" name="Vitamin A"/>
<nutrient amount="1.0" name="Alpha-carotene"/>
<nutrient amount="15.0" name="Beta-carotene"/>
<nutrient amount="9.0" name="Beta-cryptoxanthin"/>
<nutrient amount="21.0" name="Lutein+Zeaxanthin"/>
<nutrient amount="1.0" name="Folate"/>
<nutrient amount="0.012" name="B1 (Thiamine)"/>
<nutrient amount="0.029" name="B2 (Riboflavin)"/>
<nutrient amount="0.104" name="B3 (Niacin)"/>
<nutrient amount="0.088" name="B5 (Pantothenic Acid)"/>
<nutrient amount="0.034" name="B6 (Pyridoxine)"/>
<nutrient amount="28.9" name="Vitamin C"/>
<nutrient amount="0.07" name="Vitamin E"/>
<nutrient amount="0.8" name="Vitamin K"/>
<nutrient amount="0.032" name="Saturated"/>
<nutrient amount="0.0080" name="Monounsaturated"/>
<nutrient amount="0.063" name="Polyunsaturated"/>
<nutrient amount="0.011" name="Omega-3"/>
<nutrient amount="0.051" name="Omega-6"/>
</food>
