<food fcf="8.37" pcf="3.36" uid="03168" name="Babyfood, juice, apple and peach" ccf="3.92">
<measure amount="1.0" grams="31.2" name="fl oz"/>
<measure amount="1.0" grams="127.0" name="jar"/>
<nutrient amount="42.0" name="Energy"/>
<nutrient amount="0.2" name="Protein"/>
<nutrient amount="10.5" name="Carbs"/>
<nutrient amount="0.1" name="Fiber"/>
<nutrient amount="9.59" name="Sugars"/>
<nutrient amount="0.1" name="Fat"/>
<nutrient amount="89.0" name="Water"/>
<nutrient amount="0.3" name="Ash"/>
<nutrient amount="3.0" name="Calcium"/>
<nutrient amount="0.037" name="Copper"/>
<nutrient amount="0.56" name="Iron"/>
<nutrient amount="3.0" name="Magnesium"/>
<nutrient amount="4.0" name="Phosphorus"/>
<nutrient amount="97.0" name="Potassium"/>
<nutrient amount="0.3" name="Selenium"/>
<nutrient amount="1.0" name="Sodium"/>
<nutrient amount="0.03" name="Zinc"/>
<nutrient amount="63.0" name="Vitamin A"/>
<nutrient amount="31.0" name="Beta-carotene"/>
<nutrient amount="13.0" name="Beta-cryptoxanthin"/>
<nutrient amount="29.0" name="Lutein+Zeaxanthin"/>
<nutrient amount="1.0" name="Folate"/>
<nutrient amount="0.0080" name="B1 (Thiamine)"/>
<nutrient amount="0.011" name="B2 (Riboflavin)"/>
<nutrient amount="0.213" name="B3 (Niacin)"/>
<nutrient amount="0.082" name="B5 (Pantothenic Acid)"/>
<nutrient amount="0.022" name="B6 (Pyridoxine)"/>
<nutrient amount="58.5" name="Vitamin C"/>
<nutrient amount="0.15" name="Vitamin E"/>
<nutrient amount="0.5" name="Vitamin K"/>
<nutrient amount="0.018" name="Saturated"/>
<nutrient amount="0.0020" name="Monounsaturated"/>
<nutrient amount="0.031" name="Polyunsaturated"/>
<nutrient amount="0.0040" name="Omega-3"/>
<nutrient amount="0.027" name="Omega-6"/>
</food>
