<food fcf="9.0" pcf="4.0" uid="03163" name="Babyfood, fruit, bananas with apples and pears, strained" ccf="4.0">
<measure amount="1.0" grams="15.0" name="tbsp"/>
<measure amount="1.0" grams="113.0" name="jar NFS"/>
<measure amount="1.0" grams="113.0" name="jar Gerber Second Food (4 oz)"/>
<nutrient amount="83.0" name="Energy"/>
<nutrient amount="0.9" name="Protein"/>
<nutrient amount="19.7" name="Carbs"/>
<nutrient amount="1.4" name="Fiber"/>
<nutrient amount="12.76" name="Sugars"/>
<nutrient amount="0.22" name="Fat"/>
<nutrient amount="79.0" name="Water"/>
<nutrient amount="0.57" name="Ash"/>
<nutrient amount="5.0" name="Calcium"/>
<nutrient amount="0.08" name="Copper"/>
<nutrient amount="0.3" name="Iron"/>
<nutrient amount="25.0" name="Magnesium"/>
<nutrient amount="0.082" name="Manganese"/>
<nutrient amount="19.0" name="Phosphorus"/>
<nutrient amount="233.0" name="Potassium"/>
<nutrient amount="0.6" name="Selenium"/>
<nutrient amount="7.0" name="Sodium"/>
<nutrient amount="0.1" name="Zinc"/>
<nutrient amount="56.0" name="Vitamin A"/>
<nutrient amount="15.0" name="Alpha-carotene"/>
<nutrient amount="23.0" name="Beta-carotene"/>
<nutrient amount="6.0" name="Beta-cryptoxanthin"/>
<nutrient amount="10.0" name="Lutein+Zeaxanthin"/>
<nutrient amount="5.0" name="Folate"/>
<nutrient amount="0.01" name="B1 (Thiamine)"/>
<nutrient amount="0.03" name="B2 (Riboflavin)"/>
<nutrient amount="0.55" name="B3 (Niacin)"/>
<nutrient amount="0.145" name="B5 (Pantothenic Acid)"/>
<nutrient amount="0.29" name="B6 (Pyridoxine)"/>
<nutrient amount="13.9" name="Vitamin C"/>
<nutrient amount="0.08" name="Vitamin E"/>
<nutrient amount="0.6" name="Vitamin K"/>
<nutrient amount="0.106" name="Saturated"/>
<nutrient amount="0.028" name="Monounsaturated"/>
<nutrient amount="0.085" name="Polyunsaturated"/>
<nutrient amount="0.022" name="Omega-3"/>
<nutrient amount="0.063" name="Omega-6"/>
</food>
