<food fcf="9.0" pcf="4.0" uid="03167" name="Babyfood, apple-banana juice" ccf="4.0">
<measure amount="1.0" grams="31.2" name="fl oz"/>
<measure amount="1.0" grams="131.0" name="bottle Earth's Best (4.2 fl oz)"/>
<measure amount="1.0" grams="125.0" name="bottle Heinz Strained (4 fl oz)"/>
<measure amount="1.0" grams="125.0" name="bottle NFS"/>
<measure amount="1.0" grams="125.0" name="bottle Beech-Nut Stage 2 (4 fl oz)"/>
<measure amount="1.0" grams="125.0" name="bottle Gerber Second Foods (4 fl oz)"/>
<nutrient amount="51.0" name="Energy"/>
<nutrient amount="0.2" name="Protein"/>
<nutrient amount="12.3" name="Carbs"/>
<nutrient amount="0.2" name="Fiber"/>
<nutrient amount="11.0" name="Sugars"/>
<nutrient amount="0.1" name="Fat"/>
<nutrient amount="87.1" name="Water"/>
<nutrient amount="0.26" name="Ash"/>
<nutrient amount="7.0" name="Calcium"/>
<nutrient amount="0.02" name="Copper"/>
<nutrient amount="0.2" name="Iron"/>
<nutrient amount="6.0" name="Magnesium"/>
<nutrient amount="0.08" name="Manganese"/>
<nutrient amount="8.0" name="Phosphorus"/>
<nutrient amount="123.0" name="Potassium"/>
<nutrient amount="0.3" name="Selenium"/>
<nutrient amount="4.0" name="Sodium"/>
<nutrient amount="0.04" name="Zinc"/>
<nutrient amount="9.0" name="Vitamin A"/>
<nutrient amount="3.0" name="Alpha-carotene"/>
<nutrient amount="4.0" name="Beta-carotene"/>
<nutrient amount="16.0" name="Lutein+Zeaxanthin"/>
<nutrient amount="1.0" name="Folate"/>
<nutrient amount="0.01" name="B1 (Thiamine)"/>
<nutrient amount="0.01" name="B2 (Riboflavin)"/>
<nutrient amount="0.14" name="B3 (Niacin)"/>
<nutrient amount="0.125" name="B5 (Pantothenic Acid)"/>
<nutrient amount="0.06" name="B6 (Pyridoxine)"/>
<nutrient amount="27.9" name="Vitamin C"/>
<nutrient amount="0.02" name="Vitamin E"/>
<nutrient amount="0.018" name="Saturated"/>
<nutrient amount="0.0040" name="Monounsaturated"/>
<nutrient amount="0.034" name="Polyunsaturated"/>
<nutrient amount="0.0060" name="Omega-3"/>
<nutrient amount="0.028" name="Omega-6"/>
</food>
