<food fcf="8.37" pcf="3.36" uid="03160" name="Babyfood, fruit, guava and papaya with tapioca, strained" ccf="3.6">
<measure amount="1.0" grams="28.35" name="oz"/>
<measure amount="1.0" grams="113.0" name="jar"/>
<nutrient amount="63.0" name="Energy"/>
<nutrient amount="0.2" name="Protein"/>
<nutrient amount="17.0" name="Carbs"/>
<nutrient amount="0.1" name="Fat"/>
<nutrient amount="82.5" name="Water"/>
<nutrient amount="0.2" name="Ash"/>
<nutrient amount="7.0" name="Calcium"/>
<nutrient amount="0.2" name="Iron"/>
<nutrient amount="5.0" name="Magnesium"/>
<nutrient amount="6.0" name="Phosphorus"/>
<nutrient amount="74.0" name="Potassium"/>
<nutrient amount="0.4" name="Selenium"/>
<nutrient amount="4.0" name="Sodium"/>
<nutrient amount="0.06" name="Zinc"/>
<nutrient amount="184.0" name="Vitamin A"/>
<nutrient amount="2.0" name="Folate"/>
<nutrient amount="0.01" name="B1 (Thiamine)"/>
<nutrient amount="0.022" name="B2 (Riboflavin)"/>
<nutrient amount="0.263" name="B3 (Niacin)"/>
<nutrient amount="0.014" name="B6 (Pyridoxine)"/>
<nutrient amount="80.9" name="Vitamin C"/>
</food>
