<food fcf="8.37" pcf="3.36" uid="03164" name="Babyfood, fruit, apple and blueberry, strained" ccf="3.6">
<measure amount="1.0" grams="28.35" name="oz"/>
<measure amount="1.0" grams="113.0" name="jar"/>
<nutrient amount="61.0" name="Energy"/>
<nutrient amount="0.2" name="Protein"/>
<nutrient amount="16.3" name="Carbs"/>
<nutrient amount="1.8" name="Fiber"/>
<nutrient amount="13.93" name="Sugars"/>
<nutrient amount="0.2" name="Fat"/>
<nutrient amount="83.1" name="Water"/>
<nutrient amount="0.2" name="Ash"/>
<nutrient amount="4.0" name="Calcium"/>
<nutrient amount="0.056" name="Copper"/>
<nutrient amount="0.2" name="Iron"/>
<nutrient amount="3.0" name="Magnesium"/>
<nutrient amount="8.0" name="Phosphorus"/>
<nutrient amount="69.0" name="Potassium"/>
<nutrient amount="0.4" name="Selenium"/>
<nutrient amount="2.0" name="Sodium"/>
<nutrient amount="0.03" name="Zinc"/>
<nutrient amount="20.0" name="Vitamin A"/>
<nutrient amount="10.0" name="Beta-carotene"/>
<nutrient amount="5.0" name="Beta-cryptoxanthin"/>
<nutrient amount="24.0" name="Lutein+Zeaxanthin"/>
<nutrient amount="4.0" name="Folate"/>
<nutrient amount="0.017" name="B1 (Thiamine)"/>
<nutrient amount="0.034" name="B2 (Riboflavin)"/>
<nutrient amount="0.12" name="B3 (Niacin)"/>
<nutrient amount="0.163" name="B5 (Pantothenic Acid)"/>
<nutrient amount="0.037" name="B6 (Pyridoxine)"/>
<nutrient amount="27.8" name="Vitamin C"/>
<nutrient amount="0.12" name="Vitamin E"/>
<nutrient amount="3.5" name="Vitamin K"/>
<nutrient amount="0.024" name="Saturated"/>
<nutrient amount="0.019" name="Monounsaturated"/>
<nutrient amount="0.073" name="Polyunsaturated"/>
<nutrient amount="0.023" name="Omega-3"/>
<nutrient amount="0.05" name="Omega-6"/>
</food>
