<food fcf="8.37" pcf="3.36" uid="03165" name="Babyfood, fruit, apple and blueberry, junior" ccf="3.6">
<measure amount="1.0" grams="28.35" name="oz"/>
<measure amount="1.0" grams="170.0" name="jar"/>
<nutrient amount="62.0" name="Energy"/>
<nutrient amount="0.2" name="Protein"/>
<nutrient amount="16.6" name="Carbs"/>
<nutrient amount="1.8" name="Fiber"/>
<nutrient amount="8.83" name="Sugars"/>
<nutrient amount="0.2" name="Fat"/>
<nutrient amount="82.8" name="Water"/>
<nutrient amount="0.19" name="Ash"/>
<nutrient amount="5.0" name="Calcium"/>
<nutrient amount="0.057" name="Copper"/>
<nutrient amount="0.4" name="Iron"/>
<nutrient amount="3.0" name="Magnesium"/>
<nutrient amount="7.0" name="Phosphorus"/>
<nutrient amount="65.0" name="Potassium"/>
<nutrient amount="0.4" name="Selenium"/>
<nutrient amount="13.0" name="Sodium"/>
<nutrient amount="0.04" name="Zinc"/>
<nutrient amount="41.0" name="Vitamin A"/>
<nutrient amount="22.0" name="Beta-carotene"/>
<nutrient amount="6.0" name="Beta-cryptoxanthin"/>
<nutrient amount="43.0" name="Lutein+Zeaxanthin"/>
<nutrient amount="3.0" name="Folate"/>
<nutrient amount="0.018" name="B1 (Thiamine)"/>
<nutrient amount="0.043" name="B2 (Riboflavin)"/>
<nutrient amount="0.103" name="B3 (Niacin)"/>
<nutrient amount="0.164" name="B5 (Pantothenic Acid)"/>
<nutrient amount="0.042" name="B6 (Pyridoxine)"/>
<nutrient amount="13.9" name="Vitamin C"/>
<nutrient amount="0.27" name="Vitamin E"/>
<nutrient amount="8.8" name="Vitamin K"/>
<nutrient amount="0.024" name="Saturated"/>
<nutrient amount="0.019" name="Monounsaturated"/>
<nutrient amount="0.073" name="Polyunsaturated"/>
<nutrient amount="0.023" name="Omega-3"/>
<nutrient amount="0.05" name="Omega-6"/>
</food>
