<food fcf="8.37" pcf="3.36" uid="03179" name="Babyfood, juice, mixed fruit" ccf="3.92">
<measure amount="1.0" grams="31.2" name="fl oz"/>
<measure amount="1.0" grams="127.0" name="jar"/>
<measure amount="1.0" grams="125.0" name="bottle (4 fl oz)"/>
<nutrient amount="47.0" name="Energy"/>
<nutrient amount="0.1" name="Protein"/>
<nutrient amount="11.6" name="Carbs"/>
<nutrient amount="0.1" name="Fiber"/>
<nutrient amount="8.46" name="Sugars"/>
<nutrient amount="0.1" name="Fat"/>
<nutrient amount="87.9" name="Water"/>
<nutrient amount="0.2" name="Ash"/>
<nutrient amount="8.0" name="Calcium"/>
<nutrient amount="0.04" name="Copper"/>
<nutrient amount="0.34" name="Iron"/>
<nutrient amount="5.0" name="Magnesium"/>
<nutrient amount="5.0" name="Phosphorus"/>
<nutrient amount="101.0" name="Potassium"/>
<nutrient amount="0.5" name="Selenium"/>
<nutrient amount="4.0" name="Sodium"/>
<nutrient amount="0.03" name="Zinc"/>
<nutrient amount="42.0" name="Vitamin A"/>
<nutrient amount="11.0" name="Alpha-carotene"/>
<nutrient amount="19.0" name="Beta-carotene"/>
<nutrient amount="1.0" name="Beta-cryptoxanthin"/>
<nutrient amount="21.0" name="Lutein+Zeaxanthin"/>
<nutrient amount="7.0" name="Folate"/>
<nutrient amount="0.023" name="B1 (Thiamine)"/>
<nutrient amount="0.014" name="B2 (Riboflavin)"/>
<nutrient amount="0.123" name="B3 (Niacin)"/>
<nutrient amount="0.115" name="B5 (Pantothenic Acid)"/>
<nutrient amount="0.043" name="B6 (Pyridoxine)"/>
<nutrient amount="63.6" name="Vitamin C"/>
<nutrient amount="0.04" name="Vitamin E"/>
<nutrient amount="0.9" name="Vitamin K"/>
<nutrient amount="0.015" name="Saturated"/>
<nutrient amount="0.0060" name="Monounsaturated"/>
<nutrient amount="0.039" name="Polyunsaturated"/>
<nutrient amount="0.0030" name="Omega-3"/>
<nutrient amount="0.036" name="Omega-6"/>
</food>
