<food fcf="8.37" pcf="3.36" uid="03174" name="Babyfood, juice, orange and apple and banana" ccf="3.92">
<measure amount="1.0" grams="31.2" name="fl oz"/>
<measure amount="1.0" grams="127.0" name="jar"/>
<measure amount="1.0" grams="125.0" name="bottle Heinz Strained (4 fl oz)"/>
<nutrient amount="47.0" name="Energy"/>
<nutrient amount="0.4" name="Protein"/>
<nutrient amount="11.5" name="Carbs"/>
<nutrient amount="0.1" name="Fiber"/>
<nutrient amount="10.03" name="Sugars"/>
<nutrient amount="0.1" name="Fat"/>
<nutrient amount="87.6" name="Water"/>
<nutrient amount="0.4" name="Ash"/>
<nutrient amount="5.0" name="Calcium"/>
<nutrient amount="0.044" name="Copper"/>
<nutrient amount="0.35" name="Iron"/>
<nutrient amount="6.0" name="Magnesium"/>
<nutrient amount="8.0" name="Phosphorus"/>
<nutrient amount="134.0" name="Potassium"/>
<nutrient amount="0.1" name="Selenium"/>
<nutrient amount="4.0" name="Sodium"/>
<nutrient amount="0.03" name="Zinc"/>
<nutrient amount="27.0" name="Vitamin A"/>
<nutrient amount="1.0" name="Alpha-carotene"/>
<nutrient amount="5.0" name="Beta-carotene"/>
<nutrient amount="22.0" name="Beta-cryptoxanthin"/>
<nutrient amount="59.0" name="Lutein+Zeaxanthin"/>
<nutrient amount="10.0" name="Folate"/>
<nutrient amount="0.043" name="B1 (Thiamine)"/>
<nutrient amount="0.027" name="B2 (Riboflavin)"/>
<nutrient amount="0.263" name="B3 (Niacin)"/>
<nutrient amount="0.134" name="B5 (Pantothenic Acid)"/>
<nutrient amount="0.062" name="B6 (Pyridoxine)"/>
<nutrient amount="32.1" name="Vitamin C"/>
<nutrient amount="0.02" name="Vitamin E"/>
<nutrient amount="0.1" name="Vitamin K"/>
<nutrient amount="0.016" name="Saturated"/>
<nutrient amount="0.0070" name="Monounsaturated"/>
<nutrient amount="0.027" name="Polyunsaturated"/>
<nutrient amount="0.0040" name="Omega-3"/>
<nutrient amount="0.022" name="Omega-6"/>
</food>
