<food fcf="8.37" pcf="3.36" uid="03175" name="Babyfood, juice, orange and apricot" ccf="3.92">
<measure amount="1.0" grams="31.2" name="fl oz"/>
<measure amount="1.0" grams="127.0" name="jar"/>
<nutrient amount="46.0" name="Energy"/>
<nutrient amount="0.8" name="Protein"/>
<nutrient amount="10.9" name="Carbs"/>
<nutrient amount="0.1" name="Fiber"/>
<nutrient amount="0.1" name="Fat"/>
<nutrient amount="87.8" name="Water"/>
<nutrient amount="0.4" name="Ash"/>
<nutrient amount="6.0" name="Calcium"/>
<nutrient amount="0.084" name="Copper"/>
<nutrient amount="0.38" name="Iron"/>
<nutrient amount="7.0" name="Magnesium"/>
<nutrient amount="12.0" name="Phosphorus"/>
<nutrient amount="199.0" name="Potassium"/>
<nutrient amount="0.1" name="Selenium"/>
<nutrient amount="6.0" name="Sodium"/>
<nutrient amount="0.04" name="Zinc"/>
<nutrient amount="216.0" name="Vitamin A"/>
<nutrient amount="20.0" name="Folate"/>
<nutrient amount="0.058" name="B1 (Thiamine)"/>
<nutrient amount="0.028" name="B2 (Riboflavin)"/>
<nutrient amount="0.267" name="B3 (Niacin)"/>
<nutrient amount="0.096" name="B5 (Pantothenic Acid)"/>
<nutrient amount="0.056" name="B6 (Pyridoxine)"/>
<nutrient amount="85.9" name="Vitamin C"/>
<nutrient amount="0.011" name="Saturated"/>
<nutrient amount="0.022" name="Monounsaturated"/>
<nutrient amount="0.02" name="Polyunsaturated"/>
<nutrient amount="0.0040" name="Omega-3"/>
<nutrient amount="0.016" name="Omega-6"/>
</food>
