<food fcf="8.37" pcf="3.36" uid="03176" name="Babyfood, juice, orange and banana" ccf="3.92">
<measure amount="1.0" grams="31.2" name="fl oz"/>
<measure amount="1.0" grams="127.0" name="jar"/>
<nutrient amount="50.0" name="Energy"/>
<nutrient amount="0.7" name="Protein"/>
<nutrient amount="11.9" name="Carbs"/>
<nutrient amount="0.1" name="Fat"/>
<nutrient amount="86.9" name="Water"/>
<nutrient amount="0.4" name="Ash"/>
<nutrient amount="17.0" name="Calcium"/>
<nutrient amount="0.042" name="Copper"/>
<nutrient amount="0.11" name="Iron"/>
<nutrient amount="14.0" name="Magnesium"/>
<nutrient amount="13.0" name="Phosphorus"/>
<nutrient amount="200.0" name="Potassium"/>
<nutrient amount="0.1" name="Selenium"/>
<nutrient amount="3.0" name="Sodium"/>
<nutrient amount="0.09" name="Zinc"/>
<nutrient amount="46.0" name="Vitamin A"/>
<nutrient amount="24.0" name="Folate"/>
<nutrient amount="0.051" name="B1 (Thiamine)"/>
<nutrient amount="0.042" name="B2 (Riboflavin)"/>
<nutrient amount="0.18" name="B3 (Niacin)"/>
<nutrient amount="0.148" name="B5 (Pantothenic Acid)"/>
<nutrient amount="0.054" name="B6 (Pyridoxine)"/>
<nutrient amount="34.0" name="Vitamin C"/>
</food>
