<food fcf="8.4" pcf="3.4" uid="03186" name="Babyfood, cereal, mixed, with bananas, dry" ccf="4.1">
<measure amount="1.0" grams="2.5" name="tbsp"/>
<measure amount="0.5" grams="15.0" name="oz"/>
<nutrient amount="391.0" name="Energy"/>
<nutrient amount="10.7" name="Protein"/>
<nutrient amount="77.1" name="Carbs"/>
<nutrient amount="7.8" name="Fiber"/>
<nutrient amount="6.68" name="Sugars"/>
<nutrient amount="4.6" name="Fat"/>
<nutrient amount="4.5" name="Water"/>
<nutrient amount="3.1" name="Ash"/>
<nutrient amount="0.437" name="ALA"/>
<nutrient amount="0.783" name="ASP"/>
<nutrient amount="0.505" name="ARG"/>
<nutrient amount="0.205" name="CYS"/>
<nutrient amount="2.478" name="GLU"/>
<nutrient amount="0.369" name="GLY"/>
<nutrient amount="0.319" name="HIS"/>
<nutrient amount="0.43" name="ILE"/>
<nutrient amount="0.956" name="LEU"/>
<nutrient amount="0.46" name="LYS"/>
<nutrient amount="0.218" name="MET"/>
<nutrient amount="0.546" name="PHE"/>
<nutrient amount="0.863" name="PRO"/>
<nutrient amount="0.505" name="SER"/>
<nutrient amount="0.363" name="THR"/>
<nutrient amount="0.126" name="TRP"/>
<nutrient amount="0.439" name="TYR"/>
<nutrient amount="0.604" name="VAL"/>
<nutrient amount="696.0" name="Calcium"/>
<nutrient amount="0.256" name="Copper"/>
<nutrient amount="47.5" name="Iron"/>
<nutrient amount="90.0" name="Magnesium"/>
<nutrient amount="367.0" name="Phosphorus"/>
<nutrient amount="668.0" name="Potassium"/>
<nutrient amount="20.0" name="Selenium"/>
<nutrient amount="118.0" name="Sodium"/>
<nutrient amount="1.4" name="Zinc"/>
<nutrient amount="125.0" name="Vitamin A"/>
<nutrient amount="49.0" name="Alpha-carotene"/>
<nutrient amount="51.0" name="Beta-carotene"/>
<nutrient amount="96.0" name="Lutein+Zeaxanthin"/>
<nutrient amount="17.0" name="Folate"/>
<nutrient amount="3.78" name="B1 (Thiamine)"/>
<nutrient amount="3.56" name="B2 (Riboflavin)"/>
<nutrient amount="20.56" name="B3 (Niacin)"/>
<nutrient amount="0.408" name="B6 (Pyridoxine)"/>
<nutrient amount="0.24" name="B12 (Cyanocobalamin)"/>
<nutrient amount="3.6" name="Vitamin C"/>
<nutrient amount="0.51" name="Vitamin E"/>
<nutrient amount="0.01" name="Gamma Tocopherol"/>
<nutrient amount="3.5" name="Vitamin K"/>
<nutrient amount="0.846" name="Saturated"/>
<nutrient amount="1.223" name="Monounsaturated"/>
<nutrient amount="1.734" name="Polyunsaturated"/>
<nutrient amount="0.054" name="Omega-3"/>
<nutrient amount="1.64" name="Omega-6"/>
</food>
