<food fcf="8.37" pcf="3.46" uid="03189" name="Babyfood, cereal, oatmeal, dry" ccf="4.12">
<measure amount="1.0" grams="2.5" name="tbsp"/>
<measure amount="0.5" grams="15.0" name="oz"/>
<nutrient amount="398.0" name="Energy"/>
<nutrient amount="13.6" name="Protein"/>
<nutrient amount="69.2" name="Carbs"/>
<nutrient amount="6.6" name="Fiber"/>
<nutrient amount="1.49" name="Sugars"/>
<nutrient amount="7.8" name="Fat"/>
<nutrient amount="6.2" name="Water"/>
<nutrient amount="3.2" name="Ash"/>
<nutrient amount="0.662" name="ALA"/>
<nutrient amount="1.156" name="ASP"/>
<nutrient amount="1.035" name="ARG"/>
<nutrient amount="0.485" name="CYS"/>
<nutrient amount="3.206" name="GLU"/>
<nutrient amount="0.725" name="GLY"/>
<nutrient amount="0.24" name="HIS"/>
<nutrient amount="0.55" name="ILE"/>
<nutrient amount="1.072" name="LEU"/>
<nutrient amount="0.571" name="LYS"/>
<nutrient amount="0.263" name="MET"/>
<nutrient amount="0.545" name="PHE"/>
<nutrient amount="0.697" name="PRO"/>
<nutrient amount="0.678" name="SER"/>
<nutrient amount="0.471" name="THR"/>
<nutrient amount="0.177" name="TRP"/>
<nutrient amount="0.55" name="TYR"/>
<nutrient amount="0.771" name="VAL"/>
<nutrient amount="733.0" name="Calcium"/>
<nutrient amount="0.527" name="Copper"/>
<nutrient amount="47.5" name="Iron"/>
<nutrient amount="145.0" name="Magnesium"/>
<nutrient amount="499.0" name="Phosphorus"/>
<nutrient amount="470.0" name="Potassium"/>
<nutrient amount="36.4" name="Selenium"/>
<nutrient amount="33.0" name="Sodium"/>
<nutrient amount="3.69" name="Zinc"/>
<nutrient amount="185.0" name="Lutein+Zeaxanthin"/>
<nutrient amount="35.0" name="Folate"/>
<nutrient amount="2.889" name="B1 (Thiamine)"/>
<nutrient amount="2.607" name="B2 (Riboflavin)"/>
<nutrient amount="35.969" name="B3 (Niacin)"/>
<nutrient amount="1.534" name="B5 (Pantothenic Acid)"/>
<nutrient amount="0.153" name="B6 (Pyridoxine)"/>
<nutrient amount="3.2" name="Vitamin C"/>
<nutrient amount="0.38" name="Vitamin E"/>
<nutrient amount="3.3" name="Vitamin K"/>
<nutrient amount="1.353" name="Saturated"/>
<nutrient amount="2.442" name="Monounsaturated"/>
<nutrient amount="2.876" name="Polyunsaturated"/>
<nutrient amount="0.014" name="Omega-3"/>
<nutrient amount="2.753" name="Omega-6"/>
</food>
