<food fcf="8.4" pcf="3.4" uid="03185" name="Babyfood, cereal, mixed, dry" ccf="4.1">
<measure amount="1.0" grams="2.5" name="tbsp"/>
<measure amount="0.5" grams="15.0" name="oz"/>
<nutrient amount="379.0" name="Energy"/>
<nutrient amount="12.2" name="Protein"/>
<nutrient amount="73.3" name="Carbs"/>
<nutrient amount="7.5" name="Fiber"/>
<nutrient amount="0.87" name="Sugars"/>
<nutrient amount="4.4" name="Fat"/>
<nutrient amount="6.7" name="Water"/>
<nutrient amount="3.3" name="Ash"/>
<nutrient amount="0.583" name="ALA"/>
<nutrient amount="0.726" name="ASP"/>
<nutrient amount="0.703" name="ARG"/>
<nutrient amount="0.346" name="CYS"/>
<nutrient amount="3.184" name="GLU"/>
<nutrient amount="0.551" name="GLY"/>
<nutrient amount="0.286" name="HIS"/>
<nutrient amount="0.477" name="ILE"/>
<nutrient amount="1.041" name="LEU"/>
<nutrient amount="0.404" name="LYS"/>
<nutrient amount="0.24" name="MET"/>
<nutrient amount="0.672" name="PHE"/>
<nutrient amount="1.047" name="PRO"/>
<nutrient amount="0.57" name="SER"/>
<nutrient amount="0.4" name="THR"/>
<nutrient amount="0.158" name="TRP"/>
<nutrient amount="0.491" name="TYR"/>
<nutrient amount="0.653" name="VAL"/>
<nutrient amount="733.0" name="Calcium"/>
<nutrient amount="0.334" name="Copper"/>
<nutrient amount="47.5" name="Iron"/>
<nutrient amount="100.0" name="Magnesium"/>
<nutrient amount="392.0" name="Phosphorus"/>
<nutrient amount="437.0" name="Potassium"/>
<nutrient amount="25.9" name="Selenium"/>
<nutrient amount="39.0" name="Sodium"/>
<nutrient amount="2.4" name="Zinc"/>
<nutrient amount="20.0" name="Vitamin A"/>
<nutrient amount="6.0" name="Alpha-carotene"/>
<nutrient amount="9.0" name="Beta-carotene"/>
<nutrient amount="148.0" name="Lutein+Zeaxanthin"/>
<nutrient amount="43.0" name="Folate"/>
<nutrient amount="2.438" name="B1 (Thiamine)"/>
<nutrient amount="2.717" name="B2 (Riboflavin)"/>
<nutrient amount="34.714" name="B3 (Niacin)"/>
<nutrient amount="1.074" name="B5 (Pantothenic Acid)"/>
<nutrient amount="0.189" name="B6 (Pyridoxine)"/>
<nutrient amount="2.3" name="Vitamin C"/>
<nutrient amount="3.68" name="Vitamin E"/>
<nutrient amount="0.21" name="Beta Tocopherol"/>
<nutrient amount="0.26" name="Delta Tocopherol"/>
<nutrient amount="1.5" name="Vitamin K"/>
<nutrient amount="0.769" name="Saturated"/>
<nutrient amount="1.206" name="Monounsaturated"/>
<nutrient amount="1.697" name="Polyunsaturated"/>
<nutrient amount="0.04" name="Omega-3"/>
<nutrient amount="1.617" name="Omega-6"/>
</food>
