<food fcf="8.37" pcf="3.55" uid="03181" name="Babyfood, cereal, barley, dry" ccf="3.95">
<measure amount="1.0" grams="2.4" name="tbsp"/>
<measure amount="0.5" grams="15.0" name="oz"/>
<nutrient amount="365.0" name="Energy"/>
<nutrient amount="11.1" name="Protein"/>
<nutrient amount="75.3" name="Carbs"/>
<nutrient amount="8.2" name="Fiber"/>
<nutrient amount="3.1" name="Sugars"/>
<nutrient amount="3.4" name="Fat"/>
<nutrient amount="6.8" name="Water"/>
<nutrient amount="3.4" name="Ash"/>
<nutrient amount="0.422" name="ALA"/>
<nutrient amount="0.64" name="ASP"/>
<nutrient amount="0.566" name="ARG"/>
<nutrient amount="0.264" name="CYS"/>
<nutrient amount="3.184" name="GLU"/>
<nutrient amount="0.422" name="GLY"/>
<nutrient amount="0.25" name="HIS"/>
<nutrient amount="0.419" name="ILE"/>
<nutrient amount="0.81" name="LEU"/>
<nutrient amount="0.365" name="LYS"/>
<nutrient amount="0.208" name="MET"/>
<nutrient amount="0.657" name="PHE"/>
<nutrient amount="1.445" name="PRO"/>
<nutrient amount="0.478" name="SER"/>
<nutrient amount="0.375" name="THR"/>
<nutrient amount="0.136" name="TRP"/>
<nutrient amount="0.409" name="TYR"/>
<nutrient amount="0.592" name="VAL"/>
<nutrient amount="795.0" name="Calcium"/>
<nutrient amount="0.467" name="Copper"/>
<nutrient amount="47.5" name="Iron"/>
<nutrient amount="115.0" name="Magnesium"/>
<nutrient amount="439.0" name="Phosphorus"/>
<nutrient amount="395.0" name="Potassium"/>
<nutrient amount="30.2" name="Selenium"/>
<nutrient amount="47.0" name="Sodium"/>
<nutrient amount="3.13" name="Zinc"/>
<nutrient amount="16.0" name="Vitamin A"/>
<nutrient amount="170.0" name="Lutein+Zeaxanthin"/>
<nutrient amount="29.0" name="Folate"/>
<nutrient amount="2.737" name="B1 (Thiamine)"/>
<nutrient amount="2.699" name="B2 (Riboflavin)"/>
<nutrient amount="35.988" name="B3 (Niacin)"/>
<nutrient amount="0.527" name="B5 (Pantothenic Acid)"/>
<nutrient amount="0.374" name="B6 (Pyridoxine)"/>
<nutrient amount="2.2" name="Vitamin C"/>
<nutrient amount="5.0" name="Vitamin E"/>
<nutrient amount="2.3" name="Vitamin K"/>
<nutrient amount="0.418" name="Saturated"/>
<nutrient amount="0.666" name="Monounsaturated"/>
<nutrient amount="1.759" name="Polyunsaturated"/>
<nutrient amount="0.144" name="Omega-3"/>
<nutrient amount="1.612" name="Omega-6"/>
</food>
