<food fcf="9.0" pcf="4.0" uid="03184" name="Babyfood, cereal, whole wheat, with apples, dry" ccf="4.0">
<measure amount="0.5" grams="15.0" name="oz"/>
<nutrient amount="403.0" name="Energy"/>
<nutrient amount="12.6" name="Protein"/>
<nutrient amount="77.1" name="Carbs"/>
<nutrient amount="12.2" name="Fiber"/>
<nutrient amount="22.2" name="Sugars"/>
<nutrient amount="4.8" name="Fat"/>
<nutrient amount="1.7" name="Water"/>
<nutrient amount="3.7" name="Ash"/>
<nutrient amount="600.0" name="Calcium"/>
<nutrient amount="0.62" name="Copper"/>
<nutrient amount="45.0" name="Iron"/>
<nutrient amount="140.0" name="Magnesium"/>
<nutrient amount="2.52" name="Manganese"/>
<nutrient amount="500.0" name="Phosphorus"/>
<nutrient amount="516.0" name="Potassium"/>
<nutrient amount="64.7" name="Selenium"/>
<nutrient amount="25.0" name="Sodium"/>
<nutrient amount="2.6" name="Zinc"/>
<nutrient amount="20.0" name="Vitamin A"/>
<nutrient amount="10.0" name="Beta-carotene"/>
<nutrient amount="4.0" name="Beta-cryptoxanthin"/>
<nutrient amount="203.0" name="Lutein+Zeaxanthin"/>
<nutrient amount="20.0" name="Folate"/>
<nutrient amount="1.5" name="B1 (Thiamine)"/>
<nutrient amount="1.8" name="B2 (Riboflavin)"/>
<nutrient amount="13.33" name="B3 (Niacin)"/>
<nutrient amount="0.953" name="B5 (Pantothenic Acid)"/>
<nutrient amount="0.3" name="B6 (Pyridoxine)"/>
<nutrient amount="58.3" name="Vitamin C"/>
<nutrient amount="1.13" name="Vitamin E"/>
<nutrient amount="8.3" name="Vitamin K"/>
<nutrient amount="0.639" name="Saturated"/>
<nutrient amount="1.277" name="Monounsaturated"/>
<nutrient amount="1.866" name="Polyunsaturated"/>
<nutrient amount="0.257" name="Omega-3"/>
<nutrient amount="1.608" name="Omega-6"/>
</food>
