<food fcf="8.4" pcf="3.5" uid="03192" name="Babyfood, cereal, oatmeal, with applesauce and bananas, junior" ccf="4.1">
<measure amount="1.0" grams="28.35" name="oz"/>
<measure amount="1.0" grams="170.0" name="jar"/>
<nutrient amount="75.0" name="Energy"/>
<nutrient amount="1.3" name="Protein"/>
<nutrient amount="15.7" name="Carbs"/>
<nutrient amount="0.8" name="Fiber"/>
<nutrient amount="9.48" name="Sugars"/>
<nutrient amount="0.7" name="Fat"/>
<nutrient amount="81.8" name="Water"/>
<nutrient amount="0.4" name="Ash"/>
<nutrient amount="0.06" name="ALA"/>
<nutrient amount="0.113" name="ASP"/>
<nutrient amount="0.094" name="ARG"/>
<nutrient amount="0.03" name="CYS"/>
<nutrient amount="0.291" name="GLU"/>
<nutrient amount="0.071" name="GLY"/>
<nutrient amount="0.034" name="HIS"/>
<nutrient amount="0.049" name="ILE"/>
<nutrient amount="0.1" name="LEU"/>
<nutrient amount="0.054" name="LYS"/>
<nutrient amount="0.031" name="MET"/>
<nutrient amount="0.067" name="PHE"/>
<nutrient amount="0.065" name="PRO"/>
<nutrient amount="0.063" name="SER"/>
<nutrient amount="0.046" name="THR"/>
<nutrient amount="0.017" name="TRP"/>
<nutrient amount="0.052" name="TYR"/>
<nutrient amount="0.069" name="VAL"/>
<nutrient amount="6.0" name="Calcium"/>
<nutrient amount="0.075" name="Copper"/>
<nutrient amount="7.5" name="Iron"/>
<nutrient amount="11.0" name="Magnesium"/>
<nutrient amount="41.0" name="Phosphorus"/>
<nutrient amount="48.0" name="Potassium"/>
<nutrient amount="3.0" name="Selenium"/>
<nutrient amount="31.0" name="Sodium"/>
<nutrient amount="7.5" name="Zinc"/>
<nutrient amount="28.0" name="Vitamin A"/>
<nutrient amount="7.0" name="Alpha-carotene"/>
<nutrient amount="12.0" name="Beta-carotene"/>
<nutrient amount="4.0" name="Beta-cryptoxanthin"/>
<nutrient amount="17.0" name="Lutein+Zeaxanthin"/>
<nutrient amount="4.0" name="Folate"/>
<nutrient amount="0.25" name="B1 (Thiamine)"/>
<nutrient amount="0.484" name="B2 (Riboflavin)"/>
<nutrient amount="5.6" name="B3 (Niacin)"/>
<nutrient amount="0.227" name="B5 (Pantothenic Acid)"/>
<nutrient amount="0.24" name="B6 (Pyridoxine)"/>
<nutrient amount="24.5" name="Vitamin C"/>
<nutrient amount="0.1" name="Vitamin E"/>
<nutrient amount="0.6" name="Vitamin K"/>
<nutrient amount="0.126" name="Saturated"/>
<nutrient amount="0.216" name="Monounsaturated"/>
<nutrient amount="0.253" name="Polyunsaturated"/>
<nutrient amount="0.0020" name="Omega-3"/>
<nutrient amount="0.242" name="Omega-6"/>
</food>
