<food fcf="8.8" pcf="4.2" uid="03199" name="Babyfood, cereal, with eggs, strained" ccf="3.9">
<measure amount="1.0" grams="28.35" name="oz"/>
<measure amount="1.0" grams="113.0" name="jar"/>
<nutrient amount="58.0" name="Energy"/>
<nutrient amount="2.2" name="Protein"/>
<nutrient amount="8.0" name="Carbs"/>
<nutrient amount="1.5" name="Fat"/>
<nutrient amount="87.2" name="Water"/>
<nutrient amount="0.6" name="Ash"/>
<nutrient amount="27.0" name="Calcium"/>
<nutrient amount="0.025" name="Copper"/>
<nutrient amount="0.54" name="Iron"/>
<nutrient amount="3.0" name="Magnesium"/>
<nutrient amount="46.0" name="Phosphorus"/>
<nutrient amount="44.0" name="Potassium"/>
<nutrient amount="38.0" name="Sodium"/>
<nutrient amount="0.33" name="Zinc"/>
<nutrient amount="161.0" name="Vitamin A"/>
<nutrient amount="9.0" name="Folate"/>
<nutrient amount="0.01" name="B1 (Thiamine)"/>
<nutrient amount="0.05" name="B2 (Riboflavin)"/>
<nutrient amount="0.056" name="B3 (Niacin)"/>
<nutrient amount="1.003" name="B5 (Pantothenic Acid)"/>
<nutrient amount="0.024" name="B6 (Pyridoxine)"/>
<nutrient amount="0.08" name="B12 (Cyanocobalamin)"/>
<nutrient amount="0.8" name="Vitamin C"/>
<nutrient amount="0.49" name="Saturated"/>
<nutrient amount="0.61" name="Monounsaturated"/>
<nutrient amount="0.33" name="Polyunsaturated"/>
<nutrient amount="0.02" name="Omega-3"/>
<nutrient amount="0.31" name="Omega-6"/>
<nutrient amount="51.0" name="Cholesterol"/>
</food>
