<food fcf="8.37" pcf="3.82" uid="03194" name="Babyfood, cereal, rice, dry" ccf="4.16">
<measure amount="1.0" grams="2.5" name="tbsp"/>
<measure amount="0.5" grams="15.0" name="oz"/>
<nutrient amount="391.0" name="Energy"/>
<nutrient amount="7.1" name="Protein"/>
<nutrient amount="77.6" name="Carbs"/>
<nutrient amount="0.5" name="Fiber"/>
<nutrient amount="0.12" name="Sugars"/>
<nutrient amount="4.9" name="Fat"/>
<nutrient amount="6.7" name="Water"/>
<nutrient amount="3.6" name="Ash"/>
<nutrient amount="0.425" name="ALA"/>
<nutrient amount="0.696" name="ASP"/>
<nutrient amount="0.646" name="ARG"/>
<nutrient amount="0.169" name="CYS"/>
<nutrient amount="1.291" name="GLU"/>
<nutrient amount="0.366" name="GLY"/>
<nutrient amount="0.193" name="HIS"/>
<nutrient amount="0.29" name="ILE"/>
<nutrient amount="0.559" name="LEU"/>
<nutrient amount="0.304" name="LYS"/>
<nutrient amount="0.185" name="MET"/>
<nutrient amount="0.364" name="PHE"/>
<nutrient amount="0.316" name="PRO"/>
<nutrient amount="0.342" name="SER"/>
<nutrient amount="0.316" name="THR"/>
<nutrient amount="0.094" name="TRP"/>
<nutrient amount="0.324" name="TYR"/>
<nutrient amount="0.446" name="VAL"/>
<nutrient amount="850.0" name="Calcium"/>
<nutrient amount="0.331" name="Copper"/>
<nutrient amount="47.5" name="Iron"/>
<nutrient amount="206.0" name="Magnesium"/>
<nutrient amount="590.0" name="Phosphorus"/>
<nutrient amount="385.0" name="Potassium"/>
<nutrient amount="11.6" name="Selenium"/>
<nutrient amount="32.0" name="Sodium"/>
<nutrient amount="1.98" name="Zinc"/>
<nutrient amount="24.0" name="Folate"/>
<nutrient amount="2.645" name="B1 (Thiamine)"/>
<nutrient amount="2.221" name="B2 (Riboflavin)"/>
<nutrient amount="31.243" name="B3 (Niacin)"/>
<nutrient amount="0.479" name="B6 (Pyridoxine)"/>
<nutrient amount="2.4" name="Vitamin C"/>
<nutrient amount="5.0" name="Vitamin E"/>
<nutrient amount="0.919" name="Saturated"/>
<nutrient amount="1.26" name="Monounsaturated"/>
<nutrient amount="2.016" name="Polyunsaturated"/>
<nutrient amount="0.215" name="Omega-3"/>
<nutrient amount="1.799" name="Omega-6"/>
</food>
