<food fcf="8.8" pcf="4.2" uid="03198" name="Babyfood, cereal, with egg yolks, junior" ccf="3.9">
<measure amount="1.0" grams="28.35" name="oz"/>
<measure amount="1.0" grams="170.0" name="jar"/>
<nutrient amount="52.0" name="Energy"/>
<nutrient amount="1.9" name="Protein"/>
<nutrient amount="7.1" name="Carbs"/>
<nutrient amount="0.9" name="Fiber"/>
<nutrient amount="1.8" name="Fat"/>
<nutrient amount="88.7" name="Water"/>
<nutrient amount="0.4" name="Ash"/>
<nutrient amount="0.084" name="ALA"/>
<nutrient amount="0.149" name="ASP"/>
<nutrient amount="0.104" name="ARG"/>
<nutrient amount="0.028" name="CYS"/>
<nutrient amount="0.421" name="GLU"/>
<nutrient amount="0.056" name="GLY"/>
<nutrient amount="0.045" name="HIS"/>
<nutrient amount="0.1" name="ILE"/>
<nutrient amount="0.172" name="LEU"/>
<nutrient amount="0.127" name="LYS"/>
<nutrient amount="0.051" name="MET"/>
<nutrient amount="0.092" name="PHE"/>
<nutrient amount="0.161" name="PRO"/>
<nutrient amount="0.118" name="SER"/>
<nutrient amount="0.082" name="THR"/>
<nutrient amount="0.027" name="TRP"/>
<nutrient amount="0.084" name="TYR"/>
<nutrient amount="0.122" name="VAL"/>
<nutrient amount="24.0" name="Calcium"/>
<nutrient amount="0.022" name="Copper"/>
<nutrient amount="0.51" name="Iron"/>
<nutrient amount="3.0" name="Magnesium"/>
<nutrient amount="40.0" name="Phosphorus"/>
<nutrient amount="35.0" name="Potassium"/>
<nutrient amount="33.0" name="Sodium"/>
<nutrient amount="0.29" name="Zinc"/>
<nutrient amount="144.0" name="Vitamin A"/>
<nutrient amount="40.0" name="Retinol"/>
<nutrient amount="3.0" name="Folate"/>
<nutrient amount="0.0080" name="B1 (Thiamine)"/>
<nutrient amount="0.045" name="B2 (Riboflavin)"/>
<nutrient amount="0.048" name="B3 (Niacin)"/>
<nutrient amount="0.878" name="B5 (Pantothenic Acid)"/>
<nutrient amount="0.02" name="B6 (Pyridoxine)"/>
<nutrient amount="0.06" name="B12 (Cyanocobalamin)"/>
<nutrient amount="0.7" name="Vitamin C"/>
<nutrient amount="0.61" name="Saturated"/>
<nutrient amount="0.79" name="Monounsaturated"/>
<nutrient amount="0.3" name="Polyunsaturated"/>
<nutrient amount="0.01" name="Omega-3"/>
<nutrient amount="0.29000000000000004" name="Omega-6"/>
<nutrient amount="63.0" name="Cholesterol"/>
</food>
