<food fcf="9.0" pcf="4.0" uid="03206" name="Babyfood, cookie, baby, fruit" ccf="4.0">
<measure amount="1.0" grams="8.0" name="cookie"/>
<nutrient amount="435.0" name="Energy"/>
<nutrient amount="6.8" name="Protein"/>
<nutrient amount="73.7" name="Carbs"/>
<nutrient amount="3.4" name="Fiber"/>
<nutrient amount="24.2" name="Sugars"/>
<nutrient amount="12.6" name="Fat"/>
<nutrient amount="5.7" name="Water"/>
<nutrient amount="1.2" name="Ash"/>
<nutrient amount="83.0" name="Calcium"/>
<nutrient amount="0.04" name="Copper"/>
<nutrient amount="2.9" name="Iron"/>
<nutrient amount="30.0" name="Magnesium"/>
<nutrient amount="0.22" name="Manganese"/>
<nutrient amount="189.0" name="Phosphorus"/>
<nutrient amount="425.0" name="Potassium"/>
<nutrient amount="20.5" name="Selenium"/>
<nutrient amount="9.0" name="Sodium"/>
<nutrient amount="0.8" name="Zinc"/>
<nutrient amount="2348.0" name="Vitamin A"/>
<nutrient amount="810.0" name="Alpha-carotene"/>
<nutrient amount="1002.0" name="Beta-carotene"/>
<nutrient amount="2.0" name="Beta-cryptoxanthin"/>
<nutrient amount="175.0" name="Lutein+Zeaxanthin"/>
<nutrient amount="110.0" name="Folate"/>
<nutrient amount="0.44" name="B1 (Thiamine)"/>
<nutrient amount="0.42" name="B2 (Riboflavin)"/>
<nutrient amount="3.6" name="B3 (Niacin)"/>
<nutrient amount="0.389" name="B5 (Pantothenic Acid)"/>
<nutrient amount="0.21" name="B6 (Pyridoxine)"/>
<nutrient amount="0.22" name="B12 (Cyanocobalamin)"/>
<nutrient amount="1.5" name="Vitamin C"/>
<nutrient amount="1.48" name="Vitamin E"/>
<nutrient amount="3.2" name="Vitamin K"/>
<nutrient amount="2.7" name="Saturated"/>
<nutrient amount="4.865" name="Monounsaturated"/>
<nutrient amount="4.334" name="Polyunsaturated"/>
<nutrient amount="0.3" name="Omega-3"/>
<nutrient amount="4.02" name="Omega-6"/>
<nutrient amount="4.0" name="Cholesterol"/>
</food>
