<food fcf="9.0" pcf="4.0" uid="03209" name="Babyfood, crackers, vegetable" ccf="4.0">
<measure amount="1.0" grams="0.7" name="cracker"/>
<nutrient amount="476.0" name="Energy"/>
<nutrient amount="8.4" name="Protein"/>
<nutrient amount="66.9" name="Carbs"/>
<nutrient amount="4.0" name="Fiber"/>
<nutrient amount="13.0" name="Sugars"/>
<nutrient amount="19.6" name="Fat"/>
<nutrient amount="2.0" name="Water"/>
<nutrient amount="3.15" name="Ash"/>
<nutrient amount="41.0" name="Calcium"/>
<nutrient amount="0.13" name="Copper"/>
<nutrient amount="4.2" name="Iron"/>
<nutrient amount="37.0" name="Magnesium"/>
<nutrient amount="0.77" name="Manganese"/>
<nutrient amount="198.0" name="Phosphorus"/>
<nutrient amount="245.0" name="Potassium"/>
<nutrient amount="13.7" name="Selenium"/>
<nutrient amount="1074.0" name="Sodium"/>
<nutrient amount="0.9" name="Zinc"/>
<nutrient amount="3572.0" name="Vitamin A"/>
<nutrient amount="636.0" name="Alpha-carotene"/>
<nutrient amount="1825.0" name="Beta-carotene"/>
<nutrient amount="1.0" name="Beta-cryptoxanthin"/>
<nutrient amount="1883.0" name="Lycopene"/>
<nutrient amount="359.0" name="Lutein+Zeaxanthin"/>
<nutrient amount="107.0" name="Folate"/>
<nutrient amount="0.35" name="B1 (Thiamine)"/>
<nutrient amount="0.33" name="B2 (Riboflavin)"/>
<nutrient amount="4.05" name="B3 (Niacin)"/>
<nutrient amount="0.466" name="B5 (Pantothenic Acid)"/>
<nutrient amount="0.12" name="B6 (Pyridoxine)"/>
<nutrient amount="50.5" name="Vitamin C"/>
<nutrient amount="2.96" name="Vitamin E"/>
<nutrient amount="35.0" name="Vitamin K"/>
<nutrient amount="3.469" name="Saturated"/>
<nutrient amount="5.728" name="Monounsaturated"/>
<nutrient amount="9.325" name="Polyunsaturated"/>
<nutrient amount="0.548" name="Omega-3"/>
<nutrient amount="8.776" name="Omega-6"/>
</food>
