<food fcf="9.0" pcf="4.0" uid="03205" name="Babyfood, oatmeal cereal with fruit, dry, instant, toddler" ccf="4.0">
<measure amount="1.0" grams="5.3" name="tbsp"/>
<measure amount="1.0" grams="21.0" name="packet (.75 oz)"/>
<nutrient amount="402.0" name="Energy"/>
<nutrient amount="10.5" name="Protein"/>
<nutrient amount="74.15" name="Carbs"/>
<nutrient amount="7.8" name="Fiber"/>
<nutrient amount="11.09" name="Sugars"/>
<nutrient amount="7.05" name="Fat"/>
<nutrient amount="5.4" name="Water"/>
<nutrient amount="2.95" name="Ash"/>
<nutrient amount="286.0" name="Calcium"/>
<nutrient amount="0.34" name="Copper"/>
<nutrient amount="14.3" name="Iron"/>
<nutrient amount="107.0" name="Magnesium"/>
<nutrient amount="2.8" name="Manganese"/>
<nutrient amount="429.0" name="Phosphorus"/>
<nutrient amount="346.0" name="Potassium"/>
<nutrient amount="20.5" name="Selenium"/>
<nutrient amount="200.0" name="Sodium"/>
<nutrient amount="5.7" name="Zinc"/>
<nutrient amount="89.0" name="Vitamin A"/>
<nutrient amount="12.0" name="Alpha-carotene"/>
<nutrient amount="41.0" name="Beta-carotene"/>
<nutrient amount="13.0" name="Beta-cryptoxanthin"/>
<nutrient amount="32.0" name="Lutein+Zeaxanthin"/>
<nutrient amount="18.0" name="Folate"/>
<nutrient amount="0.75" name="B1 (Thiamine)"/>
<nutrient amount="0.86" name="B2 (Riboflavin)"/>
<nutrient amount="9.6" name="B3 (Niacin)"/>
<nutrient amount="0.38" name="B6 (Pyridoxine)"/>
<nutrient amount="2.7" name="Vitamin C"/>
<nutrient amount="2.48" name="Vitamin E"/>
<nutrient amount="7.5" name="Vitamin K"/>
<nutrient amount="1.572" name="Saturated"/>
<nutrient amount="3.008" name="Monounsaturated"/>
<nutrient amount="2.29" name="Polyunsaturated"/>
<nutrient amount="0.093" name="Omega-3"/>
<nutrient amount="2.197" name="Omega-6"/>
</food>
