<food fcf="8.4" pcf="3.5" uid="03211" name="Babyfood, cereal, high protein, with apple and orange, dry" ccf="4.0">
<measure amount="1.0" grams="2.4" name="tbsp"/>
<measure amount="0.5" grams="14.2" name="oz"/>
<nutrient amount="374.0" name="Energy"/>
<nutrient amount="25.4" name="Protein"/>
<nutrient amount="57.6" name="Carbs"/>
<nutrient amount="7.1" name="Fiber"/>
<nutrient amount="6.5" name="Fat"/>
<nutrient amount="5.3" name="Water"/>
<nutrient amount="5.2" name="Ash"/>
<nutrient amount="751.0" name="Calcium"/>
<nutrient amount="0.964" name="Copper"/>
<nutrient amount="47.5" name="Iron"/>
<nutrient amount="159.0" name="Magnesium"/>
<nutrient amount="539.0" name="Phosphorus"/>
<nutrient amount="1330.0" name="Potassium"/>
<nutrient amount="28.3" name="Selenium"/>
<nutrient amount="104.0" name="Sodium"/>
<nutrient amount="2.7" name="Zinc"/>
<nutrient amount="54.0" name="Vitamin A"/>
<nutrient amount="190.0" name="Folate"/>
<nutrient amount="3.79" name="B1 (Thiamine)"/>
<nutrient amount="4.33" name="B2 (Riboflavin)"/>
<nutrient amount="23.83" name="B3 (Niacin)"/>
<nutrient amount="0.351" name="B6 (Pyridoxine)"/>
<nutrient amount="0.3" name="B12 (Cyanocobalamin)"/>
<nutrient amount="3.1" name="Vitamin C"/>
<nutrient amount="0.96" name="Saturated"/>
<nutrient amount="1.231" name="Monounsaturated"/>
<nutrient amount="3.429" name="Polyunsaturated"/>
<nutrient amount="0.403" name="Omega-3"/>
<nutrient amount="3.022" name="Omega-6"/>
</food>
