<food fcf="8.4" pcf="4.0" uid="03213" name="Babyfood, cookies" ccf="4.1">
<measure amount="1.0" grams="28.35" name="oz"/>
<measure amount="1.0" grams="6.5" name="cookie"/>
<nutrient amount="433.0" name="Energy"/>
<nutrient amount="11.8" name="Protein"/>
<nutrient amount="67.1" name="Carbs"/>
<nutrient amount="0.2" name="Fiber"/>
<nutrient amount="24.9" name="Sugars"/>
<nutrient amount="13.2" name="Fat"/>
<nutrient amount="5.9" name="Water"/>
<nutrient amount="2.0" name="Ash"/>
<nutrient amount="101.0" name="Calcium"/>
<nutrient amount="0.074" name="Copper"/>
<nutrient amount="4.18" name="Iron"/>
<nutrient amount="49.0" name="Magnesium"/>
<nutrient amount="179.0" name="Phosphorus"/>
<nutrient amount="501.0" name="Potassium"/>
<nutrient amount="17.2" name="Selenium"/>
<nutrient amount="192.0" name="Sodium"/>
<nutrient amount="1.1" name="Zinc"/>
<nutrient amount="23.0" name="Vitamin A"/>
<nutrient amount="6.0" name="Retinol"/>
<nutrient amount="1.0" name="Beta-carotene"/>
<nutrient amount="6.0" name="Lutein+Zeaxanthin"/>
<nutrient amount="70.0" name="Folate"/>
<nutrient amount="1.459" name="B1 (Thiamine)"/>
<nutrient amount="3.229" name="B2 (Riboflavin)"/>
<nutrient amount="15.966" name="B3 (Niacin)"/>
<nutrient amount="0.529" name="B5 (Pantothenic Acid)"/>
<nutrient amount="5.899" name="B6 (Pyridoxine)"/>
<nutrient amount="4.59" name="B12 (Cyanocobalamin)"/>
<nutrient amount="7.0" name="Vitamin C"/>
<nutrient amount="0.46" name="Vitamin E"/>
<nutrient amount="5.5" name="Vitamin K"/>
<nutrient amount="3.7" name="Saturated"/>
<nutrient amount="7.38" name="Monounsaturated"/>
<nutrient amount="1.11" name="Polyunsaturated"/>
<nutrient amount="0.04" name="Omega-3"/>
<nutrient amount="0.99" name="Omega-6"/>
</food>
