<food fcf="8.4" pcf="4.0" uid="03214" name="Babyfood, cookies, arrowroot" ccf="4.1">
<measure amount="1.0" grams="28.35" name="oz"/>
<measure amount="1.0" grams="5.0" name="cookie"/>
<nutrient amount="442.0" name="Energy"/>
<nutrient amount="7.6" name="Protein"/>
<nutrient amount="71.2" name="Carbs"/>
<nutrient amount="0.2" name="Fiber"/>
<nutrient amount="14.3" name="Fat"/>
<nutrient amount="5.6" name="Water"/>
<nutrient amount="1.4" name="Ash"/>
<nutrient amount="32.0" name="Calcium"/>
<nutrient amount="0.074" name="Copper"/>
<nutrient amount="3.0" name="Iron"/>
<nutrient amount="22.0" name="Magnesium"/>
<nutrient amount="116.0" name="Phosphorus"/>
<nutrient amount="156.0" name="Potassium"/>
<nutrient amount="17.2" name="Selenium"/>
<nutrient amount="370.0" name="Sodium"/>
<nutrient amount="0.53" name="Zinc"/>
<nutrient amount="35.0" name="Folate"/>
<nutrient amount="0.499" name="B1 (Thiamine)"/>
<nutrient amount="0.429" name="B2 (Riboflavin)"/>
<nutrient amount="5.739" name="B3 (Niacin)"/>
<nutrient amount="0.531" name="B5 (Pantothenic Acid)"/>
<nutrient amount="0.04" name="B6 (Pyridoxine)"/>
<nutrient amount="0.07" name="B12 (Cyanocobalamin)"/>
<nutrient amount="5.5" name="Vitamin C"/>
<nutrient amount="3.33" name="Saturated"/>
<nutrient amount="8.98" name="Monounsaturated"/>
<nutrient amount="0.84" name="Polyunsaturated"/>
<nutrient amount="0.04" name="Omega-3"/>
<nutrient amount="0.78" name="Omega-6"/>
<nutrient amount="1.0" name="Cholesterol"/>
</food>
