<food fcf="8.9" pcf="4.3" uid="03224" name="Babyfood, dessert, cherry vanilla pudding, strained" ccf="3.6">
<measure amount="1.0" grams="28.35" name="oz"/>
<measure amount="1.0" grams="113.0" name="jar"/>
<nutrient amount="68.0" name="Energy"/>
<nutrient amount="0.2" name="Protein"/>
<nutrient amount="17.8" name="Carbs"/>
<nutrient amount="0.3" name="Fiber"/>
<nutrient amount="9.15" name="Sugars"/>
<nutrient amount="0.3" name="Fat"/>
<nutrient amount="81.5" name="Water"/>
<nutrient amount="0.2" name="Ash"/>
<nutrient amount="5.0" name="Calcium"/>
<nutrient amount="0.05" name="Copper"/>
<nutrient amount="0.19" name="Iron"/>
<nutrient amount="2.0" name="Magnesium"/>
<nutrient amount="7.0" name="Phosphorus"/>
<nutrient amount="34.0" name="Potassium"/>
<nutrient amount="0.6" name="Selenium"/>
<nutrient amount="16.0" name="Sodium"/>
<nutrient amount="0.04" name="Zinc"/>
<nutrient amount="261.0" name="Vitamin A"/>
<nutrient amount="6.0" name="Retinol"/>
<nutrient amount="145.0" name="Beta-carotene"/>
<nutrient amount="9.0" name="Lutein+Zeaxanthin"/>
<nutrient amount="0.0080" name="B1 (Thiamine)"/>
<nutrient amount="0.011" name="B2 (Riboflavin)"/>
<nutrient amount="0.038" name="B3 (Niacin)"/>
<nutrient amount="0.011" name="B6 (Pyridoxine)"/>
<nutrient amount="0.01" name="B12 (Cyanocobalamin)"/>
<nutrient amount="1.1" name="Vitamin C"/>
<nutrient amount="0.01" name="Vitamin E"/>
<nutrient amount="0.2" name="Vitamin K"/>
<nutrient amount="0.087" name="Saturated"/>
<nutrient amount="0.105" name="Monounsaturated"/>
<nutrient amount="0.053" name="Polyunsaturated"/>
<nutrient amount="0.013000000000000001" name="Omega-3"/>
<nutrient amount="0.04" name="Omega-6"/>
<nutrient amount="10.0" name="Cholesterol"/>
</food>
