<food fcf="8.4" pcf="3.4" uid="03235" name="Babyfood, dessert, fruit dessert, without ascorbic acid, strained" ccf="3.6">
<measure amount="1.0" grams="15.0" name="tbsp"/>
<measure amount="1.0" grams="28.35" name="oz"/>
<measure amount="1.0" grams="113.0" name="jar"/>
<measure amount="1.0" grams="113.0" name="jar Gerber Second Food (4 oz)"/>
<measure amount="1.0" grams="120.0" name="jar Heinz Strained-2 (4.25 oz)"/>
<nutrient amount="59.0" name="Energy"/>
<nutrient amount="0.3" name="Protein"/>
<nutrient amount="16.0" name="Carbs"/>
<nutrient amount="0.6" name="Fiber"/>
<nutrient amount="12.6" name="Sugars"/>
<nutrient amount="83.4" name="Water"/>
<nutrient amount="0.3" name="Ash"/>
<nutrient amount="9.0" name="Calcium"/>
<nutrient amount="0.03" name="Copper"/>
<nutrient amount="0.22" name="Iron"/>
<nutrient amount="5.0" name="Magnesium"/>
<nutrient amount="7.0" name="Phosphorus"/>
<nutrient amount="94.0" name="Potassium"/>
<nutrient amount="0.4" name="Selenium"/>
<nutrient amount="14.0" name="Sodium"/>
<nutrient amount="0.04" name="Zinc"/>
<nutrient amount="132.0" name="Vitamin A"/>
<nutrient amount="2.0" name="Alpha-carotene"/>
<nutrient amount="64.0" name="Beta-carotene"/>
<nutrient amount="27.0" name="Beta-cryptoxanthin"/>
<nutrient amount="43.0" name="Lutein+Zeaxanthin"/>
<nutrient amount="3.0" name="Folate"/>
<nutrient amount="0.016" name="B1 (Thiamine)"/>
<nutrient amount="0.0090" name="B2 (Riboflavin)"/>
<nutrient amount="0.143" name="B3 (Niacin)"/>
<nutrient amount="0.104" name="B5 (Pantothenic Acid)"/>
<nutrient amount="0.037" name="B6 (Pyridoxine)"/>
<nutrient amount="2.5" name="Vitamin C"/>
<nutrient amount="0.29" name="Vitamin E"/>
<nutrient amount="0.01" name="Gamma Tocopherol"/>
<nutrient amount="1.5" name="Vitamin K"/>
</food>
