<food fcf="8.4" pcf="3.4" uid="03238" name="Babyfood, dessert, tropical fruit, junior" ccf="3.6">
<measure amount="1.0" grams="28.35" name="oz"/>
<measure amount="1.0" grams="113.0" name="jar"/>
<nutrient amount="60.0" name="Energy"/>
<nutrient amount="0.2" name="Protein"/>
<nutrient amount="16.4" name="Carbs"/>
<nutrient amount="83.2" name="Water"/>
<nutrient amount="0.2" name="Ash"/>
<nutrient amount="10.0" name="Calcium"/>
<nutrient amount="0.028" name="Copper"/>
<nutrient amount="0.26" name="Iron"/>
<nutrient amount="5.0" name="Magnesium"/>
<nutrient amount="8.0" name="Phosphorus"/>
<nutrient amount="58.0" name="Potassium"/>
<nutrient amount="0.4" name="Selenium"/>
<nutrient amount="7.0" name="Sodium"/>
<nutrient amount="0.05" name="Zinc"/>
<nutrient amount="20.0" name="Vitamin A"/>
<nutrient amount="3.0" name="Folate"/>
<nutrient amount="0.011" name="B1 (Thiamine)"/>
<nutrient amount="0.031" name="B2 (Riboflavin)"/>
<nutrient amount="0.08" name="B3 (Niacin)"/>
<nutrient amount="0.094" name="B5 (Pantothenic Acid)"/>
<nutrient amount="0.031" name="B6 (Pyridoxine)"/>
<nutrient amount="18.8" name="Vitamin C"/>
</food>
