<food fcf="8.9" pcf="4.3" uid="03245" name="Babyfood, dessert, custard pudding, vanilla, strained" ccf="3.8">
<measure amount="1.0" grams="229.0" name="cup"/>
<measure amount="1.0" grams="14.0" name="tbsp"/>
<measure amount="1.0" grams="28.35" name="oz"/>
<measure amount="1.0" grams="113.0" name="jar"/>
<measure amount="1.0" grams="113.0" name="jar Gerber Second Food (4 oz)"/>
<measure amount="1.0" grams="113.0" name="jar Beech-Nut Stage 2 (4 oz)"/>
<measure amount="1.0" grams="113.0" name="jar Heinz Strained-2 (4 oz)"/>
<nutrient amount="85.0" name="Energy"/>
<nutrient amount="1.6" name="Protein"/>
<nutrient amount="16.0" name="Carbs"/>
<nutrient amount="11.5" name="Sugars"/>
<nutrient amount="2.0" name="Fat"/>
<nutrient amount="79.9" name="Water"/>
<nutrient amount="0.5" name="Ash"/>
<nutrient amount="0.05" name="ALA"/>
<nutrient amount="0.13" name="ASP"/>
<nutrient amount="0.062" name="ARG"/>
<nutrient amount="0.291" name="GLU"/>
<nutrient amount="0.033" name="GLY"/>
<nutrient amount="0.041" name="HIS"/>
<nutrient amount="0.075" name="ILE"/>
<nutrient amount="0.059" name="LEU"/>
<nutrient amount="0.114" name="LYS"/>
<nutrient amount="0.046" name="MET"/>
<nutrient amount="0.073" name="PHE"/>
<nutrient amount="0.098" name="PRO"/>
<nutrient amount="0.082" name="SER"/>
<nutrient amount="0.059" name="THR"/>
<nutrient amount="0.059" name="TYR"/>
<nutrient amount="0.088" name="VAL"/>
<nutrient amount="55.0" name="Calcium"/>
<nutrient amount="0.05" name="Copper"/>
<nutrient amount="0.24" name="Iron"/>
<nutrient amount="5.0" name="Magnesium"/>
<nutrient amount="45.0" name="Phosphorus"/>
<nutrient amount="66.0" name="Potassium"/>
<nutrient amount="2.4" name="Selenium"/>
<nutrient amount="28.0" name="Sodium"/>
<nutrient amount="0.28" name="Zinc"/>
<nutrient amount="64.0" name="Vitamin A"/>
<nutrient amount="18.0" name="Retinol"/>
<nutrient amount="1.0" name="Alpha-carotene"/>
<nutrient amount="2.0" name="Beta-carotene"/>
<nutrient amount="1.0" name="Beta-cryptoxanthin"/>
<nutrient amount="39.0" name="Lutein+Zeaxanthin"/>
<nutrient amount="6.0" name="Folate"/>
<nutrient amount="0.012" name="B1 (Thiamine)"/>
<nutrient amount="0.08" name="B2 (Riboflavin)"/>
<nutrient amount="0.04" name="B3 (Niacin)"/>
<nutrient amount="0.25" name="B5 (Pantothenic Acid)"/>
<nutrient amount="0.02" name="B6 (Pyridoxine)"/>
<nutrient amount="0.01" name="B12 (Cyanocobalamin)"/>
<nutrient amount="0.8" name="Vitamin C"/>
<nutrient amount="0.23" name="Vitamin E"/>
<nutrient amount="1.01" name="Saturated"/>
<nutrient amount="0.68" name="Monounsaturated"/>
<nutrient amount="0.16" name="Polyunsaturated"/>
<nutrient amount="0.01" name="Omega-3"/>
<nutrient amount="0.15" name="Omega-6"/>
<nutrient amount="8.0" name="Cholesterol"/>
</food>
