<food fcf="8.37" pcf="3.36" uid="03265" name="Babyfood, juice, apple and grape" ccf="3.92">
<measure amount="1.0" grams="31.2" name="fl oz"/>
<measure amount="1.0" grams="127.0" name="jar"/>
<measure amount="1.0" grams="131.0" name="bottle Earth's Best (4.2 fl oz)"/>
<measure amount="1.0" grams="125.0" name="bottle Heinz Strained (4 fl oz)"/>
<measure amount="1.0" grams="125.0" name="bottle Beech-Nut Stage 2 (4 fl oz)"/>
<measure amount="1.0" grams="125.0" name="bottle Gerber Second Foods (4 fl oz)"/>
<nutrient amount="46.0" name="Energy"/>
<nutrient amount="0.1" name="Protein"/>
<nutrient amount="11.34" name="Carbs"/>
<nutrient amount="0.1" name="Fiber"/>
<nutrient amount="10.9" name="Sugars"/>
<nutrient amount="0.2" name="Fat"/>
<nutrient amount="88.1" name="Water"/>
<nutrient amount="0.26" name="Ash"/>
<nutrient amount="6.0" name="Calcium"/>
<nutrient amount="0.078" name="Copper"/>
<nutrient amount="0.39" name="Iron"/>
<nutrient amount="3.0" name="Magnesium"/>
<nutrient amount="5.0" name="Phosphorus"/>
<nutrient amount="90.0" name="Potassium"/>
<nutrient amount="0.1" name="Selenium"/>
<nutrient amount="3.0" name="Sodium"/>
<nutrient amount="0.04" name="Zinc"/>
<nutrient amount="4.0" name="Vitamin A"/>
<nutrient amount="2.0" name="Beta-carotene"/>
<nutrient amount="1.0" name="Folate"/>
<nutrient amount="0.0070" name="B1 (Thiamine)"/>
<nutrient amount="0.021" name="B2 (Riboflavin)"/>
<nutrient amount="0.109" name="B3 (Niacin)"/>
<nutrient amount="0.075" name="B5 (Pantothenic Acid)"/>
<nutrient amount="0.034" name="B6 (Pyridoxine)"/>
<nutrient amount="135.9" name="Vitamin C"/>
<nutrient amount="0.04" name="Saturated"/>
<nutrient amount="0.0090" name="Monounsaturated"/>
<nutrient amount="0.059" name="Polyunsaturated"/>
<nutrient amount="0.011" name="Omega-3"/>
<nutrient amount="0.049" name="Omega-6"/>
</food>
