<food fcf="8.37" pcf="3.36" uid="03268" name="Babyfood, juice, apple and cherry" ccf="3.92">
<measure amount="1.0" grams="31.2" name="fl oz"/>
<measure amount="1.0" grams="127.0" name="jar"/>
<nutrient amount="41.0" name="Energy"/>
<nutrient amount="0.1" name="Protein"/>
<nutrient amount="9.9" name="Carbs"/>
<nutrient amount="0.1" name="Fiber"/>
<nutrient amount="8.98" name="Sugars"/>
<nutrient amount="0.2" name="Fat"/>
<nutrient amount="89.5" name="Water"/>
<nutrient amount="0.3" name="Ash"/>
<nutrient amount="5.0" name="Calcium"/>
<nutrient amount="0.043" name="Copper"/>
<nutrient amount="0.66" name="Iron"/>
<nutrient amount="3.0" name="Magnesium"/>
<nutrient amount="6.0" name="Phosphorus"/>
<nutrient amount="98.0" name="Potassium"/>
<nutrient amount="0.1" name="Selenium"/>
<nutrient amount="3.0" name="Sodium"/>
<nutrient amount="0.03" name="Zinc"/>
<nutrient amount="5.0" name="Vitamin A"/>
<nutrient amount="3.0" name="Beta-carotene"/>
<nutrient amount="26.0" name="Lutein+Zeaxanthin"/>
<nutrient amount="0.0080" name="B1 (Thiamine)"/>
<nutrient amount="0.015" name="B2 (Riboflavin)"/>
<nutrient amount="0.094" name="B3 (Niacin)"/>
<nutrient amount="0.102" name="B5 (Pantothenic Acid)"/>
<nutrient amount="0.031" name="B6 (Pyridoxine)"/>
<nutrient amount="58.3" name="Vitamin C"/>
<nutrient amount="0.02" name="Vitamin E"/>
<nutrient amount="0.4" name="Vitamin K"/>
<nutrient amount="0.035" name="Saturated"/>
<nutrient amount="0.011" name="Monounsaturated"/>
<nutrient amount="0.06" name="Polyunsaturated"/>
<nutrient amount="0.012" name="Omega-3"/>
<nutrient amount="0.05" name="Omega-6"/>
</food>
