<food fcf="8.4" pcf="3.0" uid="03279" name="Babyfood, dinner, mixed vegetable, junior" ccf="3.8">
<measure amount="1.0" grams="28.35" name="oz"/>
<measure amount="1.0" grams="170.0" name="jar"/>
<nutrient amount="33.0" name="Energy"/>
<nutrient amount="1.0" name="Protein"/>
<nutrient amount="7.9" name="Carbs"/>
<nutrient amount="90.6" name="Water"/>
<nutrient amount="0.4" name="Ash"/>
<nutrient amount="17.0" name="Calcium"/>
<nutrient amount="0.036" name="Copper"/>
<nutrient amount="0.31" name="Iron"/>
<nutrient amount="10.0" name="Magnesium"/>
<nutrient amount="22.0" name="Phosphorus"/>
<nutrient amount="112.0" name="Potassium"/>
<nutrient amount="0.7" name="Selenium"/>
<nutrient amount="9.0" name="Sodium"/>
<nutrient amount="0.24" name="Zinc"/>
<nutrient amount="2444.0" name="Vitamin A"/>
<nutrient amount="7.0" name="Folate"/>
<nutrient amount="0.014" name="B1 (Thiamine)"/>
<nutrient amount="0.024" name="B2 (Riboflavin)"/>
<nutrient amount="0.414" name="B3 (Niacin)"/>
<nutrient amount="0.23" name="B5 (Pantothenic Acid)"/>
<nutrient amount="0.075" name="B6 (Pyridoxine)"/>
<nutrient amount="3.3" name="Vitamin C"/>
</food>
