<food fcf="9.0" pcf="4.0" uid="03274" name="Babyfood, dinner, vegetables and chicken, junior" ccf="4.0">
<measure amount="1.0" grams="256.0" name="cup"/>
<measure amount="1.0" grams="16.0" name="tbsp"/>
<measure amount="1.0" grams="28.35" name="oz"/>
<measure amount="1.0" grams="170.0" name="jar"/>
<measure amount="1.0" grams="170.0" name="jar Beech-Nut Stage 3 (6 oz)"/>
<measure amount="1.0" grams="170.0" name="jar Gerber Third Foods (6 oz)"/>
<nutrient amount="53.0" name="Energy"/>
<nutrient amount="2.04" name="Protein"/>
<nutrient amount="8.66" name="Carbs"/>
<nutrient amount="1.1" name="Fiber"/>
<nutrient amount="1.46" name="Sugars"/>
<nutrient amount="1.12" name="Fat"/>
<nutrient amount="87.76" name="Water"/>
<nutrient amount="0.42" name="Ash"/>
<nutrient amount="27.0" name="Calcium"/>
<nutrient amount="0.02" name="Copper"/>
<nutrient amount="0.33" name="Iron"/>
<nutrient amount="8.0" name="Magnesium"/>
<nutrient amount="0.11" name="Manganese"/>
<nutrient amount="32.0" name="Phosphorus"/>
<nutrient amount="83.0" name="Potassium"/>
<nutrient amount="2.1" name="Selenium"/>
<nutrient amount="76.0" name="Sodium"/>
<nutrient amount="0.3" name="Zinc"/>
<nutrient amount="2612.0" name="Vitamin A"/>
<nutrient amount="592.0" name="Alpha-carotene"/>
<nutrient amount="1270.0" name="Beta-carotene"/>
<nutrient amount="36.0" name="Lutein+Zeaxanthin"/>
<nutrient amount="3.0" name="Folate"/>
<nutrient amount="0.025" name="B1 (Thiamine)"/>
<nutrient amount="0.046" name="B2 (Riboflavin)"/>
<nutrient amount="0.628" name="B3 (Niacin)"/>
<nutrient amount="0.127" name="B5 (Pantothenic Acid)"/>
<nutrient amount="0.046" name="B6 (Pyridoxine)"/>
<nutrient amount="0.02" name="B12 (Cyanocobalamin)"/>
<nutrient amount="0.2" name="Vitamin C"/>
<nutrient amount="0.16" name="Vitamin E"/>
<nutrient amount="2.1" name="Vitamin K"/>
<nutrient amount="0.302" name="Saturated"/>
<nutrient amount="0.402" name="Monounsaturated"/>
<nutrient amount="0.269" name="Polyunsaturated"/>
<nutrient amount="0.015" name="Omega-3"/>
<nutrient amount="0.247" name="Omega-6"/>
<nutrient amount="7.0" name="Cholesterol"/>
</food>
