<food fcf="8.9" pcf="4.1" uid="03287" name="Babyfood, dinner, beef noodle, junior" ccf="4.1">
<measure amount="1.0" grams="16.0" name="tbsp"/>
<measure amount="1.0" grams="28.35" name="oz"/>
<measure amount="1.0" grams="170.0" name="jar"/>
<measure amount="1.0" grams="170.0" name="jar Beech-Nut Stage 3 (6 oz)"/>
<measure amount="1.0" grams="170.0" name="jar Gerber Third Foods (6 oz)"/>
<measure amount="1.0" grams="170.0" name="jar Heinz Junior-3 (6 oz)"/>
<nutrient amount="57.0" name="Energy"/>
<nutrient amount="2.5" name="Protein"/>
<nutrient amount="7.4" name="Carbs"/>
<nutrient amount="1.1" name="Fiber"/>
<nutrient amount="1.45" name="Sugars"/>
<nutrient amount="1.9" name="Fat"/>
<nutrient amount="87.8" name="Water"/>
<nutrient amount="0.5" name="Ash"/>
<nutrient amount="0.149" name="ALA"/>
<nutrient amount="0.22" name="ASP"/>
<nutrient amount="0.157" name="ARG"/>
<nutrient amount="0.029" name="CYS"/>
<nutrient amount="0.517" name="GLU"/>
<nutrient amount="0.153" name="GLY"/>
<nutrient amount="0.074" name="HIS"/>
<nutrient amount="0.138" name="ILE"/>
<nutrient amount="0.208" name="LEU"/>
<nutrient amount="0.185" name="LYS"/>
<nutrient amount="0.053" name="MET"/>
<nutrient amount="0.117" name="PHE"/>
<nutrient amount="0.186" name="PRO"/>
<nutrient amount="0.098" name="SER"/>
<nutrient amount="0.099" name="THR"/>
<nutrient amount="0.027" name="TRP"/>
<nutrient amount="0.093" name="TYR"/>
<nutrient amount="0.132" name="VAL"/>
<nutrient amount="8.0" name="Calcium"/>
<nutrient amount="0.032" name="Copper"/>
<nutrient amount="0.43" name="Iron"/>
<nutrient amount="7.0" name="Magnesium"/>
<nutrient amount="30.0" name="Phosphorus"/>
<nutrient amount="46.0" name="Potassium"/>
<nutrient amount="5.7" name="Selenium"/>
<nutrient amount="17.0" name="Sodium"/>
<nutrient amount="0.4" name="Zinc"/>
<nutrient amount="656.0" name="Vitamin A"/>
<nutrient amount="146.0" name="Alpha-carotene"/>
<nutrient amount="320.0" name="Beta-carotene"/>
<nutrient amount="1030.0" name="Lycopene"/>
<nutrient amount="163.0" name="Lutein+Zeaxanthin"/>
<nutrient amount="12.0" name="Folate"/>
<nutrient amount="0.028" name="B1 (Thiamine)"/>
<nutrient amount="0.036" name="B2 (Riboflavin)"/>
<nutrient amount="0.582" name="B3 (Niacin)"/>
<nutrient amount="0.23" name="B5 (Pantothenic Acid)"/>
<nutrient amount="0.031" name="B6 (Pyridoxine)"/>
<nutrient amount="0.1" name="B12 (Cyanocobalamin)"/>
<nutrient amount="1.4" name="Vitamin C"/>
<nutrient amount="0.47" name="Vitamin E"/>
<nutrient amount="4.6" name="Vitamin K"/>
<nutrient amount="0.766" name="Saturated"/>
<nutrient amount="0.838" name="Monounsaturated"/>
<nutrient amount="0.094" name="Polyunsaturated"/>
<nutrient amount="0.023" name="Omega-3"/>
<nutrient amount="0.069" name="Omega-6"/>
<nutrient amount="8.0" name="Cholesterol"/>
</food>
