<food fcf="8.37" pcf="2.44" uid="03283" name="Babyfood, vegetables, garden vegetable, strained" ccf="3.57">
<measure amount="1.0" grams="28.35" name="oz"/>
<measure amount="1.0" grams="113.0" name="jar"/>
<nutrient amount="32.0" name="Energy"/>
<nutrient amount="2.3" name="Protein"/>
<nutrient amount="6.8" name="Carbs"/>
<nutrient amount="1.5" name="Fiber"/>
<nutrient amount="2.57" name="Sugars"/>
<nutrient amount="0.2" name="Fat"/>
<nutrient amount="90.0" name="Water"/>
<nutrient amount="0.7" name="Ash"/>
<nutrient amount="0.107" name="ALA"/>
<nutrient amount="0.192" name="ASP"/>
<nutrient amount="0.196" name="ARG"/>
<nutrient amount="0.02" name="CYS"/>
<nutrient amount="0.293" name="GLU"/>
<nutrient amount="0.079" name="GLY"/>
<nutrient amount="0.045" name="HIS"/>
<nutrient amount="0.086" name="ILE"/>
<nutrient amount="0.143" name="LEU"/>
<nutrient amount="0.116" name="LYS"/>
<nutrient amount="0.043" name="MET"/>
<nutrient amount="0.088" name="PHE"/>
<nutrient amount="0.122" name="PRO"/>
<nutrient amount="0.077" name="SER"/>
<nutrient amount="0.073" name="THR"/>
<nutrient amount="0.027" name="TRP"/>
<nutrient amount="0.095" name="TYR"/>
<nutrient amount="0.099" name="VAL"/>
<nutrient amount="28.0" name="Calcium"/>
<nutrient amount="0.07" name="Copper"/>
<nutrient amount="0.83" name="Iron"/>
<nutrient amount="21.0" name="Magnesium"/>
<nutrient amount="28.0" name="Phosphorus"/>
<nutrient amount="168.0" name="Potassium"/>
<nutrient amount="0.7" name="Selenium"/>
<nutrient amount="35.0" name="Sodium"/>
<nutrient amount="0.26" name="Zinc"/>
<nutrient amount="6067.0" name="Vitamin A"/>
<nutrient amount="740.0" name="Alpha-carotene"/>
<nutrient amount="3270.0" name="Beta-carotene"/>
<nutrient amount="1374.0" name="Lutein+Zeaxanthin"/>
<nutrient amount="40.0" name="Folate"/>
<nutrient amount="0.061" name="B1 (Thiamine)"/>
<nutrient amount="0.069" name="B2 (Riboflavin)"/>
<nutrient amount="0.779" name="B3 (Niacin)"/>
<nutrient amount="0.26" name="B5 (Pantothenic Acid)"/>
<nutrient amount="0.1" name="B6 (Pyridoxine)"/>
<nutrient amount="5.7" name="Vitamin C"/>
<nutrient amount="0.52" name="Vitamin E"/>
<nutrient amount="24.5" name="Vitamin K"/>
<nutrient amount="0.035" name="Saturated"/>
<nutrient amount="0.011" name="Monounsaturated"/>
<nutrient amount="0.09" name="Polyunsaturated"/>
<nutrient amount="0.035" name="Omega-3"/>
<nutrient amount="0.053" name="Omega-6"/>
</food>
