<food fcf="8.37" pcf="2.44" uid="03286" name="Babyfood, vegetables, mix vegetables strained" ccf="3.57">
<measure amount="1.0" grams="28.35" name="oz"/>
<measure amount="1.0" grams="113.0" name="jar"/>
<nutrient amount="36.0" name="Energy"/>
<nutrient amount="1.2" name="Protein"/>
<nutrient amount="8.05" name="Carbs"/>
<nutrient amount="1.5" name="Fiber"/>
<nutrient amount="1.57" name="Sugars"/>
<nutrient amount="0.5" name="Fat"/>
<nutrient amount="89.8" name="Water"/>
<nutrient amount="0.45" name="Ash"/>
<nutrient amount="0.052" name="ALA"/>
<nutrient amount="0.139" name="ASP"/>
<nutrient amount="0.079" name="ARG"/>
<nutrient amount="0.024" name="CYS"/>
<nutrient amount="0.31" name="GLU"/>
<nutrient amount="0.046" name="GLY"/>
<nutrient amount="0.026" name="HIS"/>
<nutrient amount="0.047" name="ILE"/>
<nutrient amount="0.077" name="LEU"/>
<nutrient amount="0.04" name="LYS"/>
<nutrient amount="0.018" name="MET"/>
<nutrient amount="0.047" name="PHE"/>
<nutrient amount="0.092" name="PRO"/>
<nutrient amount="0.046" name="SER"/>
<nutrient amount="0.038" name="THR"/>
<nutrient amount="0.013" name="TRP"/>
<nutrient amount="0.044" name="TYR"/>
<nutrient amount="0.058" name="VAL"/>
<nutrient amount="13.0" name="Calcium"/>
<nutrient amount="0.04" name="Copper"/>
<nutrient amount="0.32" name="Iron"/>
<nutrient amount="10.0" name="Magnesium"/>
<nutrient amount="22.0" name="Phosphorus"/>
<nutrient amount="127.0" name="Potassium"/>
<nutrient amount="0.7" name="Selenium"/>
<nutrient amount="13.0" name="Sodium"/>
<nutrient amount="0.15" name="Zinc"/>
<nutrient amount="3166.0" name="Vitamin A"/>
<nutrient amount="699.0" name="Alpha-carotene"/>
<nutrient amount="1550.0" name="Beta-carotene"/>
<nutrient amount="381.0" name="Lutein+Zeaxanthin"/>
<nutrient amount="4.0" name="Folate"/>
<nutrient amount="0.022" name="B1 (Thiamine)"/>
<nutrient amount="0.025" name="B2 (Riboflavin)"/>
<nutrient amount="0.327" name="B3 (Niacin)"/>
<nutrient amount="0.25" name="B5 (Pantothenic Acid)"/>
<nutrient amount="0.055" name="B6 (Pyridoxine)"/>
<nutrient amount="1.7" name="Vitamin C"/>
<nutrient amount="0.24" name="Vitamin E"/>
<nutrient amount="7.0" name="Vitamin K"/>
<nutrient amount="0.089" name="Saturated"/>
<nutrient amount="0.118" name="Monounsaturated"/>
<nutrient amount="0.194" name="Polyunsaturated"/>
<nutrient amount="0.0080" name="Omega-3"/>
<nutrient amount="0.181" name="Omega-6"/>
</food>
