<food fcf="9.0" pcf="4.0" uid="03289" name="Babyfood, apples with ham, strained" ccf="4.0">
<measure amount="1.0" grams="15.0" name="tbsp"/>
<measure amount="1.0" grams="113.0" name="jar NFS"/>
<measure amount="1.0" grams="113.0" name="jar Gerber Second Food (4 oz)"/>
<nutrient amount="62.0" name="Energy"/>
<nutrient amount="2.6" name="Protein"/>
<nutrient amount="10.9" name="Carbs"/>
<nutrient amount="1.8" name="Fiber"/>
<nutrient amount="7.98" name="Sugars"/>
<nutrient amount="0.9" name="Fat"/>
<nutrient amount="85.3" name="Water"/>
<nutrient amount="0.3" name="Ash"/>
<nutrient amount="4.0" name="Calcium"/>
<nutrient amount="0.04" name="Copper"/>
<nutrient amount="0.3" name="Iron"/>
<nutrient amount="7.0" name="Magnesium"/>
<nutrient amount="0.02" name="Manganese"/>
<nutrient amount="34.0" name="Phosphorus"/>
<nutrient amount="120.0" name="Potassium"/>
<nutrient amount="4.6" name="Selenium"/>
<nutrient amount="9.0" name="Sodium"/>
<nutrient amount="0.4" name="Zinc"/>
<nutrient amount="6.0" name="Vitamin A"/>
<nutrient amount="3.0" name="Beta-carotene"/>
<nutrient amount="2.0" name="Beta-cryptoxanthin"/>
<nutrient amount="14.0" name="Lutein+Zeaxanthin"/>
<nutrient amount="2.0" name="Folate"/>
<nutrient amount="0.06" name="B1 (Thiamine)"/>
<nutrient amount="0.06" name="B2 (Riboflavin)"/>
<nutrient amount="0.73" name="B3 (Niacin)"/>
<nutrient amount="0.097" name="B5 (Pantothenic Acid)"/>
<nutrient amount="0.07" name="B6 (Pyridoxine)"/>
<nutrient amount="0.02" name="B12 (Cyanocobalamin)"/>
<nutrient amount="0.1" name="Vitamin C"/>
<nutrient amount="0.07" name="Vitamin E"/>
<nutrient amount="0.5" name="Vitamin K"/>
<nutrient amount="0.25" name="Saturated"/>
<nutrient amount="0.36" name="Monounsaturated"/>
<nutrient amount="0.111" name="Polyunsaturated"/>
<nutrient amount="0.0060" name="Omega-3"/>
<nutrient amount="0.10500000000000001" name="Omega-6"/>
<nutrient amount="8.0" name="Cholesterol"/>
</food>
