<food fcf="9.0" pcf="4.0" uid="03297" name="Babyfood, dinner, apples and chicken, strained" ccf="4.0">
<measure amount="1.0" grams="28.35" name="oz"/>
<measure amount="1.0" grams="113.0" name="jar"/>
<measure amount="1.0" grams="113.0" name="jar Gerber Second Food (4 oz)"/>
<measure amount="1.0" grams="113.0" name="jar Beech-Nut Stage 2 (4 oz)"/>
<measure amount="1.0" grams="113.0" name="jar Heinz Strained-2 (4 oz)"/>
<nutrient amount="65.0" name="Energy"/>
<nutrient amount="2.16" name="Protein"/>
<nutrient amount="10.87" name="Carbs"/>
<nutrient amount="1.8" name="Fiber"/>
<nutrient amount="7.9" name="Sugars"/>
<nutrient amount="1.38" name="Fat"/>
<nutrient amount="85.4" name="Water"/>
<nutrient amount="0.18" name="Ash"/>
<nutrient amount="18.0" name="Calcium"/>
<nutrient amount="0.04" name="Copper"/>
<nutrient amount="0.38" name="Iron"/>
<nutrient amount="6.0" name="Magnesium"/>
<nutrient amount="0.03" name="Manganese"/>
<nutrient amount="32.0" name="Phosphorus"/>
<nutrient amount="95.0" name="Potassium"/>
<nutrient amount="2.5" name="Selenium"/>
<nutrient amount="12.0" name="Sodium"/>
<nutrient amount="0.36" name="Zinc"/>
<nutrient amount="30.0" name="Vitamin A"/>
<nutrient amount="13.0" name="Beta-carotene"/>
<nutrient amount="10.0" name="Beta-cryptoxanthin"/>
<nutrient amount="16.0" name="Lutein+Zeaxanthin"/>
<nutrient amount="1.0" name="Folate"/>
<nutrient amount="0.02" name="B1 (Thiamine)"/>
<nutrient amount="0.057" name="B2 (Riboflavin)"/>
<nutrient amount="0.577" name="B3 (Niacin)"/>
<nutrient amount="0.098" name="B5 (Pantothenic Acid)"/>
<nutrient amount="0.083" name="B6 (Pyridoxine)"/>
<nutrient amount="0.02" name="B12 (Cyanocobalamin)"/>
<nutrient amount="0.2" name="Vitamin C"/>
<nutrient amount="0.07" name="Vitamin E"/>
<nutrient amount="0.6" name="Vitamin K"/>
<nutrient amount="0.347" name="Saturated"/>
<nutrient amount="0.411" name="Monounsaturated"/>
<nutrient amount="0.35" name="Polyunsaturated"/>
<nutrient amount="0.031" name="Omega-3"/>
<nutrient amount="0.314" name="Omega-6"/>
<nutrient amount="5.0" name="Cholesterol"/>
</food>
