<food fcf="9.0" pcf="4.0" uid="03298" name="Babyfood, dinner, broccoli and chicken, strained" ccf="4.0">
<measure amount="1.0" grams="28.35" name="oz"/>
<measure amount="1.0" grams="113.0" name="jar"/>
<measure amount="1.0" grams="113.0" name="jar Gerber Second Food (4 oz)"/>
<measure amount="1.0" grams="113.0" name="jar Heinz Strained-2 (4 oz)"/>
<nutrient amount="42.0" name="Energy"/>
<nutrient amount="3.93" name="Protein"/>
<nutrient amount="3.23" name="Carbs"/>
<nutrient amount="2.3" name="Fiber"/>
<nutrient amount="1.0" name="Sugars"/>
<nutrient amount="1.47" name="Fat"/>
<nutrient amount="90.84" name="Water"/>
<nutrient amount="0.53" name="Ash"/>
<nutrient amount="41.0" name="Calcium"/>
<nutrient amount="0.04" name="Copper"/>
<nutrient amount="0.57" name="Iron"/>
<nutrient amount="12.0" name="Magnesium"/>
<nutrient amount="0.13" name="Manganese"/>
<nutrient amount="59.0" name="Phosphorus"/>
<nutrient amount="169.0" name="Potassium"/>
<nutrient amount="3.8" name="Selenium"/>
<nutrient amount="19.0" name="Sodium"/>
<nutrient amount="0.6" name="Zinc"/>
<nutrient amount="455.0" name="Vitamin A"/>
<nutrient amount="6.0" name="Alpha-carotene"/>
<nutrient amount="269.0" name="Beta-carotene"/>
<nutrient amount="923.0" name="Lutein+Zeaxanthin"/>
<nutrient amount="45.0" name="Folate"/>
<nutrient amount="0.02" name="B1 (Thiamine)"/>
<nutrient amount="0.084" name="B2 (Riboflavin)"/>
<nutrient amount="0.776" name="B3 (Niacin)"/>
<nutrient amount="0.227" name="B5 (Pantothenic Acid)"/>
<nutrient amount="0.088" name="B6 (Pyridoxine)"/>
<nutrient amount="0.01" name="B12 (Cyanocobalamin)"/>
<nutrient amount="19.0" name="Vitamin C"/>
<nutrient amount="0.86" name="Vitamin E"/>
<nutrient amount="61.3" name="Vitamin K"/>
<nutrient amount="0.414" name="Saturated"/>
<nutrient amount="0.568" name="Monounsaturated"/>
<nutrient amount="0.367" name="Polyunsaturated"/>
<nutrient amount="0.08700000000000001" name="Omega-3"/>
<nutrient amount="0.273" name="Omega-6"/>
<nutrient amount="6.0" name="Cholesterol"/>
</food>
