<food fcf="9.0" pcf="4.0" uid="03304" name="Babyfood, dinner, potatoes with cheese and ham, toddler" ccf="4.0">
<nutrient amount="78.0" name="Energy"/>
<nutrient amount="3.5" name="Protein"/>
<nutrient amount="11.5" name="Carbs"/>
<nutrient amount="1.2" name="Fiber"/>
<nutrient amount="0.8" name="Sugars"/>
<nutrient amount="2.0" name="Fat"/>
<nutrient amount="81.5" name="Water"/>
<nutrient amount="1.03" name="Ash"/>
<nutrient amount="53.0" name="Calcium"/>
<nutrient amount="0.06" name="Copper"/>
<nutrient amount="0.4" name="Iron"/>
<nutrient amount="14.0" name="Magnesium"/>
<nutrient amount="0.018" name="Manganese"/>
<nutrient amount="108.0" name="Phosphorus"/>
<nutrient amount="143.0" name="Potassium"/>
<nutrient amount="5.5" name="Selenium"/>
<nutrient amount="205.0" name="Sodium"/>
<nutrient amount="0.6" name="Zinc"/>
<nutrient amount="31.0" name="Vitamin A"/>
<nutrient amount="8.0" name="Retinol"/>
<nutrient amount="3.0" name="Beta-carotene"/>
<nutrient amount="5.0" name="Lutein+Zeaxanthin"/>
<nutrient amount="6.0" name="Folate"/>
<nutrient amount="0.05" name="B1 (Thiamine)"/>
<nutrient amount="0.1" name="B2 (Riboflavin)"/>
<nutrient amount="1.06" name="B3 (Niacin)"/>
<nutrient amount="0.345" name="B5 (Pantothenic Acid)"/>
<nutrient amount="0.16" name="B6 (Pyridoxine)"/>
<nutrient amount="0.1" name="B12 (Cyanocobalamin)"/>
<nutrient amount="0.1" name="Vitamin C"/>
<nutrient amount="0.02" name="Vitamin E"/>
<nutrient amount="1.3" name="Vitamin K"/>
<nutrient amount="1.1" name="Saturated"/>
<nutrient amount="0.733" name="Monounsaturated"/>
<nutrient amount="0.163" name="Polyunsaturated"/>
<nutrient amount="0.032" name="Omega-3"/>
<nutrient amount="0.131" name="Omega-6"/>
<nutrient amount="6.0" name="Cholesterol"/>
</food>
