<food fcf="9.0" pcf="4.0" uid="03689" name="Babyfood, cereal, oatmeal, prepared with whole milk" ccf="4.0">
<measure amount="1.0" grams="28.35" name="oz"/>
<nutrient amount="116.0" name="Energy"/>
<nutrient amount="5.0" name="Protein"/>
<nutrient amount="15.3" name="Carbs"/>
<nutrient amount="1.1" name="Fiber"/>
<nutrient amount="4.1" name="Fat"/>
<nutrient amount="74.5" name="Water"/>
<nutrient amount="1.1" name="Ash"/>
<nutrient amount="0.203" name="ALA"/>
<nutrient amount="0.398" name="ASP"/>
<nutrient amount="0.269" name="ARG"/>
<nutrient amount="0.104" name="CYS"/>
<nutrient amount="1.102" name="GLU"/>
<nutrient amount="0.177" name="GLY"/>
<nutrient amount="0.113" name="HIS"/>
<nutrient amount="0.256" name="ILE"/>
<nutrient amount="0.445" name="LEU"/>
<nutrient amount="0.311" name="LYS"/>
<nutrient amount="0.112" name="MET"/>
<nutrient amount="0.222" name="PHE"/>
<nutrient amount="0.381" name="PRO"/>
<nutrient amount="0.261" name="SER"/>
<nutrient amount="0.201" name="THR"/>
<nutrient amount="0.067" name="TRP"/>
<nutrient amount="0.223" name="TYR"/>
<nutrient amount="0.31" name="VAL"/>
<nutrient amount="220.0" name="Calcium"/>
<nutrient amount="0.094" name="Copper"/>
<nutrient amount="12.14" name="Iron"/>
<nutrient amount="35.0" name="Magnesium"/>
<nutrient amount="160.0" name="Phosphorus"/>
<nutrient amount="204.0" name="Potassium"/>
<nutrient amount="46.0" name="Sodium"/>
<nutrient amount="0.92" name="Zinc"/>
<nutrient amount="105.0" name="Vitamin A"/>
<nutrient amount="19.0" name="Retinol"/>
<nutrient amount="10.0" name="Folate"/>
<nutrient amount="0.506" name="B1 (Thiamine)"/>
<nutrient amount="0.563" name="B2 (Riboflavin)"/>
<nutrient amount="5.981" name="B3 (Niacin)"/>
<nutrient amount="0.514" name="B5 (Pantothenic Acid)"/>
<nutrient amount="0.06" name="B6 (Pyridoxine)"/>
<nutrient amount="0.3" name="B12 (Cyanocobalamin)"/>
<nutrient amount="1.3" name="Vitamin C"/>
<nutrient amount="2.258" name="Saturated"/>
<nutrient amount="11.0" name="Cholesterol"/>
</food>
