<food fcf="9.0" pcf="4.0" uid="03693" name="Babyfood, cereal, oatmeal, with honey, prepared with whole milk" ccf="4.0">
<measure amount="1.0" grams="28.35" name="oz"/>
<nutrient amount="115.0" name="Energy"/>
<nutrient amount="5.0" name="Protein"/>
<nutrient amount="15.3" name="Carbs"/>
<nutrient amount="3.9" name="Fat"/>
<nutrient amount="74.5" name="Water"/>
<nutrient amount="1.3" name="Ash"/>
<nutrient amount="289.0" name="Calcium"/>
<nutrient amount="0.095" name="Copper"/>
<nutrient amount="11.09" name="Iron"/>
<nutrient amount="35.0" name="Magnesium"/>
<nutrient amount="198.0" name="Phosphorus"/>
<nutrient amount="170.0" name="Potassium"/>
<nutrient amount="49.0" name="Sodium"/>
<nutrient amount="0.93" name="Zinc"/>
<nutrient amount="10.0" name="Folate"/>
<nutrient amount="0.487" name="B1 (Thiamine)"/>
<nutrient amount="0.602" name="B2 (Riboflavin)"/>
<nutrient amount="6.034" name="B3 (Niacin)"/>
<nutrient amount="0.514" name="B5 (Pantothenic Acid)"/>
<nutrient amount="0.06" name="B6 (Pyridoxine)"/>
<nutrient amount="0.3" name="B12 (Cyanocobalamin)"/>
</food>
