<food fcf="9.0" pcf="4.0" uid="03690" name="Babyfood, cereal, oatmeal, with bananas, prepared with whole milk" ccf="4.0">
<measure amount="1.0" grams="28.35" name="oz"/>
<nutrient amount="116.0" name="Energy"/>
<nutrient amount="4.7" name="Protein"/>
<nutrient amount="16.0" name="Carbs"/>
<nutrient amount="3.8" name="Fat"/>
<nutrient amount="74.3" name="Water"/>
<nutrient amount="1.2" name="Ash"/>
<nutrient amount="0.175" name="ALA"/>
<nutrient amount="0.37" name="ASP"/>
<nutrient amount="0.216" name="ARG"/>
<nutrient amount="0.069" name="CYS"/>
<nutrient amount="1.003" name="GLU"/>
<nutrient amount="0.141" name="GLY"/>
<nutrient amount="0.133" name="HIS"/>
<nutrient amount="0.248" name="ILE"/>
<nutrient amount="0.429" name="LEU"/>
<nutrient amount="0.309" name="LYS"/>
<nutrient amount="0.113" name="MET"/>
<nutrient amount="0.235" name="PHE"/>
<nutrient amount="0.399" name="PRO"/>
<nutrient amount="0.245" name="SER"/>
<nutrient amount="0.193" name="THR"/>
<nutrient amount="0.064" name="TRP"/>
<nutrient amount="0.214" name="TYR"/>
<nutrient amount="0.298" name="VAL"/>
<nutrient amount="206.0" name="Calcium"/>
<nutrient amount="0.072" name="Copper"/>
<nutrient amount="11.23" name="Iron"/>
<nutrient amount="30.0" name="Magnesium"/>
<nutrient amount="151.0" name="Phosphorus"/>
<nutrient amount="247.0" name="Potassium"/>
<nutrient amount="61.0" name="Sodium"/>
<nutrient amount="0.63" name="Zinc"/>
<nutrient amount="99.0" name="Vitamin A"/>
<nutrient amount="21.0" name="Retinol"/>
<nutrient amount="7.0" name="Folate"/>
<nutrient amount="0.623" name="B1 (Thiamine)"/>
<nutrient amount="0.745" name="B2 (Riboflavin)"/>
<nutrient amount="3.375" name="B3 (Niacin)"/>
<nutrient amount="0.104" name="B6 (Pyridoxine)"/>
<nutrient amount="0.33" name="B12 (Cyanocobalamin)"/>
<nutrient amount="1.6" name="Vitamin C"/>
</food>
