<food fcf="9.0" pcf="4.0" uid="03704" name="Babyfood, cereal, mixed, with honey, prepared with whole milk" ccf="4.0">
<measure amount="1.0" grams="28.35" name="oz"/>
<nutrient amount="115.0" name="Energy"/>
<nutrient amount="5.0" name="Protein"/>
<nutrient amount="15.9" name="Carbs"/>
<nutrient amount="3.6" name="Fat"/>
<nutrient amount="74.2" name="Water"/>
<nutrient amount="1.2" name="Ash"/>
<nutrient amount="294.0" name="Calcium"/>
<nutrient amount="0.064" name="Copper"/>
<nutrient amount="11.27" name="Iron"/>
<nutrient amount="28.0" name="Magnesium"/>
<nutrient amount="184.0" name="Phosphorus"/>
<nutrient amount="171.0" name="Potassium"/>
<nutrient amount="48.0" name="Sodium"/>
<nutrient amount="0.72" name="Zinc"/>
<nutrient amount="11.0" name="Folate"/>
<nutrient amount="0.447" name="B1 (Thiamine)"/>
<nutrient amount="0.583" name="B2 (Riboflavin)"/>
<nutrient amount="6.26" name="B3 (Niacin)"/>
<nutrient amount="0.443" name="B5 (Pantothenic Acid)"/>
<nutrient amount="0.067" name="B6 (Pyridoxine)"/>
<nutrient amount="0.3" name="B12 (Cyanocobalamin)"/>
</food>
