<food fcf="9.0" pcf="4.0" uid="03711" name="Babyfood, cereal, high protein, with apple and orange, prepared with whole milk" ccf="4.0">
<measure amount="1.0" grams="28.35" name="oz"/>
<nutrient amount="112.0" name="Energy"/>
<nutrient amount="6.9" name="Protein"/>
<nutrient amount="13.4" name="Carbs"/>
<nutrient amount="3.9" name="Fat"/>
<nutrient amount="74.4" name="Water"/>
<nutrient amount="1.5" name="Ash"/>
<nutrient amount="223.0" name="Calcium"/>
<nutrient amount="0.166" name="Copper"/>
<nutrient amount="14.42" name="Iron"/>
<nutrient amount="37.0" name="Magnesium"/>
<nutrient amount="166.0" name="Phosphorus"/>
<nutrient amount="346.0" name="Potassium"/>
<nutrient amount="58.0" name="Sodium"/>
<nutrient amount="0.76" name="Zinc"/>
<nutrient amount="28.0" name="Folate"/>
<nutrient amount="0.655" name="B1 (Thiamine)"/>
<nutrient amount="0.847" name="B2 (Riboflavin)"/>
<nutrient amount="3.987" name="B3 (Niacin)"/>
<nutrient amount="0.092" name="B6 (Pyridoxine)"/>
<nutrient amount="0.35" name="B12 (Cyanocobalamin)"/>
</food>
