<food fcf="9.0" pcf="4.0" uid="03803" name="Infant formula, MEAD JOHNSON, ENFAMIL, with iron, ready-to-feed" ccf="4.0">
<measure amount="1.0" grams="30.5" name="fl oz"/>
<nutrient amount="66.0" name="Energy"/>
<nutrient amount="1.38" name="Protein"/>
<nutrient amount="6.45" name="Carbs"/>
<nutrient amount="7.18" name="Sugars"/>
<nutrient amount="3.5" name="Fat"/>
<nutrient amount="88.35" name="Water"/>
<nutrient amount="0.32" name="Ash"/>
<nutrient amount="51.0" name="Calcium"/>
<nutrient amount="0.05" name="Copper"/>
<nutrient amount="1.18" name="Iron"/>
<nutrient amount="5.0" name="Magnesium"/>
<nutrient amount="35.0" name="Phosphorus"/>
<nutrient amount="71.0" name="Potassium"/>
<nutrient amount="1.8" name="Selenium"/>
<nutrient amount="18.0" name="Sodium"/>
<nutrient amount="0.66" name="Zinc"/>
<nutrient amount="194.0" name="Vitamin A"/>
<nutrient amount="58.0" name="Retinol"/>
<nutrient amount="11.0" name="Folate"/>
<nutrient amount="0.052" name="B1 (Thiamine)"/>
<nutrient amount="0.092" name="B2 (Riboflavin)"/>
<nutrient amount="0.66" name="B3 (Niacin)"/>
<nutrient amount="0.04" name="B6 (Pyridoxine)"/>
<nutrient amount="0.19" name="B12 (Cyanocobalamin)"/>
<nutrient amount="7.9" name="Vitamin C"/>
<nutrient amount="40.0" name="Vitamin D"/>
<nutrient amount="0.87" name="Vitamin E"/>
<nutrient amount="5.2" name="Vitamin K"/>
<nutrient amount="1.485" name="Saturated"/>
<nutrient amount="1.33" name="Monounsaturated"/>
<nutrient amount="0.67" name="Polyunsaturated"/>
<nutrient amount="0.058" name="Omega-3"/>
<nutrient amount="0.612" name="Omega-6"/>
<nutrient amount="1.0" name="Cholesterol"/>
</food>
