<food fcf="9.0" pcf="4.0" uid="03801" name="Infant formula, NESTLE, GOOD START SUPREME, with iron, liquid concentrate" ccf="4.0">
<measure amount="1.0" grams="31.4" name="fl oz"/>
<nutrient amount="127.0" name="Energy"/>
<nutrient amount="2.79" name="Protein"/>
<nutrient amount="14.2" name="Carbs"/>
<nutrient amount="9.7" name="Sugars"/>
<nutrient amount="6.5" name="Fat"/>
<nutrient amount="75.8" name="Water"/>
<nutrient amount="0.71" name="Ash"/>
<nutrient amount="81.0" name="Calcium"/>
<nutrient amount="0.1" name="Copper"/>
<nutrient amount="1.9" name="Iron"/>
<nutrient amount="9.0" name="Magnesium"/>
<nutrient amount="46.0" name="Phosphorus"/>
<nutrient amount="137.0" name="Potassium"/>
<nutrient amount="1.6" name="Selenium"/>
<nutrient amount="34.0" name="Sodium"/>
<nutrient amount="1.02" name="Zinc"/>
<nutrient amount="381.0" name="Vitamin A"/>
<nutrient amount="114.0" name="Retinol"/>
<nutrient amount="19.0" name="Folate"/>
<nutrient amount="0.127" name="B1 (Thiamine)"/>
<nutrient amount="0.178" name="B2 (Riboflavin)"/>
<nutrient amount="1.33" name="B3 (Niacin)"/>
<nutrient amount="0.095" name="B6 (Pyridoxine)"/>
<nutrient amount="0.42" name="B12 (Cyanocobalamin)"/>
<nutrient amount="11.0" name="Vitamin C"/>
<nutrient amount="1.91" name="Vitamin E"/>
<nutrient amount="10.0" name="Vitamin K"/>
<nutrient amount="2.97" name="Saturated"/>
<nutrient amount="2.06" name="Monounsaturated"/>
<nutrient amount="1.42" name="Polyunsaturated"/>
<nutrient amount="0.12" name="Omega-3"/>
<nutrient amount="1.3" name="Omega-6"/>
<nutrient amount="13.0" name="Cholesterol"/>
</food>
