<food fcf="9.0" pcf="4.0" uid="03805" name="Infant formula, MEAD JOHNSON, ENFAMIL, with iron, powder" ccf="4.0">
<measure amount="1.0" grams="8.3" name="scoop"/>
<nutrient amount="520.0" name="Energy"/>
<nutrient amount="10.8" name="Protein"/>
<nutrient amount="56.2" name="Carbs"/>
<nutrient amount="56.0" name="Sugars"/>
<nutrient amount="27.0" name="Fat"/>
<nutrient amount="3.3" name="Water"/>
<nutrient amount="2.7" name="Ash"/>
<nutrient amount="400.0" name="Calcium"/>
<nutrient amount="0.39" name="Copper"/>
<nutrient amount="9.3" name="Iron"/>
<nutrient amount="41.0" name="Magnesium"/>
<nutrient amount="270.0" name="Phosphorus"/>
<nutrient amount="560.0" name="Potassium"/>
<nutrient amount="14.5" name="Selenium"/>
<nutrient amount="139.0" name="Sodium"/>
<nutrient amount="5.2" name="Zinc"/>
<nutrient amount="1550.0" name="Vitamin A"/>
<nutrient amount="470.0" name="Retinol"/>
<nutrient amount="83.0" name="Folate"/>
<nutrient amount="0.41" name="B1 (Thiamine)"/>
<nutrient amount="0.72" name="B2 (Riboflavin)"/>
<nutrient amount="5.2" name="B3 (Niacin)"/>
<nutrient amount="0.31" name="B6 (Pyridoxine)"/>
<nutrient amount="1.55" name="B12 (Cyanocobalamin)"/>
<nutrient amount="62.0" name="Vitamin C"/>
<nutrient amount="310.0" name="Vitamin D"/>
<nutrient amount="6.9" name="Vitamin E"/>
<nutrient amount="41.0" name="Vitamin K"/>
<nutrient amount="11.5" name="Saturated"/>
<nutrient amount="10.3" name="Monounsaturated"/>
<nutrient amount="5.2" name="Polyunsaturated"/>
<nutrient amount="0.45" name="Omega-3"/>
<nutrient amount="4.7" name="Omega-6"/>
<nutrient amount="17.0" name="Cholesterol"/>
</food>
