<food fcf="9.0" pcf="4.0" uid="03819" name="Child formula, MEAD JOHNSON, PORTAGEN, with iron, powder, not reconstituted" ccf="4.0">
<measure amount="1.0" grams="9.4" name="scoop"/>
<nutrient amount="483.0" name="Energy"/>
<nutrient amount="16.5" name="Protein"/>
<nutrient amount="54.8" name="Carbs"/>
<nutrient amount="54.0" name="Sugars"/>
<nutrient amount="22.0" name="Fat"/>
<nutrient amount="3.0" name="Water"/>
<nutrient amount="3.7" name="Ash"/>
<nutrient amount="440.0" name="Calcium"/>
<nutrient amount="0.74" name="Copper"/>
<nutrient amount="8.8" name="Iron"/>
<nutrient amount="98.0" name="Magnesium"/>
<nutrient amount="330.0" name="Phosphorus"/>
<nutrient amount="590.0" name="Potassium"/>
<nutrient amount="260.0" name="Sodium"/>
<nutrient amount="4.4" name="Zinc"/>
<nutrient amount="3700.0" name="Vitamin A"/>
<nutrient amount="1110.0" name="Retinol"/>
<nutrient amount="74.0" name="Folate"/>
<nutrient amount="0.74" name="B1 (Thiamine)"/>
<nutrient amount="0.88" name="B2 (Riboflavin)"/>
<nutrient amount="9.8" name="B3 (Niacin)"/>
<nutrient amount="0.98" name="B6 (Pyridoxine)"/>
<nutrient amount="2.9" name="B12 (Cyanocobalamin)"/>
<nutrient amount="38.0" name="Vitamin C"/>
<nutrient amount="9.8" name="Vitamin E"/>
<nutrient amount="74.0" name="Vitamin K"/>
<nutrient amount="20.0" name="Saturated"/>
<nutrient amount="0.94" name="Monounsaturated"/>
<nutrient amount="1.65" name="Polyunsaturated"/>
<nutrient amount="0.04" name="Omega-3"/>
<nutrient amount="1.61" name="Omega-6"/>
<nutrient amount="4.0" name="Cholesterol"/>
</food>
