<food fcf="9.0" pcf="4.0" uid="03822" name="Infant formula, MEAD JOHNSON, PREGESTIMIL, with iron, prepared from powder" ccf="4.0">
<measure amount="1.0" grams="30.8" name="fl oz"/>
<nutrient amount="65.0" name="Energy"/>
<nutrient amount="1.82" name="Protein"/>
<nutrient amount="6.62" name="Carbs"/>
<nutrient amount="6.63" name="Sugars"/>
<nutrient amount="3.65" name="Fat"/>
<nutrient amount="87.5" name="Water"/>
<nutrient amount="0.41" name="Ash"/>
<nutrient amount="75.0" name="Calcium"/>
<nutrient amount="0.049" name="Copper"/>
<nutrient amount="1.17" name="Iron"/>
<nutrient amount="7.0" name="Magnesium"/>
<nutrient amount="49.0" name="Phosphorus"/>
<nutrient amount="71.0" name="Potassium"/>
<nutrient amount="1.8" name="Selenium"/>
<nutrient amount="31.0" name="Sodium"/>
<nutrient amount="0.65" name="Zinc"/>
<nutrient amount="250.0" name="Vitamin A"/>
<nutrient amount="75.0" name="Retinol"/>
<nutrient amount="10.0" name="Folate"/>
<nutrient amount="0.052" name="B1 (Thiamine)"/>
<nutrient amount="0.059" name="B2 (Riboflavin)"/>
<nutrient amount="0.654" name="B3 (Niacin)"/>
<nutrient amount="0.039" name="B6 (Pyridoxine)"/>
<nutrient amount="0.19" name="B12 (Cyanocobalamin)"/>
<nutrient amount="7.8" name="Vitamin C"/>
<nutrient amount="1.74" name="Vitamin E"/>
<nutrient amount="7.8" name="Vitamin K"/>
<nutrient amount="2.212" name="Saturated"/>
<nutrient amount="0.606" name="Monounsaturated"/>
<nutrient amount="0.846" name="Polyunsaturated"/>
<nutrient amount="0.077" name="Omega-3"/>
<nutrient amount="0.769" name="Omega-6"/>
</food>
