<food fcf="9.0" pcf="4.0" uid="03820" name="Child formula, MEAD JOHNSON, PORTAGEN, with iron, prepared from powder" ccf="4.0">
<measure amount="1.0" grams="31.0" name="fl oz"/>
<nutrient amount="88.0" name="Energy"/>
<nutrient amount="3.33" name="Protein"/>
<nutrient amount="8.57" name="Carbs"/>
<nutrient amount="7.4" name="Sugars"/>
<nutrient amount="4.48" name="Fat"/>
<nutrient amount="82.86" name="Water"/>
<nutrient amount="0.76" name="Ash"/>
<nutrient amount="88.0" name="Calcium"/>
<nutrient amount="0.148" name="Copper"/>
<nutrient amount="1.75" name="Iron"/>
<nutrient amount="19.0" name="Magnesium"/>
<nutrient amount="66.0" name="Phosphorus"/>
<nutrient amount="118.0" name="Potassium"/>
<nutrient amount="52.0" name="Sodium"/>
<nutrient amount="0.88" name="Zinc"/>
<nutrient amount="741.0" name="Vitamin A"/>
<nutrient amount="222.0" name="Retinol"/>
<nutrient amount="15.0" name="Folate"/>
<nutrient amount="0.148" name="B1 (Thiamine)"/>
<nutrient amount="0.176" name="B2 (Riboflavin)"/>
<nutrient amount="1.944" name="B3 (Niacin)"/>
<nutrient amount="0.194" name="B6 (Pyridoxine)"/>
<nutrient amount="0.57" name="B12 (Cyanocobalamin)"/>
<nutrient amount="7.6" name="Vitamin C"/>
<nutrient amount="2.0" name="Vitamin E"/>
<nutrient amount="15.1" name="Vitamin K"/>
<nutrient amount="3.9" name="Saturated"/>
<nutrient amount="0.143" name="Monounsaturated"/>
<nutrient amount="0.333" name="Polyunsaturated"/>
<nutrient amount="0.0090" name="Omega-3"/>
<nutrient amount="0.324" name="Omega-6"/>
<nutrient amount="1.0" name="Cholesterol"/>
</food>
