<food fcf="9.0" pcf="4.0" uid="03839" name="Infant formula, ROSS, SIMILAC NATURAL CARE, ADVANCE low iron, ready-to-feed" ccf="4.0">
<measure amount="1.0" grams="30.5" name="fl oz"/>
<nutrient amount="78.0" name="Energy"/>
<nutrient amount="2.12" name="Protein"/>
<nutrient amount="7.82" name="Carbs"/>
<nutrient amount="8.2" name="Sugars"/>
<nutrient amount="4.24" name="Fat"/>
<nutrient amount="85.07" name="Water"/>
<nutrient amount="0.75" name="Ash"/>
<nutrient amount="163.0" name="Calcium"/>
<nutrient amount="0.195" name="Copper"/>
<nutrient amount="0.29" name="Iron"/>
<nutrient amount="9.0" name="Magnesium"/>
<nutrient amount="0.0090" name="Manganese"/>
<nutrient amount="91.0" name="Phosphorus"/>
<nutrient amount="101.0" name="Potassium"/>
<nutrient amount="1.4" name="Selenium"/>
<nutrient amount="34.0" name="Sodium"/>
<nutrient amount="1.17" name="Zinc"/>
<nutrient amount="976.0" name="Vitamin A"/>
<nutrient amount="292.0" name="Retinol"/>
<nutrient amount="29.0" name="Folate"/>
<nutrient amount="0.195" name="B1 (Thiamine)"/>
<nutrient amount="0.484" name="B2 (Riboflavin)"/>
<nutrient amount="3.902" name="B3 (Niacin)"/>
<nutrient amount="1.483" name="B5 (Pantothenic Acid)"/>
<nutrient amount="0.195" name="B6 (Pyridoxine)"/>
<nutrient amount="0.43" name="B12 (Cyanocobalamin)"/>
<nutrient amount="28.9" name="Vitamin C"/>
<nutrient amount="117.0" name="Vitamin D"/>
<nutrient amount="2.09" name="Vitamin E"/>
<nutrient amount="9.4" name="Vitamin K"/>
<nutrient amount="2.544" name="Saturated"/>
<nutrient amount="0.402" name="Monounsaturated"/>
<nutrient amount="0.842" name="Polyunsaturated"/>
<nutrient amount="0.084" name="Omega-3"/>
<nutrient amount="0.758" name="Omega-6"/>
<nutrient amount="2.0" name="Cholesterol"/>
</food>
