<food fcf="9.0" pcf="4.0" uid="03840" name="Infant formula, ROSS, SIMILAC SPECIAL CARE ADVANCE 24, with iron, ready-to-feed" ccf="4.0">
<measure amount="1.0" grams="30.8" name="fl oz"/>
<nutrient amount="79.0" name="Energy"/>
<nutrient amount="2.13" name="Protein"/>
<nutrient amount="7.27" name="Carbs"/>
<nutrient amount="8.3" name="Sugars"/>
<nutrient amount="4.27" name="Fat"/>
<nutrient amount="85.61" name="Water"/>
<nutrient amount="0.72" name="Ash"/>
<nutrient amount="141.0" name="Calcium"/>
<nutrient amount="0.196" name="Copper"/>
<nutrient amount="1.41" name="Iron"/>
<nutrient amount="9.0" name="Magnesium"/>
<nutrient amount="0.0090" name="Manganese"/>
<nutrient amount="79.0" name="Phosphorus"/>
<nutrient amount="101.0" name="Potassium"/>
<nutrient amount="1.4" name="Selenium"/>
<nutrient amount="34.0" name="Sodium"/>
<nutrient amount="1.18" name="Zinc"/>
<nutrient amount="982.0" name="Vitamin A"/>
<nutrient amount="294.0" name="Retinol"/>
<nutrient amount="29.0" name="Folate"/>
<nutrient amount="0.196" name="B1 (Thiamine)"/>
<nutrient amount="0.487" name="B2 (Riboflavin)"/>
<nutrient amount="3.927" name="B3 (Niacin)"/>
<nutrient amount="1.492" name="B5 (Pantothenic Acid)"/>
<nutrient amount="0.196" name="B6 (Pyridoxine)"/>
<nutrient amount="0.43" name="B12 (Cyanocobalamin)"/>
<nutrient amount="29.1" name="Vitamin C"/>
<nutrient amount="2.11" name="Vitamin E"/>
<nutrient amount="9.4" name="Vitamin K"/>
<nutrient amount="2.533" name="Saturated"/>
<nutrient amount="0.387" name="Monounsaturated"/>
<nutrient amount="0.851" name="Polyunsaturated"/>
<nutrient amount="0.086" name="Omega-3"/>
<nutrient amount="0.766" name="Omega-6"/>
<nutrient amount="2.0" name="Cholesterol"/>
</food>
