<food fcf="9.0" pcf="4.0" uid="03844" name="Infant formula, MEAD JOHNSON, ENFAMIL, NUTRAMIGEN LIPIL, with iron liquid concentrate,not reconstituted" ccf="4.0">
<nutrient amount="126.0" name="Energy"/>
<nutrient amount="3.53" name="Protein"/>
<nutrient amount="13.12" name="Carbs"/>
<nutrient amount="3.21" name="Starch"/>
<nutrient amount="9.87" name="Sugars"/>
<nutrient amount="6.73" name="Fat"/>
<nutrient amount="75.7" name="Water"/>
<nutrient amount="0.92" name="Ash"/>
<nutrient amount="123.0" name="Calcium"/>
<nutrient amount="0.095" name="Copper"/>
<nutrient amount="2.28" name="Iron"/>
<nutrient amount="14.0" name="Magnesium"/>
<nutrient amount="80.0" name="Phosphorus"/>
<nutrient amount="138.0" name="Potassium"/>
<nutrient amount="3.5" name="Selenium"/>
<nutrient amount="60.0" name="Sodium"/>
<nutrient amount="1.27" name="Zinc"/>
<nutrient amount="374.0" name="Vitamin A"/>
<nutrient amount="112.0" name="Retinol"/>
<nutrient amount="20.0" name="Folate"/>
<nutrient amount="0.101" name="B1 (Thiamine)"/>
<nutrient amount="0.114" name="B2 (Riboflavin)"/>
<nutrient amount="1.271" name="B3 (Niacin)"/>
<nutrient amount="0.077" name="B6 (Pyridoxine)"/>
<nutrient amount="0.37" name="B12 (Cyanocobalamin)"/>
<nutrient amount="15.1" name="Vitamin C"/>
<nutrient amount="64.0" name="Vitamin D"/>
<nutrient amount="1.68" name="Vitamin E"/>
<nutrient amount="10.1" name="Vitamin K"/>
<nutrient amount="2.879" name="Saturated"/>
<nutrient amount="2.486" name="Monounsaturated"/>
<nutrient amount="1.327" name="Polyunsaturated"/>
<nutrient amount="0.134" name="Omega-3"/>
<nutrient amount="1.196" name="Omega-6"/>
</food>
