<food fcf="9.0" pcf="4.0" uid="03850" name="Infant formula, ROSS, SIMILAC, with iron, ready-to-feed" ccf="4.0">
<measure amount="1.0" grams="30.4" name="fl oz"/>
<nutrient amount="66.0" name="Energy"/>
<nutrient amount="1.36" name="Protein"/>
<nutrient amount="6.92" name="Carbs"/>
<nutrient amount="6.9" name="Sugars"/>
<nutrient amount="3.55" name="Fat"/>
<nutrient amount="87.79" name="Water"/>
<nutrient amount="0.38" name="Ash"/>
<nutrient amount="51.0" name="Calcium"/>
<nutrient amount="0.059" name="Copper"/>
<nutrient amount="1.18" name="Iron"/>
<nutrient amount="4.0" name="Magnesium"/>
<nutrient amount="0.0030" name="Manganese"/>
<nutrient amount="28.0" name="Phosphorus"/>
<nutrient amount="69.0" name="Potassium"/>
<nutrient amount="1.2" name="Selenium"/>
<nutrient amount="16.0" name="Sodium"/>
<nutrient amount="0.49" name="Zinc"/>
<nutrient amount="197.0" name="Vitamin A"/>
<nutrient amount="59.0" name="Retinol"/>
<nutrient amount="10.0" name="Folate"/>
<nutrient amount="0.066" name="B1 (Thiamine)"/>
<nutrient amount="0.099" name="B2 (Riboflavin)"/>
<nutrient amount="0.69" name="B3 (Niacin)"/>
<nutrient amount="0.296" name="B5 (Pantothenic Acid)"/>
<nutrient amount="0.039" name="B6 (Pyridoxine)"/>
<nutrient amount="0.16" name="B12 (Cyanocobalamin)"/>
<nutrient amount="5.9" name="Vitamin C"/>
<nutrient amount="39.0" name="Vitamin D"/>
<nutrient amount="1.32" name="Vitamin E"/>
<nutrient amount="5.3" name="Vitamin K"/>
<nutrient amount="1.237" name="Saturated"/>
<nutrient amount="1.314" name="Monounsaturated"/>
<nutrient amount="0.801" name="Polyunsaturated"/>
<nutrient amount="0.077" name="Omega-3"/>
<nutrient amount="0.724" name="Omega-6"/>
<nutrient amount="2.0" name="Cholesterol"/>
</food>
