<food fcf="9.0" pcf="4.0" uid="03857" name="Infant formula, MEAD JOHNSON, PROSOBEE LIPIL, with iron, ready to feed" ccf="4.0">
<nutrient amount="64.0" name="Energy"/>
<nutrient amount="1.64" name="Protein"/>
<nutrient amount="6.11" name="Carbs"/>
<nutrient amount="6.11" name="Sugars"/>
<nutrient amount="3.5" name="Fat"/>
<nutrient amount="88.35" name="Water"/>
<nutrient amount="0.4" name="Ash"/>
<nutrient amount="69.0" name="Calcium"/>
<nutrient amount="0.05" name="Copper"/>
<nutrient amount="1.18" name="Iron"/>
<nutrient amount="7.0" name="Magnesium"/>
<nutrient amount="54.0" name="Phosphorus"/>
<nutrient amount="79.0" name="Potassium"/>
<nutrient amount="1.8" name="Selenium"/>
<nutrient amount="23.0" name="Sodium"/>
<nutrient amount="0.79" name="Zinc"/>
<nutrient amount="194.0" name="Vitamin A"/>
<nutrient amount="58.0" name="Retinol"/>
<nutrient amount="11.0" name="Folate"/>
<nutrient amount="0.052" name="B1 (Thiamine)"/>
<nutrient amount="0.059" name="B2 (Riboflavin)"/>
<nutrient amount="0.66" name="B3 (Niacin)"/>
<nutrient amount="0.04" name="B6 (Pyridoxine)"/>
<nutrient amount="0.19" name="B12 (Cyanocobalamin)"/>
<nutrient amount="7.9" name="Vitamin C"/>
<nutrient amount="40.0" name="Vitamin D"/>
<nutrient amount="0.87" name="Vitamin E"/>
<nutrient amount="5.2" name="Vitamin K"/>
<nutrient amount="1.485" name="Saturated"/>
<nutrient amount="1.291" name="Monounsaturated"/>
<nutrient amount="0.689" name="Polyunsaturated"/>
<nutrient amount="0.068" name="Omega-3"/>
<nutrient amount="0.621" name="Omega-6"/>
</food>
