<food fcf="9.0" pcf="4.0" uid="03869" name="Infant formula, MEAD JOHNSON, ENFAMIL, LACTOFREE, with iron, powder, not reconstituted" ccf="4.0">
<nutrient amount="521.0" name="Energy"/>
<nutrient amount="10.9" name="Protein"/>
<nutrient amount="56.3" name="Carbs"/>
<nutrient amount="57.0" name="Sugars"/>
<nutrient amount="28.0" name="Fat"/>
<nutrient amount="2.2" name="Water"/>
<nutrient amount="2.6" name="Ash"/>
<nutrient amount="430.0" name="Calcium"/>
<nutrient amount="0.39" name="Copper"/>
<nutrient amount="9.4" name="Iron"/>
<nutrient amount="42.0" name="Magnesium"/>
<nutrient amount="290.0" name="Phosphorus"/>
<nutrient amount="580.0" name="Potassium"/>
<nutrient amount="14.6" name="Selenium"/>
<nutrient amount="156.0" name="Sodium"/>
<nutrient amount="5.2" name="Zinc"/>
<nutrient amount="1560.0" name="Vitamin A"/>
<nutrient amount="470.0" name="Retinol"/>
<nutrient amount="83.0" name="Folate"/>
<nutrient amount="0.42" name="B1 (Thiamine)"/>
<nutrient amount="0.13" name="B2 (Riboflavin)"/>
<nutrient amount="5.2" name="B3 (Niacin)"/>
<nutrient amount="0.31" name="B6 (Pyridoxine)"/>
<nutrient amount="1.56" name="B12 (Cyanocobalamin)"/>
<nutrient amount="62.0" name="Vitamin C"/>
<nutrient amount="310.0" name="Vitamin D"/>
<nutrient amount="6.9" name="Vitamin E"/>
<nutrient amount="42.0" name="Vitamin K"/>
<nutrient amount="11.9" name="Saturated"/>
<nutrient amount="10.4" name="Monounsaturated"/>
<nutrient amount="5.5" name="Polyunsaturated"/>
<nutrient amount="0.46" name="Omega-3"/>
<nutrient amount="4.8" name="Omega-6"/>
<nutrient amount="8.0" name="Cholesterol"/>
</food>
