<food fcf="9.0" pcf="4.0" uid="03891" name="Infant formula, WYETH,  store brand soy, with iron, liquid concentrate, not reconstituted" ccf="4.0">
<measure amount="1.0" grams="31.4" name="fl oz"/>
<nutrient amount="126.0" name="Energy"/>
<nutrient amount="3.6" name="Protein"/>
<nutrient amount="12.18" name="Carbs"/>
<nutrient amount="12.18" name="Sugars"/>
<nutrient amount="7.0" name="Fat"/>
<nutrient amount="76.0" name="Water"/>
<nutrient amount="1.22" name="Ash"/>
<nutrient amount="118.0" name="Calcium"/>
<nutrient amount="0.092" name="Copper"/>
<nutrient amount="2.36" name="Iron"/>
<nutrient amount="14.0" name="Magnesium"/>
<nutrient amount="82.0" name="Phosphorus"/>
<nutrient amount="138.0" name="Potassium"/>
<nutrient amount="3.6" name="Selenium"/>
<nutrient amount="36.0" name="Sodium"/>
<nutrient amount="1.06" name="Zinc"/>
<nutrient amount="393.0" name="Vitamin A"/>
<nutrient amount="118.0" name="Retinol"/>
<nutrient amount="10.0" name="Folate"/>
<nutrient amount="0.14" name="B1 (Thiamine)"/>
<nutrient amount="0.2" name="B2 (Riboflavin)"/>
<nutrient amount="0.98" name="B3 (Niacin)"/>
<nutrient amount="0.08" name="B6 (Pyridoxine)"/>
<nutrient amount="0.4" name="B12 (Cyanocobalamin)"/>
<nutrient amount="10.8" name="Vitamin C"/>
<nutrient amount="0.83" name="Vitamin E"/>
<nutrient amount="10.2" name="Vitamin K"/>
<nutrient amount="3.2" name="Saturated"/>
<nutrient amount="2.8" name="Monounsaturated"/>
<nutrient amount="1.0" name="Polyunsaturated"/>
<nutrient amount="0.1" name="Omega-3"/>
<nutrient amount="0.9" name="Omega-6"/>
</food>
