<food fcf="9.0" pcf="4.0" uid="03893" name="Infant formula, WYETH-AYERST, store brand soy, with iron, powder, not reconstituted" ccf="4.0">
<measure amount="1.0" grams="8.7" name="scoop"/>
<nutrient amount="508.0" name="Energy"/>
<nutrient amount="13.6" name="Protein"/>
<nutrient amount="52.2" name="Carbs"/>
<nutrient amount="52.2" name="Sugars"/>
<nutrient amount="27.2" name="Fat"/>
<nutrient amount="2.0" name="Water"/>
<nutrient amount="5.0" name="Ash"/>
<nutrient amount="453.0" name="Calcium"/>
<nutrient amount="0.355" name="Copper"/>
<nutrient amount="9.1" name="Iron"/>
<nutrient amount="51.0" name="Magnesium"/>
<nutrient amount="317.0" name="Phosphorus"/>
<nutrient amount="528.0" name="Potassium"/>
<nutrient amount="11.0" name="Selenium"/>
<nutrient amount="151.0" name="Sodium"/>
<nutrient amount="3.8" name="Zinc"/>
<nutrient amount="1577.0" name="Vitamin A"/>
<nutrient amount="473.0" name="Retinol"/>
<nutrient amount="38.0" name="Folate"/>
<nutrient amount="0.5" name="B1 (Thiamine)"/>
<nutrient amount="0.76" name="B2 (Riboflavin)"/>
<nutrient amount="3.78" name="B3 (Niacin)"/>
<nutrient amount="0.32" name="B6 (Pyridoxine)"/>
<nutrient amount="1.5" name="B12 (Cyanocobalamin)"/>
<nutrient amount="42.0" name="Vitamin C"/>
<nutrient amount="303.0" name="Vitamin D"/>
<nutrient amount="3.24" name="Vitamin E"/>
<nutrient amount="41.6" name="Vitamin K"/>
<nutrient amount="12.48" name="Saturated"/>
<nutrient amount="10.86" name="Monounsaturated"/>
<nutrient amount="3.83" name="Polyunsaturated"/>
<nutrient amount="0.35" name="Omega-3"/>
<nutrient amount="3.48" name="Omega-6"/>
</food>
