<food fcf="9.0" pcf="4.0" uid="03901" name="Infant formula, NESTLE, GOOD START 2 ESSENTIALS, with iron, liquid concentrate" ccf="4.0">
<measure amount="1.0" grams="31.9" name="fl oz"/>
<nutrient amount="125.0" name="Energy"/>
<nutrient amount="3.25" name="Protein"/>
<nutrient amount="16.5" name="Carbs"/>
<nutrient amount="11.9" name="Sugars"/>
<nutrient amount="5.13" name="Fat"/>
<nutrient amount="74.2" name="Water"/>
<nutrient amount="0.93" name="Ash"/>
<nutrient amount="150.0" name="Calcium"/>
<nutrient amount="0.106" name="Copper"/>
<nutrient amount="2.25" name="Iron"/>
<nutrient amount="10.0" name="Magnesium"/>
<nutrient amount="100.0" name="Phosphorus"/>
<nutrient amount="169.0" name="Potassium"/>
<nutrient amount="2.5" name="Selenium"/>
<nutrient amount="49.0" name="Sodium"/>
<nutrient amount="1.0" name="Zinc"/>
<nutrient amount="313.0" name="Vitamin A"/>
<nutrient amount="98.0" name="Retinol"/>
<nutrient amount="19.0" name="Folate"/>
<nutrient amount="0.1" name="B1 (Thiamine)"/>
<nutrient amount="0.175" name="B2 (Riboflavin)"/>
<nutrient amount="0.125" name="B3 (Niacin)"/>
<nutrient amount="0.081" name="B6 (Pyridoxine)"/>
<nutrient amount="0.31" name="B12 (Cyanocobalamin)"/>
<nutrient amount="11.0" name="Vitamin C"/>
<nutrient amount="1.75" name="Vitamin E"/>
<nutrient amount="10.0" name="Vitamin K"/>
<nutrient amount="2.28" name="Saturated"/>
<nutrient amount="1.63" name="Monounsaturated"/>
<nutrient amount="1.25" name="Polyunsaturated"/>
<nutrient amount="0.097" name="Omega-3"/>
<nutrient amount="0.85" name="Omega-6"/>
<nutrient amount="2.0" name="Cholesterol"/>
</food>
