<food fcf="9.0" pcf="4.0" uid="03900" name="Infant formula, NESTLE, GOOD START 2 ESSENTIALS,  with iron, ready-to-feed" ccf="4.0">
<measure amount="1.0" grams="30.5" name="fl oz"/>
<nutrient amount="65.0" name="Energy"/>
<nutrient amount="1.7" name="Protein"/>
<nutrient amount="8.54" name="Carbs"/>
<nutrient amount="6.19" name="Sugars"/>
<nutrient amount="2.7" name="Fat"/>
<nutrient amount="86.6" name="Water"/>
<nutrient amount="0.47" name="Ash"/>
<nutrient amount="78.0" name="Calcium"/>
<nutrient amount="0.055" name="Copper"/>
<nutrient amount="1.2" name="Iron"/>
<nutrient amount="5.0" name="Magnesium"/>
<nutrient amount="52.0" name="Phosphorus"/>
<nutrient amount="88.0" name="Potassium"/>
<nutrient amount="1.3" name="Selenium"/>
<nutrient amount="25.0" name="Sodium"/>
<nutrient amount="0.52" name="Zinc"/>
<nutrient amount="163.0" name="Vitamin A"/>
<nutrient amount="48.0" name="Retinol"/>
<nutrient amount="10.0" name="Folate"/>
<nutrient amount="0.052" name="B1 (Thiamine)"/>
<nutrient amount="0.091" name="B2 (Riboflavin)"/>
<nutrient amount="0.65" name="B3 (Niacin)"/>
<nutrient amount="0.042" name="B6 (Pyridoxine)"/>
<nutrient amount="0.16" name="B12 (Cyanocobalamin)"/>
<nutrient amount="5.9" name="Vitamin C"/>
<nutrient amount="0.91" name="Vitamin E"/>
<nutrient amount="5.2" name="Vitamin K"/>
<nutrient amount="1.18" name="Saturated"/>
<nutrient amount="0.87" name="Monounsaturated"/>
<nutrient amount="0.6" name="Polyunsaturated"/>
<nutrient amount="0.05" name="Omega-3"/>
<nutrient amount="0.55" name="Omega-6"/>
<nutrient amount="1.0" name="Cholesterol"/>
</food>
