<food fcf="9.0" pcf="4.0" uid="03913" name="Infant formula, NESTLE, GOOD START 2 ESSENTIALS, with iron, powder" ccf="4.0">
<measure amount="1.0" grams="9.4" name="scoop"/>
<nutrient amount="471.0" name="Energy"/>
<nutrient amount="12.2" name="Protein"/>
<nutrient amount="62.23" name="Carbs"/>
<nutrient amount="44.3" name="Sugars"/>
<nutrient amount="19.3" name="Fat"/>
<nutrient amount="2.5" name="Water"/>
<nutrient amount="3.77" name="Ash"/>
<nutrient amount="565.0" name="Calcium"/>
<nutrient amount="0.4" name="Copper"/>
<nutrient amount="8.5" name="Iron"/>
<nutrient amount="38.0" name="Magnesium"/>
<nutrient amount="377.0" name="Phosphorus"/>
<nutrient amount="636.0" name="Potassium"/>
<nutrient amount="9.4" name="Selenium"/>
<nutrient amount="184.0" name="Sodium"/>
<nutrient amount="4.0" name="Zinc"/>
<nutrient amount="1178.0" name="Vitamin A"/>
<nutrient amount="354.0" name="Retinol"/>
<nutrient amount="71.0" name="Folate"/>
<nutrient amount="0.377" name="B1 (Thiamine)"/>
<nutrient amount="0.659" name="B2 (Riboflavin)"/>
<nutrient amount="4.71" name="B3 (Niacin)"/>
<nutrient amount="0.306" name="B6 (Pyridoxine)"/>
<nutrient amount="1.2" name="B12 (Cyanocobalamin)"/>
<nutrient amount="42.0" name="Vitamin C"/>
<nutrient amount="6.6" name="Vitamin E"/>
<nutrient amount="38.0" name="Vitamin K"/>
<nutrient amount="8.54" name="Saturated"/>
<nutrient amount="6.23" name="Monounsaturated"/>
<nutrient amount="4.31" name="Polyunsaturated"/>
<nutrient amount="0.37" name="Omega-3"/>
<nutrient amount="3.94" name="Omega-6"/>
<nutrient amount="6.0" name="Cholesterol"/>
</food>
