<food fcf="9.0" pcf="4.0" uid="03925" name="Infant formula, NESTLE,GOOD START ESSENTIALS SOY, with iron, ready-to-feed" ccf="4.0">
<measure amount="1.0" grams="30.5" name="fl oz"/>
<nutrient amount="65.0" name="Energy"/>
<nutrient amount="1.63" name="Protein"/>
<nutrient amount="7.17" name="Carbs"/>
<nutrient amount="1.76" name="Sugars"/>
<nutrient amount="3.3" name="Fat"/>
<nutrient amount="87.5" name="Water"/>
<nutrient amount="0.4" name="Ash"/>
<nutrient amount="68.0" name="Calcium"/>
<nutrient amount="0.078" name="Copper"/>
<nutrient amount="1.25" name="Iron"/>
<nutrient amount="7.0" name="Magnesium"/>
<nutrient amount="41.0" name="Phosphorus"/>
<nutrient amount="75.0" name="Potassium"/>
<nutrient amount="1.6" name="Selenium"/>
<nutrient amount="23.0" name="Sodium"/>
<nutrient amount="0.6" name="Zinc"/>
<nutrient amount="195.0" name="Vitamin A"/>
<nutrient amount="50.0" name="Retinol"/>
<nutrient amount="10.0" name="Folate"/>
<nutrient amount="0.039" name="B1 (Thiamine)"/>
<nutrient amount="0.061" name="B2 (Riboflavin)"/>
<nutrient amount="0.845" name="B3 (Niacin)"/>
<nutrient amount="0.039" name="B6 (Pyridoxine)"/>
<nutrient amount="0.2" name="B12 (Cyanocobalamin)"/>
<nutrient amount="7.8" name="Vitamin C"/>
<nutrient amount="0.95" name="Vitamin E"/>
<nutrient amount="5.2" name="Vitamin K"/>
<nutrient amount="1.4" name="Saturated"/>
<nutrient amount="1.0" name="Monounsaturated"/>
<nutrient amount="0.8" name="Polyunsaturated"/>
<nutrient amount="0.1" name="Omega-3"/>
<nutrient amount="0.6" name="Omega-6"/>
</food>
